chromium_test_path,area,ported,our_test_id,pixel_result,mismatch_pct,failure_category,dependency
wpt/css2_floats/float-after-block-with-collapsed-margin-inside-inline,css2_floats,yes,wpt/css2_floats/float-after-block-with-collapsed-margin-inside-inline,fail,0.00,needs_text,SP11/SP13: Text Rendering
wpt/css2_floats/float-in-inline-anonymous-block-with-overflow-hidden,css2_floats,yes,wpt/css2_floats/float-in-inline-anonymous-block-with-overflow-hidden,fail,1.06,needs_text,SP11/SP13: Text Rendering
wpt/css2_floats/float-in-nested-multicol-001,css2_floats,yes,wpt/css2_floats/float-in-nested-multicol-001,pass,0.00,,
wpt/css2_floats/float-no-content-beside-001,css2_floats,yes,wpt/css2_floats/float-no-content-beside-001,fail,1.19,needs_text,SP11/SP13: Text Rendering
wpt/css2_floats/float-no-content-beside-001-ref,css2_floats,yes,wpt/css2_floats/float-no-content-beside-001-ref,fail,1.19,needs_text,SP11/SP13: Text Rendering
wpt/css2_floats/float-nowrap-1,css2_floats,yes,wpt/css2_floats/float-nowrap-1,fail,0.49,"needs_text,needs_font_metrics",SP11/SP13: Text Rendering; SP11: Font Metrics
wpt/css2_floats/float-nowrap-1-notref,css2_floats,yes,wpt/css2_floats/float-nowrap-1-notref,fail,0.49,"needs_text,needs_font_metrics",SP11/SP13: Text Rendering; SP11: Font Metrics
wpt/css2_floats/float-nowrap-2,css2_floats,yes,wpt/css2_floats/float-nowrap-2,fail,0.49,"needs_text,needs_font_metrics",SP11/SP13: Text Rendering; SP11: Font Metrics
wpt/css2_floats/float-nowrap-3,css2_floats,yes,wpt/css2_floats/float-nowrap-3,fail,0.49,"needs_text,needs_font_metrics",SP11/SP13: Text Rendering; SP11: Font Metrics
wpt/css2_floats/float-nowrap-3-ref,css2_floats,yes,wpt/css2_floats/float-nowrap-3-ref,fail,0.49,"needs_text,needs_font_metrics",SP11/SP13: Text Rendering; SP11: Font Metrics
wpt/css2_floats/float-nowrap-4,css2_floats,yes,wpt/css2_floats/float-nowrap-4,fail,0.49,"needs_text,needs_font_metrics",SP11/SP13: Text Rendering; SP11: Font Metrics
wpt/css2_floats/float-nowrap-4-ref,css2_floats,yes,wpt/css2_floats/float-nowrap-4-ref,fail,0.49,"needs_text,needs_font_metrics",SP11/SP13: Text Rendering; SP11: Font Metrics
wpt/css2_floats/float-nowrap-4-ref2,css2_floats,yes,wpt/css2_floats/float-nowrap-4-ref2,fail,0.49,"needs_text,needs_font_metrics",SP11/SP13: Text Rendering; SP11: Font Metrics
wpt/css2_floats/float-nowrap-5,css2_floats,yes,wpt/css2_floats/float-nowrap-5,pass,0.00,,
wpt/css2_floats/float-nowrap-5-ref,css2_floats,yes,wpt/css2_floats/float-nowrap-5-ref,pass,0.00,,
wpt/css2_floats/float-nowrap-6,css2_floats,yes,wpt/css2_floats/float-nowrap-6,pass,0.00,,
wpt/css2_floats/float-nowrap-7,css2_floats,yes,wpt/css2_floats/float-nowrap-7,fail,0.49,"needs_text,needs_font_metrics",SP11/SP13: Text Rendering; SP11: Font Metrics
wpt/css2_floats/float-nowrap-8,css2_floats,yes,wpt/css2_floats/float-nowrap-8,fail,0.49,"needs_text,needs_font_metrics",SP11/SP13: Text Rendering; SP11: Font Metrics
wpt/css2_floats/float-nowrap-9,css2_floats,yes,wpt/css2_floats/float-nowrap-9,fail,0.49,"needs_text,needs_font_metrics",SP11/SP13: Text Rendering; SP11: Font Metrics
wpt/css2_floats/float-nowrap-hyphen-rewind-1,css2_floats,yes,wpt/css2_floats/float-nowrap-hyphen-rewind-1,fail,2.03,"needs_text,needs_font_metrics",SP11/SP13: Text Rendering; SP11: Font Metrics
wpt/css2_floats/float-nowrap-hyphen-rewind-1-ref,css2_floats,yes,wpt/css2_floats/float-nowrap-hyphen-rewind-1-ref,fail,2.03,"needs_text,needs_font_metrics",SP11/SP13: Text Rendering; SP11: Font Metrics
wpt/css2_floats/float-nowrap-hyphen-rewind-1-ref2,css2_floats,yes,wpt/css2_floats/float-nowrap-hyphen-rewind-1-ref2,fail,2.03,"needs_text,needs_font_metrics",SP11/SP13: Text Rendering; SP11: Font Metrics
wpt/css2_floats/float-root,css2_floats,yes,wpt/css2_floats/float-root,pass,0.00,,
wpt/css2_floats/float-root-ref,css2_floats,yes,wpt/css2_floats/float-root-ref,pass,0.00,,
wpt/css2_floats/float-under-flatten-under-preserve-3d,css2_floats,yes,wpt/css2_floats/float-under-flatten-under-preserve-3d,pass,0.00,,
wpt/css2_floats/float-with-absolutely-positioned-child-with-static-inset,css2_floats,yes,wpt/css2_floats/float-with-absolutely-positioned-child-with-static-inset,pass,0.00,,
wpt/css2_floats/float-with-absolutely-positioned-child-with-static-inset-ref,css2_floats,yes,wpt/css2_floats/float-with-absolutely-positioned-child-with-static-inset-ref,pass,0.00,,
wpt/css2_floats/floats-in-table-caption-001-ref,css2_floats,yes,wpt/css2_floats/floats-in-table-caption-001-ref,pass,0.00,,
wpt/css2_floats/floats-line-wrap-shifted-001,css2_floats,yes,wpt/css2_floats/floats-line-wrap-shifted-001,fail,1.61,needs_font_metrics,SP11: Font Metrics
wpt/css2_floats/floats-line-wrap-shifted-001-ref,css2_floats,yes,wpt/css2_floats/floats-line-wrap-shifted-001-ref,fail,1.77,"needs_text,needs_font_metrics",SP11/SP13: Text Rendering; SP11: Font Metrics
wpt/css2_floats/floats-placement-001,css2_floats,yes,wpt/css2_floats/floats-placement-001,pass,0.00,,
wpt/css2_floats/floats-placement-002,css2_floats,yes,wpt/css2_floats/floats-placement-002,fail,0.08,needs_font_metrics,SP11: Font Metrics
wpt/css2_floats/floats-placement-003,css2_floats,yes,wpt/css2_floats/floats-placement-003,fail,0.34,"needs_text,needs_font_metrics",SP11/SP13: Text Rendering; SP11: Font Metrics
wpt/css2_floats/floats-placement-004,css2_floats,yes,wpt/css2_floats/floats-placement-004,fail,1.70,needs_font_metrics,SP11: Font Metrics
wpt/css2_floats/floats-placement-005,css2_floats,yes,wpt/css2_floats/floats-placement-005,fail,1.22,"needs_text,needs_font_metrics",SP11/SP13: Text Rendering; SP11: Font Metrics
wpt/css2_floats/floats-placement-005-ref,css2_floats,yes,wpt/css2_floats/floats-placement-005-ref,pass,0.00,,
wpt/css2_floats/floats-placement-006,css2_floats,yes,wpt/css2_floats/floats-placement-006,fail,2.12,sp12_layout_bug,
wpt/css2_floats/floats-placement-007,css2_floats,yes,wpt/css2_floats/floats-placement-007,fail,2.12,sp12_layout_bug,
wpt/css2_floats/floats-placement-008,css2_floats,yes,wpt/css2_floats/floats-placement-008,fail,1.15,sp12_layout_bug,
wpt/css2_floats/floats-placement-vertical-001-ref,css2_floats,yes,wpt/css2_floats/floats-placement-vertical-001-ref,fail,3.18,needs_text,SP11/SP13: Text Rendering
wpt/css2_floats/floats-placement-vertical-001a,css2_floats,yes,wpt/css2_floats/floats-placement-vertical-001a,fail,3.18,needs_text,SP11/SP13: Text Rendering
wpt/css2_floats/floats-placement-vertical-001b,css2_floats,yes,wpt/css2_floats/floats-placement-vertical-001b,fail,3.18,needs_text,SP11/SP13: Text Rendering
wpt/css2_floats/floats-placement-vertical-001c,css2_floats,yes,wpt/css2_floats/floats-placement-vertical-001c,fail,3.18,needs_text,SP11/SP13: Text Rendering
wpt/css2_floats/floats-placement-vertical-003,css2_floats,yes,wpt/css2_floats/floats-placement-vertical-003,fail,0.76,sp12_layout_bug,
wpt/css2_floats/floats-placement-vertical-003-ref,css2_floats,yes,wpt/css2_floats/floats-placement-vertical-003-ref,fail,0.38,sp12_layout_bug,
wpt/css2_floats/floats-placement-vertical-004,css2_floats,yes,wpt/css2_floats/floats-placement-vertical-004,pass,0.00,,
wpt/css2_floats/floats-placement-vertical-004-ref,css2_floats,yes,wpt/css2_floats/floats-placement-vertical-004-ref,fail,1.61,needs_text,SP11/SP13: Text Rendering
wpt/css2_floats/floats-placement-vertical-004-ref2,css2_floats,yes,wpt/css2_floats/floats-placement-vertical-004-ref2,pass,0.00,,
wpt/css2_floats/floats-rule3-outside-left-001,css2_floats,yes,wpt/css2_floats/floats-rule3-outside-left-001,pass,0.00,,
wpt/css2_floats/floats-rule3-outside-left-001-ref,css2_floats,yes,wpt/css2_floats/floats-rule3-outside-left-001-ref,pass,0.00,,
wpt/css2_floats/floats-rule3-outside-left-002,css2_floats,yes,wpt/css2_floats/floats-rule3-outside-left-002,pass,0.00,,
wpt/css2_floats/floats-rule3-outside-left-002-ref,css2_floats,yes,wpt/css2_floats/floats-rule3-outside-left-002-ref,pass,0.00,,
wpt/css2_floats/floats-rule3-outside-right-001,css2_floats,yes,wpt/css2_floats/floats-rule3-outside-right-001,pass,0.00,,
wpt/css2_floats/floats-rule3-outside-right-001-ref,css2_floats,yes,wpt/css2_floats/floats-rule3-outside-right-001-ref,pass,0.00,,
wpt/css2_floats/floats-rule3-outside-right-002,css2_floats,yes,wpt/css2_floats/floats-rule3-outside-right-002,pass,0.00,,
wpt/css2_floats/floats-rule3-outside-right-002-ref,css2_floats,yes,wpt/css2_floats/floats-rule3-outside-right-002-ref,pass,0.00,,
wpt/css2_floats/floats-rule7-outside-left-001,css2_floats,yes,wpt/css2_floats/floats-rule7-outside-left-001,fail,0.21,sp12_layout_bug,
wpt/css2_floats/floats-rule7-outside-left-001-ref,css2_floats,yes,wpt/css2_floats/floats-rule7-outside-left-001-ref,pass,0.00,,
wpt/css2_floats/floats-rule7-outside-right-001,css2_floats,yes,wpt/css2_floats/floats-rule7-outside-right-001,fail,0.11,sp12_layout_bug,
wpt/css2_floats/floats-rule7-outside-right-001-ref,css2_floats,yes,wpt/css2_floats/floats-rule7-outside-right-001-ref,pass,0.00,,
wpt/css2_floats/floats-wrap-bfc-001-left-overflow-ref,css2_floats,yes,wpt/css2_floats/floats-wrap-bfc-001-left-overflow-ref,pass,0.00,,
wpt/css2_floats/floats-wrap-bfc-001-left-table-ref,css2_floats,yes,wpt/css2_floats/floats-wrap-bfc-001-left-table-ref,pass,0.00,,
wpt/css2_floats/floats-wrap-bfc-001-right-overflow-ref,css2_floats,yes,wpt/css2_floats/floats-wrap-bfc-001-right-overflow-ref,pass,0.00,,
wpt/css2_floats/floats-wrap-bfc-001-right-table-ref,css2_floats,yes,wpt/css2_floats/floats-wrap-bfc-001-right-table-ref,pass,0.00,,
wpt/css2_floats/floats-wrap-bfc-002-left-ref,css2_floats,yes,wpt/css2_floats/floats-wrap-bfc-002-left-ref,pass,0.00,,
wpt/css2_floats/floats-wrap-bfc-002-right-ref,css2_floats,yes,wpt/css2_floats/floats-wrap-bfc-002-right-ref,pass,0.00,,
wpt/css2_floats/floats-wrap-bfc-003-left-overflow-ref,css2_floats,yes,wpt/css2_floats/floats-wrap-bfc-003-left-overflow-ref,pass,0.00,,
wpt/css2_floats/floats-wrap-bfc-003-left-table-ref,css2_floats,yes,wpt/css2_floats/floats-wrap-bfc-003-left-table-ref,pass,0.00,,
wpt/css2_floats/floats-wrap-bfc-003-right-overflow-ref,css2_floats,yes,wpt/css2_floats/floats-wrap-bfc-003-right-overflow-ref,pass,0.00,,
wpt/css2_floats/floats-wrap-bfc-003-right-table-ref,css2_floats,yes,wpt/css2_floats/floats-wrap-bfc-003-right-table-ref,pass,0.00,,
wpt/css2_floats/floats-wrap-bfc-004-ref,css2_floats,yes,wpt/css2_floats/floats-wrap-bfc-004-ref,pass,0.00,,
wpt/css2_floats/floats-wrap-bfc-005-ref,css2_floats,yes,wpt/css2_floats/floats-wrap-bfc-005-ref,pass,0.00,,
wpt/css2_floats/floats-wrap-bfc-008,css2_floats,yes,wpt/css2_floats/floats-wrap-bfc-008,pass,0.00,,
wpt/css2_floats/floats-wrap-bfc-with-margin-004,css2_floats,yes,wpt/css2_floats/floats-wrap-bfc-with-margin-004,pass,0.00,,
wpt/css2_floats/floats-wrap-bfc-with-margin-005,css2_floats,yes,wpt/css2_floats/floats-wrap-bfc-with-margin-005,fail,0.85,sp12_layout_bug,
wpt/css2_floats/floats-wrap-bfc-with-margin-006.tentative,css2_floats,yes,wpt/css2_floats/floats-wrap-bfc-with-margin-006.tentative,fail,2.39,sp12_layout_bug,
wpt/css2_floats/floats-wrap-bfc-with-margin-007.tentative,css2_floats,yes,wpt/css2_floats/floats-wrap-bfc-with-margin-007.tentative,fail,2.92,sp12_layout_bug,
wpt/css2_floats/floats-wrap-bfc-with-margin-008.tentative,css2_floats,yes,wpt/css2_floats/floats-wrap-bfc-with-margin-008.tentative,pass,0.00,,
wpt/css2_floats/floats-wrap-bfc-with-margin-009.tentative,css2_floats,yes,wpt/css2_floats/floats-wrap-bfc-with-margin-009.tentative,fail,0.53,sp12_layout_bug,
wpt/css2_floats/floats-wrap-bfc-with-margin-010,css2_floats,yes,wpt/css2_floats/floats-wrap-bfc-with-margin-010,fail,2.89,sp12_layout_bug,
wpt/css2_floats/floats-wrap-bfc-with-margin-010-ref,css2_floats,yes,wpt/css2_floats/floats-wrap-bfc-with-margin-010-ref,pass,0.00,,
wpt/css2_floats/floats-wrap-top-below-001l-notref,css2_floats,yes,wpt/css2_floats/floats-wrap-top-below-001l-notref,fail,1.14,needs_text,SP11/SP13: Text Rendering
wpt/css2_floats/floats-wrap-top-below-001l-ref,css2_floats,yes,wpt/css2_floats/floats-wrap-top-below-001l-ref,fail,1.14,needs_text,SP11/SP13: Text Rendering
wpt/css2_floats/floats-wrap-top-below-001r-notref,css2_floats,yes,wpt/css2_floats/floats-wrap-top-below-001r-notref,fail,1.14,needs_text,SP11/SP13: Text Rendering
wpt/css2_floats/floats-wrap-top-below-001r-ref,css2_floats,yes,wpt/css2_floats/floats-wrap-top-below-001r-ref,fail,1.14,needs_text,SP11/SP13: Text Rendering
wpt/css2_floats/floats-wrap-top-below-002l-ref,css2_floats,yes,wpt/css2_floats/floats-wrap-top-below-002l-ref,fail,1.01,needs_text,SP11/SP13: Text Rendering
wpt/css2_floats/floats-wrap-top-below-002r-ref,css2_floats,yes,wpt/css2_floats/floats-wrap-top-below-002r-ref,fail,1.01,needs_text,SP11/SP13: Text Rendering
wpt/css2_floats/floats-wrap-top-below-003l-ref,css2_floats,yes,wpt/css2_floats/floats-wrap-top-below-003l-ref,fail,2.17,needs_text,SP11/SP13: Text Rendering
wpt/css2_floats/floats-wrap-top-below-003r-ref,css2_floats,yes,wpt/css2_floats/floats-wrap-top-below-003r-ref,fail,3.23,needs_text,SP11/SP13: Text Rendering
wpt/css2_floats/floats-wrap-top-below-bfc-001l,css2_floats,yes,wpt/css2_floats/floats-wrap-top-below-bfc-001l,fail,2.20,needs_text,SP11/SP13: Text Rendering
wpt/css2_floats/floats-wrap-top-below-bfc-001r,css2_floats,yes,wpt/css2_floats/floats-wrap-top-below-bfc-001r,fail,2.20,needs_text,SP11/SP13: Text Rendering
wpt/css2_floats/floats-wrap-top-below-bfc-002l,css2_floats,yes,wpt/css2_floats/floats-wrap-top-below-bfc-002l,fail,5.26,needs_text,SP11/SP13: Text Rendering
wpt/css2_floats/floats-wrap-top-below-bfc-002r,css2_floats,yes,wpt/css2_floats/floats-wrap-top-below-bfc-002r,fail,5.26,needs_text,SP11/SP13: Text Rendering
wpt/css2_floats/floats-wrap-top-below-bfc-003l,css2_floats,yes,wpt/css2_floats/floats-wrap-top-below-bfc-003l,fail,3.23,needs_text,SP11/SP13: Text Rendering
wpt/css2_floats/floats-wrap-top-below-bfc-003r,css2_floats,yes,wpt/css2_floats/floats-wrap-top-below-bfc-003r,fail,3.23,needs_text,SP11/SP13: Text Rendering
wpt/css2_floats/floats-wrap-top-below-inline-001l,css2_floats,yes,wpt/css2_floats/floats-wrap-top-below-inline-001l,fail,2.20,needs_text,SP11/SP13: Text Rendering
wpt/css2_floats/floats-wrap-top-below-inline-001r,css2_floats,yes,wpt/css2_floats/floats-wrap-top-below-inline-001r,fail,2.20,needs_text,SP11/SP13: Text Rendering
wpt/css2_floats/floats-wrap-top-below-inline-002l,css2_floats,yes,wpt/css2_floats/floats-wrap-top-below-inline-002l,fail,5.26,needs_text,SP11/SP13: Text Rendering
wpt/css2_floats/floats-wrap-top-below-inline-002r,css2_floats,yes,wpt/css2_floats/floats-wrap-top-below-inline-002r,fail,5.26,needs_text,SP11/SP13: Text Rendering
wpt/css2_floats/floats-wrap-top-below-inline-003l,css2_floats,yes,wpt/css2_floats/floats-wrap-top-below-inline-003l,fail,3.23,needs_text,SP11/SP13: Text Rendering
wpt/css2_floats/floats-wrap-top-below-inline-003r,css2_floats,yes,wpt/css2_floats/floats-wrap-top-below-inline-003r,fail,3.23,needs_text,SP11/SP13: Text Rendering
wpt/css2_floats/floats-zero-height-wrap-001,css2_floats,yes,wpt/css2_floats/floats-zero-height-wrap-001,fail,0.76,needs_text,SP11/SP13: Text Rendering
wpt/css2_floats/floats-zero-height-wrap-001-ref,css2_floats,yes,wpt/css2_floats/floats-zero-height-wrap-001-ref,fail,0.93,needs_text,SP11/SP13: Text Rendering
wpt/css2_floats/floats-zero-height-wrap-002,css2_floats,yes,wpt/css2_floats/floats-zero-height-wrap-002,fail,0.76,needs_text,SP11/SP13: Text Rendering
wpt/css2_floats/intrinsic-size-float-and-line,css2_floats,yes,wpt/css2_floats/intrinsic-size-float-and-line,fail,2.12,sp12_layout_bug,
wpt/css2_floats/line-pushed-by-floats-crash,css2_floats,yes,wpt/css2_floats/line-pushed-by-floats-crash,fail,2.50,needs_text,SP11/SP13: Text Rendering
wpt/css2_floats/negative-block-margin-pushing-float-out-of-block-formatting-context,css2_floats,yes,wpt/css2_floats/negative-block-margin-pushing-float-out-of-block-formatting-context,pass,0.00,,
wpt/css2_floats/negative-block-margin-pushing-float-out-of-block-formatting-context-ref,css2_floats,yes,wpt/css2_floats/negative-block-margin-pushing-float-out-of-block-formatting-context-ref,pass,0.00,,
wpt/css2_floats/negative-margin-float-positioning,css2_floats,yes,wpt/css2_floats/negative-margin-float-positioning,pass,0.00,,
wpt/css2_floats/new-fc-beside-adjoining-float,css2_floats,yes,wpt/css2_floats/new-fc-beside-adjoining-float,fail,8.07,sp12_layout_bug,
wpt/css2_floats/new-fc-beside-adjoining-float-2,css2_floats,yes,wpt/css2_floats/new-fc-beside-adjoining-float-2,fail,4.25,sp12_layout_bug,
wpt/css2_floats/new-fc-beside-float-with-margin,css2_floats,yes,wpt/css2_floats/new-fc-beside-float-with-margin,pass,0.00,,
wpt/css2_floats/new-fc-beside-float-with-margin-rtl,css2_floats,yes,wpt/css2_floats/new-fc-beside-float-with-margin-rtl,pass,0.00,,
wpt/css2_floats/new-fc-beside-float-with-min-width,css2_floats,yes,wpt/css2_floats/new-fc-beside-float-with-min-width,pass,0.00,,
wpt/css2_floats/new-fc-relayout,css2_floats,yes,wpt/css2_floats/new-fc-relayout,fail,0.35,needs_font_metrics,SP11: Font Metrics
wpt/css2_floats/new-fc-separates-from-float,css2_floats,yes,wpt/css2_floats/new-fc-separates-from-float,pass,0.00,,
wpt/css2_floats/new-fc-separates-from-float-2,css2_floats,yes,wpt/css2_floats/new-fc-separates-from-float-2,fail,4.25,sp12_layout_bug,
wpt/css2_floats/new-fc-separates-from-float-3,css2_floats,yes,wpt/css2_floats/new-fc-separates-from-float-3,fail,2.97,sp12_layout_bug,
wpt/css2_floats/new-fc-separates-from-float-4,css2_floats,yes,wpt/css2_floats/new-fc-separates-from-float-4,fail,0.81,needs_text,SP11/SP13: Text Rendering
wpt/css2_floats/overflow-scroll-float-paint-order,css2_floats,yes,wpt/css2_floats/overflow-scroll-float-paint-order,pass,0.00,,
wpt/css2_floats/overflow-scroll-float-paint-order-ref,css2_floats,yes,wpt/css2_floats/overflow-scroll-float-paint-order-ref,pass,0.00,,
wpt/css2_floats/overhanging-float-paint-order,css2_floats,yes,wpt/css2_floats/overhanging-float-paint-order,fail,3.40,sp12_layout_bug,
wpt/css2_floats/overhanging-float-paint-order-ref,css2_floats,yes,wpt/css2_floats/overhanging-float-paint-order-ref,pass,0.00,,
wpt/css2_floats/zero-available-space-float-positioning,css2_floats,yes,wpt/css2_floats/zero-available-space-float-positioning,pass,0.00,,
wpt/css2_floats/zero-width-floats,css2_floats,yes,wpt/css2_floats/zero-width-floats,fail,4.25,sp12_layout_bug,
wpt/css2_floats/zero-width-floats-positioning.tentative,css2_floats,yes,wpt/css2_floats/zero-width-floats-positioning.tentative,fail,0.96,sp12_layout_bug,
wpt/css_backgrounds/animations_background-color-animation-custom-property-ref,css_backgrounds,yes,wpt/css_backgrounds/animations_background-color-animation-custom-property-ref,pass,0.00,,
wpt/css_backgrounds/animations_background-color-animation-custom-timing-function-ref,css_backgrounds,yes,wpt/css_backgrounds/animations_background-color-animation-custom-timing-function-ref,pass,0.00,,
wpt/css_backgrounds/animations_background-color-animation-custom-timing-function-reverse-ref,css_backgrounds,yes,wpt/css_backgrounds/animations_background-color-animation-custom-timing-function-reverse-ref,pass,0.00,,
wpt/css_backgrounds/animations_background-color-animation-element-not-visible-at-current-viewport-ref,css_backgrounds,yes,wpt/css_backgrounds/animations_background-color-animation-element-not-visible-at-current-viewport-ref,pass,0.00,,
wpt/css_backgrounds/animations_background-color-animation-fallback-additive-keyframe-ref,css_backgrounds,yes,wpt/css_backgrounds/animations_background-color-animation-fallback-additive-keyframe-ref,pass,0.00,,
wpt/css_backgrounds/animations_background-color-animation-fragmented-ref,css_backgrounds,yes,wpt/css_backgrounds/animations_background-color-animation-fragmented-ref,pass,0.00,,
wpt/css_backgrounds/animations_background-color-animation-half-opaque-ref,css_backgrounds,yes,wpt/css_backgrounds/animations_background-color-animation-half-opaque-ref,fail,11.08,sp12_layout_bug,
wpt/css_backgrounds/animations_background-color-animation-pseudo-element-ref,css_backgrounds,yes,wpt/css_backgrounds/animations_background-color-animation-pseudo-element-ref,pass,0.00,,
wpt/css_backgrounds/animations_background-color-animation-will-change-contents-ref,css_backgrounds,yes,wpt/css_backgrounds/animations_background-color-animation-will-change-contents-ref,fail,11.08,sp12_layout_bug,
wpt/css_backgrounds/animations_background-color-animation-with-images-ref,css_backgrounds,yes,wpt/css_backgrounds/animations_background-color-animation-with-images-ref,pass,0.00,,
wpt/css_backgrounds/animations_background-color-animation-with-mask-ref,css_backgrounds,yes,wpt/css_backgrounds/animations_background-color-animation-with-mask-ref,fail,2.12,sp12_layout_bug,
wpt/css_backgrounds/animations_background-color-animation-zero-size-element-change-to-non-zero-ref,css_backgrounds,yes,wpt/css_backgrounds/animations_background-color-animation-zero-size-element-change-to-non-zero-ref,pass,0.00,,
wpt/css_backgrounds/animations_background-color-transition-currentcolor-ref,css_backgrounds,yes,wpt/css_backgrounds/animations_background-color-transition-currentcolor-ref,fail,0.81,sp12_layout_bug,
wpt/css_backgrounds/animations_invalidation_background-color-animation-with-zero-alpha-ref,css_backgrounds,yes,wpt/css_backgrounds/animations_invalidation_background-color-animation-with-zero-alpha-ref,pass,0.00,,
wpt/css_backgrounds/animations_invalidation_background-color-transition-obscured-ref,css_backgrounds,yes,wpt/css_backgrounds/animations_invalidation_background-color-transition-obscured-ref,pass,0.00,,
wpt/css_backgrounds/animations_invalidation_background-color-transition-with-initially-transparent-ref,css_backgrounds,yes,wpt/css_backgrounds/animations_invalidation_background-color-transition-with-initially-transparent-ref,pass,0.00,,
wpt/css_backgrounds/background-334,css_backgrounds,yes,wpt/css_backgrounds/background-334,fail,0.01,needs_image,SP13: Image Rendering
wpt/css_backgrounds/background-attachment-fixed,css_backgrounds,yes,wpt/css_backgrounds/background-attachment-fixed,fail,1.54,needs_image,SP13: Image Rendering
wpt/css_backgrounds/background-attachment-fixed-inline-scrolled-ref,css_backgrounds,yes,wpt/css_backgrounds/background-attachment-fixed-inline-scrolled-ref,fail,31.48,"needs_text,needs_gradient",SP11/SP13: Text Rendering; SP13: Gradient Rendering
wpt/css_backgrounds/background-attachment-local,css_backgrounds,yes,wpt/css_backgrounds/background-attachment-local,fail,1.86,needs_image,SP13: Image Rendering
wpt/css_backgrounds/background-attachment-local-hidden,css_backgrounds,yes,wpt/css_backgrounds/background-attachment-local-hidden,fail,0.85,sp12_layout_bug,
wpt/css_backgrounds/background-attachment-local_attachment-local-clipping-color-1-ref,css_backgrounds,yes,wpt/css_backgrounds/background-attachment-local_attachment-local-clipping-color-1-ref,fail,0.91,sp12_layout_bug,
wpt/css_backgrounds/background-attachment-local_attachment-local-clipping-color-3-ref,css_backgrounds,yes,wpt/css_backgrounds/background-attachment-local_attachment-local-clipping-color-3-ref,fail,6.73,sp12_layout_bug,
wpt/css_backgrounds/background-attachment-local_attachment-local-clipping-color-4-ref,css_backgrounds,yes,wpt/css_backgrounds/background-attachment-local_attachment-local-clipping-color-4-ref,fail,5.89,sp12_layout_bug,
wpt/css_backgrounds/background-attachment-local_attachment-local-clipping-color-6-ref,css_backgrounds,yes,wpt/css_backgrounds/background-attachment-local_attachment-local-clipping-color-6-ref,fail,3.32,sp12_layout_bug,
wpt/css_backgrounds/background-attachment-local_attachment-local-clipping-image-1-ref,css_backgrounds,yes,wpt/css_backgrounds/background-attachment-local_attachment-local-clipping-image-1-ref,pass,0.00,,
wpt/css_backgrounds/background-attachment-local_attachment-local-clipping-image-3-ref,css_backgrounds,yes,wpt/css_backgrounds/background-attachment-local_attachment-local-clipping-image-3-ref,pass,0.00,,
wpt/css_backgrounds/background-attachment-local_attachment-local-clipping-image-4-ref,css_backgrounds,yes,wpt/css_backgrounds/background-attachment-local_attachment-local-clipping-image-4-ref,fail,2.98,needs_image,SP13: Image Rendering
wpt/css_backgrounds/background-attachment-local_attachment-local-clipping-image-6-ref,css_backgrounds,yes,wpt/css_backgrounds/background-attachment-local_attachment-local-clipping-image-6-ref,fail,2.98,needs_image,SP13: Image Rendering
wpt/css_backgrounds/background-attachment-local_attachment-local-positioning-2-ref,css_backgrounds,yes,wpt/css_backgrounds/background-attachment-local_attachment-local-positioning-2-ref,pass,0.00,,
wpt/css_backgrounds/background-attachment-local_attachment-local-positioning-3-ref,css_backgrounds,yes,wpt/css_backgrounds/background-attachment-local_attachment-local-positioning-3-ref,pass,0.00,,
wpt/css_backgrounds/background-attachment-local_attachment-local-positioning-4-ref,css_backgrounds,yes,wpt/css_backgrounds/background-attachment-local_attachment-local-positioning-4-ref,pass,0.00,,
wpt/css_backgrounds/background-attachment-local_attachment-local-positioning-5-ref,css_backgrounds,yes,wpt/css_backgrounds/background-attachment-local_attachment-local-positioning-5-ref,pass,0.00,,
wpt/css_backgrounds/background-attachment-local_attachment-scroll-positioning-1-ref,css_backgrounds,yes,wpt/css_backgrounds/background-attachment-local_attachment-scroll-positioning-1-ref,pass,0.00,,
wpt/css_backgrounds/background-attachment-margin-root-001-ref,css_backgrounds,yes,wpt/css_backgrounds/background-attachment-margin-root-001-ref,fail,85.50,needs_gradient,SP13: Gradient Rendering
wpt/css_backgrounds/background-attachment-margin-root-002-ref,css_backgrounds,yes,wpt/css_backgrounds/background-attachment-margin-root-002-ref,fail,85.50,needs_gradient,SP13: Gradient Rendering
wpt/css_backgrounds/background-clip-002,css_backgrounds,yes,wpt/css_backgrounds/background-clip-002,pass,0.00,,
wpt/css_backgrounds/background-clip-003,css_backgrounds,yes,wpt/css_backgrounds/background-clip-003,pass,0.00,,
wpt/css_backgrounds/background-clip-004,css_backgrounds,yes,wpt/css_backgrounds/background-clip-004,pass,0.00,,
wpt/css_backgrounds/background-clip-005,css_backgrounds,yes,wpt/css_backgrounds/background-clip-005,pass,0.00,,
wpt/css_backgrounds/background-clip-006,css_backgrounds,yes,wpt/css_backgrounds/background-clip-006,fail,3.31,sp12_layout_bug,
wpt/css_backgrounds/background-clip-007,css_backgrounds,yes,wpt/css_backgrounds/background-clip-007,pass,0.00,,
wpt/css_backgrounds/background-clip-008,css_backgrounds,yes,wpt/css_backgrounds/background-clip-008,pass,0.00,,
wpt/css_backgrounds/background-clip-009,css_backgrounds,yes,wpt/css_backgrounds/background-clip-009,pass,0.00,,
wpt/css_backgrounds/background-clip-010,css_backgrounds,yes,wpt/css_backgrounds/background-clip-010,pass,0.00,,
wpt/css_backgrounds/background-clip-color,css_backgrounds,yes,wpt/css_backgrounds/background-clip-color,pass,0.00,,
wpt/css_backgrounds/background-clip-color-ref,css_backgrounds,yes,wpt/css_backgrounds/background-clip-color-ref,fail,0.37,sp12_layout_bug,
wpt/css_backgrounds/background-clip-color-repaint-ref,css_backgrounds,yes,wpt/css_backgrounds/background-clip-color-repaint-ref,pass,0.00,,
wpt/css_backgrounds/background-clip-content-box,css_backgrounds,yes,wpt/css_backgrounds/background-clip-content-box,fail,0.01,sp12_layout_bug,
wpt/css_backgrounds/background-clip-content-box-001,css_backgrounds,yes,wpt/css_backgrounds/background-clip-content-box-001,pass,0.00,,
wpt/css_backgrounds/background-clip-content-box-002,css_backgrounds,yes,wpt/css_backgrounds/background-clip-content-box-002,pass,0.00,,
wpt/css_backgrounds/background-clip-content-box-with-border-radius-002,css_backgrounds,yes,wpt/css_backgrounds/background-clip-content-box-with-border-radius-002,fail,0.49,sp12_layout_bug,
wpt/css_backgrounds/background-clip-content-box-with-border-radius-003,css_backgrounds,yes,wpt/css_backgrounds/background-clip-content-box-with-border-radius-003,fail,0.99,sp12_layout_bug,
wpt/css_backgrounds/background-clip-padding-box-001,css_backgrounds,yes,wpt/css_backgrounds/background-clip-padding-box-001,pass,0.00,,
wpt/css_backgrounds/background-clip-padding-box-with-border-radius,css_backgrounds,yes,wpt/css_backgrounds/background-clip-padding-box-with-border-radius,fail,0.00,sp12_layout_bug,
wpt/css_backgrounds/background-clip-padding-box-with-border-radius-002,css_backgrounds,yes,wpt/css_backgrounds/background-clip-padding-box-with-border-radius-002,fail,0.50,sp12_layout_bug,
wpt/css_backgrounds/background-clip-padding-box-with-border-radius-003,css_backgrounds,yes,wpt/css_backgrounds/background-clip-padding-box-with-border-radius-003,fail,0.72,sp12_layout_bug,
wpt/css_backgrounds/background-clip_clip-border-area,css_backgrounds,yes,wpt/css_backgrounds/background-clip_clip-border-area,pass,0.00,,
wpt/css_backgrounds/background-clip_clip-border-area-background-geometry,css_backgrounds,yes,wpt/css_backgrounds/background-clip_clip-border-area-background-geometry,pass,0.00,,
wpt/css_backgrounds/background-clip_clip-border-area-background-geometry-ref,css_backgrounds,yes,wpt/css_backgrounds/background-clip_clip-border-area-background-geometry-ref,pass,0.00,,
wpt/css_backgrounds/background-clip_clip-border-area-border-image,css_backgrounds,yes,wpt/css_backgrounds/background-clip_clip-border-area-border-image,pass,0.00,,
wpt/css_backgrounds/background-clip_clip-border-area-border-image-ref,css_backgrounds,yes,wpt/css_backgrounds/background-clip_clip-border-area-border-image-ref,pass,0.00,,
wpt/css_backgrounds/background-clip_clip-border-area-border-on-top,css_backgrounds,yes,wpt/css_backgrounds/background-clip_clip-border-area-border-on-top,fail,8.49,needs_image,SP13: Image Rendering
wpt/css_backgrounds/background-clip_clip-border-area-border-on-top-ref,css_backgrounds,yes,wpt/css_backgrounds/background-clip_clip-border-area-border-on-top-ref,fail,8.49,needs_image,SP13: Image Rendering
wpt/css_backgrounds/background-clip_clip-border-area-box-decoration-break,css_backgrounds,yes,wpt/css_backgrounds/background-clip_clip-border-area-box-decoration-break,pass,0.00,,
wpt/css_backgrounds/background-clip_clip-border-area-box-decoration-break-ref,css_backgrounds,yes,wpt/css_backgrounds/background-clip_clip-border-area-box-decoration-break-ref,fail,0.49,needs_text,SP11/SP13: Text Rendering
wpt/css_backgrounds/background-clip_clip-border-area-multiple-backgrounds,css_backgrounds,yes,wpt/css_backgrounds/background-clip_clip-border-area-multiple-backgrounds,fail,4.08,needs_image,SP13: Image Rendering
wpt/css_backgrounds/background-clip_clip-border-area-multiple-backgrounds-ref,css_backgrounds,yes,wpt/css_backgrounds/background-clip_clip-border-area-multiple-backgrounds-ref,fail,7.93,needs_image,SP13: Image Rendering
wpt/css_backgrounds/background-clip_clip-border-area-ref,css_backgrounds,yes,wpt/css_backgrounds/background-clip_clip-border-area-ref,fail,30.62,sp12_layout_bug,
wpt/css_backgrounds/background-clip_clip-border-box,css_backgrounds,yes,wpt/css_backgrounds/background-clip_clip-border-box,fail,11.36,"needs_text,needs_image",SP11/SP13: Text Rendering; SP13: Image Rendering
wpt/css_backgrounds/background-clip_clip-border-box_with_position,css_backgrounds,yes,wpt/css_backgrounds/background-clip_clip-border-box_with_position,fail,11.36,"needs_text,needs_image",SP11/SP13: Text Rendering; SP13: Image Rendering
wpt/css_backgrounds/background-clip_clip-border-box_with_radius,css_backgrounds,yes,wpt/css_backgrounds/background-clip_clip-border-box_with_radius,fail,12.05,"needs_text,needs_image",SP11/SP13: Text Rendering; SP13: Image Rendering
wpt/css_backgrounds/background-clip_clip-border-box_with_size,css_backgrounds,yes,wpt/css_backgrounds/background-clip_clip-border-box_with_size,fail,11.36,"needs_text,needs_image",SP11/SP13: Text Rendering; SP13: Image Rendering
wpt/css_backgrounds/background-clip_clip-content-box,css_backgrounds,yes,wpt/css_backgrounds/background-clip_clip-content-box,fail,11.36,"needs_text,needs_image",SP11/SP13: Text Rendering; SP13: Image Rendering
wpt/css_backgrounds/background-clip_clip-content-box_with_position,css_backgrounds,yes,wpt/css_backgrounds/background-clip_clip-content-box_with_position,fail,11.36,"needs_text,needs_image",SP11/SP13: Text Rendering; SP13: Image Rendering
wpt/css_backgrounds/background-clip_clip-content-box_with_radius,css_backgrounds,yes,wpt/css_backgrounds/background-clip_clip-content-box_with_radius,fail,12.05,"needs_text,needs_image",SP11/SP13: Text Rendering; SP13: Image Rendering
wpt/css_backgrounds/background-clip_clip-content-box_with_size,css_backgrounds,yes,wpt/css_backgrounds/background-clip_clip-content-box_with_size,fail,11.36,"needs_text,needs_image",SP11/SP13: Text Rendering; SP13: Image Rendering
wpt/css_backgrounds/background-clip_clip-padding-box,css_backgrounds,yes,wpt/css_backgrounds/background-clip_clip-padding-box,fail,1.11,needs_image,SP13: Image Rendering
wpt/css_backgrounds/background-clip_clip-padding-box_with_position,css_backgrounds,yes,wpt/css_backgrounds/background-clip_clip-padding-box_with_position,fail,11.36,"needs_text,needs_image",SP11/SP13: Text Rendering; SP13: Image Rendering
wpt/css_backgrounds/background-clip_clip-padding-box_with_radius,css_backgrounds,yes,wpt/css_backgrounds/background-clip_clip-padding-box_with_radius,fail,12.05,"needs_text,needs_image",SP11/SP13: Text Rendering; SP13: Image Rendering
wpt/css_backgrounds/background-clip_clip-padding-box_with_size,css_backgrounds,yes,wpt/css_backgrounds/background-clip_clip-padding-box_with_size,fail,11.36,"needs_text,needs_image",SP11/SP13: Text Rendering; SP13: Image Rendering
wpt/css_backgrounds/background-clip_clip-rounded-corner,css_backgrounds,yes,wpt/css_backgrounds/background-clip_clip-rounded-corner,fail,0.00,sp12_layout_bug,
wpt/css_backgrounds/background-clip_clip-rounded-corner-ref,css_backgrounds,yes,wpt/css_backgrounds/background-clip_clip-rounded-corner-ref,fail,0.00,sp12_layout_bug,
wpt/css_backgrounds/background-clip_clip-text-animated-text-ref,css_backgrounds,yes,wpt/css_backgrounds/background-clip_clip-text-animated-text-ref,pass,0.00,,
wpt/css_backgrounds/background-clip_clip-text-dynamic-2-ref,css_backgrounds,yes,wpt/css_backgrounds/background-clip_clip-text-dynamic-2-ref,fail,32.27,needs_font_metrics,SP11: Font Metrics
wpt/css_backgrounds/background-clip_clip-text-ellipsis,css_backgrounds,yes,wpt/css_backgrounds/background-clip_clip-text-ellipsis,pass,0.00,,
wpt/css_backgrounds/background-clip_clip-text-ellipsis-ref,css_backgrounds,yes,wpt/css_backgrounds/background-clip_clip-text-ellipsis-ref,pass,0.00,,
wpt/css_backgrounds/background-clip_clip-text-flex,css_backgrounds,yes,wpt/css_backgrounds/background-clip_clip-text-flex,pass,0.00,,
wpt/css_backgrounds/background-clip_clip-text-flex-ref,css_backgrounds,yes,wpt/css_backgrounds/background-clip_clip-text-flex-ref,pass,0.00,,
wpt/css_backgrounds/background-clip_clip-text-out-of-flow-child-ref,css_backgrounds,yes,wpt/css_backgrounds/background-clip_clip-text-out-of-flow-child-ref,pass,0.00,,
wpt/css_backgrounds/background-clip_clip-text-text-decorations,css_backgrounds,yes,wpt/css_backgrounds/background-clip_clip-text-text-decorations,pass,0.00,,
wpt/css_backgrounds/background-clip_clip-text-text-decorations-ref,css_backgrounds,yes,wpt/css_backgrounds/background-clip_clip-text-text-decorations-ref,pass,0.00,,
wpt/css_backgrounds/background-clip_clip-text-text-emphasis,css_backgrounds,yes,wpt/css_backgrounds/background-clip_clip-text-text-emphasis,pass,0.00,,
wpt/css_backgrounds/background-clip_clip-text-text-emphasis-ref,css_backgrounds,yes,wpt/css_backgrounds/background-clip_clip-text-text-emphasis-ref,pass,0.00,,
wpt/css_backgrounds/background-clip_padding-box,css_backgrounds,yes,wpt/css_backgrounds/background-clip_padding-box,fail,0.01,sp12_layout_bug,
wpt/css_backgrounds/background-color-body-propagation-001,css_backgrounds,yes,wpt/css_backgrounds/background-color-body-propagation-001,pass,0.00,,
wpt/css_backgrounds/background-color-body-propagation-002,css_backgrounds,yes,wpt/css_backgrounds/background-color-body-propagation-002,fail,93.33,sp12_layout_bug,
wpt/css_backgrounds/background-color-body-propagation-ref,css_backgrounds,yes,wpt/css_backgrounds/background-color-body-propagation-ref,pass,0.00,,
wpt/css_backgrounds/background-color-clip,css_backgrounds,yes,wpt/css_backgrounds/background-color-clip,fail,1.02,sp12_layout_bug,
wpt/css_backgrounds/background-color-no-body-propagation-ref,css_backgrounds,yes,wpt/css_backgrounds/background-color-no-body-propagation-ref,pass,0.00,,
wpt/css_backgrounds/background-gradient-interpolation-001,css_backgrounds,yes,wpt/css_backgrounds/background-gradient-interpolation-001,fail,6.37,needs_gradient,SP13: Gradient Rendering
wpt/css_backgrounds/background-gradient-interpolation-001-notref,css_backgrounds,yes,wpt/css_backgrounds/background-gradient-interpolation-001-notref,fail,6.37,needs_gradient,SP13: Gradient Rendering
wpt/css_backgrounds/background-gradient-interpolation-002,css_backgrounds,yes,wpt/css_backgrounds/background-gradient-interpolation-002,pass,0.00,,
wpt/css_backgrounds/background-gradient-interpolation-002-notref,css_backgrounds,yes,wpt/css_backgrounds/background-gradient-interpolation-002-notref,pass,0.00,,
wpt/css_backgrounds/background-gradient-interpolation-003,css_backgrounds,yes,wpt/css_backgrounds/background-gradient-interpolation-003,pass,0.00,,
wpt/css_backgrounds/background-gradient-subpixel-fills-area,css_backgrounds,yes,wpt/css_backgrounds/background-gradient-subpixel-fills-area,fail,4.40,needs_gradient,SP13: Gradient Rendering
wpt/css_backgrounds/background-image-001,css_backgrounds,yes,wpt/css_backgrounds/background-image-001,pass,0.00,,
wpt/css_backgrounds/background-image-002,css_backgrounds,yes,wpt/css_backgrounds/background-image-002,pass,0.00,,
wpt/css_backgrounds/background-image-005,css_backgrounds,yes,wpt/css_backgrounds/background-image-005,fail,2.12,needs_image,SP13: Image Rendering
wpt/css_backgrounds/background-image-006,css_backgrounds,yes,wpt/css_backgrounds/background-image-006,fail,2.12,needs_image,SP13: Image Rendering
wpt/css_backgrounds/background-image-centered,css_backgrounds,yes,wpt/css_backgrounds/background-image-centered,fail,6.37,needs_gradient,SP13: Gradient Rendering
wpt/css_backgrounds/background-image-centered-ref,css_backgrounds,yes,wpt/css_backgrounds/background-image-centered-ref,fail,6.37,needs_gradient,SP13: Gradient Rendering
wpt/css_backgrounds/background-image-centered-with-border-radius,css_backgrounds,yes,wpt/css_backgrounds/background-image-centered-with-border-radius,fail,0.00,"needs_text,needs_image",SP11/SP13: Text Rendering; SP13: Image Rendering
wpt/css_backgrounds/background-image-cover-zoomed-1,css_backgrounds,yes,wpt/css_backgrounds/background-image-cover-zoomed-1,fail,10.70,needs_image,SP13: Image Rendering
wpt/css_backgrounds/background-image-gradient-currentcolor-conic-repaint-ref,css_backgrounds,yes,wpt/css_backgrounds/background-image-gradient-currentcolor-conic-repaint-ref,fail,2.11,needs_gradient,SP13: Gradient Rendering
wpt/css_backgrounds/background-image-gradient-currentcolor-linear-repaint-ref,css_backgrounds,yes,wpt/css_backgrounds/background-image-gradient-currentcolor-linear-repaint-ref,fail,2.10,needs_gradient,SP13: Gradient Rendering
wpt/css_backgrounds/background-image-gradient-currentcolor-radial-repaint-ref,css_backgrounds,yes,wpt/css_backgrounds/background-image-gradient-currentcolor-radial-repaint-ref,fail,2.12,needs_gradient,SP13: Gradient Rendering
wpt/css_backgrounds/background-image-gradient-currentcolor-visited-ref,css_backgrounds,yes,wpt/css_backgrounds/background-image-gradient-currentcolor-visited-ref,fail,2.10,needs_gradient,SP13: Gradient Rendering
wpt/css_backgrounds/background-image-gradient-interpolation-repaint-ref,css_backgrounds,yes,wpt/css_backgrounds/background-image-gradient-interpolation-repaint-ref,fail,2.12,needs_gradient,SP13: Gradient Rendering
wpt/css_backgrounds/background-image-large-with-auto,css_backgrounds,yes,wpt/css_backgrounds/background-image-large-with-auto,fail,2.54,needs_image,SP13: Image Rendering
wpt/css_backgrounds/background-image-with-border-radius-fidelity,css_backgrounds,yes,wpt/css_backgrounds/background-image-with-border-radius-fidelity,pass,0.00,,
wpt/css_backgrounds/background-margin-root-ref,css_backgrounds,yes,wpt/css_backgrounds/background-margin-root-ref,fail,85.50,needs_gradient,SP13: Gradient Rendering
wpt/css_backgrounds/background-margin-transformed-root-ref,css_backgrounds,yes,wpt/css_backgrounds/background-margin-transformed-root-ref,fail,85.50,needs_gradient,SP13: Gradient Rendering
wpt/css_backgrounds/background-margin-will-change-root-ref,css_backgrounds,yes,wpt/css_backgrounds/background-margin-will-change-root-ref,fail,85.50,needs_gradient,SP13: Gradient Rendering
wpt/css_backgrounds/background-none-none-and-color,css_backgrounds,yes,wpt/css_backgrounds/background-none-none-and-color,fail,0.75,sp12_layout_bug,
wpt/css_backgrounds/background-none-none-and-color-ref,css_backgrounds,yes,wpt/css_backgrounds/background-none-none-and-color-ref,fail,0.75,sp12_layout_bug,
wpt/css_backgrounds/background-origin-002,css_backgrounds,yes,wpt/css_backgrounds/background-origin-002,pass,0.00,,
wpt/css_backgrounds/background-origin-003,css_backgrounds,yes,wpt/css_backgrounds/background-origin-003,pass,0.00,,
wpt/css_backgrounds/background-origin-004,css_backgrounds,yes,wpt/css_backgrounds/background-origin-004,pass,0.00,,
wpt/css_backgrounds/background-origin-005,css_backgrounds,yes,wpt/css_backgrounds/background-origin-005,pass,0.00,,
wpt/css_backgrounds/background-origin-006,css_backgrounds,yes,wpt/css_backgrounds/background-origin-006,pass,0.00,,
wpt/css_backgrounds/background-origin-007,css_backgrounds,yes,wpt/css_backgrounds/background-origin-007,pass,0.00,,
wpt/css_backgrounds/background-origin-008,css_backgrounds,yes,wpt/css_backgrounds/background-origin-008,pass,0.00,,
wpt/css_backgrounds/background-origin_origin-border-box,css_backgrounds,yes,wpt/css_backgrounds/background-origin_origin-border-box,fail,1.00,needs_image,SP13: Image Rendering
wpt/css_backgrounds/background-origin_origin-border-box_with_position,css_backgrounds,yes,wpt/css_backgrounds/background-origin_origin-border-box_with_position,pass,0.00,,
wpt/css_backgrounds/background-origin_origin-border-box_with_radius,css_backgrounds,yes,wpt/css_backgrounds/background-origin_origin-border-box_with_radius,fail,1.07,needs_image,SP13: Image Rendering
wpt/css_backgrounds/background-origin_origin-border-box_with_size,css_backgrounds,yes,wpt/css_backgrounds/background-origin_origin-border-box_with_size,fail,1.00,needs_image,SP13: Image Rendering
wpt/css_backgrounds/background-origin_origin-content-box,css_backgrounds,yes,wpt/css_backgrounds/background-origin_origin-content-box,fail,1.00,needs_image,SP13: Image Rendering
wpt/css_backgrounds/background-origin_origin-content-box_with_position,css_backgrounds,yes,wpt/css_backgrounds/background-origin_origin-content-box_with_position,pass,0.00,,
wpt/css_backgrounds/background-origin_origin-content-box_with_radius,css_backgrounds,yes,wpt/css_backgrounds/background-origin_origin-content-box_with_radius,fail,1.07,needs_image,SP13: Image Rendering
wpt/css_backgrounds/background-origin_origin-content-box_with_size,css_backgrounds,yes,wpt/css_backgrounds/background-origin_origin-content-box_with_size,fail,1.00,needs_image,SP13: Image Rendering
wpt/css_backgrounds/background-origin_origin-padding-box,css_backgrounds,yes,wpt/css_backgrounds/background-origin_origin-padding-box,fail,1.00,needs_image,SP13: Image Rendering
wpt/css_backgrounds/background-origin_origin-padding-box_with_position,css_backgrounds,yes,wpt/css_backgrounds/background-origin_origin-padding-box_with_position,pass,0.00,,
wpt/css_backgrounds/background-origin_origin-padding-box_with_radius,css_backgrounds,yes,wpt/css_backgrounds/background-origin_origin-padding-box_with_radius,fail,1.07,needs_image,SP13: Image Rendering
wpt/css_backgrounds/background-origin_origin-padding-box_with_size,css_backgrounds,yes,wpt/css_backgrounds/background-origin_origin-padding-box_with_size,fail,1.00,needs_image,SP13: Image Rendering
wpt/css_backgrounds/background-paint-order-001,css_backgrounds,yes,wpt/css_backgrounds/background-paint-order-001,pass,0.00,,
wpt/css_backgrounds/background-position-negative-percentage-comparison,css_backgrounds,yes,wpt/css_backgrounds/background-position-negative-percentage-comparison,pass,0.00,,
wpt/css_backgrounds/background-position-negative-percentage-comparison-002,css_backgrounds,yes,wpt/css_backgrounds/background-position-negative-percentage-comparison-002,pass,0.00,,
wpt/css_backgrounds/background-position-subpixel-at-border.tentative,css_backgrounds,yes,wpt/css_backgrounds/background-position-subpixel-at-border.tentative,pass,0.00,,
wpt/css_backgrounds/background-position-three-four-values,css_backgrounds,yes,wpt/css_backgrounds/background-position-three-four-values,pass,0.00,,
wpt/css_backgrounds/background-position_background-position-bottom-right-repeat-round,css_backgrounds,yes,wpt/css_backgrounds/background-position_background-position-bottom-right-repeat-round,fail,2.12,needs_gradient,SP13: Gradient Rendering
wpt/css_backgrounds/background-position_subpixel-position-center.tentative,css_backgrounds,yes,wpt/css_backgrounds/background-position_subpixel-position-center.tentative,fail,0.15,needs_image,SP13: Image Rendering
wpt/css_backgrounds/background-repeat-round-001,css_backgrounds,yes,wpt/css_backgrounds/background-repeat-round-001,pass,0.00,,
wpt/css_backgrounds/background-repeat-round-1-ref,css_backgrounds,yes,wpt/css_backgrounds/background-repeat-round-1-ref,fail,1.10,"needs_image,needs_gradient",SP13: Image Rendering; SP13: Gradient Rendering
wpt/css_backgrounds/background-repeat-round-1a,css_backgrounds,yes,wpt/css_backgrounds/background-repeat-round-1a,fail,1.10,"needs_image,needs_gradient",SP13: Image Rendering; SP13: Gradient Rendering
wpt/css_backgrounds/background-repeat-round-1b,css_backgrounds,yes,wpt/css_backgrounds/background-repeat-round-1b,fail,1.10,"needs_image,needs_gradient",SP13: Image Rendering; SP13: Gradient Rendering
wpt/css_backgrounds/background-repeat-round-1c,css_backgrounds,yes,wpt/css_backgrounds/background-repeat-round-1c,fail,1.10,"needs_image,needs_gradient",SP13: Image Rendering; SP13: Gradient Rendering
wpt/css_backgrounds/background-repeat-round-1d,css_backgrounds,yes,wpt/css_backgrounds/background-repeat-round-1d,fail,1.10,"needs_image,needs_gradient",SP13: Image Rendering; SP13: Gradient Rendering
wpt/css_backgrounds/background-repeat-round-1e,css_backgrounds,yes,wpt/css_backgrounds/background-repeat-round-1e,fail,1.10,"needs_image,needs_gradient",SP13: Image Rendering; SP13: Gradient Rendering
wpt/css_backgrounds/background-repeat-round-2,css_backgrounds,yes,wpt/css_backgrounds/background-repeat-round-2,fail,0.55,"needs_image,needs_gradient",SP13: Image Rendering; SP13: Gradient Rendering
wpt/css_backgrounds/background-repeat-round-2-ref,css_backgrounds,yes,wpt/css_backgrounds/background-repeat-round-2-ref,fail,0.55,"needs_image,needs_gradient",SP13: Image Rendering; SP13: Gradient Rendering
wpt/css_backgrounds/background-repeat-round-3,css_backgrounds,yes,wpt/css_backgrounds/background-repeat-round-3,fail,0.55,"needs_image,needs_gradient",SP13: Image Rendering; SP13: Gradient Rendering
wpt/css_backgrounds/background-repeat-round-3-ref,css_backgrounds,yes,wpt/css_backgrounds/background-repeat-round-3-ref,fail,0.55,"needs_image,needs_gradient",SP13: Image Rendering; SP13: Gradient Rendering
wpt/css_backgrounds/background-repeat-round-4,css_backgrounds,yes,wpt/css_backgrounds/background-repeat-round-4,fail,1.10,"needs_image,needs_gradient",SP13: Image Rendering; SP13: Gradient Rendering
wpt/css_backgrounds/background-repeat-round-4-ref,css_backgrounds,yes,wpt/css_backgrounds/background-repeat-round-4-ref,fail,1.10,"needs_image,needs_gradient",SP13: Image Rendering; SP13: Gradient Rendering
wpt/css_backgrounds/background-repeat-round-empty-crash,css_backgrounds,yes,wpt/css_backgrounds/background-repeat-round-empty-crash,fail,0.01,"needs_text,needs_image",SP11/SP13: Text Rendering; SP13: Image Rendering
wpt/css_backgrounds/background-repeat-space-1-ref,css_backgrounds,yes,wpt/css_backgrounds/background-repeat-space-1-ref,fail,1.96,"needs_image,needs_gradient",SP13: Image Rendering; SP13: Gradient Rendering
wpt/css_backgrounds/background-repeat-space-10,css_backgrounds,yes,wpt/css_backgrounds/background-repeat-space-10,pass,0.00,,
wpt/css_backgrounds/background-repeat-space-10-ref,css_backgrounds,yes,wpt/css_backgrounds/background-repeat-space-10-ref,pass,0.00,,
wpt/css_backgrounds/background-repeat-space-1a,css_backgrounds,yes,wpt/css_backgrounds/background-repeat-space-1a,fail,1.96,"needs_image,needs_gradient",SP13: Image Rendering; SP13: Gradient Rendering
wpt/css_backgrounds/background-repeat-space-1b,css_backgrounds,yes,wpt/css_backgrounds/background-repeat-space-1b,fail,1.96,"needs_image,needs_gradient",SP13: Image Rendering; SP13: Gradient Rendering
wpt/css_backgrounds/background-repeat-space-1c,css_backgrounds,yes,wpt/css_backgrounds/background-repeat-space-1c,fail,1.96,"needs_image,needs_gradient",SP13: Image Rendering; SP13: Gradient Rendering
wpt/css_backgrounds/background-repeat-space-2,css_backgrounds,yes,wpt/css_backgrounds/background-repeat-space-2,fail,0.22,"needs_image,needs_gradient",SP13: Image Rendering; SP13: Gradient Rendering
wpt/css_backgrounds/background-repeat-space-2-ref,css_backgrounds,yes,wpt/css_backgrounds/background-repeat-space-2-ref,fail,0.22,"needs_image,needs_gradient",SP13: Image Rendering; SP13: Gradient Rendering
wpt/css_backgrounds/background-repeat-space-3,css_backgrounds,yes,wpt/css_backgrounds/background-repeat-space-3,fail,1.30,"needs_image,needs_gradient",SP13: Image Rendering; SP13: Gradient Rendering
wpt/css_backgrounds/background-repeat-space-3-ref,css_backgrounds,yes,wpt/css_backgrounds/background-repeat-space-3-ref,fail,1.30,"needs_image,needs_gradient",SP13: Image Rendering; SP13: Gradient Rendering
wpt/css_backgrounds/background-repeat-space-4,css_backgrounds,yes,wpt/css_backgrounds/background-repeat-space-4,fail,1.96,"needs_image,needs_gradient",SP13: Image Rendering; SP13: Gradient Rendering
wpt/css_backgrounds/background-repeat-space-4-ref,css_backgrounds,yes,wpt/css_backgrounds/background-repeat-space-4-ref,fail,1.96,"needs_image,needs_gradient",SP13: Image Rendering; SP13: Gradient Rendering
wpt/css_backgrounds/background-repeat-space-5,css_backgrounds,yes,wpt/css_backgrounds/background-repeat-space-5,fail,1.96,"needs_image,needs_gradient",SP13: Image Rendering; SP13: Gradient Rendering
wpt/css_backgrounds/background-repeat-space-5-ref,css_backgrounds,yes,wpt/css_backgrounds/background-repeat-space-5-ref,fail,1.96,"needs_image,needs_gradient",SP13: Image Rendering; SP13: Gradient Rendering
wpt/css_backgrounds/background-repeat-space-6,css_backgrounds,yes,wpt/css_backgrounds/background-repeat-space-6,fail,3.91,"needs_image,needs_gradient",SP13: Image Rendering; SP13: Gradient Rendering
wpt/css_backgrounds/background-repeat-space-6-ref,css_backgrounds,yes,wpt/css_backgrounds/background-repeat-space-6-ref,fail,3.91,"needs_image,needs_gradient",SP13: Image Rendering; SP13: Gradient Rendering
wpt/css_backgrounds/background-repeat-space-7,css_backgrounds,yes,wpt/css_backgrounds/background-repeat-space-7,fail,3.91,"needs_image,needs_gradient",SP13: Image Rendering; SP13: Gradient Rendering
wpt/css_backgrounds/background-repeat-space-7-ref,css_backgrounds,yes,wpt/css_backgrounds/background-repeat-space-7-ref,fail,3.91,"needs_image,needs_gradient",SP13: Image Rendering; SP13: Gradient Rendering
wpt/css_backgrounds/background-repeat-space-8,css_backgrounds,yes,wpt/css_backgrounds/background-repeat-space-8,fail,3.24,"needs_image,needs_gradient",SP13: Image Rendering; SP13: Gradient Rendering
wpt/css_backgrounds/background-repeat-space-8-ref,css_backgrounds,yes,wpt/css_backgrounds/background-repeat-space-8-ref,fail,3.24,"needs_image,needs_gradient",SP13: Image Rendering; SP13: Gradient Rendering
wpt/css_backgrounds/background-repeat-space-9,css_backgrounds,yes,wpt/css_backgrounds/background-repeat-space-9,pass,0.00,,
wpt/css_backgrounds/background-repeat-space-9-ref,css_backgrounds,yes,wpt/css_backgrounds/background-repeat-space-9-ref,pass,0.00,,
wpt/css_backgrounds/background-repeat_background-repeat-image-larger-than-positioning-area-crash,css_backgrounds,yes,wpt/css_backgrounds/background-repeat_background-repeat-image-larger-than-positioning-area-crash,pass,0.00,,
wpt/css_backgrounds/background-repeat_gradient-repeat-spaced-with-borders,css_backgrounds,yes,wpt/css_backgrounds/background-repeat_gradient-repeat-spaced-with-borders,fail,2.00,needs_gradient,SP13: Gradient Rendering
wpt/css_backgrounds/background-rounded-image-clip-001,css_backgrounds,yes,wpt/css_backgrounds/background-rounded-image-clip-001,fail,93.86,needs_gradient,SP13: Gradient Rendering
wpt/css_backgrounds/background-size-002,css_backgrounds,yes,wpt/css_backgrounds/background-size-002,pass,0.00,,
wpt/css_backgrounds/background-size-003,css_backgrounds,yes,wpt/css_backgrounds/background-size-003,pass,0.00,,
wpt/css_backgrounds/background-size-005,css_backgrounds,yes,wpt/css_backgrounds/background-size-005,pass,0.00,,
wpt/css_backgrounds/background-size-006,css_backgrounds,yes,wpt/css_backgrounds/background-size-006,pass,0.00,,
wpt/css_backgrounds/background-size-008,css_backgrounds,yes,wpt/css_backgrounds/background-size-008,pass,0.00,,
wpt/css_backgrounds/background-size-009,css_backgrounds,yes,wpt/css_backgrounds/background-size-009,pass,0.00,,
wpt/css_backgrounds/background-size-011,css_backgrounds,yes,wpt/css_backgrounds/background-size-011,pass,0.00,,
wpt/css_backgrounds/background-size-012,css_backgrounds,yes,wpt/css_backgrounds/background-size-012,pass,0.00,,
wpt/css_backgrounds/background-size-013,css_backgrounds,yes,wpt/css_backgrounds/background-size-013,pass,0.00,,
wpt/css_backgrounds/background-size-014,css_backgrounds,yes,wpt/css_backgrounds/background-size-014,pass,0.00,,
wpt/css_backgrounds/background-size-015,css_backgrounds,yes,wpt/css_backgrounds/background-size-015,pass,0.00,,
wpt/css_backgrounds/background-size-016,css_backgrounds,yes,wpt/css_backgrounds/background-size-016,pass,0.00,,
wpt/css_backgrounds/background-size-017,css_backgrounds,yes,wpt/css_backgrounds/background-size-017,pass,0.00,,
wpt/css_backgrounds/background-size-018,css_backgrounds,yes,wpt/css_backgrounds/background-size-018,pass,0.00,,
wpt/css_backgrounds/background-size-019,css_backgrounds,yes,wpt/css_backgrounds/background-size-019,pass,0.00,,
wpt/css_backgrounds/background-size-020,css_backgrounds,yes,wpt/css_backgrounds/background-size-020,pass,0.00,,
wpt/css_backgrounds/background-size-021,css_backgrounds,yes,wpt/css_backgrounds/background-size-021,pass,0.00,,
wpt/css_backgrounds/background-size-022,css_backgrounds,yes,wpt/css_backgrounds/background-size-022,pass,0.00,,
wpt/css_backgrounds/background-size-023,css_backgrounds,yes,wpt/css_backgrounds/background-size-023,pass,0.00,,
wpt/css_backgrounds/background-size-024,css_backgrounds,yes,wpt/css_backgrounds/background-size-024,pass,0.00,,
wpt/css_backgrounds/background-size-025,css_backgrounds,yes,wpt/css_backgrounds/background-size-025,pass,0.00,,
wpt/css_backgrounds/background-size-026,css_backgrounds,yes,wpt/css_backgrounds/background-size-026,pass,0.00,,
wpt/css_backgrounds/background-size-027,css_backgrounds,yes,wpt/css_backgrounds/background-size-027,pass,0.00,,
wpt/css_backgrounds/background-size-028,css_backgrounds,yes,wpt/css_backgrounds/background-size-028,pass,0.00,,
wpt/css_backgrounds/background-size-029,css_backgrounds,yes,wpt/css_backgrounds/background-size-029,pass,0.00,,
wpt/css_backgrounds/background-size-030,css_backgrounds,yes,wpt/css_backgrounds/background-size-030,pass,0.00,,
wpt/css_backgrounds/background-size-031,css_backgrounds,yes,wpt/css_backgrounds/background-size-031,pass,0.00,,
wpt/css_backgrounds/background-size-034,css_backgrounds,yes,wpt/css_backgrounds/background-size-034,pass,0.00,,
wpt/css_backgrounds/background-size-041,css_backgrounds,yes,wpt/css_backgrounds/background-size-041,fail,17.02,needs_gradient,SP13: Gradient Rendering
wpt/css_backgrounds/background-size-042,css_backgrounds,yes,wpt/css_backgrounds/background-size-042,fail,17.02,needs_gradient,SP13: Gradient Rendering
wpt/css_backgrounds/background-size-043,css_backgrounds,yes,wpt/css_backgrounds/background-size-043,fail,0.03,needs_image,SP13: Image Rendering
wpt/css_backgrounds/background-size-044,css_backgrounds,yes,wpt/css_backgrounds/background-size-044,fail,0.03,needs_image,SP13: Image Rendering
wpt/css_backgrounds/background-size-contain-001,css_backgrounds,yes,wpt/css_backgrounds/background-size-contain-001,pass,0.00,,
wpt/css_backgrounds/background-size-contain-002,css_backgrounds,yes,wpt/css_backgrounds/background-size-contain-002,pass,0.00,,
wpt/css_backgrounds/background-size-cover-001,css_backgrounds,yes,wpt/css_backgrounds/background-size-cover-001,pass,0.00,,
wpt/css_backgrounds/background-size-cover-002,css_backgrounds,yes,wpt/css_backgrounds/background-size-cover-002,pass,0.00,,
wpt/css_backgrounds/background-size-cover-003,css_backgrounds,yes,wpt/css_backgrounds/background-size-cover-003,pass,0.00,,
wpt/css_backgrounds/background-size-cover-003-ref,css_backgrounds,yes,wpt/css_backgrounds/background-size-cover-003-ref,pass,0.00,,
wpt/css_backgrounds/background-size-one-value-1x1-image,css_backgrounds,yes,wpt/css_backgrounds/background-size-one-value-1x1-image,pass,0.00,,
wpt/css_backgrounds/background-size-percentage-root-ref,css_backgrounds,yes,wpt/css_backgrounds/background-size-percentage-root-ref,pass,0.00,,
wpt/css_backgrounds/background-size-with-negative-value,css_backgrounds,yes,wpt/css_backgrounds/background-size-with-negative-value,pass,0.00,,
wpt/css_backgrounds/background-size_background-size-contain-svg-view,css_backgrounds,yes,wpt/css_backgrounds/background-size_background-size-contain-svg-view,pass,0.00,,
wpt/css_backgrounds/background-size_background-size-cover-contain-001,css_backgrounds,yes,wpt/css_backgrounds/background-size_background-size-cover-contain-001,pass,0.00,,
wpt/css_backgrounds/background-size_background-size-cover-contain-002,css_backgrounds,yes,wpt/css_backgrounds/background-size_background-size-cover-contain-002,pass,0.00,,
wpt/css_backgrounds/background-size_background-size-cover-svg,css_backgrounds,yes,wpt/css_backgrounds/background-size_background-size-cover-svg,pass,0.00,,
wpt/css_backgrounds/background-size_background-size-cover-svg-view,css_backgrounds,yes,wpt/css_backgrounds/background-size_background-size-cover-svg-view,pass,0.00,,
wpt/css_backgrounds/background-size_background-size-near-zero-color,css_backgrounds,yes,wpt/css_backgrounds/background-size_background-size-near-zero-color,pass,0.00,,
wpt/css_backgrounds/background-size_background-size-near-zero-gradient,css_backgrounds,yes,wpt/css_backgrounds/background-size_background-size-near-zero-gradient,fail,2.12,needs_gradient,SP13: Gradient Rendering
wpt/css_backgrounds/background-size_background-size-near-zero-png,css_backgrounds,yes,wpt/css_backgrounds/background-size_background-size-near-zero-png,pass,0.00,,
wpt/css_backgrounds/background-size_background-size-near-zero-svg,css_backgrounds,yes,wpt/css_backgrounds/background-size_background-size-near-zero-svg,pass,0.00,,
wpt/css_backgrounds/background-size_vector_background-size-vector-001,css_backgrounds,yes,wpt/css_backgrounds/background-size_vector_background-size-vector-001,pass,0.00,,
wpt/css_backgrounds/background-size_vector_background-size-vector-002,css_backgrounds,yes,wpt/css_backgrounds/background-size_vector_background-size-vector-002,pass,0.00,,
wpt/css_backgrounds/background-size_vector_background-size-vector-003,css_backgrounds,yes,wpt/css_backgrounds/background-size_vector_background-size-vector-003,pass,0.00,,
wpt/css_backgrounds/background-size_vector_background-size-vector-004,css_backgrounds,yes,wpt/css_backgrounds/background-size_vector_background-size-vector-004,pass,0.00,,
wpt/css_backgrounds/background-size_vector_background-size-vector-005,css_backgrounds,yes,wpt/css_backgrounds/background-size_vector_background-size-vector-005,pass,0.00,,
wpt/css_backgrounds/background-size_vector_background-size-vector-006,css_backgrounds,yes,wpt/css_backgrounds/background-size_vector_background-size-vector-006,pass,0.00,,
wpt/css_backgrounds/background-size_vector_background-size-vector-007,css_backgrounds,yes,wpt/css_backgrounds/background-size_vector_background-size-vector-007,pass,0.00,,
wpt/css_backgrounds/background-size_vector_background-size-vector-008,css_backgrounds,yes,wpt/css_backgrounds/background-size_vector_background-size-vector-008,pass,0.00,,
wpt/css_backgrounds/background-size_vector_background-size-vector-009,css_backgrounds,yes,wpt/css_backgrounds/background-size_vector_background-size-vector-009,pass,0.00,,
wpt/css_backgrounds/background-size_vector_background-size-vector-010,css_backgrounds,yes,wpt/css_backgrounds/background-size_vector_background-size-vector-010,pass,0.00,,
wpt/css_backgrounds/background-size_vector_background-size-vector-011,css_backgrounds,yes,wpt/css_backgrounds/background-size_vector_background-size-vector-011,pass,0.00,,
wpt/css_backgrounds/background-size_vector_background-size-vector-012,css_backgrounds,yes,wpt/css_backgrounds/background-size_vector_background-size-vector-012,pass,0.00,,
wpt/css_backgrounds/background-size_vector_background-size-vector-013,css_backgrounds,yes,wpt/css_backgrounds/background-size_vector_background-size-vector-013,pass,0.00,,
wpt/css_backgrounds/background-size_vector_background-size-vector-014,css_backgrounds,yes,wpt/css_backgrounds/background-size_vector_background-size-vector-014,pass,0.00,,
wpt/css_backgrounds/background-size_vector_background-size-vector-015,css_backgrounds,yes,wpt/css_backgrounds/background-size_vector_background-size-vector-015,pass,0.00,,
wpt/css_backgrounds/background-size_vector_background-size-vector-016,css_backgrounds,yes,wpt/css_backgrounds/background-size_vector_background-size-vector-016,pass,0.00,,
wpt/css_backgrounds/background-size_vector_background-size-vector-017,css_backgrounds,yes,wpt/css_backgrounds/background-size_vector_background-size-vector-017,pass,0.00,,
wpt/css_backgrounds/background-size_vector_background-size-vector-018,css_backgrounds,yes,wpt/css_backgrounds/background-size_vector_background-size-vector-018,pass,0.00,,
wpt/css_backgrounds/background-size_vector_background-size-vector-019,css_backgrounds,yes,wpt/css_backgrounds/background-size_vector_background-size-vector-019,pass,0.00,,
wpt/css_backgrounds/background-size_vector_background-size-vector-020,css_backgrounds,yes,wpt/css_backgrounds/background-size_vector_background-size-vector-020,pass,0.00,,
wpt/css_backgrounds/background-size_vector_background-size-vector-021,css_backgrounds,yes,wpt/css_backgrounds/background-size_vector_background-size-vector-021,pass,0.00,,
wpt/css_backgrounds/background-size_vector_background-size-vector-022,css_backgrounds,yes,wpt/css_backgrounds/background-size_vector_background-size-vector-022,pass,0.00,,
wpt/css_backgrounds/background-size_vector_background-size-vector-023,css_backgrounds,yes,wpt/css_backgrounds/background-size_vector_background-size-vector-023,pass,0.00,,
wpt/css_backgrounds/background-size_vector_background-size-vector-024,css_backgrounds,yes,wpt/css_backgrounds/background-size_vector_background-size-vector-024,pass,0.00,,
wpt/css_backgrounds/background-size_vector_background-size-vector-025,css_backgrounds,yes,wpt/css_backgrounds/background-size_vector_background-size-vector-025,pass,0.00,,
wpt/css_backgrounds/background-size_vector_background-size-vector-026,css_backgrounds,yes,wpt/css_backgrounds/background-size_vector_background-size-vector-026,pass,0.00,,
wpt/css_backgrounds/background-size_vector_background-size-vector-027,css_backgrounds,yes,wpt/css_backgrounds/background-size_vector_background-size-vector-027,pass,0.00,,
wpt/css_backgrounds/background-size_vector_background-size-vector-028,css_backgrounds,yes,wpt/css_backgrounds/background-size_vector_background-size-vector-028,pass,0.00,,
wpt/css_backgrounds/background-size_vector_background-size-vector-029,css_backgrounds,yes,wpt/css_backgrounds/background-size_vector_background-size-vector-029,pass,0.00,,
wpt/css_backgrounds/background-size_vector_diagonal-percentage-vector-background,css_backgrounds,yes,wpt/css_backgrounds/background-size_vector_diagonal-percentage-vector-background,pass,0.00,,
wpt/css_backgrounds/background-size_vector_tall--auto--omitted-width-percent-height,css_backgrounds,yes,wpt/css_backgrounds/background-size_vector_tall--auto--omitted-width-percent-height,fail,0.04,needs_image,SP13: Image Rendering
wpt/css_backgrounds/background-size_vector_tall--auto--percent-width-nonpercent-height,css_backgrounds,yes,wpt/css_backgrounds/background-size_vector_tall--auto--percent-width-nonpercent-height,fail,0.04,needs_image,SP13: Image Rendering
wpt/css_backgrounds/background-size_vector_tall--auto--percent-width-nonpercent-height-viewbox,css_backgrounds,yes,wpt/css_backgrounds/background-size_vector_tall--auto--percent-width-nonpercent-height-viewbox,fail,0.04,needs_image,SP13: Image Rendering
wpt/css_backgrounds/background-size_vector_tall--auto--percent-width-omitted-height,css_backgrounds,yes,wpt/css_backgrounds/background-size_vector_tall--auto--percent-width-omitted-height,fail,0.04,needs_image,SP13: Image Rendering
wpt/css_backgrounds/background-size_vector_tall--auto--percent-width-omitted-height-viewbox,css_backgrounds,yes,wpt/css_backgrounds/background-size_vector_tall--auto--percent-width-omitted-height-viewbox,fail,0.04,needs_image,SP13: Image Rendering
wpt/css_backgrounds/background-size_vector_tall--auto--percent-width-percent-height,css_backgrounds,yes,wpt/css_backgrounds/background-size_vector_tall--auto--percent-width-percent-height,fail,0.04,needs_image,SP13: Image Rendering
wpt/css_backgrounds/background-size_vector_tall--auto--percent-width-percent-height-viewbox,css_backgrounds,yes,wpt/css_backgrounds/background-size_vector_tall--auto--percent-width-percent-height-viewbox,fail,0.04,needs_image,SP13: Image Rendering
wpt/css_backgrounds/background-size_vector_tall--auto-32px--nonpercent-width-nonpercent-height,css_backgrounds,yes,wpt/css_backgrounds/background-size_vector_tall--auto-32px--nonpercent-width-nonpercent-height,fail,0.04,needs_image,SP13: Image Rendering
wpt/css_backgrounds/background-size_vector_tall--auto-32px--nonpercent-width-nonpercent-height-viewbox,css_backgrounds,yes,wpt/css_backgrounds/background-size_vector_tall--auto-32px--nonpercent-width-nonpercent-height-viewbox,fail,0.04,needs_image,SP13: Image Rendering
wpt/css_backgrounds/background-size_vector_tall--auto-32px--nonpercent-width-omitted-height,css_backgrounds,yes,wpt/css_backgrounds/background-size_vector_tall--auto-32px--nonpercent-width-omitted-height,fail,0.04,needs_image,SP13: Image Rendering
wpt/css_backgrounds/background-size_vector_tall--auto-32px--nonpercent-width-omitted-height-viewbox,css_backgrounds,yes,wpt/css_backgrounds/background-size_vector_tall--auto-32px--nonpercent-width-omitted-height-viewbox,fail,0.04,needs_image,SP13: Image Rendering
wpt/css_backgrounds/background-size_vector_tall--auto-32px--nonpercent-width-percent-height,css_backgrounds,yes,wpt/css_backgrounds/background-size_vector_tall--auto-32px--nonpercent-width-percent-height,fail,0.04,needs_image,SP13: Image Rendering
wpt/css_backgrounds/background-size_vector_tall--auto-32px--nonpercent-width-percent-height-viewbox,css_backgrounds,yes,wpt/css_backgrounds/background-size_vector_tall--auto-32px--nonpercent-width-percent-height-viewbox,fail,0.04,needs_image,SP13: Image Rendering
wpt/css_backgrounds/background-size_vector_tall--auto-32px--omitted-width-nonpercent-height,css_backgrounds,yes,wpt/css_backgrounds/background-size_vector_tall--auto-32px--omitted-width-nonpercent-height,fail,0.04,needs_image,SP13: Image Rendering
wpt/css_backgrounds/background-size_vector_tall--auto-32px--omitted-width-nonpercent-height-viewbox,css_backgrounds,yes,wpt/css_backgrounds/background-size_vector_tall--auto-32px--omitted-width-nonpercent-height-viewbox,fail,0.04,needs_image,SP13: Image Rendering
wpt/css_backgrounds/background-size_vector_tall--auto-32px--omitted-width-omitted-height,css_backgrounds,yes,wpt/css_backgrounds/background-size_vector_tall--auto-32px--omitted-width-omitted-height,fail,0.04,needs_image,SP13: Image Rendering
wpt/css_backgrounds/background-size_vector_tall--auto-32px--omitted-width-omitted-height-viewbox,css_backgrounds,yes,wpt/css_backgrounds/background-size_vector_tall--auto-32px--omitted-width-omitted-height-viewbox,fail,0.04,needs_image,SP13: Image Rendering
wpt/css_backgrounds/background-size_vector_tall--auto-32px--omitted-width-percent-height,css_backgrounds,yes,wpt/css_backgrounds/background-size_vector_tall--auto-32px--omitted-width-percent-height,fail,0.04,needs_image,SP13: Image Rendering
wpt/css_backgrounds/background-size_vector_tall--auto-32px--omitted-width-percent-height-viewbox,css_backgrounds,yes,wpt/css_backgrounds/background-size_vector_tall--auto-32px--omitted-width-percent-height-viewbox,fail,0.04,needs_image,SP13: Image Rendering
wpt/css_backgrounds/background-size_vector_tall--auto-32px--percent-width-nonpercent-height,css_backgrounds,yes,wpt/css_backgrounds/background-size_vector_tall--auto-32px--percent-width-nonpercent-height,fail,0.04,needs_image,SP13: Image Rendering
wpt/css_backgrounds/background-size_vector_tall--auto-32px--percent-width-nonpercent-height-viewbox,css_backgrounds,yes,wpt/css_backgrounds/background-size_vector_tall--auto-32px--percent-width-nonpercent-height-viewbox,fail,0.04,needs_image,SP13: Image Rendering
wpt/css_backgrounds/background-size_vector_tall--auto-32px--percent-width-omitted-height,css_backgrounds,yes,wpt/css_backgrounds/background-size_vector_tall--auto-32px--percent-width-omitted-height,fail,0.04,needs_image,SP13: Image Rendering
wpt/css_backgrounds/background-size_vector_tall--auto-32px--percent-width-omitted-height-viewbox,css_backgrounds,yes,wpt/css_backgrounds/background-size_vector_tall--auto-32px--percent-width-omitted-height-viewbox,fail,0.04,needs_image,SP13: Image Rendering
wpt/css_backgrounds/background-size_vector_tall--auto-32px--percent-width-percent-height,css_backgrounds,yes,wpt/css_backgrounds/background-size_vector_tall--auto-32px--percent-width-percent-height,fail,0.04,needs_image,SP13: Image Rendering
wpt/css_backgrounds/background-size_vector_tall--auto-32px--percent-width-percent-height-viewbox,css_backgrounds,yes,wpt/css_backgrounds/background-size_vector_tall--auto-32px--percent-width-percent-height-viewbox,fail,0.04,needs_image,SP13: Image Rendering
wpt/css_backgrounds/background-size_vector_tall--contain--height,css_backgrounds,yes,wpt/css_backgrounds/background-size_vector_tall--contain--height,fail,0.04,needs_image,SP13: Image Rendering
wpt/css_backgrounds/background-size_vector_tall--contain--nonpercent-width-nonpercent-height,css_backgrounds,yes,wpt/css_backgrounds/background-size_vector_tall--contain--nonpercent-width-nonpercent-height,fail,0.04,needs_image,SP13: Image Rendering
wpt/css_backgrounds/background-size_vector_tall--contain--nonpercent-width-nonpercent-height-viewbox,css_backgrounds,yes,wpt/css_backgrounds/background-size_vector_tall--contain--nonpercent-width-nonpercent-height-viewbox,fail,0.04,needs_image,SP13: Image Rendering
wpt/css_backgrounds/background-size_vector_tall--contain--nonpercent-width-omitted-height,css_backgrounds,yes,wpt/css_backgrounds/background-size_vector_tall--contain--nonpercent-width-omitted-height,fail,0.04,needs_image,SP13: Image Rendering
wpt/css_backgrounds/background-size_vector_tall--contain--nonpercent-width-omitted-height-viewbox,css_backgrounds,yes,wpt/css_backgrounds/background-size_vector_tall--contain--nonpercent-width-omitted-height-viewbox,fail,0.04,needs_image,SP13: Image Rendering
wpt/css_backgrounds/background-size_vector_tall--contain--nonpercent-width-percent-height,css_backgrounds,yes,wpt/css_backgrounds/background-size_vector_tall--contain--nonpercent-width-percent-height,fail,0.04,needs_image,SP13: Image Rendering
wpt/css_backgrounds/background-size_vector_tall--contain--nonpercent-width-percent-height-viewbox,css_backgrounds,yes,wpt/css_backgrounds/background-size_vector_tall--contain--nonpercent-width-percent-height-viewbox,fail,0.04,needs_image,SP13: Image Rendering
wpt/css_backgrounds/background-size_vector_tall--contain--omitted-width-nonpercent-height,css_backgrounds,yes,wpt/css_backgrounds/background-size_vector_tall--contain--omitted-width-nonpercent-height,fail,0.04,needs_image,SP13: Image Rendering
wpt/css_backgrounds/background-size_vector_tall--contain--omitted-width-nonpercent-height-viewbox,css_backgrounds,yes,wpt/css_backgrounds/background-size_vector_tall--contain--omitted-width-nonpercent-height-viewbox,fail,0.04,needs_image,SP13: Image Rendering
wpt/css_backgrounds/background-size_vector_tall--contain--omitted-width-omitted-height,css_backgrounds,yes,wpt/css_backgrounds/background-size_vector_tall--contain--omitted-width-omitted-height,fail,0.04,needs_image,SP13: Image Rendering
wpt/css_backgrounds/background-size_vector_tall--contain--omitted-width-omitted-height-viewbox,css_backgrounds,yes,wpt/css_backgrounds/background-size_vector_tall--contain--omitted-width-omitted-height-viewbox,fail,0.04,needs_image,SP13: Image Rendering
wpt/css_backgrounds/background-size_vector_tall--contain--omitted-width-percent-height,css_backgrounds,yes,wpt/css_backgrounds/background-size_vector_tall--contain--omitted-width-percent-height,fail,0.04,needs_image,SP13: Image Rendering
wpt/css_backgrounds/background-size_vector_tall--contain--omitted-width-percent-height-viewbox,css_backgrounds,yes,wpt/css_backgrounds/background-size_vector_tall--contain--omitted-width-percent-height-viewbox,fail,0.04,needs_image,SP13: Image Rendering
wpt/css_backgrounds/background-size_vector_tall--contain--percent-width-nonpercent-height,css_backgrounds,yes,wpt/css_backgrounds/background-size_vector_tall--contain--percent-width-nonpercent-height,fail,0.04,needs_image,SP13: Image Rendering
wpt/css_backgrounds/background-size_vector_tall--contain--percent-width-nonpercent-height-viewbox,css_backgrounds,yes,wpt/css_backgrounds/background-size_vector_tall--contain--percent-width-nonpercent-height-viewbox,fail,0.04,needs_image,SP13: Image Rendering
wpt/css_backgrounds/background-size_vector_tall--contain--percent-width-omitted-height,css_backgrounds,yes,wpt/css_backgrounds/background-size_vector_tall--contain--percent-width-omitted-height,fail,0.04,needs_image,SP13: Image Rendering
wpt/css_backgrounds/background-size_vector_tall--contain--percent-width-omitted-height-viewbox,css_backgrounds,yes,wpt/css_backgrounds/background-size_vector_tall--contain--percent-width-omitted-height-viewbox,fail,0.04,needs_image,SP13: Image Rendering
wpt/css_backgrounds/background-size_vector_tall--contain--percent-width-percent-height,css_backgrounds,yes,wpt/css_backgrounds/background-size_vector_tall--contain--percent-width-percent-height,fail,0.04,needs_image,SP13: Image Rendering
wpt/css_backgrounds/background-size_vector_tall--contain--percent-width-percent-height-viewbox,css_backgrounds,yes,wpt/css_backgrounds/background-size_vector_tall--contain--percent-width-percent-height-viewbox,fail,0.04,needs_image,SP13: Image Rendering
wpt/css_backgrounds/background-size_vector_tall--contain--width,css_backgrounds,yes,wpt/css_backgrounds/background-size_vector_tall--contain--width,fail,0.04,needs_image,SP13: Image Rendering
wpt/css_backgrounds/background-size_vector_tall--cover--height,css_backgrounds,yes,wpt/css_backgrounds/background-size_vector_tall--cover--height,fail,0.04,needs_image,SP13: Image Rendering
wpt/css_backgrounds/background-size_vector_tall--cover--nonpercent-width-nonpercent-height,css_backgrounds,yes,wpt/css_backgrounds/background-size_vector_tall--cover--nonpercent-width-nonpercent-height,fail,0.04,needs_image,SP13: Image Rendering
wpt/css_backgrounds/background-size_vector_tall--cover--nonpercent-width-nonpercent-height--crisp,css_backgrounds,yes,wpt/css_backgrounds/background-size_vector_tall--cover--nonpercent-width-nonpercent-height--crisp,fail,0.04,needs_image,SP13: Image Rendering
wpt/css_backgrounds/background-size_vector_tall--cover--nonpercent-width-nonpercent-height-viewbox,css_backgrounds,yes,wpt/css_backgrounds/background-size_vector_tall--cover--nonpercent-width-nonpercent-height-viewbox,fail,0.04,needs_image,SP13: Image Rendering
wpt/css_backgrounds/background-size_vector_tall--cover--nonpercent-width-nonpercent-height-viewbox--crisp,css_backgrounds,yes,wpt/css_backgrounds/background-size_vector_tall--cover--nonpercent-width-nonpercent-height-viewbox--crisp,fail,0.04,needs_image,SP13: Image Rendering
wpt/css_backgrounds/background-size_vector_tall--cover--nonpercent-width-omitted-height,css_backgrounds,yes,wpt/css_backgrounds/background-size_vector_tall--cover--nonpercent-width-omitted-height,fail,0.04,needs_image,SP13: Image Rendering
wpt/css_backgrounds/background-size_vector_tall--cover--nonpercent-width-omitted-height-viewbox,css_backgrounds,yes,wpt/css_backgrounds/background-size_vector_tall--cover--nonpercent-width-omitted-height-viewbox,fail,0.04,needs_image,SP13: Image Rendering
wpt/css_backgrounds/background-size_vector_tall--cover--nonpercent-width-percent-height,css_backgrounds,yes,wpt/css_backgrounds/background-size_vector_tall--cover--nonpercent-width-percent-height,fail,0.04,needs_image,SP13: Image Rendering
wpt/css_backgrounds/background-size_vector_tall--cover--nonpercent-width-percent-height-viewbox,css_backgrounds,yes,wpt/css_backgrounds/background-size_vector_tall--cover--nonpercent-width-percent-height-viewbox,fail,0.04,needs_image,SP13: Image Rendering
wpt/css_backgrounds/background-size_vector_tall--cover--omitted-width-nonpercent-height,css_backgrounds,yes,wpt/css_backgrounds/background-size_vector_tall--cover--omitted-width-nonpercent-height,fail,0.04,needs_image,SP13: Image Rendering
wpt/css_backgrounds/background-size_vector_tall--cover--omitted-width-nonpercent-height-viewbox,css_backgrounds,yes,wpt/css_backgrounds/background-size_vector_tall--cover--omitted-width-nonpercent-height-viewbox,fail,0.04,needs_image,SP13: Image Rendering
wpt/css_backgrounds/background-size_vector_tall--cover--omitted-width-omitted-height,css_backgrounds,yes,wpt/css_backgrounds/background-size_vector_tall--cover--omitted-width-omitted-height,fail,0.04,needs_image,SP13: Image Rendering
wpt/css_backgrounds/background-size_vector_tall--cover--omitted-width-omitted-height-viewbox,css_backgrounds,yes,wpt/css_backgrounds/background-size_vector_tall--cover--omitted-width-omitted-height-viewbox,fail,0.04,needs_image,SP13: Image Rendering
wpt/css_backgrounds/background-size_vector_tall--cover--omitted-width-percent-height,css_backgrounds,yes,wpt/css_backgrounds/background-size_vector_tall--cover--omitted-width-percent-height,fail,0.04,needs_image,SP13: Image Rendering
wpt/css_backgrounds/background-size_vector_tall--cover--omitted-width-percent-height-viewbox,css_backgrounds,yes,wpt/css_backgrounds/background-size_vector_tall--cover--omitted-width-percent-height-viewbox,fail,0.04,needs_image,SP13: Image Rendering
wpt/css_backgrounds/background-size_vector_tall--cover--percent-width-nonpercent-height,css_backgrounds,yes,wpt/css_backgrounds/background-size_vector_tall--cover--percent-width-nonpercent-height,fail,0.04,needs_image,SP13: Image Rendering
wpt/css_backgrounds/background-size_vector_tall--cover--percent-width-nonpercent-height-viewbox,css_backgrounds,yes,wpt/css_backgrounds/background-size_vector_tall--cover--percent-width-nonpercent-height-viewbox,fail,0.04,needs_image,SP13: Image Rendering
wpt/css_backgrounds/background-size_vector_tall--cover--percent-width-omitted-height,css_backgrounds,yes,wpt/css_backgrounds/background-size_vector_tall--cover--percent-width-omitted-height,fail,0.04,needs_image,SP13: Image Rendering
wpt/css_backgrounds/background-size_vector_tall--cover--percent-width-omitted-height-viewbox,css_backgrounds,yes,wpt/css_backgrounds/background-size_vector_tall--cover--percent-width-omitted-height-viewbox,fail,0.04,needs_image,SP13: Image Rendering
wpt/css_backgrounds/background-size_vector_tall--cover--percent-width-percent-height,css_backgrounds,yes,wpt/css_backgrounds/background-size_vector_tall--cover--percent-width-percent-height,fail,0.04,needs_image,SP13: Image Rendering
wpt/css_backgrounds/background-size_vector_tall--cover--percent-width-percent-height-viewbox,css_backgrounds,yes,wpt/css_backgrounds/background-size_vector_tall--cover--percent-width-percent-height-viewbox,fail,0.04,needs_image,SP13: Image Rendering
wpt/css_backgrounds/background-size_vector_tall--cover--width,css_backgrounds,yes,wpt/css_backgrounds/background-size_vector_tall--cover--width,fail,0.04,needs_image,SP13: Image Rendering
wpt/css_backgrounds/background-size_vector_wide--12px-auto--nonpercent-width-nonpercent-height,css_backgrounds,yes,wpt/css_backgrounds/background-size_vector_wide--12px-auto--nonpercent-width-nonpercent-height,pass,0.00,,
wpt/css_backgrounds/background-size_vector_wide--12px-auto--nonpercent-width-nonpercent-height-viewbox,css_backgrounds,yes,wpt/css_backgrounds/background-size_vector_wide--12px-auto--nonpercent-width-nonpercent-height-viewbox,pass,0.00,,
wpt/css_backgrounds/background-size_vector_wide--12px-auto--nonpercent-width-omitted-height,css_backgrounds,yes,wpt/css_backgrounds/background-size_vector_wide--12px-auto--nonpercent-width-omitted-height,pass,0.00,,
wpt/css_backgrounds/background-size_vector_wide--12px-auto--nonpercent-width-omitted-height-viewbox,css_backgrounds,yes,wpt/css_backgrounds/background-size_vector_wide--12px-auto--nonpercent-width-omitted-height-viewbox,pass,0.00,,
wpt/css_backgrounds/background-size_vector_wide--12px-auto--nonpercent-width-percent-height,css_backgrounds,yes,wpt/css_backgrounds/background-size_vector_wide--12px-auto--nonpercent-width-percent-height,pass,0.00,,
wpt/css_backgrounds/background-size_vector_wide--12px-auto--nonpercent-width-percent-height-viewbox,css_backgrounds,yes,wpt/css_backgrounds/background-size_vector_wide--12px-auto--nonpercent-width-percent-height-viewbox,pass,0.00,,
wpt/css_backgrounds/background-size_vector_wide--12px-auto--omitted-width-nonpercent-height,css_backgrounds,yes,wpt/css_backgrounds/background-size_vector_wide--12px-auto--omitted-width-nonpercent-height,pass,0.00,,
wpt/css_backgrounds/background-size_vector_wide--12px-auto--omitted-width-nonpercent-height-viewbox,css_backgrounds,yes,wpt/css_backgrounds/background-size_vector_wide--12px-auto--omitted-width-nonpercent-height-viewbox,pass,0.00,,
wpt/css_backgrounds/background-size_vector_wide--12px-auto--omitted-width-omitted-height,css_backgrounds,yes,wpt/css_backgrounds/background-size_vector_wide--12px-auto--omitted-width-omitted-height,pass,0.00,,
wpt/css_backgrounds/background-size_vector_wide--12px-auto--omitted-width-omitted-height-viewbox,css_backgrounds,yes,wpt/css_backgrounds/background-size_vector_wide--12px-auto--omitted-width-omitted-height-viewbox,pass,0.00,,
wpt/css_backgrounds/background-size_vector_wide--12px-auto--omitted-width-percent-height,css_backgrounds,yes,wpt/css_backgrounds/background-size_vector_wide--12px-auto--omitted-width-percent-height,pass,0.00,,
wpt/css_backgrounds/background-size_vector_wide--12px-auto--omitted-width-percent-height-viewbox,css_backgrounds,yes,wpt/css_backgrounds/background-size_vector_wide--12px-auto--omitted-width-percent-height-viewbox,pass,0.00,,
wpt/css_backgrounds/background-size_vector_wide--12px-auto--percent-width-nonpercent-height,css_backgrounds,yes,wpt/css_backgrounds/background-size_vector_wide--12px-auto--percent-width-nonpercent-height,pass,0.00,,
wpt/css_backgrounds/background-size_vector_wide--12px-auto--percent-width-nonpercent-height-viewbox,css_backgrounds,yes,wpt/css_backgrounds/background-size_vector_wide--12px-auto--percent-width-nonpercent-height-viewbox,pass,0.00,,
wpt/css_backgrounds/background-size_vector_wide--12px-auto--percent-width-omitted-height,css_backgrounds,yes,wpt/css_backgrounds/background-size_vector_wide--12px-auto--percent-width-omitted-height,pass,0.00,,
wpt/css_backgrounds/background-size_vector_wide--12px-auto--percent-width-omitted-height-viewbox,css_backgrounds,yes,wpt/css_backgrounds/background-size_vector_wide--12px-auto--percent-width-omitted-height-viewbox,pass,0.00,,
wpt/css_backgrounds/background-size_vector_wide--12px-auto--percent-width-percent-height,css_backgrounds,yes,wpt/css_backgrounds/background-size_vector_wide--12px-auto--percent-width-percent-height,pass,0.00,,
wpt/css_backgrounds/background-size_vector_wide--12px-auto--percent-width-percent-height-viewbox,css_backgrounds,yes,wpt/css_backgrounds/background-size_vector_wide--12px-auto--percent-width-percent-height-viewbox,pass,0.00,,
wpt/css_backgrounds/background-size_vector_wide--auto--nonpercent-width-nonpercent-height,css_backgrounds,yes,wpt/css_backgrounds/background-size_vector_wide--auto--nonpercent-width-nonpercent-height,pass,0.00,,
wpt/css_backgrounds/background-size_vector_wide--auto--nonpercent-width-nonpercent-height-viewbox,css_backgrounds,yes,wpt/css_backgrounds/background-size_vector_wide--auto--nonpercent-width-nonpercent-height-viewbox,pass,0.00,,
wpt/css_backgrounds/background-size_vector_wide--auto--nonpercent-width-omitted-height,css_backgrounds,yes,wpt/css_backgrounds/background-size_vector_wide--auto--nonpercent-width-omitted-height,pass,0.00,,
wpt/css_backgrounds/background-size_vector_wide--auto--nonpercent-width-omitted-height-viewbox,css_backgrounds,yes,wpt/css_backgrounds/background-size_vector_wide--auto--nonpercent-width-omitted-height-viewbox,pass,0.00,,
wpt/css_backgrounds/background-size_vector_wide--auto--nonpercent-width-percent-height,css_backgrounds,yes,wpt/css_backgrounds/background-size_vector_wide--auto--nonpercent-width-percent-height,pass,0.00,,
wpt/css_backgrounds/background-size_vector_wide--auto--nonpercent-width-percent-height-viewbox,css_backgrounds,yes,wpt/css_backgrounds/background-size_vector_wide--auto--nonpercent-width-percent-height-viewbox,pass,0.00,,
wpt/css_backgrounds/background-size_vector_wide--auto--omitted-width-nonpercent-height,css_backgrounds,yes,wpt/css_backgrounds/background-size_vector_wide--auto--omitted-width-nonpercent-height,pass,0.00,,
wpt/css_backgrounds/background-size_vector_wide--auto--omitted-width-nonpercent-height-viewbox,css_backgrounds,yes,wpt/css_backgrounds/background-size_vector_wide--auto--omitted-width-nonpercent-height-viewbox,pass,0.00,,
wpt/css_backgrounds/background-size_vector_wide--auto--omitted-width-omitted-height,css_backgrounds,yes,wpt/css_backgrounds/background-size_vector_wide--auto--omitted-width-omitted-height,pass,0.00,,
wpt/css_backgrounds/background-size_vector_wide--auto--omitted-width-omitted-height-viewbox,css_backgrounds,yes,wpt/css_backgrounds/background-size_vector_wide--auto--omitted-width-omitted-height-viewbox,pass,0.00,,
wpt/css_backgrounds/background-size_vector_wide--auto--omitted-width-percent-height,css_backgrounds,yes,wpt/css_backgrounds/background-size_vector_wide--auto--omitted-width-percent-height,pass,0.00,,
wpt/css_backgrounds/background-size_vector_wide--auto--omitted-width-percent-height-viewbox,css_backgrounds,yes,wpt/css_backgrounds/background-size_vector_wide--auto--omitted-width-percent-height-viewbox,pass,0.00,,
wpt/css_backgrounds/background-size_vector_wide--auto--percent-width-nonpercent-height,css_backgrounds,yes,wpt/css_backgrounds/background-size_vector_wide--auto--percent-width-nonpercent-height,pass,0.00,,
wpt/css_backgrounds/background-size_vector_wide--auto--percent-width-nonpercent-height-viewbox,css_backgrounds,yes,wpt/css_backgrounds/background-size_vector_wide--auto--percent-width-nonpercent-height-viewbox,pass,0.00,,
wpt/css_backgrounds/background-size_vector_wide--auto--percent-width-omitted-height,css_backgrounds,yes,wpt/css_backgrounds/background-size_vector_wide--auto--percent-width-omitted-height,pass,0.00,,
wpt/css_backgrounds/background-size_vector_wide--auto--percent-width-omitted-height-viewbox,css_backgrounds,yes,wpt/css_backgrounds/background-size_vector_wide--auto--percent-width-omitted-height-viewbox,pass,0.00,,
wpt/css_backgrounds/background-size_vector_wide--auto--percent-width-percent-height,css_backgrounds,yes,wpt/css_backgrounds/background-size_vector_wide--auto--percent-width-percent-height,pass,0.00,,
wpt/css_backgrounds/background-size_vector_wide--auto--percent-width-percent-height-viewbox,css_backgrounds,yes,wpt/css_backgrounds/background-size_vector_wide--auto--percent-width-percent-height-viewbox,pass,0.00,,
wpt/css_backgrounds/background-size_vector_wide--auto-32px--nonpercent-width-nonpercent-height,css_backgrounds,yes,wpt/css_backgrounds/background-size_vector_wide--auto-32px--nonpercent-width-nonpercent-height,pass,0.00,,
wpt/css_backgrounds/background-size_vector_wide--auto-32px--nonpercent-width-nonpercent-height-viewbox,css_backgrounds,yes,wpt/css_backgrounds/background-size_vector_wide--auto-32px--nonpercent-width-nonpercent-height-viewbox,pass,0.00,,
wpt/css_backgrounds/background-size_vector_wide--auto-32px--nonpercent-width-omitted-height,css_backgrounds,yes,wpt/css_backgrounds/background-size_vector_wide--auto-32px--nonpercent-width-omitted-height,pass,0.00,,
wpt/css_backgrounds/background-size_vector_wide--auto-32px--nonpercent-width-omitted-height-viewbox,css_backgrounds,yes,wpt/css_backgrounds/background-size_vector_wide--auto-32px--nonpercent-width-omitted-height-viewbox,pass,0.00,,
wpt/css_backgrounds/background-size_vector_wide--auto-32px--nonpercent-width-percent-height,css_backgrounds,yes,wpt/css_backgrounds/background-size_vector_wide--auto-32px--nonpercent-width-percent-height,pass,0.00,,
wpt/css_backgrounds/background-size_vector_wide--auto-32px--nonpercent-width-percent-height-viewbox,css_backgrounds,yes,wpt/css_backgrounds/background-size_vector_wide--auto-32px--nonpercent-width-percent-height-viewbox,pass,0.00,,
wpt/css_backgrounds/background-size_vector_wide--auto-32px--omitted-width-nonpercent-height,css_backgrounds,yes,wpt/css_backgrounds/background-size_vector_wide--auto-32px--omitted-width-nonpercent-height,pass,0.00,,
wpt/css_backgrounds/background-size_vector_wide--auto-32px--omitted-width-nonpercent-height-viewbox,css_backgrounds,yes,wpt/css_backgrounds/background-size_vector_wide--auto-32px--omitted-width-nonpercent-height-viewbox,pass,0.00,,
wpt/css_backgrounds/background-size_vector_wide--auto-32px--omitted-width-omitted-height,css_backgrounds,yes,wpt/css_backgrounds/background-size_vector_wide--auto-32px--omitted-width-omitted-height,pass,0.00,,
wpt/css_backgrounds/background-size_vector_wide--auto-32px--omitted-width-omitted-height-viewbox,css_backgrounds,yes,wpt/css_backgrounds/background-size_vector_wide--auto-32px--omitted-width-omitted-height-viewbox,pass,0.00,,
wpt/css_backgrounds/background-size_vector_wide--auto-32px--omitted-width-percent-height,css_backgrounds,yes,wpt/css_backgrounds/background-size_vector_wide--auto-32px--omitted-width-percent-height,pass,0.00,,
wpt/css_backgrounds/background-size_vector_wide--auto-32px--omitted-width-percent-height-viewbox,css_backgrounds,yes,wpt/css_backgrounds/background-size_vector_wide--auto-32px--omitted-width-percent-height-viewbox,pass,0.00,,
wpt/css_backgrounds/background-size_vector_wide--auto-32px--percent-width-nonpercent-height,css_backgrounds,yes,wpt/css_backgrounds/background-size_vector_wide--auto-32px--percent-width-nonpercent-height,pass,0.00,,
wpt/css_backgrounds/background-size_vector_wide--auto-32px--percent-width-nonpercent-height-viewbox,css_backgrounds,yes,wpt/css_backgrounds/background-size_vector_wide--auto-32px--percent-width-nonpercent-height-viewbox,pass,0.00,,
wpt/css_backgrounds/background-size_vector_wide--auto-32px--percent-width-omitted-height,css_backgrounds,yes,wpt/css_backgrounds/background-size_vector_wide--auto-32px--percent-width-omitted-height,pass,0.00,,
wpt/css_backgrounds/background-size_vector_wide--auto-32px--percent-width-omitted-height-viewbox,css_backgrounds,yes,wpt/css_backgrounds/background-size_vector_wide--auto-32px--percent-width-omitted-height-viewbox,pass,0.00,,
wpt/css_backgrounds/background-size_vector_wide--auto-32px--percent-width-percent-height,css_backgrounds,yes,wpt/css_backgrounds/background-size_vector_wide--auto-32px--percent-width-percent-height,pass,0.00,,
wpt/css_backgrounds/background-size_vector_wide--auto-32px--percent-width-percent-height-viewbox,css_backgrounds,yes,wpt/css_backgrounds/background-size_vector_wide--auto-32px--percent-width-percent-height-viewbox,pass,0.00,,
wpt/css_backgrounds/background-size_vector_wide--contain--height,css_backgrounds,yes,wpt/css_backgrounds/background-size_vector_wide--contain--height,pass,0.00,,
wpt/css_backgrounds/background-size_vector_wide--contain--nonpercent-width-nonpercent-height,css_backgrounds,yes,wpt/css_backgrounds/background-size_vector_wide--contain--nonpercent-width-nonpercent-height,pass,0.00,,
wpt/css_backgrounds/background-size_vector_wide--contain--nonpercent-width-nonpercent-height-viewbox,css_backgrounds,yes,wpt/css_backgrounds/background-size_vector_wide--contain--nonpercent-width-nonpercent-height-viewbox,pass,0.00,,
wpt/css_backgrounds/background-size_vector_wide--contain--nonpercent-width-omitted-height,css_backgrounds,yes,wpt/css_backgrounds/background-size_vector_wide--contain--nonpercent-width-omitted-height,pass,0.00,,
wpt/css_backgrounds/background-size_vector_wide--contain--nonpercent-width-omitted-height-viewbox,css_backgrounds,yes,wpt/css_backgrounds/background-size_vector_wide--contain--nonpercent-width-omitted-height-viewbox,pass,0.00,,
wpt/css_backgrounds/background-size_vector_wide--contain--nonpercent-width-percent-height,css_backgrounds,yes,wpt/css_backgrounds/background-size_vector_wide--contain--nonpercent-width-percent-height,pass,0.00,,
wpt/css_backgrounds/background-size_vector_wide--contain--nonpercent-width-percent-height-viewbox,css_backgrounds,yes,wpt/css_backgrounds/background-size_vector_wide--contain--nonpercent-width-percent-height-viewbox,pass,0.00,,
wpt/css_backgrounds/background-size_vector_wide--contain--omitted-width-nonpercent-height,css_backgrounds,yes,wpt/css_backgrounds/background-size_vector_wide--contain--omitted-width-nonpercent-height,pass,0.00,,
wpt/css_backgrounds/background-size_vector_wide--contain--omitted-width-nonpercent-height-viewbox,css_backgrounds,yes,wpt/css_backgrounds/background-size_vector_wide--contain--omitted-width-nonpercent-height-viewbox,pass,0.00,,
wpt/css_backgrounds/background-size_vector_wide--contain--omitted-width-omitted-height,css_backgrounds,yes,wpt/css_backgrounds/background-size_vector_wide--contain--omitted-width-omitted-height,pass,0.00,,
wpt/css_backgrounds/background-size_vector_wide--contain--omitted-width-omitted-height-viewbox,css_backgrounds,yes,wpt/css_backgrounds/background-size_vector_wide--contain--omitted-width-omitted-height-viewbox,pass,0.00,,
wpt/css_backgrounds/background-size_vector_wide--contain--omitted-width-percent-height,css_backgrounds,yes,wpt/css_backgrounds/background-size_vector_wide--contain--omitted-width-percent-height,pass,0.00,,
wpt/css_backgrounds/background-size_vector_wide--contain--omitted-width-percent-height-viewbox,css_backgrounds,yes,wpt/css_backgrounds/background-size_vector_wide--contain--omitted-width-percent-height-viewbox,pass,0.00,,
wpt/css_backgrounds/background-size_vector_wide--contain--percent-width-nonpercent-height,css_backgrounds,yes,wpt/css_backgrounds/background-size_vector_wide--contain--percent-width-nonpercent-height,pass,0.00,,
wpt/css_backgrounds/background-size_vector_wide--contain--percent-width-nonpercent-height-viewbox,css_backgrounds,yes,wpt/css_backgrounds/background-size_vector_wide--contain--percent-width-nonpercent-height-viewbox,pass,0.00,,
wpt/css_backgrounds/background-size_vector_wide--contain--percent-width-omitted-height,css_backgrounds,yes,wpt/css_backgrounds/background-size_vector_wide--contain--percent-width-omitted-height,pass,0.00,,
wpt/css_backgrounds/background-size_vector_wide--contain--percent-width-omitted-height-viewbox,css_backgrounds,yes,wpt/css_backgrounds/background-size_vector_wide--contain--percent-width-omitted-height-viewbox,pass,0.00,,
wpt/css_backgrounds/background-size_vector_wide--contain--percent-width-percent-height,css_backgrounds,yes,wpt/css_backgrounds/background-size_vector_wide--contain--percent-width-percent-height,pass,0.00,,
wpt/css_backgrounds/background-size_vector_wide--contain--percent-width-percent-height-viewbox,css_backgrounds,yes,wpt/css_backgrounds/background-size_vector_wide--contain--percent-width-percent-height-viewbox,pass,0.00,,
wpt/css_backgrounds/background-size_vector_wide--contain--width,css_backgrounds,yes,wpt/css_backgrounds/background-size_vector_wide--contain--width,pass,0.00,,
wpt/css_backgrounds/background-size_vector_wide--cover--height,css_backgrounds,yes,wpt/css_backgrounds/background-size_vector_wide--cover--height,pass,0.00,,
wpt/css_backgrounds/background-size_vector_wide--cover--nonpercent-width-nonpercent-height,css_backgrounds,yes,wpt/css_backgrounds/background-size_vector_wide--cover--nonpercent-width-nonpercent-height,pass,0.00,,
wpt/css_backgrounds/background-size_vector_wide--cover--nonpercent-width-nonpercent-height-viewbox,css_backgrounds,yes,wpt/css_backgrounds/background-size_vector_wide--cover--nonpercent-width-nonpercent-height-viewbox,pass,0.00,,
wpt/css_backgrounds/background-size_vector_wide--cover--nonpercent-width-omitted-height,css_backgrounds,yes,wpt/css_backgrounds/background-size_vector_wide--cover--nonpercent-width-omitted-height,pass,0.00,,
wpt/css_backgrounds/background-size_vector_wide--cover--nonpercent-width-omitted-height-viewbox,css_backgrounds,yes,wpt/css_backgrounds/background-size_vector_wide--cover--nonpercent-width-omitted-height-viewbox,pass,0.00,,
wpt/css_backgrounds/background-size_vector_wide--cover--nonpercent-width-percent-height,css_backgrounds,yes,wpt/css_backgrounds/background-size_vector_wide--cover--nonpercent-width-percent-height,pass,0.00,,
wpt/css_backgrounds/background-size_vector_wide--cover--nonpercent-width-percent-height-viewbox,css_backgrounds,yes,wpt/css_backgrounds/background-size_vector_wide--cover--nonpercent-width-percent-height-viewbox,pass,0.00,,
wpt/css_backgrounds/background-size_vector_wide--cover--omitted-width-nonpercent-height,css_backgrounds,yes,wpt/css_backgrounds/background-size_vector_wide--cover--omitted-width-nonpercent-height,pass,0.00,,
wpt/css_backgrounds/background-size_vector_wide--cover--omitted-width-nonpercent-height-viewbox,css_backgrounds,yes,wpt/css_backgrounds/background-size_vector_wide--cover--omitted-width-nonpercent-height-viewbox,pass,0.00,,
wpt/css_backgrounds/background-size_vector_wide--cover--omitted-width-omitted-height,css_backgrounds,yes,wpt/css_backgrounds/background-size_vector_wide--cover--omitted-width-omitted-height,pass,0.00,,
wpt/css_backgrounds/background-size_vector_wide--cover--omitted-width-omitted-height-viewbox,css_backgrounds,yes,wpt/css_backgrounds/background-size_vector_wide--cover--omitted-width-omitted-height-viewbox,pass,0.00,,
wpt/css_backgrounds/background-size_vector_wide--cover--omitted-width-percent-height,css_backgrounds,yes,wpt/css_backgrounds/background-size_vector_wide--cover--omitted-width-percent-height,pass,0.00,,
wpt/css_backgrounds/background-size_vector_wide--cover--omitted-width-percent-height-viewbox,css_backgrounds,yes,wpt/css_backgrounds/background-size_vector_wide--cover--omitted-width-percent-height-viewbox,pass,0.00,,
wpt/css_backgrounds/background-size_vector_wide--cover--percent-width-nonpercent-height,css_backgrounds,yes,wpt/css_backgrounds/background-size_vector_wide--cover--percent-width-nonpercent-height,pass,0.00,,
wpt/css_backgrounds/background-size_vector_wide--cover--percent-width-nonpercent-height-viewbox,css_backgrounds,yes,wpt/css_backgrounds/background-size_vector_wide--cover--percent-width-nonpercent-height-viewbox,pass,0.00,,
wpt/css_backgrounds/background-size_vector_wide--cover--percent-width-omitted-height,css_backgrounds,yes,wpt/css_backgrounds/background-size_vector_wide--cover--percent-width-omitted-height,pass,0.00,,
wpt/css_backgrounds/background-size_vector_wide--cover--percent-width-omitted-height-viewbox,css_backgrounds,yes,wpt/css_backgrounds/background-size_vector_wide--cover--percent-width-omitted-height-viewbox,pass,0.00,,
wpt/css_backgrounds/background-size_vector_wide--cover--percent-width-percent-height,css_backgrounds,yes,wpt/css_backgrounds/background-size_vector_wide--cover--percent-width-percent-height,pass,0.00,,
wpt/css_backgrounds/background-size_vector_wide--cover--percent-width-percent-height-viewbox,css_backgrounds,yes,wpt/css_backgrounds/background-size_vector_wide--cover--percent-width-percent-height-viewbox,pass,0.00,,
wpt/css_backgrounds/background-size_vector_wide--cover--width,css_backgrounds,yes,wpt/css_backgrounds/background-size_vector_wide--cover--width,pass,0.00,,
wpt/css_backgrounds/background-size_vector_zero-height-ratio-5px-auto,css_backgrounds,yes,wpt/css_backgrounds/background-size_vector_zero-height-ratio-5px-auto,fail,0.04,needs_image,SP13: Image Rendering
wpt/css_backgrounds/background-size_vector_zero-height-ratio-auto-5px,css_backgrounds,yes,wpt/css_backgrounds/background-size_vector_zero-height-ratio-auto-5px,fail,0.04,needs_image,SP13: Image Rendering
wpt/css_backgrounds/background-size_vector_zero-height-ratio-auto-auto,css_backgrounds,yes,wpt/css_backgrounds/background-size_vector_zero-height-ratio-auto-auto,fail,0.04,needs_image,SP13: Image Rendering
wpt/css_backgrounds/background-size_vector_zero-height-ratio-contain,css_backgrounds,yes,wpt/css_backgrounds/background-size_vector_zero-height-ratio-contain,fail,0.04,needs_image,SP13: Image Rendering
wpt/css_backgrounds/background-size_vector_zero-height-ratio-cover,css_backgrounds,yes,wpt/css_backgrounds/background-size_vector_zero-height-ratio-cover,fail,0.04,needs_image,SP13: Image Rendering
wpt/css_backgrounds/background-size_vector_zero-ratio-no-dimensions-5px-auto,css_backgrounds,yes,wpt/css_backgrounds/background-size_vector_zero-ratio-no-dimensions-5px-auto,fail,0.04,needs_image,SP13: Image Rendering
wpt/css_backgrounds/background-size_vector_zero-ratio-no-dimensions-auto-5px,css_backgrounds,yes,wpt/css_backgrounds/background-size_vector_zero-ratio-no-dimensions-auto-5px,fail,0.04,needs_image,SP13: Image Rendering
wpt/css_backgrounds/background-size_vector_zero-ratio-no-dimensions-auto-auto,css_backgrounds,yes,wpt/css_backgrounds/background-size_vector_zero-ratio-no-dimensions-auto-auto,fail,0.04,needs_image,SP13: Image Rendering
wpt/css_backgrounds/background-size_vector_zero-ratio-no-dimensions-contain,css_backgrounds,yes,wpt/css_backgrounds/background-size_vector_zero-ratio-no-dimensions-contain,fail,0.04,needs_image,SP13: Image Rendering
wpt/css_backgrounds/background-size_vector_zero-ratio-no-dimensions-cover,css_backgrounds,yes,wpt/css_backgrounds/background-size_vector_zero-ratio-no-dimensions-cover,fail,0.04,needs_image,SP13: Image Rendering
wpt/css_backgrounds/background-size_vector_zero-width-ratio-5px-auto,css_backgrounds,yes,wpt/css_backgrounds/background-size_vector_zero-width-ratio-5px-auto,fail,0.04,needs_image,SP13: Image Rendering
wpt/css_backgrounds/background-size_vector_zero-width-ratio-auto-5px,css_backgrounds,yes,wpt/css_backgrounds/background-size_vector_zero-width-ratio-auto-5px,fail,0.04,needs_image,SP13: Image Rendering
wpt/css_backgrounds/background-size_vector_zero-width-ratio-auto-auto,css_backgrounds,yes,wpt/css_backgrounds/background-size_vector_zero-width-ratio-auto-auto,fail,0.04,needs_image,SP13: Image Rendering
wpt/css_backgrounds/background-size_vector_zero-width-ratio-contain,css_backgrounds,yes,wpt/css_backgrounds/background-size_vector_zero-width-ratio-contain,fail,0.04,needs_image,SP13: Image Rendering
wpt/css_backgrounds/background-size_vector_zero-width-ratio-cover,css_backgrounds,yes,wpt/css_backgrounds/background-size_vector_zero-width-ratio-cover,fail,0.04,needs_image,SP13: Image Rendering
wpt/css_backgrounds/bg-color-with-gradient,css_backgrounds,yes,wpt/css_backgrounds/bg-color-with-gradient,fail,2.12,needs_gradient,SP13: Gradient Rendering
wpt/css_backgrounds/border-bottom-left-radius-001,css_backgrounds,yes,wpt/css_backgrounds/border-bottom-left-radius-001,fail,7.10,needs_text,SP11/SP13: Text Rendering
wpt/css_backgrounds/border-bottom-left-radius-002,css_backgrounds,yes,wpt/css_backgrounds/border-bottom-left-radius-002,fail,3.49,needs_text,SP11/SP13: Text Rendering
wpt/css_backgrounds/border-bottom-left-radius-004,css_backgrounds,yes,wpt/css_backgrounds/border-bottom-left-radius-004,fail,0.07,sp12_layout_bug,
wpt/css_backgrounds/border-bottom-left-radius-004-ref,css_backgrounds,yes,wpt/css_backgrounds/border-bottom-left-radius-004-ref,fail,0.01,sp12_layout_bug,
wpt/css_backgrounds/border-bottom-left-radius-005,css_backgrounds,yes,wpt/css_backgrounds/border-bottom-left-radius-005,fail,0.03,sp12_layout_bug,
wpt/css_backgrounds/border-bottom-left-radius-005-ref,css_backgrounds,yes,wpt/css_backgrounds/border-bottom-left-radius-005-ref,fail,0.00,sp12_layout_bug,
wpt/css_backgrounds/border-bottom-left-radius-010,css_backgrounds,yes,wpt/css_backgrounds/border-bottom-left-radius-010,fail,7.10,needs_text,SP11/SP13: Text Rendering
wpt/css_backgrounds/border-bottom-left-radius-011,css_backgrounds,yes,wpt/css_backgrounds/border-bottom-left-radius-011,fail,7.10,needs_text,SP11/SP13: Text Rendering
wpt/css_backgrounds/border-bottom-left-radius-012,css_backgrounds,yes,wpt/css_backgrounds/border-bottom-left-radius-012,fail,3.39,needs_text,SP11/SP13: Text Rendering
wpt/css_backgrounds/border-bottom-left-radius-013,css_backgrounds,yes,wpt/css_backgrounds/border-bottom-left-radius-013,fail,3.40,needs_text,SP11/SP13: Text Rendering
wpt/css_backgrounds/border-bottom-left-radius-014,css_backgrounds,yes,wpt/css_backgrounds/border-bottom-left-radius-014,fail,7.10,needs_text,SP11/SP13: Text Rendering
wpt/css_backgrounds/border-bottom-right-radius-001,css_backgrounds,yes,wpt/css_backgrounds/border-bottom-right-radius-001,fail,7.10,needs_text,SP11/SP13: Text Rendering
wpt/css_backgrounds/border-bottom-right-radius-002,css_backgrounds,yes,wpt/css_backgrounds/border-bottom-right-radius-002,fail,3.49,needs_text,SP11/SP13: Text Rendering
wpt/css_backgrounds/border-bottom-right-radius-004,css_backgrounds,yes,wpt/css_backgrounds/border-bottom-right-radius-004,fail,0.07,sp12_layout_bug,
wpt/css_backgrounds/border-bottom-right-radius-004-ref,css_backgrounds,yes,wpt/css_backgrounds/border-bottom-right-radius-004-ref,fail,0.01,sp12_layout_bug,
wpt/css_backgrounds/border-bottom-right-radius-005,css_backgrounds,yes,wpt/css_backgrounds/border-bottom-right-radius-005,fail,0.03,sp12_layout_bug,
wpt/css_backgrounds/border-bottom-right-radius-005-ref,css_backgrounds,yes,wpt/css_backgrounds/border-bottom-right-radius-005-ref,fail,0.00,sp12_layout_bug,
wpt/css_backgrounds/border-bottom-right-radius-010,css_backgrounds,yes,wpt/css_backgrounds/border-bottom-right-radius-010,fail,7.10,needs_text,SP11/SP13: Text Rendering
wpt/css_backgrounds/border-bottom-right-radius-011,css_backgrounds,yes,wpt/css_backgrounds/border-bottom-right-radius-011,fail,7.10,needs_text,SP11/SP13: Text Rendering
wpt/css_backgrounds/border-bottom-right-radius-012,css_backgrounds,yes,wpt/css_backgrounds/border-bottom-right-radius-012,fail,3.39,needs_text,SP11/SP13: Text Rendering
wpt/css_backgrounds/border-bottom-right-radius-013,css_backgrounds,yes,wpt/css_backgrounds/border-bottom-right-radius-013,fail,3.40,needs_text,SP11/SP13: Text Rendering
wpt/css_backgrounds/border-bottom-right-radius-014,css_backgrounds,yes,wpt/css_backgrounds/border-bottom-right-radius-014,fail,7.10,needs_text,SP11/SP13: Text Rendering
wpt/css_backgrounds/border-bottom-width-medium,css_backgrounds,yes,wpt/css_backgrounds/border-bottom-width-medium,pass,0.00,,
wpt/css_backgrounds/border-bottom-width-thick,css_backgrounds,yes,wpt/css_backgrounds/border-bottom-width-thick,pass,0.00,,
wpt/css_backgrounds/border-bottom-width-thin,css_backgrounds,yes,wpt/css_backgrounds/border-bottom-width-thin,pass,0.00,,
wpt/css_backgrounds/border-color_transparent,css_backgrounds,yes,wpt/css_backgrounds/border-color_transparent,fail,0.02,sp12_layout_bug,
wpt/css_backgrounds/border-image-007,css_backgrounds,yes,wpt/css_backgrounds/border-image-007,pass,0.00,,
wpt/css_backgrounds/border-image-013,css_backgrounds,yes,wpt/css_backgrounds/border-image-013,pass,0.00,,
wpt/css_backgrounds/border-image-021,css_backgrounds,yes,wpt/css_backgrounds/border-image-021,fail,2.12,needs_gradient,SP13: Gradient Rendering
wpt/css_backgrounds/border-image-calc,css_backgrounds,yes,wpt/css_backgrounds/border-image-calc,pass,0.00,,
wpt/css_backgrounds/border-image-calc-ref,css_backgrounds,yes,wpt/css_backgrounds/border-image-calc-ref,pass,0.00,,
wpt/css_backgrounds/border-image-displayed-with-transparent-border-color,css_backgrounds,yes,wpt/css_backgrounds/border-image-displayed-with-transparent-border-color,pass,0.00,,
wpt/css_backgrounds/border-image-displayed-with-transparent-border-color-ref,css_backgrounds,yes,wpt/css_backgrounds/border-image-displayed-with-transparent-border-color-ref,pass,0.00,,
wpt/css_backgrounds/border-image-outset-003,css_backgrounds,yes,wpt/css_backgrounds/border-image-outset-003,fail,27.39,needs_gradient,SP13: Gradient Rendering
wpt/css_backgrounds/border-image-outset-003-ref,css_backgrounds,yes,wpt/css_backgrounds/border-image-outset-003-ref,fail,17.20,needs_gradient,SP13: Gradient Rendering
wpt/css_backgrounds/border-image-repeat-005,css_backgrounds,yes,wpt/css_backgrounds/border-image-repeat-005,fail,4.90,needs_image,SP13: Image Rendering
wpt/css_backgrounds/border-image-repeat-1,css_backgrounds,yes,wpt/css_backgrounds/border-image-repeat-1,fail,0.54,needs_image,SP13: Image Rendering
wpt/css_backgrounds/border-image-repeat-round,css_backgrounds,yes,wpt/css_backgrounds/border-image-repeat-round,fail,0.66,needs_image,SP13: Image Rendering
wpt/css_backgrounds/border-image-repeat-round-003,css_backgrounds,yes,wpt/css_backgrounds/border-image-repeat-round-003,fail,30.98,"needs_text,needs_image",SP11/SP13: Text Rendering; SP13: Image Rendering
wpt/css_backgrounds/border-image-repeat-round-1,css_backgrounds,yes,wpt/css_backgrounds/border-image-repeat-round-1,pass,0.00,,
wpt/css_backgrounds/border-image-repeat-round-1-ref,css_backgrounds,yes,wpt/css_backgrounds/border-image-repeat-round-1-ref,pass,0.00,,
wpt/css_backgrounds/border-image-repeat-round-2,css_backgrounds,yes,wpt/css_backgrounds/border-image-repeat-round-2,pass,0.00,,
wpt/css_backgrounds/border-image-repeat-round-2-ref,css_backgrounds,yes,wpt/css_backgrounds/border-image-repeat-round-2-ref,pass,0.00,,
wpt/css_backgrounds/border-image-repeat-round-stretch-001,css_backgrounds,yes,wpt/css_backgrounds/border-image-repeat-round-stretch-001,fail,2.61,needs_image,SP13: Image Rendering
wpt/css_backgrounds/border-image-repeat-space-011,css_backgrounds,yes,wpt/css_backgrounds/border-image-repeat-space-011,fail,0.32,needs_image,SP13: Image Rendering
wpt/css_backgrounds/border-image-repeat-space-1,css_backgrounds,yes,wpt/css_backgrounds/border-image-repeat-space-1,pass,0.00,,
wpt/css_backgrounds/border-image-repeat-space-1-ref,css_backgrounds,yes,wpt/css_backgrounds/border-image-repeat-space-1-ref,pass,0.00,,
wpt/css_backgrounds/border-image-repeat-space-10,css_backgrounds,yes,wpt/css_backgrounds/border-image-repeat-space-10,pass,0.00,,
wpt/css_backgrounds/border-image-repeat-space-10-ref,css_backgrounds,yes,wpt/css_backgrounds/border-image-repeat-space-10-ref,pass,0.00,,
wpt/css_backgrounds/border-image-repeat-space-2,css_backgrounds,yes,wpt/css_backgrounds/border-image-repeat-space-2,pass,0.00,,
wpt/css_backgrounds/border-image-repeat-space-2-ref,css_backgrounds,yes,wpt/css_backgrounds/border-image-repeat-space-2-ref,pass,0.00,,
wpt/css_backgrounds/border-image-repeat-space-3,css_backgrounds,yes,wpt/css_backgrounds/border-image-repeat-space-3,pass,0.00,,
wpt/css_backgrounds/border-image-repeat-space-3-ref,css_backgrounds,yes,wpt/css_backgrounds/border-image-repeat-space-3-ref,pass,0.00,,
wpt/css_backgrounds/border-image-repeat-space-4,css_backgrounds,yes,wpt/css_backgrounds/border-image-repeat-space-4,pass,0.00,,
wpt/css_backgrounds/border-image-repeat-space-4-ref-1,css_backgrounds,yes,wpt/css_backgrounds/border-image-repeat-space-4-ref-1,pass,0.00,,
wpt/css_backgrounds/border-image-repeat-space-4-ref-2,css_backgrounds,yes,wpt/css_backgrounds/border-image-repeat-space-4-ref-2,pass,0.00,,
wpt/css_backgrounds/border-image-repeat-space-5,css_backgrounds,yes,wpt/css_backgrounds/border-image-repeat-space-5,pass,0.00,,
wpt/css_backgrounds/border-image-repeat-space-5-ref-1,css_backgrounds,yes,wpt/css_backgrounds/border-image-repeat-space-5-ref-1,pass,0.00,,
wpt/css_backgrounds/border-image-repeat-space-5-ref-2,css_backgrounds,yes,wpt/css_backgrounds/border-image-repeat-space-5-ref-2,pass,0.00,,
wpt/css_backgrounds/border-image-repeat-space-6,css_backgrounds,yes,wpt/css_backgrounds/border-image-repeat-space-6,pass,0.00,,
wpt/css_backgrounds/border-image-repeat-space-6-ref,css_backgrounds,yes,wpt/css_backgrounds/border-image-repeat-space-6-ref,pass,0.00,,
wpt/css_backgrounds/border-image-repeat-space-7,css_backgrounds,yes,wpt/css_backgrounds/border-image-repeat-space-7,pass,0.00,,
wpt/css_backgrounds/border-image-repeat-space-7-ref,css_backgrounds,yes,wpt/css_backgrounds/border-image-repeat-space-7-ref,pass,0.00,,
wpt/css_backgrounds/border-image-repeat-stretch-round-001,css_backgrounds,yes,wpt/css_backgrounds/border-image-repeat-stretch-round-001,fail,1.96,needs_image,SP13: Image Rendering
wpt/css_backgrounds/border-image-round-and-stretch,css_backgrounds,yes,wpt/css_backgrounds/border-image-round-and-stretch,fail,1.26,needs_image,SP13: Image Rendering
wpt/css_backgrounds/border-image-slice-003,css_backgrounds,yes,wpt/css_backgrounds/border-image-slice-003,pass,0.00,,
wpt/css_backgrounds/border-image-slice-percentage,css_backgrounds,yes,wpt/css_backgrounds/border-image-slice-percentage,fail,0.66,needs_image,SP13: Image Rendering
wpt/css_backgrounds/border-image-space-001,css_backgrounds,yes,wpt/css_backgrounds/border-image-space-001,pass,0.00,,
wpt/css_backgrounds/border-image-width-005,css_backgrounds,yes,wpt/css_backgrounds/border-image-width-005,fail,0.87,needs_image,SP13: Image Rendering
wpt/css_backgrounds/border-image-width-006,css_backgrounds,yes,wpt/css_backgrounds/border-image-width-006,fail,0.87,needs_image,SP13: Image Rendering
wpt/css_backgrounds/border-image-width-007,css_backgrounds,yes,wpt/css_backgrounds/border-image-width-007,pass,0.00,,
wpt/css_backgrounds/border-image-width-008,css_backgrounds,yes,wpt/css_backgrounds/border-image-width-008,pass,0.00,,
wpt/css_backgrounds/border-image-width-008-ref,css_backgrounds,yes,wpt/css_backgrounds/border-image-width-008-ref,pass,0.00,,
wpt/css_backgrounds/border-image-width-009,css_backgrounds,yes,wpt/css_backgrounds/border-image-width-009,pass,0.00,,
wpt/css_backgrounds/border-image-width-should-extend-to-padding,css_backgrounds,yes,wpt/css_backgrounds/border-image-width-should-extend-to-padding,fail,4.57,needs_gradient,SP13: Gradient Rendering
wpt/css_backgrounds/border-image-width-should-extend-to-padding-ref,css_backgrounds,yes,wpt/css_backgrounds/border-image-width-should-extend-to-padding-ref,fail,4.57,needs_gradient,SP13: Gradient Rendering
wpt/css_backgrounds/border-images,css_backgrounds,yes,wpt/css_backgrounds/border-images,pass,0.00,,
wpt/css_backgrounds/border-left-width-medium,css_backgrounds,yes,wpt/css_backgrounds/border-left-width-medium,fail,0.13,sp12_layout_bug,
wpt/css_backgrounds/border-left-width-thick,css_backgrounds,yes,wpt/css_backgrounds/border-left-width-thick,fail,0.21,sp12_layout_bug,
wpt/css_backgrounds/border-left-width-thin,css_backgrounds,yes,wpt/css_backgrounds/border-left-width-thin,fail,0.04,sp12_layout_bug,
wpt/css_backgrounds/border-radius-001,css_backgrounds,yes,wpt/css_backgrounds/border-radius-001,fail,7.10,needs_text,SP11/SP13: Text Rendering
wpt/css_backgrounds/border-radius-001-ref,css_backgrounds,yes,wpt/css_backgrounds/border-radius-001-ref,fail,7.10,needs_text,SP11/SP13: Text Rendering
wpt/css_backgrounds/border-radius-002,css_backgrounds,yes,wpt/css_backgrounds/border-radius-002,fail,7.41,needs_text,SP11/SP13: Text Rendering
wpt/css_backgrounds/border-radius-002-ref,css_backgrounds,yes,wpt/css_backgrounds/border-radius-002-ref,fail,7.41,needs_text,SP11/SP13: Text Rendering
wpt/css_backgrounds/border-radius-003,css_backgrounds,yes,wpt/css_backgrounds/border-radius-003,fail,7.59,needs_text,SP11/SP13: Text Rendering
wpt/css_backgrounds/border-radius-003-ref,css_backgrounds,yes,wpt/css_backgrounds/border-radius-003-ref,fail,7.61,needs_text,SP11/SP13: Text Rendering
wpt/css_backgrounds/border-radius-004,css_backgrounds,yes,wpt/css_backgrounds/border-radius-004,fail,7.65,needs_text,SP11/SP13: Text Rendering
wpt/css_backgrounds/border-radius-004-ref,css_backgrounds,yes,wpt/css_backgrounds/border-radius-004-ref,fail,7.63,needs_text,SP11/SP13: Text Rendering
wpt/css_backgrounds/border-radius-005,css_backgrounds,yes,wpt/css_backgrounds/border-radius-005,fail,7.40,needs_text,SP11/SP13: Text Rendering
wpt/css_backgrounds/border-radius-005-ref,css_backgrounds,yes,wpt/css_backgrounds/border-radius-005-ref,fail,7.42,needs_text,SP11/SP13: Text Rendering
wpt/css_backgrounds/border-radius-006,css_backgrounds,yes,wpt/css_backgrounds/border-radius-006,fail,7.42,needs_text,SP11/SP13: Text Rendering
wpt/css_backgrounds/border-radius-006-ref,css_backgrounds,yes,wpt/css_backgrounds/border-radius-006-ref,fail,7.39,needs_text,SP11/SP13: Text Rendering
wpt/css_backgrounds/border-radius-007,css_backgrounds,yes,wpt/css_backgrounds/border-radius-007,fail,7.35,needs_text,SP11/SP13: Text Rendering
wpt/css_backgrounds/border-radius-007-ref,css_backgrounds,yes,wpt/css_backgrounds/border-radius-007-ref,fail,7.35,needs_text,SP11/SP13: Text Rendering
wpt/css_backgrounds/border-radius-008,css_backgrounds,yes,wpt/css_backgrounds/border-radius-008,fail,7.10,needs_text,SP11/SP13: Text Rendering
wpt/css_backgrounds/border-radius-009,css_backgrounds,yes,wpt/css_backgrounds/border-radius-009,fail,7.39,needs_text,SP11/SP13: Text Rendering
wpt/css_backgrounds/border-radius-009-ref,css_backgrounds,yes,wpt/css_backgrounds/border-radius-009-ref,fail,7.42,needs_text,SP11/SP13: Text Rendering
wpt/css_backgrounds/border-radius-010,css_backgrounds,yes,wpt/css_backgrounds/border-radius-010,fail,7.27,needs_text,SP11/SP13: Text Rendering
wpt/css_backgrounds/border-radius-010-ref,css_backgrounds,yes,wpt/css_backgrounds/border-radius-010-ref,fail,7.25,needs_text,SP11/SP13: Text Rendering
wpt/css_backgrounds/border-radius-011,css_backgrounds,yes,wpt/css_backgrounds/border-radius-011,fail,0.01,sp12_layout_bug,
wpt/css_backgrounds/border-radius-011-ref,css_backgrounds,yes,wpt/css_backgrounds/border-radius-011-ref,fail,0.01,sp12_layout_bug,
wpt/css_backgrounds/border-radius-012,css_backgrounds,yes,wpt/css_backgrounds/border-radius-012,fail,0.89,needs_text,SP11/SP13: Text Rendering
wpt/css_backgrounds/border-radius-012-ref,css_backgrounds,yes,wpt/css_backgrounds/border-radius-012-ref,fail,0.89,needs_text,SP11/SP13: Text Rendering
wpt/css_backgrounds/border-radius-dynamic-from-no-radius-ref,css_backgrounds,yes,wpt/css_backgrounds/border-radius-dynamic-from-no-radius-ref,pass,0.00,,
wpt/css_backgrounds/border-radius-horizontal-value-is-zero,css_backgrounds,yes,wpt/css_backgrounds/border-radius-horizontal-value-is-zero,fail,2.46,sp12_layout_bug,
wpt/css_backgrounds/border-radius-overflow-hidden,css_backgrounds,yes,wpt/css_backgrounds/border-radius-overflow-hidden,fail,0.00,sp12_layout_bug,
wpt/css_backgrounds/border-radius-shorthand-002,css_backgrounds,yes,wpt/css_backgrounds/border-radius-shorthand-002,fail,3.16,sp12_layout_bug,
wpt/css_backgrounds/border-radius-shorthand-002-ref,css_backgrounds,yes,wpt/css_backgrounds/border-radius-shorthand-002-ref,fail,3.26,sp12_layout_bug,
wpt/css_backgrounds/border-right-width-medium,css_backgrounds,yes,wpt/css_backgrounds/border-right-width-medium,fail,0.13,sp12_layout_bug,
wpt/css_backgrounds/border-right-width-thick,css_backgrounds,yes,wpt/css_backgrounds/border-right-width-thick,fail,0.21,sp12_layout_bug,
wpt/css_backgrounds/border-right-width-thin,css_backgrounds,yes,wpt/css_backgrounds/border-right-width-thin,fail,0.04,sp12_layout_bug,
wpt/css_backgrounds/border-top-left-radius-001,css_backgrounds,yes,wpt/css_backgrounds/border-top-left-radius-001,fail,7.10,needs_text,SP11/SP13: Text Rendering
wpt/css_backgrounds/border-top-left-radius-002,css_backgrounds,yes,wpt/css_backgrounds/border-top-left-radius-002,fail,3.48,sp12_layout_bug,
wpt/css_backgrounds/border-top-left-radius-004,css_backgrounds,yes,wpt/css_backgrounds/border-top-left-radius-004,fail,0.07,sp12_layout_bug,
wpt/css_backgrounds/border-top-left-radius-004-ref,css_backgrounds,yes,wpt/css_backgrounds/border-top-left-radius-004-ref,fail,0.01,sp12_layout_bug,
wpt/css_backgrounds/border-top-left-radius-005,css_backgrounds,yes,wpt/css_backgrounds/border-top-left-radius-005,fail,0.03,sp12_layout_bug,
wpt/css_backgrounds/border-top-left-radius-005-ref,css_backgrounds,yes,wpt/css_backgrounds/border-top-left-radius-005-ref,fail,0.00,sp12_layout_bug,
wpt/css_backgrounds/border-top-left-radius-010,css_backgrounds,yes,wpt/css_backgrounds/border-top-left-radius-010,fail,7.10,needs_text,SP11/SP13: Text Rendering
wpt/css_backgrounds/border-top-left-radius-011,css_backgrounds,yes,wpt/css_backgrounds/border-top-left-radius-011,fail,7.10,needs_text,SP11/SP13: Text Rendering
wpt/css_backgrounds/border-top-left-radius-012,css_backgrounds,yes,wpt/css_backgrounds/border-top-left-radius-012,fail,3.57,sp12_layout_bug,
wpt/css_backgrounds/border-top-left-radius-013,css_backgrounds,yes,wpt/css_backgrounds/border-top-left-radius-013,fail,3.56,sp12_layout_bug,
wpt/css_backgrounds/border-top-left-radius-014,css_backgrounds,yes,wpt/css_backgrounds/border-top-left-radius-014,fail,7.10,needs_text,SP11/SP13: Text Rendering
wpt/css_backgrounds/border-top-right-radius-001,css_backgrounds,yes,wpt/css_backgrounds/border-top-right-radius-001,fail,7.10,needs_text,SP11/SP13: Text Rendering
wpt/css_backgrounds/border-top-right-radius-002,css_backgrounds,yes,wpt/css_backgrounds/border-top-right-radius-002,fail,3.48,sp12_layout_bug,
wpt/css_backgrounds/border-top-right-radius-004,css_backgrounds,yes,wpt/css_backgrounds/border-top-right-radius-004,fail,0.07,sp12_layout_bug,
wpt/css_backgrounds/border-top-right-radius-004-ref,css_backgrounds,yes,wpt/css_backgrounds/border-top-right-radius-004-ref,fail,0.01,sp12_layout_bug,
wpt/css_backgrounds/border-top-right-radius-005,css_backgrounds,yes,wpt/css_backgrounds/border-top-right-radius-005,fail,0.03,sp12_layout_bug,
wpt/css_backgrounds/border-top-right-radius-005-ref,css_backgrounds,yes,wpt/css_backgrounds/border-top-right-radius-005-ref,fail,0.00,sp12_layout_bug,
wpt/css_backgrounds/border-top-right-radius-010,css_backgrounds,yes,wpt/css_backgrounds/border-top-right-radius-010,fail,7.10,needs_text,SP11/SP13: Text Rendering
wpt/css_backgrounds/border-top-right-radius-011,css_backgrounds,yes,wpt/css_backgrounds/border-top-right-radius-011,fail,7.10,needs_text,SP11/SP13: Text Rendering
wpt/css_backgrounds/border-top-right-radius-012,css_backgrounds,yes,wpt/css_backgrounds/border-top-right-radius-012,fail,3.57,sp12_layout_bug,
wpt/css_backgrounds/border-top-right-radius-013,css_backgrounds,yes,wpt/css_backgrounds/border-top-right-radius-013,fail,3.56,sp12_layout_bug,
wpt/css_backgrounds/border-top-right-radius-014,css_backgrounds,yes,wpt/css_backgrounds/border-top-right-radius-014,fail,7.10,needs_text,SP11/SP13: Text Rendering
wpt/css_backgrounds/border-top-width-medium,css_backgrounds,yes,wpt/css_backgrounds/border-top-width-medium,pass,0.00,,
wpt/css_backgrounds/border-top-width-thick,css_backgrounds,yes,wpt/css_backgrounds/border-top-width-thick,pass,0.00,,
wpt/css_backgrounds/border-top-width-thin,css_backgrounds,yes,wpt/css_backgrounds/border-top-width-thin,pass,0.00,,
wpt/css_backgrounds/border-width-pixel-snapping-001-a,css_backgrounds,yes,wpt/css_backgrounds/border-width-pixel-snapping-001-a,pass,0.00,,
wpt/css_backgrounds/border-width-pixel-snapping-001-b,css_backgrounds,yes,wpt/css_backgrounds/border-width-pixel-snapping-001-b,pass,0.00,,
wpt/css_backgrounds/border-width-small-values-001-a,css_backgrounds,yes,wpt/css_backgrounds/border-width-small-values-001-a,fail,0.32,sp12_layout_bug,
wpt/css_backgrounds/border-width-small-values-001-b,css_backgrounds,yes,wpt/css_backgrounds/border-width-small-values-001-b,fail,0.32,sp12_layout_bug,
wpt/css_backgrounds/border-width-small-values-001-c,css_backgrounds,yes,wpt/css_backgrounds/border-width-small-values-001-c,fail,0.32,sp12_layout_bug,
wpt/css_backgrounds/border-width-small-values-001-d,css_backgrounds,yes,wpt/css_backgrounds/border-width-small-values-001-d,fail,0.32,sp12_layout_bug,
wpt/css_backgrounds/border-width-small-values-001-e,css_backgrounds,yes,wpt/css_backgrounds/border-width-small-values-001-e,fail,0.32,sp12_layout_bug,
wpt/css_backgrounds/box-shadow-005,css_backgrounds,yes,wpt/css_backgrounds/box-shadow-005,fail,0.59,sp12_layout_bug,
wpt/css_backgrounds/box-shadow-039,css_backgrounds,yes,wpt/css_backgrounds/box-shadow-039,fail,2.34,sp12_layout_bug,
wpt/css_backgrounds/box-shadow-040,css_backgrounds,yes,wpt/css_backgrounds/box-shadow-040,fail,2.48,sp12_layout_bug,
wpt/css_backgrounds/box-shadow-041,css_backgrounds,yes,wpt/css_backgrounds/box-shadow-041,fail,0.49,sp12_layout_bug,
wpt/css_backgrounds/box-shadow-042,css_backgrounds,yes,wpt/css_backgrounds/box-shadow-042,fail,0.57,sp12_layout_bug,
wpt/css_backgrounds/box-shadow-border-radius-001,css_backgrounds,yes,wpt/css_backgrounds/box-shadow-border-radius-001,fail,15.09,sp12_layout_bug,
wpt/css_backgrounds/box-shadow-calc,css_backgrounds,yes,wpt/css_backgrounds/box-shadow-calc,fail,6.70,sp12_layout_bug,
wpt/css_backgrounds/box-shadow-calc-ref,css_backgrounds,yes,wpt/css_backgrounds/box-shadow-calc-ref,fail,6.70,sp12_layout_bug,
wpt/css_backgrounds/box-shadow-currentcolor,css_backgrounds,yes,wpt/css_backgrounds/box-shadow-currentcolor,fail,1.97,sp12_layout_bug,
wpt/css_backgrounds/box-shadow-currentcolor-ref,css_backgrounds,yes,wpt/css_backgrounds/box-shadow-currentcolor-ref,fail,1.97,sp12_layout_bug,
wpt/css_backgrounds/box-shadow-inset-without-border-radius,css_backgrounds,yes,wpt/css_backgrounds/box-shadow-inset-without-border-radius,fail,3.50,needs_text,SP11/SP13: Text Rendering
wpt/css_backgrounds/box-shadow-multiple-001,css_backgrounds,yes,wpt/css_backgrounds/box-shadow-multiple-001,fail,6.37,sp12_layout_bug,
wpt/css_backgrounds/box-shadow-outset-without-border-radius-001,css_backgrounds,yes,wpt/css_backgrounds/box-shadow-outset-without-border-radius-001,fail,6.11,needs_text,SP11/SP13: Text Rendering
wpt/css_backgrounds/box-shadow_slice-block-fragmentation-001,css_backgrounds,yes,wpt/css_backgrounds/box-shadow_slice-block-fragmentation-001,fail,0.42,sp12_layout_bug,
wpt/css_backgrounds/box-shadow_slice-block-fragmentation-001-ref,css_backgrounds,yes,wpt/css_backgrounds/box-shadow_slice-block-fragmentation-001-ref,pass,0.00,,
wpt/css_backgrounds/box-shadow_slice-block-fragmentation-002,css_backgrounds,yes,wpt/css_backgrounds/box-shadow_slice-block-fragmentation-002,fail,0.42,sp12_layout_bug,
wpt/css_backgrounds/box-shadow_slice-block-fragmentation-002-ref,css_backgrounds,yes,wpt/css_backgrounds/box-shadow_slice-block-fragmentation-002-ref,pass,0.00,,
wpt/css_backgrounds/box-shadow_slice-block-fragmentation-003,css_backgrounds,yes,wpt/css_backgrounds/box-shadow_slice-block-fragmentation-003,fail,1.78,sp12_layout_bug,
wpt/css_backgrounds/box-shadow_slice-block-fragmentation-003-ref,css_backgrounds,yes,wpt/css_backgrounds/box-shadow_slice-block-fragmentation-003-ref,fail,0.00,sp12_layout_bug,
wpt/css_backgrounds/box-shadow_slice-inline-fragmentation-001,css_backgrounds,yes,wpt/css_backgrounds/box-shadow_slice-inline-fragmentation-001,fail,0.30,"needs_text,needs_font_metrics",SP11/SP13: Text Rendering; SP11: Font Metrics
wpt/css_backgrounds/box-shadow_slice-inline-fragmentation-001-ref,css_backgrounds,yes,wpt/css_backgrounds/box-shadow_slice-inline-fragmentation-001-ref,fail,0.30,"needs_text,needs_font_metrics",SP11/SP13: Text Rendering; SP11: Font Metrics
wpt/css_backgrounds/box-shadow_slice-inline-fragmentation-002,css_backgrounds,yes,wpt/css_backgrounds/box-shadow_slice-inline-fragmentation-002,fail,0.30,"needs_text,needs_font_metrics",SP11/SP13: Text Rendering; SP11: Font Metrics
wpt/css_backgrounds/box-shadow_slice-inline-fragmentation-002-ref,css_backgrounds,yes,wpt/css_backgrounds/box-shadow_slice-inline-fragmentation-002-ref,fail,0.30,"needs_text,needs_font_metrics",SP11/SP13: Text Rendering; SP11: Font Metrics
wpt/css_backgrounds/box-shadow_slice-inline-fragmentation-003,css_backgrounds,yes,wpt/css_backgrounds/box-shadow_slice-inline-fragmentation-003,fail,0.84,"needs_text,needs_font_metrics",SP11/SP13: Text Rendering; SP11: Font Metrics
wpt/css_backgrounds/box-shadow_slice-inline-fragmentation-003-ref,css_backgrounds,yes,wpt/css_backgrounds/box-shadow_slice-inline-fragmentation-003-ref,fail,0.84,"needs_text,needs_font_metrics",SP11/SP13: Text Rendering; SP11: Font Metrics
wpt/css_backgrounds/child-move-reveals-parent-background-ref,css_backgrounds,yes,wpt/css_backgrounds/child-move-reveals-parent-background-ref,pass,0.00,,
wpt/css_backgrounds/css-border-radius-001,css_backgrounds,yes,wpt/css_backgrounds/css-border-radius-001,pass,0.00,,
wpt/css_backgrounds/css3-background-clip,css_backgrounds,yes,wpt/css_backgrounds/css3-background-clip,pass,0.00,,
wpt/css_backgrounds/css3-background-clip-border-box,css_backgrounds,yes,wpt/css_backgrounds/css3-background-clip-border-box,pass,0.00,,
wpt/css_backgrounds/css3-background-clip-content-box,css_backgrounds,yes,wpt/css_backgrounds/css3-background-clip-content-box,pass,0.00,,
wpt/css_backgrounds/css3-background-clip-padding-box,css_backgrounds,yes,wpt/css_backgrounds/css3-background-clip-padding-box,pass,0.00,,
wpt/css_backgrounds/css3-background-origin-border-box,css_backgrounds,yes,wpt/css_backgrounds/css3-background-origin-border-box,pass,0.00,,
wpt/css_backgrounds/css3-background-origin-content-box,css_backgrounds,yes,wpt/css_backgrounds/css3-background-origin-content-box,pass,0.00,,
wpt/css_backgrounds/css3-background-origin-padding-box,css_backgrounds,yes,wpt/css_backgrounds/css3-background-origin-padding-box,pass,0.00,,
wpt/css_backgrounds/css3-background-size,css_backgrounds,yes,wpt/css_backgrounds/css3-background-size,pass,0.00,,
wpt/css_backgrounds/css3-background-size-001,css_backgrounds,yes,wpt/css_backgrounds/css3-background-size-001,pass,0.00,,
wpt/css_backgrounds/css3-background-size-contain,css_backgrounds,yes,wpt/css_backgrounds/css3-background-size-contain,pass,0.00,,
wpt/css_backgrounds/css3-border-image-source,css_backgrounds,yes,wpt/css_backgrounds/css3-border-image-source,pass,0.00,,
wpt/css_backgrounds/css3-box-shadow,css_backgrounds,yes,wpt/css_backgrounds/css3-box-shadow,fail,0.83,sp12_layout_bug,
wpt/css_backgrounds/fieldset-inset-shadow-ref,css_backgrounds,yes,wpt/css_backgrounds/fieldset-inset-shadow-ref,fail,0.76,sp12_layout_bug,
wpt/css_backgrounds/hidpi_simple-bg-color,css_backgrounds,yes,wpt/css_backgrounds/hidpi_simple-bg-color,pass,0.00,,
wpt/css_backgrounds/inline-background-rtl-001,css_backgrounds,yes,wpt/css_backgrounds/inline-background-rtl-001,pass,0.00,,
wpt/css_backgrounds/inner-border-non-renderable-ref,css_backgrounds,yes,wpt/css_backgrounds/inner-border-non-renderable-ref,pass,0.00,,
wpt/css_backgrounds/inset-box-shadow-scroll,css_backgrounds,yes,wpt/css_backgrounds/inset-box-shadow-scroll,fail,1.67,sp12_layout_bug,
wpt/css_backgrounds/inset-box-shadow-scroll-ref,css_backgrounds,yes,wpt/css_backgrounds/inset-box-shadow-scroll-ref,fail,1.67,sp12_layout_bug,
wpt/css_backgrounds/inset-box-shadow-stacking-context-scroll,css_backgrounds,yes,wpt/css_backgrounds/inset-box-shadow-stacking-context-scroll,fail,1.67,sp12_layout_bug,
wpt/css_backgrounds/linear-gradient-calc-crash,css_backgrounds,yes,wpt/css_backgrounds/linear-gradient-calc-crash,pass,0.00,,
wpt/css_backgrounds/linear-gradient-currentcolor-first-line-ref,css_backgrounds,yes,wpt/css_backgrounds/linear-gradient-currentcolor-first-line-ref,pass,0.00,,
wpt/css_backgrounds/local-attachment-content-box-scroll-ref,css_backgrounds,yes,wpt/css_backgrounds/local-attachment-content-box-scroll-ref,pass,0.00,,
wpt/css_backgrounds/local-attachment-flex-column-reverse-scroll-ref,css_backgrounds,yes,wpt/css_backgrounds/local-attachment-flex-column-reverse-scroll-ref,fail,2.12,needs_gradient,SP13: Gradient Rendering
wpt/css_backgrounds/local-attachment-flex-row-reverse-scroll-ref,css_backgrounds,yes,wpt/css_backgrounds/local-attachment-flex-row-reverse-scroll-ref,fail,2.12,needs_gradient,SP13: Gradient Rendering
wpt/css_backgrounds/local-attachment-rtl-and-flex-row-reverse-scroll-ref,css_backgrounds,yes,wpt/css_backgrounds/local-attachment-rtl-and-flex-row-reverse-scroll-ref,fail,2.12,needs_gradient,SP13: Gradient Rendering
wpt/css_backgrounds/local-attachment-rtl-scroll-ref,css_backgrounds,yes,wpt/css_backgrounds/local-attachment-rtl-scroll-ref,fail,2.12,needs_gradient,SP13: Gradient Rendering
wpt/css_backgrounds/subpixel-repeat-no-repeat-mix,css_backgrounds,yes,wpt/css_backgrounds/subpixel-repeat-no-repeat-mix,pass,0.00,,
wpt/css_box/margin-trim_block-container-non-adjoining-item-ref,css_box,yes,wpt/css_box/margin-trim_block-container-non-adjoining-item-ref,pass,0.00,,
wpt/css_box/margin-trim_flex-block-end-trimmed-only-ref,css_box,yes,wpt/css_box/margin-trim_flex-block-end-trimmed-only-ref,pass,0.00,,
wpt/css_box/margin-trim_flex-block-start-trimmed-only-ref,css_box,yes,wpt/css_box/margin-trim_flex-block-start-trimmed-only-ref,pass,0.00,,
wpt/css_box/margin-trim_flex-block-trimmed-only-ref,css_box,yes,wpt/css_box/margin-trim_flex-block-trimmed-only-ref,pass,0.00,,
wpt/css_box/margin-trim_flex-column-inline-multiline-ref,css_box,yes,wpt/css_box/margin-trim_flex-column-inline-multiline-ref,pass,0.00,,
wpt/css_box/margin-trim_flex-column-style-change-triggers-layout-block-end-ref,css_box,yes,wpt/css_box/margin-trim_flex-column-style-change-triggers-layout-block-end-ref,pass,0.00,,
wpt/css_box/margin-trim_flex-column-style-change-triggers-layout-block-ref,css_box,yes,wpt/css_box/margin-trim_flex-column-style-change-triggers-layout-block-ref,pass,0.00,,
wpt/css_box/margin-trim_flex-column-style-change-triggers-layout-block-start-ref,css_box,yes,wpt/css_box/margin-trim_flex-column-style-change-triggers-layout-block-start-ref,pass,0.00,,
wpt/css_box/margin-trim_flex-inline-end-trimmed-only-ref,css_box,yes,wpt/css_box/margin-trim_flex-inline-end-trimmed-only-ref,pass,0.00,,
wpt/css_box/margin-trim_flex-inline-start-trimmed-only-ref,css_box,yes,wpt/css_box/margin-trim_flex-inline-start-trimmed-only-ref,pass,0.00,,
wpt/css_box/margin-trim_flex-inline-trimmed-only-ref,css_box,yes,wpt/css_box/margin-trim_flex-inline-trimmed-only-ref,pass,0.00,,
wpt/css_box/margin-trim_flex-row-block-multiline-ref,css_box,yes,wpt/css_box/margin-trim_flex-row-block-multiline-ref,pass,0.00,,
wpt/css_box/margin-trim_flex-row-style-change-triggers-layout-inline-end-ref,css_box,yes,wpt/css_box/margin-trim_flex-row-style-change-triggers-layout-inline-end-ref,pass,0.00,,
wpt/css_box/margin-trim_flex-row-style-change-triggers-layout-inline-ref,css_box,yes,wpt/css_box/margin-trim_flex-row-style-change-triggers-layout-inline-ref,pass,0.00,,
wpt/css_box/margin-trim_flex-row-style-change-triggers-layout-inline-start-ref,css_box,yes,wpt/css_box/margin-trim_flex-row-style-change-triggers-layout-inline-start-ref,pass,0.00,,
wpt/css_box/margin-trim_flex-trim-all-margins-ref,css_box,yes,wpt/css_box/margin-trim_flex-trim-all-margins-ref,pass,0.00,,
wpt/css_break/abspos-in-clipped-overflow-print,css_break,yes,wpt/css_break/abspos-in-clipped-overflow-print,pass,0.00,,
wpt/css_break/abspos-in-offset-relpos,css_break,yes,wpt/css_break/abspos-in-offset-relpos,fail,2.12,sp12_layout_bug,
wpt/css_break/abspos-in-opacity-000,css_break,yes,wpt/css_break/abspos-in-opacity-000,fail,2.12,sp12_layout_bug,
wpt/css_break/abspos-in-opacity-000-ref,css_break,yes,wpt/css_break/abspos-in-opacity-000-ref,pass,0.00,,
wpt/css_break/abspos-in-opacity-001,css_break,yes,wpt/css_break/abspos-in-opacity-001,fail,2.12,sp12_layout_bug,
wpt/css_break/abspos-in-opacity-001-ref,css_break,yes,wpt/css_break/abspos-in-opacity-001-ref,pass,0.00,,
wpt/css_break/abspos-in-opacity-002,css_break,yes,wpt/css_break/abspos-in-opacity-002,fail,3.40,sp12_layout_bug,
wpt/css_break/abspos-in-opacity-003,css_break,yes,wpt/css_break/abspos-in-opacity-003,fail,2.63,sp12_layout_bug,
wpt/css_break/abspos-inside-relpos-inside-monolithic,css_break,yes,wpt/css_break/abspos-inside-relpos-inside-monolithic,pass,0.00,,
wpt/css_break/abspos-overflow-hidden-001-print,css_break,yes,wpt/css_break/abspos-overflow-hidden-001-print,fail,2.50,sp12_layout_bug,
wpt/css_break/abspos-overflow-hidden-001-print-ref,css_break,yes,wpt/css_break/abspos-overflow-hidden-001-print-ref,fail,2.50,sp12_layout_bug,
wpt/css_break/area-crash,css_break,yes,wpt/css_break/area-crash,pass,0.00,,
wpt/css_break/area-in-inline-crash,css_break,yes,wpt/css_break/area-in-inline-crash,pass,0.00,,
wpt/css_break/auto-overflow-inside-second-abspos-fragment-crash,css_break,yes,wpt/css_break/auto-overflow-inside-second-abspos-fragment-crash,fail,0.11,sp12_layout_bug,
wpt/css_break/avoid-border-break,css_break,yes,wpt/css_break/avoid-border-break,pass,0.00,,
wpt/css_break/background-attachment-fixed-ref,css_break,yes,wpt/css_break/background-attachment-fixed-ref,pass,0.00,,
wpt/css_break/background-image-003,css_break,yes,wpt/css_break/background-image-003,fail,1.06,needs_gradient,SP13: Gradient Rendering
wpt/css_break/background-image-004,css_break,yes,wpt/css_break/background-image-004,fail,1.19,needs_gradient,SP13: Gradient Rendering
wpt/css_break/background-image-005,css_break,yes,wpt/css_break/background-image-005,fail,0.79,needs_gradient,SP13: Gradient Rendering
wpt/css_break/background-image-007,css_break,yes,wpt/css_break/background-image-007,pass,0.00,,
wpt/css_break/background-image-007-ref,css_break,yes,wpt/css_break/background-image-007-ref,pass,0.00,,
wpt/css_break/block-end-aligned-abspos-with-overflow,css_break,yes,wpt/css_break/block-end-aligned-abspos-with-overflow,fail,3.56,sp12_layout_bug,
wpt/css_break/block-end-aligned-abspos-with-overflow-ref,css_break,yes,wpt/css_break/block-end-aligned-abspos-with-overflow-ref,fail,2.50,sp12_layout_bug,
wpt/css_break/block-in-inline-000,css_break,yes,wpt/css_break/block-in-inline-000,fail,1.06,needs_text,SP11/SP13: Text Rendering
wpt/css_break/block-in-inline-001,css_break,yes,wpt/css_break/block-in-inline-001,fail,1.06,needs_text,SP11/SP13: Text Rendering
wpt/css_break/block-in-inline-002,css_break,yes,wpt/css_break/block-in-inline-002,fail,0.53,needs_text,SP11/SP13: Text Rendering
wpt/css_break/block-in-inline-003,css_break,yes,wpt/css_break/block-in-inline-003,fail,3.18,needs_text,SP11/SP13: Text Rendering
wpt/css_break/block-in-inline-004,css_break,yes,wpt/css_break/block-in-inline-004,fail,1.06,needs_text,SP11/SP13: Text Rendering
wpt/css_break/block-in-inline-012,css_break,yes,wpt/css_break/block-in-inline-012,fail,0.54,needs_font_metrics,SP11: Font Metrics
wpt/css_break/block-in-inline-013,css_break,yes,wpt/css_break/block-in-inline-013,pass,0.00,,
wpt/css_break/block-in-inline-014,css_break,yes,wpt/css_break/block-in-inline-014,pass,0.00,,
wpt/css_break/block-in-inline-015-print,css_break,yes,wpt/css_break/block-in-inline-015-print,pass,0.00,,
wpt/css_break/block-in-inline-015-print-ref,css_break,yes,wpt/css_break/block-in-inline-015-print-ref,pass,0.00,,
wpt/css_break/block-max-height-001,css_break,yes,wpt/css_break/block-max-height-001,fail,15.13,needs_font_metrics,SP11: Font Metrics
wpt/css_break/block-max-height-001-ref,css_break,yes,wpt/css_break/block-max-height-001-ref,fail,15.13,needs_font_metrics,SP11: Font Metrics
wpt/css_break/block-max-height-001b,css_break,yes,wpt/css_break/block-max-height-001b,fail,18.17,needs_font_metrics,SP11: Font Metrics
wpt/css_break/block-max-height-001b-ref,css_break,yes,wpt/css_break/block-max-height-001b-ref,fail,18.17,needs_font_metrics,SP11: Font Metrics
wpt/css_break/block-max-height-002,css_break,yes,wpt/css_break/block-max-height-002,fail,15.13,needs_font_metrics,SP11: Font Metrics
wpt/css_break/block-max-height-002b,css_break,yes,wpt/css_break/block-max-height-002b,fail,18.17,needs_font_metrics,SP11: Font Metrics
wpt/css_break/block-max-height-003,css_break,yes,wpt/css_break/block-max-height-003,fail,15.13,needs_font_metrics,SP11: Font Metrics
wpt/css_break/block-max-height-003b,css_break,yes,wpt/css_break/block-max-height-003b,fail,18.17,needs_font_metrics,SP11: Font Metrics
wpt/css_break/block-min-height-001,css_break,yes,wpt/css_break/block-min-height-001,fail,9.25,needs_font_metrics,SP11: Font Metrics
wpt/css_break/block-min-height-001-ref,css_break,yes,wpt/css_break/block-min-height-001-ref,fail,9.25,needs_font_metrics,SP11: Font Metrics
wpt/css_break/block-min-height-001b,css_break,yes,wpt/css_break/block-min-height-001b,fail,11.15,needs_font_metrics,SP11: Font Metrics
wpt/css_break/block-min-height-001b-ref,css_break,yes,wpt/css_break/block-min-height-001b-ref,fail,11.15,needs_font_metrics,SP11: Font Metrics
wpt/css_break/border-image-000,css_break,yes,wpt/css_break/border-image-000,pass,0.00,,
wpt/css_break/borders-000,css_break,yes,wpt/css_break/borders-000,pass,0.00,,
wpt/css_break/borders-000-ref,css_break,yes,wpt/css_break/borders-000-ref,pass,0.00,,
wpt/css_break/borders-001,css_break,yes,wpt/css_break/borders-001,fail,0.34,sp12_layout_bug,
wpt/css_break/borders-001-ref,css_break,yes,wpt/css_break/borders-001-ref,pass,0.00,,
wpt/css_break/borders-002,css_break,yes,wpt/css_break/borders-002,fail,0.68,sp12_layout_bug,
wpt/css_break/borders-002-ref,css_break,yes,wpt/css_break/borders-002-ref,pass,0.00,,
wpt/css_break/borders-003,css_break,yes,wpt/css_break/borders-003,fail,2.84,sp12_layout_bug,
wpt/css_break/borders-003-ref,css_break,yes,wpt/css_break/borders-003-ref,fail,0.05,sp12_layout_bug,
wpt/css_break/borders-004,css_break,yes,wpt/css_break/borders-004,fail,3.47,sp12_layout_bug,
wpt/css_break/borders-004-ref,css_break,yes,wpt/css_break/borders-004-ref,fail,0.50,sp12_layout_bug,
wpt/css_break/borders-005,css_break,yes,wpt/css_break/borders-005,fail,5.15,sp12_layout_bug,
wpt/css_break/borders-005-ref,css_break,yes,wpt/css_break/borders-005-ref,fail,2.09,sp12_layout_bug,
wpt/css_break/borders-006-ref,css_break,yes,wpt/css_break/borders-006-ref,pass,0.00,,
wpt/css_break/borders-007-ref,css_break,yes,wpt/css_break/borders-007-ref,pass,0.00,,
wpt/css_break/borders-008,css_break,yes,wpt/css_break/borders-008,fail,1.42,sp12_layout_bug,
wpt/css_break/borders-008-ref,css_break,yes,wpt/css_break/borders-008-ref,fail,0.33,sp12_layout_bug,
wpt/css_break/box-decoration-break-clone-001,css_break,yes,wpt/css_break/box-decoration-break-clone-001,fail,0.32,sp12_layout_bug,
wpt/css_break/box-decoration-break-clone-002,css_break,yes,wpt/css_break/box-decoration-break-clone-002,fail,0.74,sp12_layout_bug,
wpt/css_break/box-decoration-break-clone-003,css_break,yes,wpt/css_break/box-decoration-break-clone-003,fail,2.12,sp12_layout_bug,
wpt/css_break/box-decoration-break-clone-004,css_break,yes,wpt/css_break/box-decoration-break-clone-004,fail,0.32,sp12_layout_bug,
wpt/css_break/box-decoration-break-clone-005.tentative,css_break,yes,wpt/css_break/box-decoration-break-clone-005.tentative,fail,1.06,sp12_layout_bug,
wpt/css_break/box-decoration-break-clone-006,css_break,yes,wpt/css_break/box-decoration-break-clone-006,fail,1.59,sp12_layout_bug,
wpt/css_break/box-decoration-break-clone-007,css_break,yes,wpt/css_break/box-decoration-break-clone-007,pass,0.00,,
wpt/css_break/box-decoration-break-clone-008,css_break,yes,wpt/css_break/box-decoration-break-clone-008,fail,0.21,sp12_layout_bug,
wpt/css_break/box-decoration-break-clone-009,css_break,yes,wpt/css_break/box-decoration-break-clone-009,fail,1.87,sp12_layout_bug,
wpt/css_break/box-decoration-break-clone-009-ref,css_break,yes,wpt/css_break/box-decoration-break-clone-009-ref,fail,1.87,sp12_layout_bug,
wpt/css_break/box-decoration-break-clone-010,css_break,yes,wpt/css_break/box-decoration-break-clone-010,fail,1.27,sp12_layout_bug,
wpt/css_break/box-decoration-break-clone-014,css_break,yes,wpt/css_break/box-decoration-break-clone-014,fail,0.32,sp12_layout_bug,
wpt/css_break/box-decoration-break-clone-015,css_break,yes,wpt/css_break/box-decoration-break-clone-015,fail,0.32,sp12_layout_bug,
wpt/css_break/box-decoration-break-clone-016,css_break,yes,wpt/css_break/box-decoration-break-clone-016,fail,0.32,sp12_layout_bug,
wpt/css_break/box-decoration-break-clone-017,css_break,yes,wpt/css_break/box-decoration-break-clone-017,fail,0.32,sp12_layout_bug,
wpt/css_break/box-decoration-break-clone-018,css_break,yes,wpt/css_break/box-decoration-break-clone-018,fail,0.32,sp12_layout_bug,
wpt/css_break/box-decoration-break-clone-019,css_break,yes,wpt/css_break/box-decoration-break-clone-019,fail,0.32,sp12_layout_bug,
wpt/css_break/box-decoration-break-clone-020,css_break,yes,wpt/css_break/box-decoration-break-clone-020,fail,0.85,sp12_layout_bug,
wpt/css_break/box-decoration-break-clone-021,css_break,yes,wpt/css_break/box-decoration-break-clone-021,fail,0.74,sp12_layout_bug,
wpt/css_break/box-decoration-break-clone-022,css_break,yes,wpt/css_break/box-decoration-break-clone-022,fail,0.48,sp12_layout_bug,
wpt/css_break/box-decoration-break-clone-036-crash,css_break,yes,wpt/css_break/box-decoration-break-clone-036-crash,pass,0.00,,
wpt/css_break/box-shadow-001,css_break,yes,wpt/css_break/box-shadow-001,fail,9.41,sp12_layout_bug,
wpt/css_break/box-shadow-001-ref,css_break,yes,wpt/css_break/box-shadow-001-ref,fail,9.41,sp12_layout_bug,
wpt/css_break/box-shadow-002,css_break,yes,wpt/css_break/box-shadow-002,fail,1.36,sp12_layout_bug,
wpt/css_break/box-shadow-002-ref,css_break,yes,wpt/css_break/box-shadow-002-ref,pass,0.00,,
wpt/css_break/box-shadow-005,css_break,yes,wpt/css_break/box-shadow-005,fail,1.95,sp12_layout_bug,
wpt/css_break/box-shadow-005-ref,css_break,yes,wpt/css_break/box-shadow-005-ref,pass,0.00,,
wpt/css_break/br-clear-all,css_break,yes,wpt/css_break/br-clear-all,fail,0.89,sp12_layout_bug,
wpt/css_break/break-after-in-parallel-flow-crash,css_break,yes,wpt/css_break/break-after-in-parallel-flow-crash,pass,0.00,,
wpt/css_break/break-at-end-container-edge-000,css_break,yes,wpt/css_break/break-at-end-container-edge-000,fail,0.53,sp12_layout_bug,
wpt/css_break/break-at-end-container-edge-001,css_break,yes,wpt/css_break/break-at-end-container-edge-001,fail,0.42,sp12_layout_bug,
wpt/css_break/break-at-end-container-edge-002,css_break,yes,wpt/css_break/break-at-end-container-edge-002,fail,0.74,sp12_layout_bug,
wpt/css_break/break-at-end-container-edge-003,css_break,yes,wpt/css_break/break-at-end-container-edge-003,fail,2.12,sp12_layout_bug,
wpt/css_break/break-at-end-container-edge-004,css_break,yes,wpt/css_break/break-at-end-container-edge-004,fail,0.53,sp12_layout_bug,
wpt/css_break/break-before-always-001,css_break,yes,wpt/css_break/break-before-always-001,fail,0.02,sp12_layout_bug,
wpt/css_break/break-between-avoid-000,css_break,yes,wpt/css_break/break-between-avoid-000,fail,1.06,sp12_layout_bug,
wpt/css_break/break-between-avoid-001,css_break,yes,wpt/css_break/break-between-avoid-001,fail,1.06,sp12_layout_bug,
wpt/css_break/break-between-avoid-002,css_break,yes,wpt/css_break/break-between-avoid-002,fail,0.42,sp12_layout_bug,
wpt/css_break/break-between-avoid-003,css_break,yes,wpt/css_break/break-between-avoid-003,fail,1.06,sp12_layout_bug,
wpt/css_break/break-between-avoid-004,css_break,yes,wpt/css_break/break-between-avoid-004,fail,0.42,sp12_layout_bug,
wpt/css_break/break-between-avoid-005,css_break,yes,wpt/css_break/break-between-avoid-005,pass,0.00,,
wpt/css_break/break-between-avoid-006,css_break,yes,wpt/css_break/break-between-avoid-006,pass,0.00,,
wpt/css_break/break-between-avoid-009,css_break,yes,wpt/css_break/break-between-avoid-009,fail,2.12,sp12_layout_bug,
wpt/css_break/break-between-avoid-010,css_break,yes,wpt/css_break/break-between-avoid-010,fail,1.59,sp12_layout_bug,
wpt/css_break/break-between-force-000,css_break,yes,wpt/css_break/break-between-force-000,pass,0.00,,
wpt/css_break/break-between-force-001,css_break,yes,wpt/css_break/break-between-force-001,pass,0.00,,
wpt/css_break/break-between-force-002,css_break,yes,wpt/css_break/break-between-force-002,pass,0.00,,
wpt/css_break/break-inside-avoid-min-block-size-1,css_break,yes,wpt/css_break/break-inside-avoid-min-block-size-1,fail,0.71,"needs_text,needs_font_metrics",SP11/SP13: Text Rendering; SP11: Font Metrics
wpt/css_break/break-inside-avoid-min-block-size-1-ref,css_break,yes,wpt/css_break/break-inside-avoid-min-block-size-1-ref,fail,0.71,"needs_text,needs_font_metrics",SP11/SP13: Text Rendering; SP11: Font Metrics
wpt/css_break/break-inside-avoid-multicol-001-print,css_break,yes,wpt/css_break/break-inside-avoid-multicol-001-print,pass,0.00,,
wpt/css_break/break-inside-avoid-multicol-001-print-ref,css_break,yes,wpt/css_break/break-inside-avoid-multicol-001-print-ref,pass,0.00,,
wpt/css_break/break-nested-float-in-table-001-print-ref,css_break,yes,wpt/css_break/break-nested-float-in-table-001-print-ref,fail,3.38,sp12_layout_bug,
wpt/css_break/change-inline-color-ref,css_break,yes,wpt/css_break/change-inline-color-ref,pass,0.00,,
wpt/css_break/class-c-breakpoint-after-float-000,css_break,yes,wpt/css_break/class-c-breakpoint-after-float-000,fail,1.06,sp12_layout_bug,
wpt/css_break/class-c-breakpoint-after-float-001,css_break,yes,wpt/css_break/class-c-breakpoint-after-float-001,fail,0.53,sp12_layout_bug,
wpt/css_break/class-c-breakpoint-after-float-002,css_break,yes,wpt/css_break/class-c-breakpoint-after-float-002,pass,0.00,,
wpt/css_break/class-c-breakpoint-after-float-003,css_break,yes,wpt/css_break/class-c-breakpoint-after-float-003,fail,0.05,sp12_layout_bug,
wpt/css_break/class-c-breakpoint-after-float-004,css_break,yes,wpt/css_break/class-c-breakpoint-after-float-004,pass,0.00,,
wpt/css_break/clearance-parallel-flow-001,css_break,yes,wpt/css_break/clearance-parallel-flow-001,fail,0.42,sp12_layout_bug,
wpt/css_break/clearance-parallel-flow-002,css_break,yes,wpt/css_break/clearance-parallel-flow-002,fail,0.76,sp12_layout_bug,
wpt/css_break/clearance-self-collapsing-past-fragmented-float,css_break,yes,wpt/css_break/clearance-self-collapsing-past-fragmented-float,fail,1.70,sp12_layout_bug,
wpt/css_break/clipping-001,css_break,yes,wpt/css_break/clipping-001,fail,1.59,sp12_layout_bug,
wpt/css_break/clipping-002,css_break,yes,wpt/css_break/clipping-002,fail,0.80,sp12_layout_bug,
wpt/css_break/column-balancing-with-oofs-crash,css_break,yes,wpt/css_break/column-balancing-with-oofs-crash,pass,0.00,,
wpt/css_break/fieldset-002-ref,css_break,yes,wpt/css_break/fieldset-002-ref,pass,0.00,,
wpt/css_break/fieldset-003-ref,css_break,yes,wpt/css_break/fieldset-003-ref,pass,0.00,,
wpt/css_break/fieldset-004-ref,css_break,yes,wpt/css_break/fieldset-004-ref,pass,0.00,,
wpt/css_break/firefox-bug-1693616-001-crash,css_break,yes,wpt/css_break/firefox-bug-1693616-001-crash,fail,0.16,sp12_layout_bug,
wpt/css_break/firefox-bug-1693616-002-crash,css_break,yes,wpt/css_break/firefox-bug-1693616-002-crash,fail,2.66,sp12_layout_bug,
wpt/css_break/flex-item-padding-block-in-inline-crash,css_break,yes,wpt/css_break/flex-item-padding-block-in-inline-crash,pass,0.00,,
wpt/css_break/flexbox_auto-height-flex-item-in-multicol-crash,css_break,yes,wpt/css_break/flexbox_auto-height-flex-item-in-multicol-crash,pass,0.00,,
wpt/css_break/flexbox_flex-container-fragmentation-001,css_break,yes,wpt/css_break/flexbox_flex-container-fragmentation-001,fail,0.53,sp12_layout_bug,
wpt/css_break/flexbox_flex-container-fragmentation-002,css_break,yes,wpt/css_break/flexbox_flex-container-fragmentation-002,pass,0.00,,
wpt/css_break/flexbox_flex-container-fragmentation-003,css_break,yes,wpt/css_break/flexbox_flex-container-fragmentation-003,fail,1.86,sp12_layout_bug,
wpt/css_break/flexbox_flex-container-fragmentation-004,css_break,yes,wpt/css_break/flexbox_flex-container-fragmentation-004,fail,1.86,sp12_layout_bug,
wpt/css_break/flexbox_flex-container-fragmentation-005,css_break,yes,wpt/css_break/flexbox_flex-container-fragmentation-005,fail,1.06,sp12_layout_bug,
wpt/css_break/flexbox_flex-container-fragmentation-006,css_break,yes,wpt/css_break/flexbox_flex-container-fragmentation-006,fail,2.12,sp12_layout_bug,
wpt/css_break/flexbox_flex-container-fragmentation-007.tentative,css_break,yes,wpt/css_break/flexbox_flex-container-fragmentation-007.tentative,fail,1.27,sp12_layout_bug,
wpt/css_break/flexbox_flex-container-fragmentation-008,css_break,yes,wpt/css_break/flexbox_flex-container-fragmentation-008,fail,1.06,sp12_layout_bug,
wpt/css_break/flexbox_flex-container-fragmentation-009,css_break,yes,wpt/css_break/flexbox_flex-container-fragmentation-009,fail,1.06,sp12_layout_bug,
wpt/css_break/flexbox_flex-container-fragmentation-010,css_break,yes,wpt/css_break/flexbox_flex-container-fragmentation-010,pass,0.00,,
wpt/css_break/flexbox_flex-container-fragmentation-011,css_break,yes,wpt/css_break/flexbox_flex-container-fragmentation-011,fail,0.27,sp12_layout_bug,
wpt/css_break/flexbox_flex-fragmented-with-float-descendant-001,css_break,yes,wpt/css_break/flexbox_flex-fragmented-with-float-descendant-001,fail,15.07,needs_text,SP11/SP13: Text Rendering
wpt/css_break/flexbox_flex-fragmented-with-float-descendant-001-ref,css_break,yes,wpt/css_break/flexbox_flex-fragmented-with-float-descendant-001-ref,fail,14.33,needs_text,SP11/SP13: Text Rendering
wpt/css_break/flexbox_flex-item-content-overflow-001-ref,css_break,yes,wpt/css_break/flexbox_flex-item-content-overflow-001-ref,fail,0.98,sp12_layout_bug,
wpt/css_break/flexbox_flex-item-content-overflow-001a,css_break,yes,wpt/css_break/flexbox_flex-item-content-overflow-001a,fail,0.98,sp12_layout_bug,
wpt/css_break/flexbox_flex-item-content-overflow-001b,css_break,yes,wpt/css_break/flexbox_flex-item-content-overflow-001b,fail,0.98,sp12_layout_bug,
wpt/css_break/flexbox_flex-item-content-overflow-002a,css_break,yes,wpt/css_break/flexbox_flex-item-content-overflow-002a,fail,0.98,sp12_layout_bug,
wpt/css_break/flexbox_flex-item-content-overflow-002b,css_break,yes,wpt/css_break/flexbox_flex-item-content-overflow-002b,fail,0.98,sp12_layout_bug,
wpt/css_break/flexbox_flex-item-content-overflow-003,css_break,yes,wpt/css_break/flexbox_flex-item-content-overflow-003,fail,2.12,sp12_layout_bug,
wpt/css_break/flexbox_float-in-webkit-box-in-multicol-crash,css_break,yes,wpt/css_break/flexbox_float-in-webkit-box-in-multicol-crash,pass,0.00,,
wpt/css_break/flexbox_image-in-fragmented-flexbox-002-crash,css_break,yes,wpt/css_break/flexbox_image-in-fragmented-flexbox-002-crash,pass,0.00,,
wpt/css_break/flexbox_multi-line-column-flex-fragmentation-001,css_break,yes,wpt/css_break/flexbox_multi-line-column-flex-fragmentation-001,pass,0.00,,
wpt/css_break/flexbox_multi-line-column-flex-fragmentation-002,css_break,yes,wpt/css_break/flexbox_multi-line-column-flex-fragmentation-002,pass,0.00,,
wpt/css_break/flexbox_multi-line-column-flex-fragmentation-003,css_break,yes,wpt/css_break/flexbox_multi-line-column-flex-fragmentation-003,pass,0.00,,
wpt/css_break/flexbox_multi-line-column-flex-fragmentation-004,css_break,yes,wpt/css_break/flexbox_multi-line-column-flex-fragmentation-004,pass,0.00,,
wpt/css_break/flexbox_multi-line-column-flex-fragmentation-005,css_break,yes,wpt/css_break/flexbox_multi-line-column-flex-fragmentation-005,fail,1.06,sp12_layout_bug,
wpt/css_break/flexbox_multi-line-column-flex-fragmentation-006,css_break,yes,wpt/css_break/flexbox_multi-line-column-flex-fragmentation-006,pass,0.00,,
wpt/css_break/flexbox_multi-line-column-flex-fragmentation-007,css_break,yes,wpt/css_break/flexbox_multi-line-column-flex-fragmentation-007,pass,0.00,,
wpt/css_break/flexbox_multi-line-column-flex-fragmentation-008,css_break,yes,wpt/css_break/flexbox_multi-line-column-flex-fragmentation-008,pass,0.00,,
wpt/css_break/flexbox_multi-line-column-flex-fragmentation-011,css_break,yes,wpt/css_break/flexbox_multi-line-column-flex-fragmentation-011,pass,0.00,,
wpt/css_break/flexbox_multi-line-column-flex-fragmentation-012,css_break,yes,wpt/css_break/flexbox_multi-line-column-flex-fragmentation-012,fail,0.94,needs_font_metrics,SP11: Font Metrics
wpt/css_break/flexbox_multi-line-column-flex-fragmentation-013,css_break,yes,wpt/css_break/flexbox_multi-line-column-flex-fragmentation-013,fail,0.69,needs_font_metrics,SP11: Font Metrics
wpt/css_break/flexbox_multi-line-column-flex-fragmentation-014,css_break,yes,wpt/css_break/flexbox_multi-line-column-flex-fragmentation-014,pass,0.00,,
wpt/css_break/flexbox_multi-line-column-flex-fragmentation-017,css_break,yes,wpt/css_break/flexbox_multi-line-column-flex-fragmentation-017,fail,0.32,sp12_layout_bug,
wpt/css_break/flexbox_multi-line-column-flex-fragmentation-018,css_break,yes,wpt/css_break/flexbox_multi-line-column-flex-fragmentation-018,fail,0.11,sp12_layout_bug,
wpt/css_break/flexbox_multi-line-column-flex-fragmentation-019,css_break,yes,wpt/css_break/flexbox_multi-line-column-flex-fragmentation-019,fail,0.11,sp12_layout_bug,
wpt/css_break/flexbox_multi-line-column-flex-fragmentation-020,css_break,yes,wpt/css_break/flexbox_multi-line-column-flex-fragmentation-020,fail,0.11,sp12_layout_bug,
wpt/css_break/flexbox_multi-line-column-flex-fragmentation-021,css_break,yes,wpt/css_break/flexbox_multi-line-column-flex-fragmentation-021,fail,0.21,sp12_layout_bug,
wpt/css_break/flexbox_multi-line-column-flex-fragmentation-022,css_break,yes,wpt/css_break/flexbox_multi-line-column-flex-fragmentation-022,fail,0.21,sp12_layout_bug,
wpt/css_break/flexbox_multi-line-column-flex-fragmentation-023,css_break,yes,wpt/css_break/flexbox_multi-line-column-flex-fragmentation-023,fail,0.21,sp12_layout_bug,
wpt/css_break/flexbox_multi-line-column-flex-fragmentation-024,css_break,yes,wpt/css_break/flexbox_multi-line-column-flex-fragmentation-024,fail,0.53,sp12_layout_bug,
wpt/css_break/flexbox_multi-line-column-flex-fragmentation-025,css_break,yes,wpt/css_break/flexbox_multi-line-column-flex-fragmentation-025,fail,0.21,sp12_layout_bug,
wpt/css_break/flexbox_multi-line-column-flex-fragmentation-026,css_break,yes,wpt/css_break/flexbox_multi-line-column-flex-fragmentation-026,fail,0.53,sp12_layout_bug,
wpt/css_break/flexbox_multi-line-column-flex-fragmentation-027,css_break,yes,wpt/css_break/flexbox_multi-line-column-flex-fragmentation-027,pass,0.00,,
wpt/css_break/flexbox_multi-line-column-flex-fragmentation-028,css_break,yes,wpt/css_break/flexbox_multi-line-column-flex-fragmentation-028,pass,0.00,,
wpt/css_break/flexbox_multi-line-column-flex-fragmentation-029,css_break,yes,wpt/css_break/flexbox_multi-line-column-flex-fragmentation-029,pass,0.00,,
wpt/css_break/flexbox_multi-line-column-flex-fragmentation-030,css_break,yes,wpt/css_break/flexbox_multi-line-column-flex-fragmentation-030,pass,0.00,,
wpt/css_break/flexbox_multi-line-column-flex-fragmentation-032,css_break,yes,wpt/css_break/flexbox_multi-line-column-flex-fragmentation-032,fail,0.21,sp12_layout_bug,
wpt/css_break/flexbox_multi-line-column-flex-fragmentation-033,css_break,yes,wpt/css_break/flexbox_multi-line-column-flex-fragmentation-033,fail,1.70,sp12_layout_bug,
wpt/css_break/flexbox_multi-line-column-flex-fragmentation-034,css_break,yes,wpt/css_break/flexbox_multi-line-column-flex-fragmentation-034,fail,1.06,sp12_layout_bug,
wpt/css_break/flexbox_multi-line-column-flex-fragmentation-035,css_break,yes,wpt/css_break/flexbox_multi-line-column-flex-fragmentation-035,fail,0.80,sp12_layout_bug,
wpt/css_break/flexbox_multi-line-column-flex-fragmentation-038,css_break,yes,wpt/css_break/flexbox_multi-line-column-flex-fragmentation-038,fail,0.42,sp12_layout_bug,
wpt/css_break/flexbox_multi-line-column-flex-fragmentation-039,css_break,yes,wpt/css_break/flexbox_multi-line-column-flex-fragmentation-039,fail,0.42,sp12_layout_bug,
wpt/css_break/flexbox_multi-line-column-flex-fragmentation-040,css_break,yes,wpt/css_break/flexbox_multi-line-column-flex-fragmentation-040,fail,3.61,sp12_layout_bug,
wpt/css_break/flexbox_multi-line-column-flex-fragmentation-041,css_break,yes,wpt/css_break/flexbox_multi-line-column-flex-fragmentation-041,pass,0.00,,
wpt/css_break/flexbox_multi-line-column-flex-fragmentation-041-ref,css_break,yes,wpt/css_break/flexbox_multi-line-column-flex-fragmentation-041-ref,pass,0.00,,
wpt/css_break/flexbox_multi-line-column-flex-fragmentation-042,css_break,yes,wpt/css_break/flexbox_multi-line-column-flex-fragmentation-042,pass,0.00,,
wpt/css_break/flexbox_multi-line-column-flex-fragmentation-042-ref,css_break,yes,wpt/css_break/flexbox_multi-line-column-flex-fragmentation-042-ref,pass,0.00,,
wpt/css_break/flexbox_multi-line-column-flex-fragmentation-043,css_break,yes,wpt/css_break/flexbox_multi-line-column-flex-fragmentation-043,pass,0.00,,
wpt/css_break/flexbox_multi-line-column-flex-fragmentation-043-ref,css_break,yes,wpt/css_break/flexbox_multi-line-column-flex-fragmentation-043-ref,pass,0.00,,
wpt/css_break/flexbox_multi-line-column-flex-fragmentation-044,css_break,yes,wpt/css_break/flexbox_multi-line-column-flex-fragmentation-044,fail,2.12,sp12_layout_bug,
wpt/css_break/flexbox_multi-line-column-flex-fragmentation-044-ref,css_break,yes,wpt/css_break/flexbox_multi-line-column-flex-fragmentation-044-ref,fail,2.12,sp12_layout_bug,
wpt/css_break/flexbox_multi-line-column-flex-fragmentation-045,css_break,yes,wpt/css_break/flexbox_multi-line-column-flex-fragmentation-045,pass,0.00,,
wpt/css_break/flexbox_multi-line-column-flex-fragmentation-050,css_break,yes,wpt/css_break/flexbox_multi-line-column-flex-fragmentation-050,fail,1.06,sp12_layout_bug,
wpt/css_break/flexbox_multi-line-column-flex-fragmentation-051,css_break,yes,wpt/css_break/flexbox_multi-line-column-flex-fragmentation-051,fail,1.06,sp12_layout_bug,
wpt/css_break/flexbox_multi-line-column-flex-fragmentation-052,css_break,yes,wpt/css_break/flexbox_multi-line-column-flex-fragmentation-052,fail,1.06,sp12_layout_bug,
wpt/css_break/flexbox_multi-line-column-flex-fragmentation-053,css_break,yes,wpt/css_break/flexbox_multi-line-column-flex-fragmentation-053,fail,1.06,sp12_layout_bug,
wpt/css_break/flexbox_multi-line-column-flex-fragmentation-054,css_break,yes,wpt/css_break/flexbox_multi-line-column-flex-fragmentation-054,fail,0.11,sp12_layout_bug,
wpt/css_break/flexbox_multi-line-column-flex-fragmentation-055,css_break,yes,wpt/css_break/flexbox_multi-line-column-flex-fragmentation-055,fail,0.05,sp12_layout_bug,
wpt/css_break/flexbox_multi-line-column-flex-fragmentation-057,css_break,yes,wpt/css_break/flexbox_multi-line-column-flex-fragmentation-057,fail,0.11,sp12_layout_bug,
wpt/css_break/flexbox_multi-line-column-flex-fragmentation-058,css_break,yes,wpt/css_break/flexbox_multi-line-column-flex-fragmentation-058,fail,2.14,sp12_layout_bug,
wpt/css_break/flexbox_multi-line-column-flex-fragmentation-059,css_break,yes,wpt/css_break/flexbox_multi-line-column-flex-fragmentation-059,fail,0.28,sp12_layout_bug,
wpt/css_break/flexbox_multi-line-column-flex-fragmentation-059-ref,css_break,yes,wpt/css_break/flexbox_multi-line-column-flex-fragmentation-059-ref,fail,1.64,sp12_layout_bug,
wpt/css_break/flexbox_multi-line-column-flex-fragmentation-060,css_break,yes,wpt/css_break/flexbox_multi-line-column-flex-fragmentation-060,fail,0.24,sp12_layout_bug,
wpt/css_break/flexbox_multi-line-column-flex-fragmentation-060-ref,css_break,yes,wpt/css_break/flexbox_multi-line-column-flex-fragmentation-060-ref,fail,1.63,sp12_layout_bug,
wpt/css_break/flexbox_multi-line-column-flex-fragmentation-061,css_break,yes,wpt/css_break/flexbox_multi-line-column-flex-fragmentation-061,fail,0.24,sp12_layout_bug,
wpt/css_break/flexbox_multi-line-column-flex-fragmentation-061-ref,css_break,yes,wpt/css_break/flexbox_multi-line-column-flex-fragmentation-061-ref,fail,1.59,sp12_layout_bug,
wpt/css_break/flexbox_multi-line-row-flex-fragmentation-001,css_break,yes,wpt/css_break/flexbox_multi-line-row-flex-fragmentation-001,pass,0.00,,
wpt/css_break/flexbox_multi-line-row-flex-fragmentation-002,css_break,yes,wpt/css_break/flexbox_multi-line-row-flex-fragmentation-002,pass,0.00,,
wpt/css_break/flexbox_multi-line-row-flex-fragmentation-003,css_break,yes,wpt/css_break/flexbox_multi-line-row-flex-fragmentation-003,pass,0.00,,
wpt/css_break/flexbox_multi-line-row-flex-fragmentation-004,css_break,yes,wpt/css_break/flexbox_multi-line-row-flex-fragmentation-004,pass,0.00,,
wpt/css_break/flexbox_multi-line-row-flex-fragmentation-005,css_break,yes,wpt/css_break/flexbox_multi-line-row-flex-fragmentation-005,fail,2.12,sp12_layout_bug,
wpt/css_break/flexbox_multi-line-row-flex-fragmentation-006,css_break,yes,wpt/css_break/flexbox_multi-line-row-flex-fragmentation-006,pass,0.00,,
wpt/css_break/flexbox_multi-line-row-flex-fragmentation-009,css_break,yes,wpt/css_break/flexbox_multi-line-row-flex-fragmentation-009,fail,0.65,needs_font_metrics,SP11: Font Metrics
wpt/css_break/flexbox_multi-line-row-flex-fragmentation-011,css_break,yes,wpt/css_break/flexbox_multi-line-row-flex-fragmentation-011,pass,0.00,,
wpt/css_break/flexbox_multi-line-row-flex-fragmentation-012,css_break,yes,wpt/css_break/flexbox_multi-line-row-flex-fragmentation-012,fail,0.21,sp12_layout_bug,
wpt/css_break/flexbox_multi-line-row-flex-fragmentation-017,css_break,yes,wpt/css_break/flexbox_multi-line-row-flex-fragmentation-017,pass,0.00,,
wpt/css_break/flexbox_multi-line-row-flex-fragmentation-018,css_break,yes,wpt/css_break/flexbox_multi-line-row-flex-fragmentation-018,fail,0.85,sp12_layout_bug,
wpt/css_break/flexbox_multi-line-row-flex-fragmentation-019,css_break,yes,wpt/css_break/flexbox_multi-line-row-flex-fragmentation-019,fail,0.30,sp12_layout_bug,
wpt/css_break/flexbox_multi-line-row-flex-fragmentation-021,css_break,yes,wpt/css_break/flexbox_multi-line-row-flex-fragmentation-021,fail,0.32,sp12_layout_bug,
wpt/css_break/flexbox_multi-line-row-flex-fragmentation-022,css_break,yes,wpt/css_break/flexbox_multi-line-row-flex-fragmentation-022,fail,0.21,sp12_layout_bug,
wpt/css_break/flexbox_multi-line-row-flex-fragmentation-023,css_break,yes,wpt/css_break/flexbox_multi-line-row-flex-fragmentation-023,fail,0.21,sp12_layout_bug,
wpt/css_break/flexbox_multi-line-row-flex-fragmentation-024,css_break,yes,wpt/css_break/flexbox_multi-line-row-flex-fragmentation-024,fail,0.53,sp12_layout_bug,
wpt/css_break/flexbox_multi-line-row-flex-fragmentation-025,css_break,yes,wpt/css_break/flexbox_multi-line-row-flex-fragmentation-025,fail,0.53,sp12_layout_bug,
wpt/css_break/flexbox_multi-line-row-flex-fragmentation-026,css_break,yes,wpt/css_break/flexbox_multi-line-row-flex-fragmentation-026,pass,0.00,,
wpt/css_break/flexbox_multi-line-row-flex-fragmentation-027,css_break,yes,wpt/css_break/flexbox_multi-line-row-flex-fragmentation-027,fail,0.53,sp12_layout_bug,
wpt/css_break/flexbox_multi-line-row-flex-fragmentation-028,css_break,yes,wpt/css_break/flexbox_multi-line-row-flex-fragmentation-028,fail,0.53,sp12_layout_bug,
wpt/css_break/flexbox_multi-line-row-flex-fragmentation-029,css_break,yes,wpt/css_break/flexbox_multi-line-row-flex-fragmentation-029,fail,0.53,sp12_layout_bug,
wpt/css_break/flexbox_multi-line-row-flex-fragmentation-030,css_break,yes,wpt/css_break/flexbox_multi-line-row-flex-fragmentation-030,fail,0.53,sp12_layout_bug,
wpt/css_break/flexbox_multi-line-row-flex-fragmentation-031,css_break,yes,wpt/css_break/flexbox_multi-line-row-flex-fragmentation-031,fail,1.17,sp12_layout_bug,
wpt/css_break/flexbox_multi-line-row-flex-fragmentation-032,css_break,yes,wpt/css_break/flexbox_multi-line-row-flex-fragmentation-032,fail,1.06,sp12_layout_bug,
wpt/css_break/flexbox_multi-line-row-flex-fragmentation-033,css_break,yes,wpt/css_break/flexbox_multi-line-row-flex-fragmentation-033,fail,0.53,sp12_layout_bug,
wpt/css_break/flexbox_multi-line-row-flex-fragmentation-034,css_break,yes,wpt/css_break/flexbox_multi-line-row-flex-fragmentation-034,fail,0.80,sp12_layout_bug,
wpt/css_break/flexbox_multi-line-row-flex-fragmentation-035,css_break,yes,wpt/css_break/flexbox_multi-line-row-flex-fragmentation-035,fail,0.53,sp12_layout_bug,
wpt/css_break/flexbox_multi-line-row-flex-fragmentation-036,css_break,yes,wpt/css_break/flexbox_multi-line-row-flex-fragmentation-036,pass,0.00,,
wpt/css_break/flexbox_multi-line-row-flex-fragmentation-037,css_break,yes,wpt/css_break/flexbox_multi-line-row-flex-fragmentation-037,fail,0.53,sp12_layout_bug,
wpt/css_break/flexbox_multi-line-row-flex-fragmentation-038,css_break,yes,wpt/css_break/flexbox_multi-line-row-flex-fragmentation-038,fail,0.53,sp12_layout_bug,
wpt/css_break/flexbox_multi-line-row-flex-fragmentation-039,css_break,yes,wpt/css_break/flexbox_multi-line-row-flex-fragmentation-039,fail,1.01,sp12_layout_bug,
wpt/css_break/flexbox_multi-line-row-flex-fragmentation-040,css_break,yes,wpt/css_break/flexbox_multi-line-row-flex-fragmentation-040,fail,0.80,sp12_layout_bug,
wpt/css_break/flexbox_multi-line-row-flex-fragmentation-043,css_break,yes,wpt/css_break/flexbox_multi-line-row-flex-fragmentation-043,fail,0.32,sp12_layout_bug,
wpt/css_break/flexbox_multi-line-row-flex-fragmentation-044,css_break,yes,wpt/css_break/flexbox_multi-line-row-flex-fragmentation-044,fail,0.42,sp12_layout_bug,
wpt/css_break/flexbox_multi-line-row-flex-fragmentation-045,css_break,yes,wpt/css_break/flexbox_multi-line-row-flex-fragmentation-045,fail,1.70,sp12_layout_bug,
wpt/css_break/flexbox_multi-line-row-flex-fragmentation-046,css_break,yes,wpt/css_break/flexbox_multi-line-row-flex-fragmentation-046,pass,0.00,,
wpt/css_break/flexbox_multi-line-row-flex-fragmentation-047,css_break,yes,wpt/css_break/flexbox_multi-line-row-flex-fragmentation-047,pass,0.00,,
wpt/css_break/flexbox_multi-line-row-flex-fragmentation-047-ref,css_break,yes,wpt/css_break/flexbox_multi-line-row-flex-fragmentation-047-ref,pass,0.00,,
wpt/css_break/flexbox_multi-line-row-flex-fragmentation-048,css_break,yes,wpt/css_break/flexbox_multi-line-row-flex-fragmentation-048,pass,0.00,,
wpt/css_break/flexbox_multi-line-row-flex-fragmentation-048-ref,css_break,yes,wpt/css_break/flexbox_multi-line-row-flex-fragmentation-048-ref,pass,0.00,,
wpt/css_break/flexbox_multi-line-row-flex-fragmentation-049,css_break,yes,wpt/css_break/flexbox_multi-line-row-flex-fragmentation-049,pass,0.00,,
wpt/css_break/flexbox_multi-line-row-flex-fragmentation-049-ref,css_break,yes,wpt/css_break/flexbox_multi-line-row-flex-fragmentation-049-ref,pass,0.00,,
wpt/css_break/flexbox_multi-line-row-flex-fragmentation-050,css_break,yes,wpt/css_break/flexbox_multi-line-row-flex-fragmentation-050,fail,1.59,sp12_layout_bug,
wpt/css_break/flexbox_multi-line-row-flex-fragmentation-050-ref,css_break,yes,wpt/css_break/flexbox_multi-line-row-flex-fragmentation-050-ref,fail,1.59,sp12_layout_bug,
wpt/css_break/flexbox_multi-line-row-flex-fragmentation-051,css_break,yes,wpt/css_break/flexbox_multi-line-row-flex-fragmentation-051,pass,0.00,,
wpt/css_break/flexbox_multi-line-row-flex-fragmentation-053,css_break,yes,wpt/css_break/flexbox_multi-line-row-flex-fragmentation-053,fail,0.38,sp12_layout_bug,
wpt/css_break/flexbox_multi-line-row-flex-fragmentation-055,css_break,yes,wpt/css_break/flexbox_multi-line-row-flex-fragmentation-055,pass,0.00,,
wpt/css_break/flexbox_multi-line-row-flex-fragmentation-059,css_break,yes,wpt/css_break/flexbox_multi-line-row-flex-fragmentation-059,fail,1.06,sp12_layout_bug,
wpt/css_break/flexbox_multi-line-row-flex-fragmentation-060,css_break,yes,wpt/css_break/flexbox_multi-line-row-flex-fragmentation-060,fail,0.90,sp12_layout_bug,
wpt/css_break/flexbox_multi-line-row-flex-fragmentation-061,css_break,yes,wpt/css_break/flexbox_multi-line-row-flex-fragmentation-061,fail,0.85,sp12_layout_bug,
wpt/css_break/flexbox_multi-line-row-flex-fragmentation-062,css_break,yes,wpt/css_break/flexbox_multi-line-row-flex-fragmentation-062,fail,0.74,sp12_layout_bug,
wpt/css_break/flexbox_multi-line-row-flex-fragmentation-072,css_break,yes,wpt/css_break/flexbox_multi-line-row-flex-fragmentation-072,pass,0.00,,
wpt/css_break/flexbox_multi-line-row-flex-fragmentation-073,css_break,yes,wpt/css_break/flexbox_multi-line-row-flex-fragmentation-073,pass,0.00,,
wpt/css_break/flexbox_multi-line-row-flex-fragmentation-080-print,css_break,yes,wpt/css_break/flexbox_multi-line-row-flex-fragmentation-080-print,fail,7.63,needs_text,SP11/SP13: Text Rendering
wpt/css_break/flexbox_multi-line-row-flex-fragmentation-080-print-ref,css_break,yes,wpt/css_break/flexbox_multi-line-row-flex-fragmentation-080-print-ref,fail,7.63,needs_text,SP11/SP13: Text Rendering
wpt/css_break/flexbox_multi-line-row-flex-fragmentation-081-print-ref,css_break,yes,wpt/css_break/flexbox_multi-line-row-flex-fragmentation-081-print-ref,fail,10.78,sp12_layout_bug,
wpt/css_break/flexbox_multi-line-row-flex-fragmentation-081a-print,css_break,yes,wpt/css_break/flexbox_multi-line-row-flex-fragmentation-081a-print,fail,9.34,sp12_layout_bug,
wpt/css_break/flexbox_multi-line-row-flex-fragmentation-081b-print,css_break,yes,wpt/css_break/flexbox_multi-line-row-flex-fragmentation-081b-print,fail,9.34,sp12_layout_bug,
wpt/css_break/flexbox_multi-line-row-flex-fragmentation-081c-print,css_break,yes,wpt/css_break/flexbox_multi-line-row-flex-fragmentation-081c-print,fail,9.34,sp12_layout_bug,
wpt/css_break/flexbox_multi-line-row-flex-fragmentation-081d-print,css_break,yes,wpt/css_break/flexbox_multi-line-row-flex-fragmentation-081d-print,fail,9.34,sp12_layout_bug,
wpt/css_break/flexbox_multi-line-row-flex-fragmentation-082-print-ref,css_break,yes,wpt/css_break/flexbox_multi-line-row-flex-fragmentation-082-print-ref,fail,18.56,sp12_layout_bug,
wpt/css_break/flexbox_multi-line-row-flex-fragmentation-082a-print,css_break,yes,wpt/css_break/flexbox_multi-line-row-flex-fragmentation-082a-print,fail,11.76,sp12_layout_bug,
wpt/css_break/flexbox_multi-line-row-flex-fragmentation-082b-print,css_break,yes,wpt/css_break/flexbox_multi-line-row-flex-fragmentation-082b-print,fail,11.76,sp12_layout_bug,
wpt/css_break/flexbox_multi-line-row-flex-fragmentation-082c-print,css_break,yes,wpt/css_break/flexbox_multi-line-row-flex-fragmentation-082c-print,fail,11.76,sp12_layout_bug,
wpt/css_break/flexbox_multi-line-row-flex-fragmentation-082d-print,css_break,yes,wpt/css_break/flexbox_multi-line-row-flex-fragmentation-082d-print,fail,11.76,sp12_layout_bug,
wpt/css_break/flexbox_multi-line-row-flex-fragmentation-083a,css_break,yes,wpt/css_break/flexbox_multi-line-row-flex-fragmentation-083a,fail,2.12,sp12_layout_bug,
wpt/css_break/flexbox_multi-line-row-flex-fragmentation-083b,css_break,yes,wpt/css_break/flexbox_multi-line-row-flex-fragmentation-083b,fail,2.12,sp12_layout_bug,
wpt/css_break/flexbox_multi-line-row-flex-fragmentation-083c,css_break,yes,wpt/css_break/flexbox_multi-line-row-flex-fragmentation-083c,fail,2.12,sp12_layout_bug,
wpt/css_break/flexbox_multi-line-row-flex-fragmentation-083d,css_break,yes,wpt/css_break/flexbox_multi-line-row-flex-fragmentation-083d,fail,2.12,sp12_layout_bug,
wpt/css_break/flexbox_multi-line-row-flex-fragmentation-089,css_break,yes,wpt/css_break/flexbox_multi-line-row-flex-fragmentation-089,fail,0.14,sp12_layout_bug,
wpt/css_break/flexbox_multi-line-row-flex-fragmentation-090,css_break,yes,wpt/css_break/flexbox_multi-line-row-flex-fragmentation-090,fail,0.07,sp12_layout_bug,
wpt/css_break/flexbox_multi-line-row-flex-fragmentation-091,css_break,yes,wpt/css_break/flexbox_multi-line-row-flex-fragmentation-091,fail,0.53,sp12_layout_bug,
wpt/css_break/flexbox_multi-line-row-flex-fragmentation-092,css_break,yes,wpt/css_break/flexbox_multi-line-row-flex-fragmentation-092,fail,0.05,sp12_layout_bug,
wpt/css_break/flexbox_multi-line-row-flex-fragmentation-093,css_break,yes,wpt/css_break/flexbox_multi-line-row-flex-fragmentation-093,fail,0.58,sp12_layout_bug,
wpt/css_break/flexbox_multi-line-row-flex-fragmentation-093-ref,css_break,yes,wpt/css_break/flexbox_multi-line-row-flex-fragmentation-093-ref,fail,0.27,sp12_layout_bug,
wpt/css_break/flexbox_multi-line-row-flex-fragmentation-094,css_break,yes,wpt/css_break/flexbox_multi-line-row-flex-fragmentation-094,fail,1.52,sp12_layout_bug,
wpt/css_break/flexbox_multi-line-row-flex-fragmentation-094-ref,css_break,yes,wpt/css_break/flexbox_multi-line-row-flex-fragmentation-094-ref,fail,0.41,sp12_layout_bug,
wpt/css_break/flexbox_multi-line-row-flex-fragmentation-095,css_break,yes,wpt/css_break/flexbox_multi-line-row-flex-fragmentation-095,fail,1.35,sp12_layout_bug,
wpt/css_break/flexbox_multi-line-row-flex-fragmentation-095-ref,css_break,yes,wpt/css_break/flexbox_multi-line-row-flex-fragmentation-095-ref,fail,0.40,sp12_layout_bug,
wpt/css_break/flexbox_multi-line-row-flex-fragmentation-096,css_break,yes,wpt/css_break/flexbox_multi-line-row-flex-fragmentation-096,fail,1.29,sp12_layout_bug,
wpt/css_break/flexbox_multi-line-row-flex-fragmentation-096-ref,css_break,yes,wpt/css_break/flexbox_multi-line-row-flex-fragmentation-096-ref,fail,0.40,sp12_layout_bug,
wpt/css_break/flexbox_quirks-flex-in-multicol-crash,css_break,yes,wpt/css_break/flexbox_quirks-flex-in-multicol-crash,pass,0.00,,
wpt/css_break/flexbox_single-line-column-flex-fragmentation-001,css_break,yes,wpt/css_break/flexbox_single-line-column-flex-fragmentation-001,pass,0.00,,
wpt/css_break/flexbox_single-line-column-flex-fragmentation-002,css_break,yes,wpt/css_break/flexbox_single-line-column-flex-fragmentation-002,pass,0.00,,
wpt/css_break/flexbox_single-line-column-flex-fragmentation-003,css_break,yes,wpt/css_break/flexbox_single-line-column-flex-fragmentation-003,pass,0.00,,
wpt/css_break/flexbox_single-line-column-flex-fragmentation-004,css_break,yes,wpt/css_break/flexbox_single-line-column-flex-fragmentation-004,pass,0.00,,
wpt/css_break/flexbox_single-line-column-flex-fragmentation-005,css_break,yes,wpt/css_break/flexbox_single-line-column-flex-fragmentation-005,fail,2.12,sp12_layout_bug,
wpt/css_break/flexbox_single-line-column-flex-fragmentation-006,css_break,yes,wpt/css_break/flexbox_single-line-column-flex-fragmentation-006,pass,0.00,,
wpt/css_break/flexbox_single-line-column-flex-fragmentation-007,css_break,yes,wpt/css_break/flexbox_single-line-column-flex-fragmentation-007,fail,0.94,needs_font_metrics,SP11: Font Metrics
wpt/css_break/flexbox_single-line-column-flex-fragmentation-008,css_break,yes,wpt/css_break/flexbox_single-line-column-flex-fragmentation-008,fail,1.06,needs_font_metrics,SP11: Font Metrics
wpt/css_break/flexbox_single-line-column-flex-fragmentation-009,css_break,yes,wpt/css_break/flexbox_single-line-column-flex-fragmentation-009,fail,0.94,needs_font_metrics,SP11: Font Metrics
wpt/css_break/flexbox_single-line-column-flex-fragmentation-010,css_break,yes,wpt/css_break/flexbox_single-line-column-flex-fragmentation-010,fail,0.84,needs_font_metrics,SP11: Font Metrics
wpt/css_break/flexbox_single-line-column-flex-fragmentation-011,css_break,yes,wpt/css_break/flexbox_single-line-column-flex-fragmentation-011,pass,0.00,,
wpt/css_break/flexbox_single-line-column-flex-fragmentation-012,css_break,yes,wpt/css_break/flexbox_single-line-column-flex-fragmentation-012,fail,0.21,sp12_layout_bug,
wpt/css_break/flexbox_single-line-column-flex-fragmentation-015,css_break,yes,wpt/css_break/flexbox_single-line-column-flex-fragmentation-015,fail,0.27,sp12_layout_bug,
wpt/css_break/flexbox_single-line-column-flex-fragmentation-016,css_break,yes,wpt/css_break/flexbox_single-line-column-flex-fragmentation-016,fail,0.27,sp12_layout_bug,
wpt/css_break/flexbox_single-line-column-flex-fragmentation-017,css_break,yes,wpt/css_break/flexbox_single-line-column-flex-fragmentation-017,fail,0.27,sp12_layout_bug,
wpt/css_break/flexbox_single-line-column-flex-fragmentation-018,css_break,yes,wpt/css_break/flexbox_single-line-column-flex-fragmentation-018,fail,0.27,sp12_layout_bug,
wpt/css_break/flexbox_single-line-column-flex-fragmentation-019,css_break,yes,wpt/css_break/flexbox_single-line-column-flex-fragmentation-019,fail,1.59,sp12_layout_bug,
wpt/css_break/flexbox_single-line-column-flex-fragmentation-020,css_break,yes,wpt/css_break/flexbox_single-line-column-flex-fragmentation-020,fail,1.06,sp12_layout_bug,
wpt/css_break/flexbox_single-line-column-flex-fragmentation-021,css_break,yes,wpt/css_break/flexbox_single-line-column-flex-fragmentation-021,pass,0.00,,
wpt/css_break/flexbox_single-line-column-flex-fragmentation-022,css_break,yes,wpt/css_break/flexbox_single-line-column-flex-fragmentation-022,fail,0.53,sp12_layout_bug,
wpt/css_break/flexbox_single-line-column-flex-fragmentation-023,css_break,yes,wpt/css_break/flexbox_single-line-column-flex-fragmentation-023,fail,1.27,sp12_layout_bug,
wpt/css_break/flexbox_single-line-column-flex-fragmentation-024,css_break,yes,wpt/css_break/flexbox_single-line-column-flex-fragmentation-024,fail,0.85,sp12_layout_bug,
wpt/css_break/flexbox_single-line-column-flex-fragmentation-025,css_break,yes,wpt/css_break/flexbox_single-line-column-flex-fragmentation-025,fail,0.85,sp12_layout_bug,
wpt/css_break/flexbox_single-line-column-flex-fragmentation-027,css_break,yes,wpt/css_break/flexbox_single-line-column-flex-fragmentation-027,fail,0.53,sp12_layout_bug,
wpt/css_break/flexbox_single-line-column-flex-fragmentation-028,css_break,yes,wpt/css_break/flexbox_single-line-column-flex-fragmentation-028,fail,1.06,sp12_layout_bug,
wpt/css_break/flexbox_single-line-column-flex-fragmentation-029,css_break,yes,wpt/css_break/flexbox_single-line-column-flex-fragmentation-029,fail,0.53,sp12_layout_bug,
wpt/css_break/flexbox_single-line-column-flex-fragmentation-032,css_break,yes,wpt/css_break/flexbox_single-line-column-flex-fragmentation-032,fail,1.33,sp12_layout_bug,
wpt/css_break/flexbox_single-line-column-flex-fragmentation-033,css_break,yes,wpt/css_break/flexbox_single-line-column-flex-fragmentation-033,fail,0.42,sp12_layout_bug,
wpt/css_break/flexbox_single-line-column-flex-fragmentation-034,css_break,yes,wpt/css_break/flexbox_single-line-column-flex-fragmentation-034,fail,0.42,sp12_layout_bug,
wpt/css_break/flexbox_single-line-column-flex-fragmentation-035,css_break,yes,wpt/css_break/flexbox_single-line-column-flex-fragmentation-035,fail,3.82,sp12_layout_bug,
wpt/css_break/flexbox_single-line-column-flex-fragmentation-036,css_break,yes,wpt/css_break/flexbox_single-line-column-flex-fragmentation-036,pass,0.00,,
wpt/css_break/flexbox_single-line-column-flex-fragmentation-037,css_break,yes,wpt/css_break/flexbox_single-line-column-flex-fragmentation-037,fail,0.11,sp12_layout_bug,
wpt/css_break/flexbox_single-line-column-flex-fragmentation-038,css_break,yes,wpt/css_break/flexbox_single-line-column-flex-fragmentation-038,fail,0.11,sp12_layout_bug,
wpt/css_break/flexbox_single-line-column-flex-fragmentation-039,css_break,yes,wpt/css_break/flexbox_single-line-column-flex-fragmentation-039,fail,1.19,sp12_layout_bug,
wpt/css_break/flexbox_single-line-column-flex-fragmentation-040,css_break,yes,wpt/css_break/flexbox_single-line-column-flex-fragmentation-040,pass,0.00,,
wpt/css_break/flexbox_single-line-column-flex-fragmentation-040-ref,css_break,yes,wpt/css_break/flexbox_single-line-column-flex-fragmentation-040-ref,pass,0.00,,
wpt/css_break/flexbox_single-line-column-flex-fragmentation-041,css_break,yes,wpt/css_break/flexbox_single-line-column-flex-fragmentation-041,fail,1.06,sp12_layout_bug,
wpt/css_break/flexbox_single-line-column-flex-fragmentation-043,css_break,yes,wpt/css_break/flexbox_single-line-column-flex-fragmentation-043,fail,0.80,sp12_layout_bug,
wpt/css_break/flexbox_single-line-column-flex-fragmentation-046,css_break,yes,wpt/css_break/flexbox_single-line-column-flex-fragmentation-046,fail,1.70,needs_font_metrics,SP11: Font Metrics
wpt/css_break/flexbox_single-line-column-flex-fragmentation-047,css_break,yes,wpt/css_break/flexbox_single-line-column-flex-fragmentation-047,pass,0.00,,
wpt/css_break/flexbox_single-line-column-flex-fragmentation-048,css_break,yes,wpt/css_break/flexbox_single-line-column-flex-fragmentation-048,fail,0.53,sp12_layout_bug,
wpt/css_break/flexbox_single-line-column-flex-fragmentation-049,css_break,yes,wpt/css_break/flexbox_single-line-column-flex-fragmentation-049,pass,0.00,,
wpt/css_break/flexbox_single-line-column-flex-fragmentation-056,css_break,yes,wpt/css_break/flexbox_single-line-column-flex-fragmentation-056,fail,0.85,sp12_layout_bug,
wpt/css_break/flexbox_single-line-column-flex-fragmentation-057,css_break,yes,wpt/css_break/flexbox_single-line-column-flex-fragmentation-057,fail,0.53,sp12_layout_bug,
wpt/css_break/flexbox_single-line-column-flex-fragmentation-058,css_break,yes,wpt/css_break/flexbox_single-line-column-flex-fragmentation-058,fail,0.64,sp12_layout_bug,
wpt/css_break/flexbox_single-line-column-flex-fragmentation-059,css_break,yes,wpt/css_break/flexbox_single-line-column-flex-fragmentation-059,fail,2.12,sp12_layout_bug,
wpt/css_break/flexbox_single-line-column-flex-fragmentation-061,css_break,yes,wpt/css_break/flexbox_single-line-column-flex-fragmentation-061,pass,0.00,,
wpt/css_break/flexbox_single-line-column-flex-fragmentation-062,css_break,yes,wpt/css_break/flexbox_single-line-column-flex-fragmentation-062,pass,0.00,,
wpt/css_break/flexbox_single-line-column-flex-fragmentation-066-print,css_break,yes,wpt/css_break/flexbox_single-line-column-flex-fragmentation-066-print,fail,6.78,sp12_layout_bug,
wpt/css_break/flexbox_single-line-column-flex-fragmentation-066-print-ref,css_break,yes,wpt/css_break/flexbox_single-line-column-flex-fragmentation-066-print-ref,fail,6.78,sp12_layout_bug,
wpt/css_break/flexbox_single-line-column-flex-fragmentation-068-print-ref,css_break,yes,wpt/css_break/flexbox_single-line-column-flex-fragmentation-068-print-ref,fail,6.78,sp12_layout_bug,
wpt/css_break/flexbox_single-line-column-flex-fragmentation-068a-print,css_break,yes,wpt/css_break/flexbox_single-line-column-flex-fragmentation-068a-print,fail,6.78,sp12_layout_bug,
wpt/css_break/flexbox_single-line-column-flex-fragmentation-068b-print,css_break,yes,wpt/css_break/flexbox_single-line-column-flex-fragmentation-068b-print,fail,6.78,sp12_layout_bug,
wpt/css_break/flexbox_single-line-column-flex-fragmentation-068c-print,css_break,yes,wpt/css_break/flexbox_single-line-column-flex-fragmentation-068c-print,fail,6.78,sp12_layout_bug,
wpt/css_break/flexbox_single-line-column-flex-fragmentation-068d-print,css_break,yes,wpt/css_break/flexbox_single-line-column-flex-fragmentation-068d-print,fail,6.78,sp12_layout_bug,
wpt/css_break/flexbox_single-line-column-flex-fragmentation-069-print-ref,css_break,yes,wpt/css_break/flexbox_single-line-column-flex-fragmentation-069-print-ref,fail,11.76,sp12_layout_bug,
wpt/css_break/flexbox_single-line-column-flex-fragmentation-069a-print,css_break,yes,wpt/css_break/flexbox_single-line-column-flex-fragmentation-069a-print,fail,11.76,sp12_layout_bug,
wpt/css_break/flexbox_single-line-column-flex-fragmentation-069b-print,css_break,yes,wpt/css_break/flexbox_single-line-column-flex-fragmentation-069b-print,fail,11.76,sp12_layout_bug,
wpt/css_break/flexbox_single-line-column-flex-fragmentation-069c-print,css_break,yes,wpt/css_break/flexbox_single-line-column-flex-fragmentation-069c-print,fail,11.76,sp12_layout_bug,
wpt/css_break/flexbox_single-line-column-flex-fragmentation-069d-print,css_break,yes,wpt/css_break/flexbox_single-line-column-flex-fragmentation-069d-print,fail,11.76,sp12_layout_bug,
wpt/css_break/flexbox_single-line-column-flex-fragmentation-070a,css_break,yes,wpt/css_break/flexbox_single-line-column-flex-fragmentation-070a,fail,2.12,sp12_layout_bug,
wpt/css_break/flexbox_single-line-column-flex-fragmentation-070b,css_break,yes,wpt/css_break/flexbox_single-line-column-flex-fragmentation-070b,fail,2.12,sp12_layout_bug,
wpt/css_break/flexbox_single-line-column-flex-fragmentation-070c,css_break,yes,wpt/css_break/flexbox_single-line-column-flex-fragmentation-070c,fail,2.12,sp12_layout_bug,
wpt/css_break/flexbox_single-line-column-flex-fragmentation-070d,css_break,yes,wpt/css_break/flexbox_single-line-column-flex-fragmentation-070d,fail,2.12,sp12_layout_bug,
wpt/css_break/flexbox_single-line-column-flex-fragmentation-071,css_break,yes,wpt/css_break/flexbox_single-line-column-flex-fragmentation-071,pass,0.00,,
wpt/css_break/flexbox_single-line-row-flex-fragmentation-001,css_break,yes,wpt/css_break/flexbox_single-line-row-flex-fragmentation-001,pass,0.00,,
wpt/css_break/flexbox_single-line-row-flex-fragmentation-002,css_break,yes,wpt/css_break/flexbox_single-line-row-flex-fragmentation-002,pass,0.00,,
wpt/css_break/flexbox_single-line-row-flex-fragmentation-003,css_break,yes,wpt/css_break/flexbox_single-line-row-flex-fragmentation-003,pass,0.00,,
wpt/css_break/flexbox_single-line-row-flex-fragmentation-004,css_break,yes,wpt/css_break/flexbox_single-line-row-flex-fragmentation-004,pass,0.00,,
wpt/css_break/flexbox_single-line-row-flex-fragmentation-005,css_break,yes,wpt/css_break/flexbox_single-line-row-flex-fragmentation-005,fail,2.12,sp12_layout_bug,
wpt/css_break/flexbox_single-line-row-flex-fragmentation-006,css_break,yes,wpt/css_break/flexbox_single-line-row-flex-fragmentation-006,pass,0.00,,
wpt/css_break/flexbox_single-line-row-flex-fragmentation-007,css_break,yes,wpt/css_break/flexbox_single-line-row-flex-fragmentation-007,fail,1.06,needs_font_metrics,SP11: Font Metrics
wpt/css_break/flexbox_single-line-row-flex-fragmentation-008,css_break,yes,wpt/css_break/flexbox_single-line-row-flex-fragmentation-008,pass,0.00,,
wpt/css_break/flexbox_single-line-row-flex-fragmentation-009,css_break,yes,wpt/css_break/flexbox_single-line-row-flex-fragmentation-009,fail,0.65,needs_font_metrics,SP11: Font Metrics
wpt/css_break/flexbox_single-line-row-flex-fragmentation-012,css_break,yes,wpt/css_break/flexbox_single-line-row-flex-fragmentation-012,pass,0.00,,
wpt/css_break/flexbox_single-line-row-flex-fragmentation-013,css_break,yes,wpt/css_break/flexbox_single-line-row-flex-fragmentation-013,pass,0.00,,
wpt/css_break/flexbox_single-line-row-flex-fragmentation-014,css_break,yes,wpt/css_break/flexbox_single-line-row-flex-fragmentation-014,fail,0.21,sp12_layout_bug,
wpt/css_break/flexbox_single-line-row-flex-fragmentation-015,css_break,yes,wpt/css_break/flexbox_single-line-row-flex-fragmentation-015,fail,0.53,sp12_layout_bug,
wpt/css_break/flexbox_single-line-row-flex-fragmentation-016,css_break,yes,wpt/css_break/flexbox_single-line-row-flex-fragmentation-016,pass,0.00,,
wpt/css_break/flexbox_single-line-row-flex-fragmentation-017,css_break,yes,wpt/css_break/flexbox_single-line-row-flex-fragmentation-017,fail,0.53,sp12_layout_bug,
wpt/css_break/flexbox_single-line-row-flex-fragmentation-018,css_break,yes,wpt/css_break/flexbox_single-line-row-flex-fragmentation-018,pass,0.00,,
wpt/css_break/flexbox_single-line-row-flex-fragmentation-019,css_break,yes,wpt/css_break/flexbox_single-line-row-flex-fragmentation-019,fail,0.53,sp12_layout_bug,
wpt/css_break/flexbox_single-line-row-flex-fragmentation-020,css_break,yes,wpt/css_break/flexbox_single-line-row-flex-fragmentation-020,fail,1.06,sp12_layout_bug,
wpt/css_break/flexbox_single-line-row-flex-fragmentation-021,css_break,yes,wpt/css_break/flexbox_single-line-row-flex-fragmentation-021,pass,0.00,,
wpt/css_break/flexbox_single-line-row-flex-fragmentation-022,css_break,yes,wpt/css_break/flexbox_single-line-row-flex-fragmentation-022,pass,0.00,,
wpt/css_break/flexbox_single-line-row-flex-fragmentation-023,css_break,yes,wpt/css_break/flexbox_single-line-row-flex-fragmentation-023,fail,0.21,sp12_layout_bug,
wpt/css_break/flexbox_single-line-row-flex-fragmentation-024,css_break,yes,wpt/css_break/flexbox_single-line-row-flex-fragmentation-024,fail,0.21,sp12_layout_bug,
wpt/css_break/flexbox_single-line-row-flex-fragmentation-025,css_break,yes,wpt/css_break/flexbox_single-line-row-flex-fragmentation-025,pass,0.00,,
wpt/css_break/flexbox_single-line-row-flex-fragmentation-026,css_break,yes,wpt/css_break/flexbox_single-line-row-flex-fragmentation-026,pass,0.00,,
wpt/css_break/flexbox_single-line-row-flex-fragmentation-027,css_break,yes,wpt/css_break/flexbox_single-line-row-flex-fragmentation-027,pass,0.00,,
wpt/css_break/flexbox_single-line-row-flex-fragmentation-027-ref,css_break,yes,wpt/css_break/flexbox_single-line-row-flex-fragmentation-027-ref,pass,0.00,,
wpt/css_break/flexbox_single-line-row-flex-fragmentation-028,css_break,yes,wpt/css_break/flexbox_single-line-row-flex-fragmentation-028,fail,1.06,sp12_layout_bug,
wpt/css_break/flexbox_single-line-row-flex-fragmentation-032,css_break,yes,wpt/css_break/flexbox_single-line-row-flex-fragmentation-032,fail,1.70,needs_font_metrics,SP11: Font Metrics
wpt/css_break/flexbox_single-line-row-flex-fragmentation-034,css_break,yes,wpt/css_break/flexbox_single-line-row-flex-fragmentation-034,fail,0.27,"needs_text,needs_font_metrics",SP11/SP13: Text Rendering; SP11: Font Metrics
wpt/css_break/flexbox_single-line-row-flex-fragmentation-035,css_break,yes,wpt/css_break/flexbox_single-line-row-flex-fragmentation-035,pass,0.00,,
wpt/css_break/flexbox_single-line-row-flex-fragmentation-036,css_break,yes,wpt/css_break/flexbox_single-line-row-flex-fragmentation-036,fail,0.53,sp12_layout_bug,
wpt/css_break/flexbox_single-line-row-flex-fragmentation-038,css_break,yes,wpt/css_break/flexbox_single-line-row-flex-fragmentation-038,fail,0.85,sp12_layout_bug,
wpt/css_break/flexbox_single-line-row-flex-fragmentation-039,css_break,yes,wpt/css_break/flexbox_single-line-row-flex-fragmentation-039,fail,0.53,sp12_layout_bug,
wpt/css_break/flexbox_single-line-row-flex-fragmentation-040,css_break,yes,wpt/css_break/flexbox_single-line-row-flex-fragmentation-040,fail,2.12,sp12_layout_bug,
wpt/css_break/flexbox_single-line-row-flex-fragmentation-041,css_break,yes,wpt/css_break/flexbox_single-line-row-flex-fragmentation-041,fail,0.74,sp12_layout_bug,
wpt/css_break/flexbox_single-line-row-flex-fragmentation-046-print,css_break,yes,wpt/css_break/flexbox_single-line-row-flex-fragmentation-046-print,fail,6.78,sp12_layout_bug,
wpt/css_break/flexbox_single-line-row-flex-fragmentation-046-print-ref,css_break,yes,wpt/css_break/flexbox_single-line-row-flex-fragmentation-046-print-ref,fail,6.78,sp12_layout_bug,
wpt/css_break/flexbox_single-line-row-flex-fragmentation-047,css_break,yes,wpt/css_break/flexbox_single-line-row-flex-fragmentation-047,fail,2.12,sp12_layout_bug,
wpt/css_break/flexbox_single-line-row-flex-fragmentation-048,css_break,yes,wpt/css_break/flexbox_single-line-row-flex-fragmentation-048,fail,1.06,sp12_layout_bug,
wpt/css_break/flexbox_single-line-row-flex-fragmentation-049,css_break,yes,wpt/css_break/flexbox_single-line-row-flex-fragmentation-049,pass,0.00,,
wpt/css_break/flexbox_single-line-row-flex-fragmentation-050,css_break,yes,wpt/css_break/flexbox_single-line-row-flex-fragmentation-050,pass,0.00,,
wpt/css_break/float-000,css_break,yes,wpt/css_break/float-000,pass,0.00,,
wpt/css_break/float-001,css_break,yes,wpt/css_break/float-001,pass,0.00,,
wpt/css_break/float-002,css_break,yes,wpt/css_break/float-002,pass,0.00,,
wpt/css_break/float-003,css_break,yes,wpt/css_break/float-003,pass,0.00,,
wpt/css_break/float-004,css_break,yes,wpt/css_break/float-004,fail,1.10,sp12_layout_bug,
wpt/css_break/float-005,css_break,yes,wpt/css_break/float-005,fail,0.32,sp12_layout_bug,
wpt/css_break/float-006,css_break,yes,wpt/css_break/float-006,fail,0.85,sp12_layout_bug,
wpt/css_break/float-007,css_break,yes,wpt/css_break/float-007,fail,0.85,sp12_layout_bug,
wpt/css_break/float-008,css_break,yes,wpt/css_break/float-008,fail,0.85,sp12_layout_bug,
wpt/css_break/float-009,css_break,yes,wpt/css_break/float-009,pass,0.00,,
wpt/css_break/float-009-ref,css_break,yes,wpt/css_break/float-009-ref,pass,0.00,,
wpt/css_break/float-010,css_break,yes,wpt/css_break/float-010,fail,0.85,needs_text,SP11/SP13: Text Rendering
wpt/css_break/float-011-crash,css_break,yes,wpt/css_break/float-011-crash,pass,0.00,,
wpt/css_break/float-013,css_break,yes,wpt/css_break/float-013,fail,2.12,sp12_layout_bug,
wpt/css_break/float-014.tentative,css_break,yes,wpt/css_break/float-014.tentative,fail,2.12,sp12_layout_bug,
wpt/css_break/float-015.tentative,css_break,yes,wpt/css_break/float-015.tentative,fail,2.12,sp12_layout_bug,
wpt/css_break/float-017-ref,css_break,yes,wpt/css_break/float-017-ref,pass,0.00,,
wpt/css_break/float-after-self-collapsing-block-in-inline-crash,css_break,yes,wpt/css_break/float-after-self-collapsing-block-in-inline-crash,pass,0.00,,
wpt/css_break/float-in-self-collapsing-block-000,css_break,yes,wpt/css_break/float-in-self-collapsing-block-000,fail,1.59,sp12_layout_bug,
wpt/css_break/float-in-self-collapsing-block-001,css_break,yes,wpt/css_break/float-in-self-collapsing-block-001,fail,1.49,sp12_layout_bug,
wpt/css_break/float-inside-small-block,css_break,yes,wpt/css_break/float-inside-small-block,fail,0.42,sp12_layout_bug,
wpt/css_break/float-stretching-bfc-000,css_break,yes,wpt/css_break/float-stretching-bfc-000,pass,0.00,,
wpt/css_break/float-stretching-bfc-001,css_break,yes,wpt/css_break/float-stretching-bfc-001,pass,0.00,,
wpt/css_break/float-with-large-margin-bottom-cross-page-001-print,css_break,yes,wpt/css_break/float-with-large-margin-bottom-cross-page-001-print,pass,0.00,,
wpt/css_break/float-with-large-margin-bottom-cross-page-001-print-ref,css_break,yes,wpt/css_break/float-with-large-margin-bottom-cross-page-001-print-ref,pass,0.00,,
wpt/css_break/float-with-large-margin-bottom-cross-page-002-print,css_break,yes,wpt/css_break/float-with-large-margin-bottom-cross-page-002-print,pass,0.00,,
wpt/css_break/float-with-large-margin-bottom-cross-page-002-print-ref,css_break,yes,wpt/css_break/float-with-large-margin-bottom-cross-page-002-print-ref,pass,0.00,,
wpt/css_break/floats-and-text-narrow-and-short-dynamic-ref,css_break,yes,wpt/css_break/floats-and-text-narrow-and-short-dynamic-ref,pass,0.00,,
wpt/css_break/forced-break-at-fragmentainer-start-000,css_break,yes,wpt/css_break/forced-break-at-fragmentainer-start-000,pass,0.00,,
wpt/css_break/forced-break-at-fragmentainer-start-001,css_break,yes,wpt/css_break/forced-break-at-fragmentainer-start-001,pass,0.00,,
wpt/css_break/forced-break-before-new-fc-001,css_break,yes,wpt/css_break/forced-break-before-new-fc-001,fail,0.32,sp12_layout_bug,
wpt/css_break/forced-break-before-new-fc-002,css_break,yes,wpt/css_break/forced-break-before-new-fc-002,fail,0.32,sp12_layout_bug,
wpt/css_break/forced-break-before-new-fc-003,css_break,yes,wpt/css_break/forced-break-before-new-fc-003,fail,0.32,sp12_layout_bug,
wpt/css_break/fragmentainer-1px-clamping-001-crash,css_break,yes,wpt/css_break/fragmentainer-1px-clamping-001-crash,pass,0.00,,
wpt/css_break/fragmented-autowidth-fc-root-beside-floats,css_break,yes,wpt/css_break/fragmented-autowidth-fc-root-beside-floats,fail,5.20,sp12_layout_bug,
wpt/css_break/fragmented-autowidth-fc-root-beside-floats-ref,css_break,yes,wpt/css_break/fragmented-autowidth-fc-root-beside-floats-ref,pass,0.00,,
wpt/css_break/fragmented-empty-contenteditable-crash,css_break,yes,wpt/css_break/fragmented-empty-contenteditable-crash,pass,0.00,,
wpt/css_break/fragmented-float-in-inline-crash,css_break,yes,wpt/css_break/fragmented-float-in-inline-crash,pass,0.00,,
wpt/css_break/fragmented-float-overflowing-container,css_break,yes,wpt/css_break/fragmented-float-overflowing-container,fail,2.12,sp12_layout_bug,
wpt/css_break/ink-overflow-002,css_break,yes,wpt/css_break/ink-overflow-002,fail,12.74,sp12_layout_bug,
wpt/css_break/inline-skipping-fragmentainer-001,css_break,yes,wpt/css_break/inline-skipping-fragmentainer-001,fail,1.06,needs_text,SP11/SP13: Text Rendering
wpt/css_break/inline-skipping-fragmentainer-002,css_break,yes,wpt/css_break/inline-skipping-fragmentainer-002,fail,0.53,needs_text,SP11/SP13: Text Rendering
wpt/css_break/inline-skipping-fragmentainer-003-crash,css_break,yes,wpt/css_break/inline-skipping-fragmentainer-003-crash,fail,0.21,needs_text,SP11/SP13: Text Rendering
wpt/css_break/inline-skipping-fragmentainer-004-crash,css_break,yes,wpt/css_break/inline-skipping-fragmentainer-004-crash,pass,0.00,,
wpt/css_break/inline-with-float-001,css_break,yes,wpt/css_break/inline-with-float-001,fail,1.06,needs_text,SP11/SP13: Text Rendering
wpt/css_break/inline-with-float-002,css_break,yes,wpt/css_break/inline-with-float-002,fail,0.85,needs_text,SP11/SP13: Text Rendering
wpt/css_break/inline-with-float-004,css_break,yes,wpt/css_break/inline-with-float-004,fail,0.53,needs_text,SP11/SP13: Text Rendering
wpt/css_break/large-text-node-oof-crash,css_break,yes,wpt/css_break/large-text-node-oof-crash,pass,0.00,,
wpt/css_break/line-after-unbreakable-float-after-padding,css_break,yes,wpt/css_break/line-after-unbreakable-float-after-padding,pass,0.00,,
wpt/css_break/line-after-unbreakable-float-after-padding-ref,css_break,yes,wpt/css_break/line-after-unbreakable-float-after-padding-ref,pass,0.00,,
wpt/css_break/line-pushed-by-float-000,css_break,yes,wpt/css_break/line-pushed-by-float-000,pass,0.00,,
wpt/css_break/line-pushed-by-float-001,css_break,yes,wpt/css_break/line-pushed-by-float-001,pass,0.00,,
wpt/css_break/margin-after-overflowed-block,css_break,yes,wpt/css_break/margin-after-overflowed-block,fail,0.85,sp12_layout_bug,
wpt/css_break/margin-at-break-001,css_break,yes,wpt/css_break/margin-at-break-001,fail,1.06,sp12_layout_bug,
wpt/css_break/margin-at-break-002,css_break,yes,wpt/css_break/margin-at-break-002,fail,1.06,sp12_layout_bug,
wpt/css_break/margin-at-break-003,css_break,yes,wpt/css_break/margin-at-break-003,fail,1.06,needs_text,SP11/SP13: Text Rendering
wpt/css_break/margin-at-break-004,css_break,yes,wpt/css_break/margin-at-break-004,fail,1.59,needs_text,SP11/SP13: Text Rendering
wpt/css_break/margin-at-break-005,css_break,yes,wpt/css_break/margin-at-break-005,fail,1.59,needs_text,SP11/SP13: Text Rendering
wpt/css_break/max-height-with-margin-pushed-below-fragmentation-line-crash,css_break,yes,wpt/css_break/max-height-with-margin-pushed-below-fragmentation-line-crash,fail,2.50,needs_text,SP11/SP13: Text Rendering
wpt/css_break/nested-float-in-multicol-crash,css_break,yes,wpt/css_break/nested-float-in-multicol-crash,pass,0.00,,
wpt/css_break/nested-multicol-with-spanner-and-oof-001-crash,css_break,yes,wpt/css_break/nested-multicol-with-spanner-and-oof-001-crash,pass,0.00,,
wpt/css_break/nested-multicol-with-spanner-and-oof-002-crash,css_break,yes,wpt/css_break/nested-multicol-with-spanner-and-oof-002-crash,pass,0.00,,
wpt/css_break/nested-multicol-with-spanner-and-oof-004-crash,css_break,yes,wpt/css_break/nested-multicol-with-spanner-and-oof-004-crash,pass,0.00,,
wpt/css_break/nested-multicol-with-spanner-and-oof-005-crash,css_break,yes,wpt/css_break/nested-multicol-with-spanner-and-oof-005-crash,pass,0.00,,
wpt/css_break/nested-multicol-with-spanner-and-oof-006-crash,css_break,yes,wpt/css_break/nested-multicol-with-spanner-and-oof-006-crash,pass,0.00,,
wpt/css_break/nested-multicol-with-spanner-and-oof-007-crash,css_break,yes,wpt/css_break/nested-multicol-with-spanner-and-oof-007-crash,pass,0.00,,
wpt/css_break/nested-multicol-with-spanner-and-oof-008-crash,css_break,yes,wpt/css_break/nested-multicol-with-spanner-and-oof-008-crash,pass,0.00,,
wpt/css_break/nested-oof-in-multicol-crash,css_break,yes,wpt/css_break/nested-oof-in-multicol-crash,pass,0.00,,
wpt/css_break/orphans-in-parallel-flow,css_break,yes,wpt/css_break/orphans-in-parallel-flow,pass,0.00,,
wpt/css_break/out-of-flow-in-inline-with-negative-offset-crash,css_break,yes,wpt/css_break/out-of-flow-in-inline-with-negative-offset-crash,fail,2.50,needs_text,SP11/SP13: Text Rendering
wpt/css_break/out-of-flow-in-multicolumn-001,css_break,yes,wpt/css_break/out-of-flow-in-multicolumn-001,fail,0.18,sp12_layout_bug,
wpt/css_break/out-of-flow-in-multicolumn-001-ref,css_break,yes,wpt/css_break/out-of-flow-in-multicolumn-001-ref,pass,0.00,,
wpt/css_break/out-of-flow-in-multicolumn-002,css_break,yes,wpt/css_break/out-of-flow-in-multicolumn-002,fail,3.18,sp12_layout_bug,
wpt/css_break/out-of-flow-in-multicolumn-003,css_break,yes,wpt/css_break/out-of-flow-in-multicolumn-003,fail,2.12,sp12_layout_bug,
wpt/css_break/out-of-flow-in-multicolumn-004,css_break,yes,wpt/css_break/out-of-flow-in-multicolumn-004,fail,0.30,sp12_layout_bug,
wpt/css_break/out-of-flow-in-multicolumn-004-ref,css_break,yes,wpt/css_break/out-of-flow-in-multicolumn-004-ref,fail,0.51,sp12_layout_bug,
wpt/css_break/out-of-flow-in-multicolumn-005,css_break,yes,wpt/css_break/out-of-flow-in-multicolumn-005,pass,0.00,,
wpt/css_break/out-of-flow-in-multicolumn-006,css_break,yes,wpt/css_break/out-of-flow-in-multicolumn-006,fail,2.12,sp12_layout_bug,
wpt/css_break/out-of-flow-in-multicolumn-007,css_break,yes,wpt/css_break/out-of-flow-in-multicolumn-007,fail,2.97,sp12_layout_bug,
wpt/css_break/out-of-flow-in-multicolumn-008,css_break,yes,wpt/css_break/out-of-flow-in-multicolumn-008,fail,2.12,sp12_layout_bug,
wpt/css_break/out-of-flow-in-multicolumn-009,css_break,yes,wpt/css_break/out-of-flow-in-multicolumn-009,fail,2.12,sp12_layout_bug,
wpt/css_break/out-of-flow-in-multicolumn-010,css_break,yes,wpt/css_break/out-of-flow-in-multicolumn-010,pass,0.00,,
wpt/css_break/out-of-flow-in-multicolumn-011,css_break,yes,wpt/css_break/out-of-flow-in-multicolumn-011,pass,0.00,,
wpt/css_break/out-of-flow-in-multicolumn-012,css_break,yes,wpt/css_break/out-of-flow-in-multicolumn-012,fail,0.11,sp12_layout_bug,
wpt/css_break/out-of-flow-in-multicolumn-013,css_break,yes,wpt/css_break/out-of-flow-in-multicolumn-013,fail,2.12,sp12_layout_bug,
wpt/css_break/out-of-flow-in-multicolumn-014,css_break,yes,wpt/css_break/out-of-flow-in-multicolumn-014,pass,0.00,,
wpt/css_break/out-of-flow-in-multicolumn-014-ref,css_break,yes,wpt/css_break/out-of-flow-in-multicolumn-014-ref,pass,0.00,,
wpt/css_break/out-of-flow-in-multicolumn-015,css_break,yes,wpt/css_break/out-of-flow-in-multicolumn-015,fail,0.64,sp12_layout_bug,
wpt/css_break/out-of-flow-in-multicolumn-016,css_break,yes,wpt/css_break/out-of-flow-in-multicolumn-016,fail,1.06,sp12_layout_bug,
wpt/css_break/out-of-flow-in-multicolumn-017,css_break,yes,wpt/css_break/out-of-flow-in-multicolumn-017,fail,1.91,sp12_layout_bug,
wpt/css_break/out-of-flow-in-multicolumn-018,css_break,yes,wpt/css_break/out-of-flow-in-multicolumn-018,fail,1.91,sp12_layout_bug,
wpt/css_break/out-of-flow-in-multicolumn-019,css_break,yes,wpt/css_break/out-of-flow-in-multicolumn-019,fail,1.55,sp12_layout_bug,
wpt/css_break/out-of-flow-in-multicolumn-019-ref,css_break,yes,wpt/css_break/out-of-flow-in-multicolumn-019-ref,pass,0.00,,
wpt/css_break/out-of-flow-in-multicolumn-020,css_break,yes,wpt/css_break/out-of-flow-in-multicolumn-020,fail,1.06,sp12_layout_bug,
wpt/css_break/out-of-flow-in-multicolumn-021,css_break,yes,wpt/css_break/out-of-flow-in-multicolumn-021,fail,2.12,sp12_layout_bug,
wpt/css_break/out-of-flow-in-multicolumn-022,css_break,yes,wpt/css_break/out-of-flow-in-multicolumn-022,fail,2.12,sp12_layout_bug,
wpt/css_break/out-of-flow-in-multicolumn-023,css_break,yes,wpt/css_break/out-of-flow-in-multicolumn-023,fail,3.18,sp12_layout_bug,
wpt/css_break/out-of-flow-in-multicolumn-024,css_break,yes,wpt/css_break/out-of-flow-in-multicolumn-024,fail,3.18,sp12_layout_bug,
wpt/css_break/out-of-flow-in-multicolumn-025,css_break,yes,wpt/css_break/out-of-flow-in-multicolumn-025,fail,2.12,sp12_layout_bug,
wpt/css_break/out-of-flow-in-multicolumn-026,css_break,yes,wpt/css_break/out-of-flow-in-multicolumn-026,fail,2.12,sp12_layout_bug,
wpt/css_break/out-of-flow-in-multicolumn-027,css_break,yes,wpt/css_break/out-of-flow-in-multicolumn-027,fail,2.12,sp12_layout_bug,
wpt/css_break/out-of-flow-in-multicolumn-028,css_break,yes,wpt/css_break/out-of-flow-in-multicolumn-028,fail,3.18,sp12_layout_bug,
wpt/css_break/out-of-flow-in-multicolumn-042,css_break,yes,wpt/css_break/out-of-flow-in-multicolumn-042,fail,2.12,sp12_layout_bug,
wpt/css_break/out-of-flow-in-multicolumn-043,css_break,yes,wpt/css_break/out-of-flow-in-multicolumn-043,fail,2.12,sp12_layout_bug,
wpt/css_break/out-of-flow-in-multicolumn-045,css_break,yes,wpt/css_break/out-of-flow-in-multicolumn-045,fail,2.12,sp12_layout_bug,
wpt/css_break/out-of-flow-in-multicolumn-046,css_break,yes,wpt/css_break/out-of-flow-in-multicolumn-046,fail,2.12,sp12_layout_bug,
wpt/css_break/out-of-flow-in-multicolumn-047,css_break,yes,wpt/css_break/out-of-flow-in-multicolumn-047,fail,2.12,sp12_layout_bug,
wpt/css_break/out-of-flow-in-multicolumn-048,css_break,yes,wpt/css_break/out-of-flow-in-multicolumn-048,fail,1.17,"needs_text,needs_font_metrics",SP11/SP13: Text Rendering; SP11: Font Metrics
wpt/css_break/out-of-flow-in-multicolumn-049,css_break,yes,wpt/css_break/out-of-flow-in-multicolumn-049,fail,1.59,"needs_text,needs_font_metrics",SP11/SP13: Text Rendering; SP11: Font Metrics
wpt/css_break/out-of-flow-in-multicolumn-050,css_break,yes,wpt/css_break/out-of-flow-in-multicolumn-050,fail,0.42,"needs_text,needs_font_metrics",SP11/SP13: Text Rendering; SP11: Font Metrics
wpt/css_break/out-of-flow-in-multicolumn-051,css_break,yes,wpt/css_break/out-of-flow-in-multicolumn-051,pass,0.00,,
wpt/css_break/out-of-flow-in-multicolumn-052,css_break,yes,wpt/css_break/out-of-flow-in-multicolumn-052,fail,2.12,"needs_text,needs_font_metrics",SP11/SP13: Text Rendering; SP11: Font Metrics
wpt/css_break/out-of-flow-in-multicolumn-053,css_break,yes,wpt/css_break/out-of-flow-in-multicolumn-053,fail,2.12,"needs_text,needs_font_metrics",SP11/SP13: Text Rendering; SP11: Font Metrics
wpt/css_break/out-of-flow-in-multicolumn-054,css_break,yes,wpt/css_break/out-of-flow-in-multicolumn-054,fail,2.12,"needs_text,needs_font_metrics",SP11/SP13: Text Rendering; SP11: Font Metrics
wpt/css_break/out-of-flow-in-multicolumn-055,css_break,yes,wpt/css_break/out-of-flow-in-multicolumn-055,fail,1.17,"needs_text,needs_font_metrics",SP11/SP13: Text Rendering; SP11: Font Metrics
wpt/css_break/out-of-flow-in-multicolumn-056,css_break,yes,wpt/css_break/out-of-flow-in-multicolumn-056,fail,1.27,needs_text,SP11/SP13: Text Rendering
wpt/css_break/out-of-flow-in-multicolumn-057,css_break,yes,wpt/css_break/out-of-flow-in-multicolumn-057,fail,2.12,"needs_text,needs_font_metrics",SP11/SP13: Text Rendering; SP11: Font Metrics
wpt/css_break/out-of-flow-in-multicolumn-058,css_break,yes,wpt/css_break/out-of-flow-in-multicolumn-058,fail,2.12,needs_text,SP11/SP13: Text Rendering
wpt/css_break/out-of-flow-in-multicolumn-059,css_break,yes,wpt/css_break/out-of-flow-in-multicolumn-059,fail,2.12,needs_text,SP11/SP13: Text Rendering
wpt/css_break/out-of-flow-in-multicolumn-060,css_break,yes,wpt/css_break/out-of-flow-in-multicolumn-060,fail,2.12,needs_text,SP11/SP13: Text Rendering
wpt/css_break/out-of-flow-in-multicolumn-062,css_break,yes,wpt/css_break/out-of-flow-in-multicolumn-062,fail,2.12,needs_text,SP11/SP13: Text Rendering
wpt/css_break/out-of-flow-in-multicolumn-068,css_break,yes,wpt/css_break/out-of-flow-in-multicolumn-068,pass,0.00,,
wpt/css_break/out-of-flow-in-multicolumn-069,css_break,yes,wpt/css_break/out-of-flow-in-multicolumn-069,fail,3.61,sp12_layout_bug,
wpt/css_break/out-of-flow-in-multicolumn-070,css_break,yes,wpt/css_break/out-of-flow-in-multicolumn-070,fail,2.55,needs_text,SP11/SP13: Text Rendering
wpt/css_break/out-of-flow-in-multicolumn-071,css_break,yes,wpt/css_break/out-of-flow-in-multicolumn-071,fail,3.61,sp12_layout_bug,
wpt/css_break/out-of-flow-in-multicolumn-072,css_break,yes,wpt/css_break/out-of-flow-in-multicolumn-072,fail,3.61,sp12_layout_bug,
wpt/css_break/out-of-flow-in-multicolumn-074,css_break,yes,wpt/css_break/out-of-flow-in-multicolumn-074,fail,2.12,sp12_layout_bug,
wpt/css_break/out-of-flow-in-multicolumn-075,css_break,yes,wpt/css_break/out-of-flow-in-multicolumn-075,pass,0.00,,
wpt/css_break/out-of-flow-in-multicolumn-077,css_break,yes,wpt/css_break/out-of-flow-in-multicolumn-077,fail,2.55,sp12_layout_bug,
wpt/css_break/out-of-flow-in-multicolumn-078,css_break,yes,wpt/css_break/out-of-flow-in-multicolumn-078,fail,2.55,sp12_layout_bug,
wpt/css_break/out-of-flow-in-multicolumn-079,css_break,yes,wpt/css_break/out-of-flow-in-multicolumn-079,fail,2.55,sp12_layout_bug,
wpt/css_break/out-of-flow-in-multicolumn-080,css_break,yes,wpt/css_break/out-of-flow-in-multicolumn-080,fail,2.55,sp12_layout_bug,
wpt/css_break/out-of-flow-in-multicolumn-081,css_break,yes,wpt/css_break/out-of-flow-in-multicolumn-081,fail,2.53,sp12_layout_bug,
wpt/css_break/out-of-flow-in-multicolumn-082,css_break,yes,wpt/css_break/out-of-flow-in-multicolumn-082,fail,3.18,sp12_layout_bug,
wpt/css_break/out-of-flow-in-multicolumn-083,css_break,yes,wpt/css_break/out-of-flow-in-multicolumn-083,pass,0.00,,
wpt/css_break/out-of-flow-in-multicolumn-084,css_break,yes,wpt/css_break/out-of-flow-in-multicolumn-084,pass,0.00,,
wpt/css_break/out-of-flow-in-multicolumn-100,css_break,yes,wpt/css_break/out-of-flow-in-multicolumn-100,pass,0.00,,
wpt/css_break/out-of-flow-in-multicolumn-101,css_break,yes,wpt/css_break/out-of-flow-in-multicolumn-101,pass,0.00,,
wpt/css_break/out-of-flow-in-multicolumn-102,css_break,yes,wpt/css_break/out-of-flow-in-multicolumn-102,fail,0.45,sp12_layout_bug,
wpt/css_break/out-of-flow-in-multicolumn-103,css_break,yes,wpt/css_break/out-of-flow-in-multicolumn-103,fail,0.34,sp12_layout_bug,
wpt/css_break/out-of-flow-in-multicolumn-104,css_break,yes,wpt/css_break/out-of-flow-in-multicolumn-104,fail,2.12,sp12_layout_bug,
wpt/css_break/out-of-flow-in-multicolumn-107,css_break,yes,wpt/css_break/out-of-flow-in-multicolumn-107,pass,0.00,,
wpt/css_break/out-of-flow-in-multicolumn-109,css_break,yes,wpt/css_break/out-of-flow-in-multicolumn-109,fail,1.27,sp12_layout_bug,
wpt/css_break/out-of-flow-in-multicolumn-110,css_break,yes,wpt/css_break/out-of-flow-in-multicolumn-110,fail,1.27,sp12_layout_bug,
wpt/css_break/out-of-flow-in-multicolumn-111,css_break,yes,wpt/css_break/out-of-flow-in-multicolumn-111,fail,0.21,sp12_layout_bug,
wpt/css_break/out-of-flow-in-multicolumn-112,css_break,yes,wpt/css_break/out-of-flow-in-multicolumn-112,pass,0.00,,
wpt/css_break/out-of-flow-in-multicolumn-113,css_break,yes,wpt/css_break/out-of-flow-in-multicolumn-113,pass,0.00,,
wpt/css_break/out-of-flow-in-multicolumn-114,css_break,yes,wpt/css_break/out-of-flow-in-multicolumn-114,fail,0.32,sp12_layout_bug,
wpt/css_break/out-of-flow-in-multicolumn-117,css_break,yes,wpt/css_break/out-of-flow-in-multicolumn-117,fail,2.12,sp12_layout_bug,
wpt/css_break/out-of-flow-in-multicolumn-121,css_break,yes,wpt/css_break/out-of-flow-in-multicolumn-121,pass,0.00,,
wpt/css_break/out-of-flow-in-multicolumn-122,css_break,yes,wpt/css_break/out-of-flow-in-multicolumn-122,fail,0.53,sp12_layout_bug,
wpt/css_break/out-of-flow-in-multicolumn-123,css_break,yes,wpt/css_break/out-of-flow-in-multicolumn-123,pass,0.00,,
wpt/css_break/out-of-flow-in-multicolumn-124,css_break,yes,wpt/css_break/out-of-flow-in-multicolumn-124,pass,0.00,,
wpt/css_break/out-of-flow-in-multicolumn-125,css_break,yes,wpt/css_break/out-of-flow-in-multicolumn-125,fail,0.00,sp12_layout_bug,
wpt/css_break/out-of-flow-in-multicolumn-126,css_break,yes,wpt/css_break/out-of-flow-in-multicolumn-126,pass,0.00,,
wpt/css_break/out-of-flow-in-multicolumn-crash,css_break,yes,wpt/css_break/out-of-flow-in-multicolumn-crash,pass,0.00,,
wpt/css_break/out-of-flow-in-multicolumn-paint-order-001,css_break,yes,wpt/css_break/out-of-flow-in-multicolumn-paint-order-001,pass,0.00,,
wpt/css_break/out-of-flow-in-multicolumn-paint-order-002,css_break,yes,wpt/css_break/out-of-flow-in-multicolumn-paint-order-002,pass,0.00,,
wpt/css_break/out-of-flow-in-nested-spanner-multicol-crash,css_break,yes,wpt/css_break/out-of-flow-in-nested-spanner-multicol-crash,pass,0.00,,
wpt/css_break/out-of-flow-in-new-column-crash,css_break,yes,wpt/css_break/out-of-flow-in-new-column-crash,pass,0.00,,
wpt/css_break/out-of-flow-with-negative-offset-crash,css_break,yes,wpt/css_break/out-of-flow-with-negative-offset-crash,fail,2.50,sp12_layout_bug,
wpt/css_break/out-of-order-float-in-inline-crash,css_break,yes,wpt/css_break/out-of-order-float-in-inline-crash,fail,2.50,needs_text,SP11/SP13: Text Rendering
wpt/css_break/overflow-auto-height-with-bottom-padding-crash,css_break,yes,wpt/css_break/overflow-auto-height-with-bottom-padding-crash,pass,0.00,,
wpt/css_break/overflow-clip-003,css_break,yes,wpt/css_break/overflow-clip-003,fail,0.53,sp12_layout_bug,
wpt/css_break/overflow-clip-004,css_break,yes,wpt/css_break/overflow-clip-004,fail,1.06,sp12_layout_bug,
wpt/css_break/overflow-clip-005,css_break,yes,wpt/css_break/overflow-clip-005,fail,0.85,sp12_layout_bug,
wpt/css_break/overflow-clip-006,css_break,yes,wpt/css_break/overflow-clip-006,fail,0.85,sp12_layout_bug,
wpt/css_break/overflow-clip-008,css_break,yes,wpt/css_break/overflow-clip-008,fail,1.06,sp12_layout_bug,
wpt/css_break/overflow-clip-010,css_break,yes,wpt/css_break/overflow-clip-010,fail,0.85,sp12_layout_bug,
wpt/css_break/overflow-clip-013,css_break,yes,wpt/css_break/overflow-clip-013,pass,0.00,,
wpt/css_break/overflow-clip-014,css_break,yes,wpt/css_break/overflow-clip-014,pass,0.00,,
wpt/css_break/overflow-clip-015,css_break,yes,wpt/css_break/overflow-clip-015,pass,0.00,,
wpt/css_break/overflow-clip-016,css_break,yes,wpt/css_break/overflow-clip-016,pass,0.00,,
wpt/css_break/overflow-clip-017,css_break,yes,wpt/css_break/overflow-clip-017,fail,1.91,sp12_layout_bug,
wpt/css_break/overflowed-abs-pos-with-percentage-height-print-ref,css_break,yes,wpt/css_break/overflowed-abs-pos-with-percentage-height-print-ref,pass,0.00,,
wpt/css_break/overflowed-block-with-no-room-after-000,css_break,yes,wpt/css_break/overflowed-block-with-no-room-after-000,fail,0.64,sp12_layout_bug,
wpt/css_break/overflowed-block-with-no-room-after-001,css_break,yes,wpt/css_break/overflowed-block-with-no-room-after-001,fail,0.64,sp12_layout_bug,
wpt/css_break/overflowed-block-with-room-after-000,css_break,yes,wpt/css_break/overflowed-block-with-room-after-000,fail,1.49,sp12_layout_bug,
wpt/css_break/overflowed-block-with-room-after-001,css_break,yes,wpt/css_break/overflowed-block-with-room-after-001,fail,1.49,sp12_layout_bug,
wpt/css_break/overflowed-block-with-room-after-002,css_break,yes,wpt/css_break/overflowed-block-with-room-after-002,fail,2.87,sp12_layout_bug,
wpt/css_break/overflowed-block-with-room-after-003,css_break,yes,wpt/css_break/overflowed-block-with-room-after-003,fail,1.49,sp12_layout_bug,
wpt/css_break/overflowed-block-with-room-after-004,css_break,yes,wpt/css_break/overflowed-block-with-room-after-004,fail,1.49,sp12_layout_bug,
wpt/css_break/overflowing-block-002-print,css_break,yes,wpt/css_break/overflowing-block-002-print,fail,1.95,needs_font_metrics,SP11: Font Metrics
wpt/css_break/overflowing-block-002-print-ref,css_break,yes,wpt/css_break/overflowing-block-002-print-ref,fail,10.85,needs_font_metrics,SP11: Font Metrics
wpt/css_break/overflowing-block-003,css_break,yes,wpt/css_break/overflowing-block-003,fail,1.59,needs_font_metrics,SP11: Font Metrics
wpt/css_break/overflowing-block-003-ref,css_break,yes,wpt/css_break/overflowing-block-003-ref,pass,0.00,,
wpt/css_break/overflowing-block-print,css_break,yes,wpt/css_break/overflowing-block-print,fail,6.36,sp12_layout_bug,
wpt/css_break/overflowing-block-print-ref,css_break,yes,wpt/css_break/overflowing-block-print-ref,fail,9.59,sp12_layout_bug,
wpt/css_break/parallel-flow-trailing-margin-003-crash,css_break,yes,wpt/css_break/parallel-flow-trailing-margin-003-crash,fail,7.56,needs_text,SP11/SP13: Text Rendering
wpt/css_break/relpos-inline,css_break,yes,wpt/css_break/relpos-inline,fail,0.04,needs_text,SP11/SP13: Text Rendering
wpt/css_break/relpos-inline-ref,css_break,yes,wpt/css_break/relpos-inline-ref,fail,0.01,needs_text,SP11/SP13: Text Rendering
wpt/css_break/resumed-float-and-inline-block-crash,css_break,yes,wpt/css_break/resumed-float-and-inline-block-crash,pass,0.00,,
wpt/css_break/root-margin-001-print-ref,css_break,yes,wpt/css_break/root-margin-001-print-ref,pass,0.00,,
wpt/css_break/ruby-000,css_break,yes,wpt/css_break/ruby-000,pass,0.00,,
wpt/css_break/ruby-001,css_break,yes,wpt/css_break/ruby-001,pass,0.00,,
wpt/css_break/ruby-002,css_break,yes,wpt/css_break/ruby-002,fail,1.19,needs_text,SP11/SP13: Text Rendering
wpt/css_break/ruby-003,css_break,yes,wpt/css_break/ruby-003,fail,1.87,sp12_layout_bug,
wpt/css_break/table_repeated-section_abspos-uncontained-text-ref,css_break,yes,wpt/css_break/table_repeated-section_abspos-uncontained-text-ref,pass,0.00,,
wpt/css_break/table_repeated-section_balanced-inner-multicol-ref,css_break,yes,wpt/css_break/table_repeated-section_balanced-inner-multicol-ref,pass,0.00,,
wpt/css_break/table_repeated-section_fixedpos-in-footer-forced-break-print-ref,css_break,yes,wpt/css_break/table_repeated-section_fixedpos-in-footer-forced-break-print-ref,pass,0.00,,
wpt/css_break/table_repeated-section_text-in-nested-multicol-ref,css_break,yes,wpt/css_break/table_repeated-section_text-in-nested-multicol-ref,pass,0.00,,
wpt/css_break/table_repeated-section_variable-fragmentainer-size-001-ref,css_break,yes,wpt/css_break/table_repeated-section_variable-fragmentainer-size-001-ref,pass,0.00,,
wpt/css_break/table_repeated-section_variable-fragmentainer-size-002-ref,css_break,yes,wpt/css_break/table_repeated-section_variable-fragmentainer-size-002-ref,pass,0.00,,
wpt/css_break/table_sections-and-captions-mixed-order-ref,css_break,yes,wpt/css_break/table_sections-and-captions-mixed-order-ref,pass,0.00,,
wpt/css_break/table_specified-block-size-007-ref,css_break,yes,wpt/css_break/table_specified-block-size-007-ref,pass,0.00,,
wpt/css_break/table_table-border-007-ref,css_break,yes,wpt/css_break/table_table-border-007-ref,pass,0.00,,
wpt/css_break/table_table-border-008-ref,css_break,yes,wpt/css_break/table_table-border-008-ref,pass,0.00,,
wpt/css_break/table_table-caption-and-cells-fixed-width-ref,css_break,yes,wpt/css_break/table_table-caption-and-cells-fixed-width-ref,fail,2.17,needs_text,SP11/SP13: Text Rendering
wpt/css_break/table_table-caption-and-cells-ref,css_break,yes,wpt/css_break/table_table-caption-and-cells-ref,fail,2.17,needs_text,SP11/SP13: Text Rendering
wpt/css_break/table_table-caption-with-block-ref,css_break,yes,wpt/css_break/table_table-caption-with-block-ref,pass,0.00,,
wpt/css_break/table_table-col-paint-htb-ltr-ref,css_break,yes,wpt/css_break/table_table-col-paint-htb-ltr-ref,fail,1.63,needs_gradient,SP13: Gradient Rendering
wpt/css_break/table_table-collapsed-borders-paint-at-boundary-ref,css_break,yes,wpt/css_break/table_table-collapsed-borders-paint-at-boundary-ref,fail,0.49,sp12_layout_bug,
wpt/css_break/table_table-collapsed-borders-paint-htb-ltr-ref,css_break,yes,wpt/css_break/table_table-collapsed-borders-paint-htb-ltr-ref,fail,1.22,sp12_layout_bug,
wpt/css_break/table_table-fragmentation-001a-print-ref,css_break,yes,wpt/css_break/table_table-fragmentation-001a-print-ref,fail,11.14,sp12_layout_bug,
wpt/css_break/table_table-fragmentation-001c-print-ref,css_break,yes,wpt/css_break/table_table-fragmentation-001c-print-ref,fail,12.49,sp12_layout_bug,
wpt/css_break/table_table-fragmentation-002a-print-ref,css_break,yes,wpt/css_break/table_table-fragmentation-002a-print-ref,fail,11.14,sp12_layout_bug,
wpt/css_break/table_table-fragmentation-002c-print-ref,css_break,yes,wpt/css_break/table_table-fragmentation-002c-print-ref,fail,11.14,sp12_layout_bug,
wpt/css_break/table_table-fragmentation-003a-print-ref,css_break,yes,wpt/css_break/table_table-fragmentation-003a-print-ref,fail,23.56,sp12_layout_bug,
wpt/css_break/table_table-fragmentation-003c-print-ref,css_break,yes,wpt/css_break/table_table-fragmentation-003c-print-ref,fail,21.62,sp12_layout_bug,
wpt/css_break/table_table-grid-paint-htb-ltr-ref,css_break,yes,wpt/css_break/table_table-grid-paint-htb-ltr-ref,fail,4.99,needs_gradient,SP13: Gradient Rendering
wpt/css_break/table_table-row-paint-htb-ltr-ref,css_break,yes,wpt/css_break/table_table-row-paint-htb-ltr-ref,fail,1.63,needs_gradient,SP13: Gradient Rendering
wpt/css_break/table_table-section-paint-htb-ltr-ref,css_break,yes,wpt/css_break/table_table-section-paint-htb-ltr-ref,fail,1.63,needs_gradient,SP13: Gradient Rendering
wpt/css_break/tall-break-inside-avoid-at-start,css_break,yes,wpt/css_break/tall-break-inside-avoid-at-start,pass,0.00,,
wpt/css_break/tall-float-pushed-to-next-fragmentainer-000,css_break,yes,wpt/css_break/tall-float-pushed-to-next-fragmentainer-000,pass,0.00,,
wpt/css_break/tall-float-pushed-to-next-fragmentainer-001,css_break,yes,wpt/css_break/tall-float-pushed-to-next-fragmentainer-001,fail,1.06,needs_text,SP11/SP13: Text Rendering
wpt/css_break/tall-float-pushed-to-next-fragmentainer-002,css_break,yes,wpt/css_break/tall-float-pushed-to-next-fragmentainer-002,fail,0.64,needs_text,SP11/SP13: Text Rendering
wpt/css_break/tall-float-pushed-to-next-fragmentainer-003,css_break,yes,wpt/css_break/tall-float-pushed-to-next-fragmentainer-003,fail,0.53,sp12_layout_bug,
wpt/css_break/tall-float-pushed-to-next-fragmentainer-004,css_break,yes,wpt/css_break/tall-float-pushed-to-next-fragmentainer-004,fail,0.96,needs_font_metrics,SP11: Font Metrics
wpt/css_break/tall-line-in-short-fragmentainer-000,css_break,yes,wpt/css_break/tall-line-in-short-fragmentainer-000,fail,2.12,sp12_layout_bug,
wpt/css_break/tall-line-in-short-fragmentainer-001,css_break,yes,wpt/css_break/tall-line-in-short-fragmentainer-001,fail,2.12,sp12_layout_bug,
wpt/css_break/tall-line-in-short-fragmentainer-002,css_break,yes,wpt/css_break/tall-line-in-short-fragmentainer-002,fail,1.06,needs_text,SP11/SP13: Text Rendering
wpt/css_break/text-indent-and-wide-float,css_break,yes,wpt/css_break/text-indent-and-wide-float,pass,0.00,,
wpt/css_break/trailing-child-margin-000,css_break,yes,wpt/css_break/trailing-child-margin-000,fail,1.91,sp12_layout_bug,
wpt/css_break/trailing-child-margin-001,css_break,yes,wpt/css_break/trailing-child-margin-001,fail,0.21,sp12_layout_bug,
wpt/css_break/trailing-child-margin-003,css_break,yes,wpt/css_break/trailing-child-margin-003,fail,0.53,sp12_layout_bug,
wpt/css_break/transform-022-print-ref,css_break,yes,wpt/css_break/transform-022-print-ref,pass,0.00,,
wpt/css_break/transform-023-print-ref,css_break,yes,wpt/css_break/transform-023-print-ref,pass,0.00,,
wpt/css_break/transform-024-print-ref,css_break,yes,wpt/css_break/transform-024-print-ref,fail,15.61,sp12_layout_bug,
wpt/css_break/uncontained-oof-in-inline-after-break-001-crash,css_break,yes,wpt/css_break/uncontained-oof-in-inline-after-break-001-crash,pass,0.00,,
wpt/css_break/underflow-from-next-page-print,css_break,yes,wpt/css_break/underflow-from-next-page-print,pass,0.00,,
wpt/css_break/underflow-from-next-page-print-ref,css_break,yes,wpt/css_break/underflow-from-next-page-print-ref,pass,0.00,,
wpt/css_break/wide-line-after-floats-crash,css_break,yes,wpt/css_break/wide-line-after-floats-crash,pass,0.00,,
wpt/css_break/widows-block-in-inline-001,css_break,yes,wpt/css_break/widows-block-in-inline-001,pass,0.00,,
wpt/css_break/widows-orphans-019,css_break,yes,wpt/css_break/widows-orphans-019,fail,3.40,needs_text,SP11/SP13: Text Rendering
wpt/css_break/widows-orphans-020,css_break,yes,wpt/css_break/widows-orphans-020,pass,0.00,,
wpt/css_break/widows-orphans-021,css_break,yes,wpt/css_break/widows-orphans-021,fail,1.59,needs_text,SP11/SP13: Text Rendering
wpt/css_break/widows-orphans-022,css_break,yes,wpt/css_break/widows-orphans-022,fail,1.33,needs_text,SP11/SP13: Text Rendering
wpt/css_break/widows-orphans-023,css_break,yes,wpt/css_break/widows-orphans-023,fail,1.59,needs_text,SP11/SP13: Text Rendering
wpt/css_break/zero-height-page-break-001-print,css_break,yes,wpt/css_break/zero-height-page-break-001-print,pass,0.00,,
wpt/css_break/zero-height-page-break-001-print-ref,css_break,yes,wpt/css_break/zero-height-page-break-001-print-ref,pass,0.00,,
wpt/css_display/display-contents-alignment-001,css_display,yes,wpt/css_display/display-contents-alignment-001,pass,0.00,,
wpt/css_display/display-contents-alignment-001-ref,css_display,yes,wpt/css_display/display-contents-alignment-001-ref,pass,0.00,,
wpt/css_display/display-contents-block-001,css_display,yes,wpt/css_display/display-contents-block-001,pass,0.00,,
wpt/css_display/display-contents-block-002,css_display,yes,wpt/css_display/display-contents-block-002,pass,0.00,,
wpt/css_display/display-contents-block-002-ref,css_display,yes,wpt/css_display/display-contents-block-002-ref,pass,0.00,,
wpt/css_display/display-contents-dynamic-pseudo-insertion-001-ref,css_display,yes,wpt/css_display/display-contents-dynamic-pseudo-insertion-001-ref,pass,0.00,,
wpt/css_display/display-contents-flex-001,css_display,yes,wpt/css_display/display-contents-flex-001,fail,0.00,sp12_layout_bug,
wpt/css_display/display-contents-flex-001-ref,css_display,yes,wpt/css_display/display-contents-flex-001-ref,pass,0.00,,
wpt/css_display/display-contents-flex-002,css_display,yes,wpt/css_display/display-contents-flex-002,pass,0.00,,
wpt/css_display/display-contents-flex-002-ref,css_display,yes,wpt/css_display/display-contents-flex-002-ref,pass,0.00,,
wpt/css_display/display-contents-flex-003,css_display,yes,wpt/css_display/display-contents-flex-003,pass,0.00,,
wpt/css_display/display-contents-float-001,css_display,yes,wpt/css_display/display-contents-float-001,pass,0.00,,
wpt/css_display/display-contents-inline-001,css_display,yes,wpt/css_display/display-contents-inline-001,pass,0.00,,
wpt/css_display/display-contents-inline-002,css_display,yes,wpt/css_display/display-contents-inline-002,pass,0.00,,
wpt/css_display/display-contents-inline-flex-001,css_display,yes,wpt/css_display/display-contents-inline-flex-001,pass,0.00,,
wpt/css_display/display-contents-inline-flex-001-ref,css_display,yes,wpt/css_display/display-contents-inline-flex-001-ref,pass,0.00,,
wpt/css_display/display-contents-line-height,css_display,yes,wpt/css_display/display-contents-line-height,pass,0.00,,
wpt/css_display/display-contents-line-height-ref,css_display,yes,wpt/css_display/display-contents-line-height-ref,pass,0.00,,
wpt/css_display/display-contents-list-001,css_display,yes,wpt/css_display/display-contents-list-001,pass,0.00,,
wpt/css_display/display-contents-list-001-ref,css_display,yes,wpt/css_display/display-contents-list-001-ref,pass,0.00,,
wpt/css_display/display-contents-multicol-001,css_display,yes,wpt/css_display/display-contents-multicol-001,pass,0.00,,
wpt/css_display/display-contents-multicol-001-ref,css_display,yes,wpt/css_display/display-contents-multicol-001-ref,pass,0.00,,
wpt/css_display/display-contents-oof-001,css_display,yes,wpt/css_display/display-contents-oof-001,pass,0.00,,
wpt/css_display/display-contents-oof-002,css_display,yes,wpt/css_display/display-contents-oof-002,pass,0.00,,
wpt/css_display/display-contents-pass-green-no-red-ref,css_display,yes,wpt/css_display/display-contents-pass-green-no-red-ref,pass,0.00,,
wpt/css_display/display-contents-pass-no-red-ref,css_display,yes,wpt/css_display/display-contents-pass-no-red-ref,pass,0.00,,
wpt/css_display/display-contents-pass-ref,css_display,yes,wpt/css_display/display-contents-pass-ref,pass,0.00,,
wpt/css_display/display-contents-root-background,css_display,yes,wpt/css_display/display-contents-root-background,pass,0.00,,
wpt/css_display/display-contents-root-background-ref,css_display,yes,wpt/css_display/display-contents-root-background-ref,pass,0.00,,
wpt/css_display/display-contents-shadow-dom-1-ref,css_display,yes,wpt/css_display/display-contents-shadow-dom-1-ref,pass,0.00,,
wpt/css_display/display-contents-sharing-001,css_display,yes,wpt/css_display/display-contents-sharing-001,fail,2.24,needs_text,SP11/SP13: Text Rendering
wpt/css_display/display-contents-sharing-001-ref,css_display,yes,wpt/css_display/display-contents-sharing-001-ref,fail,2.24,sp12_layout_bug,
wpt/css_display/display-contents-state-change-001-ref,css_display,yes,wpt/css_display/display-contents-state-change-001-ref,pass,0.00,,
wpt/css_display/display-contents-text-inherit,css_display,yes,wpt/css_display/display-contents-text-inherit,pass,0.00,,
wpt/css_display/display-contents-text-inherit-ref,css_display,yes,wpt/css_display/display-contents-text-inherit-ref,pass,0.00,,
wpt/css_display/display-contents-whitespace-inside-inline,css_display,yes,wpt/css_display/display-contents-whitespace-inside-inline,pass,0.00,,
wpt/css_display/display-contents-whitespace-inside-inline-ref,css_display,yes,wpt/css_display/display-contents-whitespace-inside-inline-ref,pass,0.00,,
wpt/css_display/display-first-line-002-ref,css_display,yes,wpt/css_display/display-first-line-002-ref,pass,0.00,,
wpt/css_display/display-flow-root-001,css_display,yes,wpt/css_display/display-flow-root-001,fail,3.75,"needs_text,needs_font_metrics",SP11/SP13: Text Rendering; SP11: Font Metrics
wpt/css_display/display-flow-root-002,css_display,yes,wpt/css_display/display-flow-root-002,fail,0.09,sp12_layout_bug,
wpt/css_display/display-flow-root-002-ref,css_display,yes,wpt/css_display/display-flow-root-002-ref,fail,0.09,sp12_layout_bug,
wpt/css_display/display-flow-root-dynamic-ref,css_display,yes,wpt/css_display/display-flow-root-dynamic-ref,pass,0.00,,
wpt/css_display/display-flow-root-list-item-001,css_display,yes,wpt/css_display/display-flow-root-list-item-001,fail,5.34,"needs_text,needs_font_metrics",SP11/SP13: Text Rendering; SP11: Font Metrics
wpt/css_flexbox/abspos_flex-abspos-staticpos-fallback-justify-content-001,css_flexbox,yes,wpt/css_flexbox/abspos_flex-abspos-staticpos-fallback-justify-content-001,fail,0.11,needs_text,SP11/SP13: Text Rendering
wpt/css_flexbox/abspos_flex-abspos-staticpos-fallback-justify-content-001-ref,css_flexbox,yes,wpt/css_flexbox/abspos_flex-abspos-staticpos-fallback-justify-content-001-ref,fail,0.10,needs_text,SP11/SP13: Text Rendering
wpt/css_flexbox/abspos_flex-abspos-staticpos-justify-self-001,css_flexbox,yes,wpt/css_flexbox/abspos_flex-abspos-staticpos-justify-self-001,fail,1.75,needs_text,SP11/SP13: Text Rendering
wpt/css_flexbox/abspos_flex-abspos-staticpos-justify-self-001-ref,css_flexbox,yes,wpt/css_flexbox/abspos_flex-abspos-staticpos-justify-self-001-ref,fail,1.75,needs_text,SP11/SP13: Text Rendering
wpt/css_flexbox/abspos_flex-abspos-staticpos-margin-001,css_flexbox,yes,wpt/css_flexbox/abspos_flex-abspos-staticpos-margin-001,fail,1.29,needs_text,SP11/SP13: Text Rendering
wpt/css_flexbox/abspos_flex-abspos-staticpos-margin-001-ref,css_flexbox,yes,wpt/css_flexbox/abspos_flex-abspos-staticpos-margin-001-ref,fail,1.29,needs_text,SP11/SP13: Text Rendering
wpt/css_flexbox/abspos_flex-abspos-staticpos-margin-002,css_flexbox,yes,wpt/css_flexbox/abspos_flex-abspos-staticpos-margin-002,fail,1.27,needs_text,SP11/SP13: Text Rendering
wpt/css_flexbox/abspos_flex-abspos-staticpos-margin-002-ref,css_flexbox,yes,wpt/css_flexbox/abspos_flex-abspos-staticpos-margin-002-ref,fail,1.28,needs_text,SP11/SP13: Text Rendering
wpt/css_flexbox/abspos_flex-abspos-staticpos-margin-003,css_flexbox,yes,wpt/css_flexbox/abspos_flex-abspos-staticpos-margin-003,fail,1.30,needs_text,SP11/SP13: Text Rendering
wpt/css_flexbox/abspos_flex-abspos-staticpos-margin-003-ref,css_flexbox,yes,wpt/css_flexbox/abspos_flex-abspos-staticpos-margin-003-ref,fail,1.31,needs_text,SP11/SP13: Text Rendering
wpt/css_flexbox/abspos_flexbox-abspos-child-001-ref,css_flexbox,yes,wpt/css_flexbox/abspos_flexbox-abspos-child-001-ref,pass,0.00,,
wpt/css_flexbox/abspos_flexbox-abspos-child-001a,css_flexbox,yes,wpt/css_flexbox/abspos_flexbox-abspos-child-001a,pass,0.00,,
wpt/css_flexbox/abspos_flexbox-abspos-child-001b,css_flexbox,yes,wpt/css_flexbox/abspos_flexbox-abspos-child-001b,pass,0.00,,
wpt/css_flexbox/abspos_flexbox-abspos-child-002,css_flexbox,yes,wpt/css_flexbox/abspos_flexbox-abspos-child-002,pass,0.00,,
wpt/css_flexbox/abspos_flexbox-abspos-child-002-ref,css_flexbox,yes,wpt/css_flexbox/abspos_flexbox-abspos-child-002-ref,pass,0.00,,
wpt/css_flexbox/abspos_flexbox_absolute-atomic,css_flexbox,yes,wpt/css_flexbox/abspos_flexbox_absolute-atomic,pass,0.00,,
wpt/css_flexbox/abspos_flexbox_absolute-atomic-ref,css_flexbox,yes,wpt/css_flexbox/abspos_flexbox_absolute-atomic-ref,pass,0.00,,
wpt/css_flexbox/abspos_flexbox_inline-abspos,css_flexbox,yes,wpt/css_flexbox/abspos_flexbox_inline-abspos,pass,0.00,,
wpt/css_flexbox/abspos_position-absolute-005-ref,css_flexbox,yes,wpt/css_flexbox/abspos_position-absolute-005-ref,fail,0.32,needs_text,SP11/SP13: Text Rendering
wpt/css_flexbox/abspos_position-absolute-007,css_flexbox,yes,wpt/css_flexbox/abspos_position-absolute-007,pass,0.00,,
wpt/css_flexbox/abspos_position-absolute-containing-block-001,css_flexbox,yes,wpt/css_flexbox/abspos_position-absolute-containing-block-001,pass,0.00,,
wpt/css_flexbox/abspos_position-absolute-containing-block-001-ref,css_flexbox,yes,wpt/css_flexbox/abspos_position-absolute-containing-block-001-ref,pass,0.00,,
wpt/css_flexbox/abspos_position-absolute-containing-block-002,css_flexbox,yes,wpt/css_flexbox/abspos_position-absolute-containing-block-002,pass,0.00,,
wpt/css_flexbox/abspos_position-absolute-containing-block-002-ref,css_flexbox,yes,wpt/css_flexbox/abspos_position-absolute-containing-block-002-ref,pass,0.00,,
wpt/css_flexbox/align-baseline,css_flexbox,yes,wpt/css_flexbox/align-baseline,pass,0.00,,
wpt/css_flexbox/align-content-wrap-004,css_flexbox,yes,wpt/css_flexbox/align-content-wrap-004,fail,4.71,needs_font_metrics,SP11: Font Metrics
wpt/css_flexbox/align-content_center,css_flexbox,yes,wpt/css_flexbox/align-content_center,pass,0.00,,
wpt/css_flexbox/align-content_flex-end,css_flexbox,yes,wpt/css_flexbox/align-content_flex-end,pass,0.00,,
wpt/css_flexbox/align-content_flex-start,css_flexbox,yes,wpt/css_flexbox/align-content_flex-start,pass,0.00,,
wpt/css_flexbox/align-content_space-around,css_flexbox,yes,wpt/css_flexbox/align-content_space-around,pass,0.00,,
wpt/css_flexbox/align-content_space-between,css_flexbox,yes,wpt/css_flexbox/align-content_space-between,pass,0.00,,
wpt/css_flexbox/align-items-006,css_flexbox,yes,wpt/css_flexbox/align-items-006,pass,0.00,,
wpt/css_flexbox/align-items-009,css_flexbox,yes,wpt/css_flexbox/align-items-009,pass,0.00,,
wpt/css_flexbox/align-items-baseline-overflow-non-visible,css_flexbox,yes,wpt/css_flexbox/align-items-baseline-overflow-non-visible,pass,0.00,,
wpt/css_flexbox/align-self-001,css_flexbox,yes,wpt/css_flexbox/align-self-001,pass,0.00,,
wpt/css_flexbox/align-self-002,css_flexbox,yes,wpt/css_flexbox/align-self-002,pass,0.00,,
wpt/css_flexbox/align-self-003,css_flexbox,yes,wpt/css_flexbox/align-self-003,pass,0.00,,
wpt/css_flexbox/align-self-004,css_flexbox,yes,wpt/css_flexbox/align-self-004,pass,0.00,,
wpt/css_flexbox/align-self-005,css_flexbox,yes,wpt/css_flexbox/align-self-005,pass,0.00,,
wpt/css_flexbox/align-self-006,css_flexbox,yes,wpt/css_flexbox/align-self-006,pass,0.00,,
wpt/css_flexbox/align-self-007,css_flexbox,yes,wpt/css_flexbox/align-self-007,pass,0.00,,
wpt/css_flexbox/align-self-008,css_flexbox,yes,wpt/css_flexbox/align-self-008,pass,0.00,,
wpt/css_flexbox/align-self-009,css_flexbox,yes,wpt/css_flexbox/align-self-009,pass,0.00,,
wpt/css_flexbox/align-self-010,css_flexbox,yes,wpt/css_flexbox/align-self-010,pass,0.00,,
wpt/css_flexbox/align-self-011,css_flexbox,yes,wpt/css_flexbox/align-self-011,pass,0.00,,
wpt/css_flexbox/align-self-012,css_flexbox,yes,wpt/css_flexbox/align-self-012,pass,0.00,,
wpt/css_flexbox/align-self-013,css_flexbox,yes,wpt/css_flexbox/align-self-013,pass,0.00,,
wpt/css_flexbox/align-self-015,css_flexbox,yes,wpt/css_flexbox/align-self-015,pass,0.00,,
wpt/css_flexbox/align-self-016,css_flexbox,yes,wpt/css_flexbox/align-self-016,fail,4.25,needs_gradient,SP13: Gradient Rendering
wpt/css_flexbox/alignment_flex-align-baseline-column-rtl-direction,css_flexbox,yes,wpt/css_flexbox/alignment_flex-align-baseline-column-rtl-direction,fail,1.06,sp12_layout_bug,
wpt/css_flexbox/anonymous-block,css_flexbox,yes,wpt/css_flexbox/anonymous-block,pass,0.00,,
wpt/css_flexbox/anonymous-flex-item-002,css_flexbox,yes,wpt/css_flexbox/anonymous-flex-item-002,pass,0.00,,
wpt/css_flexbox/anonymous-flex-item-004,css_flexbox,yes,wpt/css_flexbox/anonymous-flex-item-004,pass,0.00,,
wpt/css_flexbox/anonymous-flex-item-split-ref,css_flexbox,yes,wpt/css_flexbox/anonymous-flex-item-split-ref,pass,0.00,,
wpt/css_flexbox/aspect-ratio-intrinsic-size-003,css_flexbox,yes,wpt/css_flexbox/aspect-ratio-intrinsic-size-003,pass,0.00,,
wpt/css_flexbox/aspect-ratio-intrinsic-size-008,css_flexbox,yes,wpt/css_flexbox/aspect-ratio-intrinsic-size-008,pass,0.00,,
wpt/css_flexbox/aspect-ratio-intrinsic-size-010,css_flexbox,yes,wpt/css_flexbox/aspect-ratio-intrinsic-size-010,pass,0.00,,
wpt/css_flexbox/aspect-ratio-transferred-max-size,css_flexbox,yes,wpt/css_flexbox/aspect-ratio-transferred-max-size,pass,0.00,,
wpt/css_flexbox/auto-height-column-with-border-and-padding,css_flexbox,yes,wpt/css_flexbox/auto-height-column-with-border-and-padding,fail,3.46,sp12_layout_bug,
wpt/css_flexbox/auto-height-with-flex,css_flexbox,yes,wpt/css_flexbox/auto-height-with-flex,fail,0.33,needs_text,SP11/SP13: Text Rendering
wpt/css_flexbox/baseline-outside-flex-item,css_flexbox,yes,wpt/css_flexbox/baseline-outside-flex-item,pass,0.00,,
wpt/css_flexbox/break-nested-float-in-flex-item-001-print,css_flexbox,yes,wpt/css_flexbox/break-nested-float-in-flex-item-001-print,fail,3.38,sp12_layout_bug,
wpt/css_flexbox/break-nested-float-in-flex-item-002-print,css_flexbox,yes,wpt/css_flexbox/break-nested-float-in-flex-item-002-print,fail,3.38,sp12_layout_bug,
wpt/css_flexbox/break-nested-float-in-flex-item-print-ref,css_flexbox,yes,wpt/css_flexbox/break-nested-float-in-flex-item-print-ref,fail,3.38,sp12_layout_bug,
wpt/css_flexbox/column-flex-child-with-max-width,css_flexbox,yes,wpt/css_flexbox/column-flex-child-with-max-width,pass,0.00,,
wpt/css_flexbox/column-intrinsic-size-aspect-ratio-crash,css_flexbox,yes,wpt/css_flexbox/column-intrinsic-size-aspect-ratio-crash,pass,0.00,,
wpt/css_flexbox/content-height-with-scrollbars,css_flexbox,yes,wpt/css_flexbox/content-height-with-scrollbars,fail,56.06,sp12_layout_bug,
wpt/css_flexbox/css-box-justify-content,css_flexbox,yes,wpt/css_flexbox/css-box-justify-content,fail,0.45,needs_text,SP11/SP13: Text Rendering
wpt/css_flexbox/css-flexbox-row-ref,css_flexbox,yes,wpt/css_flexbox/css-flexbox-row-ref,pass,0.00,,
wpt/css_flexbox/dynamic-bsize-change-ref,css_flexbox,yes,wpt/css_flexbox/dynamic-bsize-change-ref,pass,0.00,,
wpt/css_flexbox/dynamic-isize-change-001-ref,css_flexbox,yes,wpt/css_flexbox/dynamic-isize-change-001-ref,fail,0.04,needs_font_metrics,SP11: Font Metrics
wpt/css_flexbox/empty-flex-box-and-margin-collapsing-ref,css_flexbox,yes,wpt/css_flexbox/empty-flex-box-and-margin-collapsing-ref,pass,0.00,,
wpt/css_flexbox/fieldset-as-item-overflow-ref,css_flexbox,yes,wpt/css_flexbox/fieldset-as-item-overflow-ref,fail,0.32,sp12_layout_bug,
wpt/css_flexbox/fit-content-item-001,css_flexbox,yes,wpt/css_flexbox/fit-content-item-001,pass,0.00,,
wpt/css_flexbox/fixed-table-layout-with-percentage-width-in-flex-item-ref,css_flexbox,yes,wpt/css_flexbox/fixed-table-layout-with-percentage-width-in-flex-item-ref,pass,0.00,,
wpt/css_flexbox/flex-align-content-center,css_flexbox,yes,wpt/css_flexbox/flex-align-content-center,pass,0.00,,
wpt/css_flexbox/flex-align-content-end,css_flexbox,yes,wpt/css_flexbox/flex-align-content-end,pass,0.00,,
wpt/css_flexbox/flex-align-content-space-around,css_flexbox,yes,wpt/css_flexbox/flex-align-content-space-around,pass,0.00,,
wpt/css_flexbox/flex-align-content-space-between,css_flexbox,yes,wpt/css_flexbox/flex-align-content-space-between,pass,0.00,,
wpt/css_flexbox/flex-align-content-start,css_flexbox,yes,wpt/css_flexbox/flex-align-content-start,pass,0.00,,
wpt/css_flexbox/flex-basis-001,css_flexbox,yes,wpt/css_flexbox/flex-basis-001,pass,0.00,,
wpt/css_flexbox/flex-basis-002,css_flexbox,yes,wpt/css_flexbox/flex-basis-002,pass,0.00,,
wpt/css_flexbox/flex-basis-003,css_flexbox,yes,wpt/css_flexbox/flex-basis-003,pass,0.00,,
wpt/css_flexbox/flex-basis-004,css_flexbox,yes,wpt/css_flexbox/flex-basis-004,pass,0.00,,
wpt/css_flexbox/flex-basis-005,css_flexbox,yes,wpt/css_flexbox/flex-basis-005,pass,0.00,,
wpt/css_flexbox/flex-basis-006,css_flexbox,yes,wpt/css_flexbox/flex-basis-006,pass,0.00,,
wpt/css_flexbox/flex-basis-007,css_flexbox,yes,wpt/css_flexbox/flex-basis-007,pass,0.00,,
wpt/css_flexbox/flex-basis-008,css_flexbox,yes,wpt/css_flexbox/flex-basis-008,pass,0.00,,
wpt/css_flexbox/flex-basis-010,css_flexbox,yes,wpt/css_flexbox/flex-basis-010,pass,0.00,,
wpt/css_flexbox/flex-basis-011,css_flexbox,yes,wpt/css_flexbox/flex-basis-011,pass,0.00,,
wpt/css_flexbox/flex-basis-011-ref,css_flexbox,yes,wpt/css_flexbox/flex-basis-011-ref,pass,0.00,,
wpt/css_flexbox/flex-basis-012,css_flexbox,yes,wpt/css_flexbox/flex-basis-012,pass,0.00,,
wpt/css_flexbox/flex-basis-item-margins-001,css_flexbox,yes,wpt/css_flexbox/flex-basis-item-margins-001,fail,1.89,sp12_layout_bug,
wpt/css_flexbox/flex-box-wrap,css_flexbox,yes,wpt/css_flexbox/flex-box-wrap,pass,0.00,,
wpt/css_flexbox/flex-child-percent-basis-resize-1,css_flexbox,yes,wpt/css_flexbox/flex-child-percent-basis-resize-1,fail,0.32,sp12_layout_bug,
wpt/css_flexbox/flex-child-percent-basis-resize-1-ref,css_flexbox,yes,wpt/css_flexbox/flex-child-percent-basis-resize-1-ref,fail,0.59,sp12_layout_bug,
wpt/css_flexbox/flex-container-margin,css_flexbox,yes,wpt/css_flexbox/flex-container-margin,pass,0.00,,
wpt/css_flexbox/flex-direction,css_flexbox,yes,wpt/css_flexbox/flex-direction,fail,12.58,sp12_layout_bug,
wpt/css_flexbox/flex-direction-column,css_flexbox,yes,wpt/css_flexbox/flex-direction-column,pass,0.00,,
wpt/css_flexbox/flex-direction-column-001-visual,css_flexbox,yes,wpt/css_flexbox/flex-direction-column-001-visual,pass,0.00,,
wpt/css_flexbox/flex-direction-column-reverse,css_flexbox,yes,wpt/css_flexbox/flex-direction-column-reverse,pass,0.00,,
wpt/css_flexbox/flex-direction-column-reverse-001-visual,css_flexbox,yes,wpt/css_flexbox/flex-direction-column-reverse-001-visual,pass,0.00,,
wpt/css_flexbox/flex-direction-column-reverse-002-visual,css_flexbox,yes,wpt/css_flexbox/flex-direction-column-reverse-002-visual,pass,0.00,,
wpt/css_flexbox/flex-direction-row-001-visual,css_flexbox,yes,wpt/css_flexbox/flex-direction-row-001-visual,pass,0.00,,
wpt/css_flexbox/flex-direction-row-002-visual,css_flexbox,yes,wpt/css_flexbox/flex-direction-row-002-visual,pass,0.00,,
wpt/css_flexbox/flex-direction-row-reverse,css_flexbox,yes,wpt/css_flexbox/flex-direction-row-reverse,pass,0.00,,
wpt/css_flexbox/flex-direction-row-reverse-001-visual,css_flexbox,yes,wpt/css_flexbox/flex-direction-row-reverse-001-visual,pass,0.00,,
wpt/css_flexbox/flex-direction-row-reverse-002-visual,css_flexbox,yes,wpt/css_flexbox/flex-direction-row-reverse-002-visual,pass,0.00,,
wpt/css_flexbox/flex-flow-001,css_flexbox,yes,wpt/css_flexbox/flex-flow-001,pass,0.00,,
wpt/css_flexbox/flex-flow-001-ref,css_flexbox,yes,wpt/css_flexbox/flex-flow-001-ref,pass,0.00,,
wpt/css_flexbox/flex-flow-002,css_flexbox,yes,wpt/css_flexbox/flex-flow-002,pass,0.00,,
wpt/css_flexbox/flex-flow-002-ref,css_flexbox,yes,wpt/css_flexbox/flex-flow-002-ref,pass,0.00,,
wpt/css_flexbox/flex-flow-003,css_flexbox,yes,wpt/css_flexbox/flex-flow-003,pass,0.00,,
wpt/css_flexbox/flex-flow-004,css_flexbox,yes,wpt/css_flexbox/flex-flow-004,pass,0.00,,
wpt/css_flexbox/flex-flow-005,css_flexbox,yes,wpt/css_flexbox/flex-flow-005,pass,0.00,,
wpt/css_flexbox/flex-flow-006,css_flexbox,yes,wpt/css_flexbox/flex-flow-006,pass,0.00,,
wpt/css_flexbox/flex-flow-007,css_flexbox,yes,wpt/css_flexbox/flex-flow-007,pass,0.00,,
wpt/css_flexbox/flex-flow-007-ref,css_flexbox,yes,wpt/css_flexbox/flex-flow-007-ref,pass,0.00,,
wpt/css_flexbox/flex-flow-008,css_flexbox,yes,wpt/css_flexbox/flex-flow-008,pass,0.00,,
wpt/css_flexbox/flex-flow-009,css_flexbox,yes,wpt/css_flexbox/flex-flow-009,pass,0.00,,
wpt/css_flexbox/flex-flow-010,css_flexbox,yes,wpt/css_flexbox/flex-flow-010,pass,0.00,,
wpt/css_flexbox/flex-flow-011,css_flexbox,yes,wpt/css_flexbox/flex-flow-011,pass,0.00,,
wpt/css_flexbox/flex-flow-012,css_flexbox,yes,wpt/css_flexbox/flex-flow-012,pass,0.00,,
wpt/css_flexbox/flex-grow-001,css_flexbox,yes,wpt/css_flexbox/flex-grow-001,pass,0.00,,
wpt/css_flexbox/flex-grow-001-ref,css_flexbox,yes,wpt/css_flexbox/flex-grow-001-ref,pass,0.00,,
wpt/css_flexbox/flex-grow-002,css_flexbox,yes,wpt/css_flexbox/flex-grow-002,pass,0.00,,
wpt/css_flexbox/flex-grow-003,css_flexbox,yes,wpt/css_flexbox/flex-grow-003,pass,0.00,,
wpt/css_flexbox/flex-grow-004,css_flexbox,yes,wpt/css_flexbox/flex-grow-004,pass,0.00,,
wpt/css_flexbox/flex-grow-005,css_flexbox,yes,wpt/css_flexbox/flex-grow-005,pass,0.00,,
wpt/css_flexbox/flex-grow-006,css_flexbox,yes,wpt/css_flexbox/flex-grow-006,pass,0.00,,
wpt/css_flexbox/flex-grow-007,css_flexbox,yes,wpt/css_flexbox/flex-grow-007,pass,0.00,,
wpt/css_flexbox/flex-grow-008,css_flexbox,yes,wpt/css_flexbox/flex-grow-008,pass,0.00,,
wpt/css_flexbox/flex-height-min-content,css_flexbox,yes,wpt/css_flexbox/flex-height-min-content,pass,0.00,,
wpt/css_flexbox/flex-inline,css_flexbox,yes,wpt/css_flexbox/flex-inline,pass,0.00,,
wpt/css_flexbox/flex-item-and-percentage-abspos,css_flexbox,yes,wpt/css_flexbox/flex-item-and-percentage-abspos,pass,0.00,,
wpt/css_flexbox/flex-item-content-is-min-width-max-content,css_flexbox,yes,wpt/css_flexbox/flex-item-content-is-min-width-max-content,pass,0.00,,
wpt/css_flexbox/flex-item-content-is-min-width-max-content-ref,css_flexbox,yes,wpt/css_flexbox/flex-item-content-is-min-width-max-content-ref,pass,0.00,,
wpt/css_flexbox/flex-item-max-height-min-content,css_flexbox,yes,wpt/css_flexbox/flex-item-max-height-min-content,pass,0.00,,
wpt/css_flexbox/flex-item-max-width-min-content-002,css_flexbox,yes,wpt/css_flexbox/flex-item-max-width-min-content-002,fail,2.12,sp12_layout_bug,
wpt/css_flexbox/flex-item-min-height-min-content,css_flexbox,yes,wpt/css_flexbox/flex-item-min-height-min-content,pass,0.00,,
wpt/css_flexbox/flex-item-position-relative-001,css_flexbox,yes,wpt/css_flexbox/flex-item-position-relative-001,fail,0.47,sp12_layout_bug,
wpt/css_flexbox/flex-item-position-relative-001-ref,css_flexbox,yes,wpt/css_flexbox/flex-item-position-relative-001-ref,pass,0.00,,
wpt/css_flexbox/flex-item-transferred-sizes-padding-border-sizing,css_flexbox,yes,wpt/css_flexbox/flex-item-transferred-sizes-padding-border-sizing,fail,2.65,sp12_layout_bug,
wpt/css_flexbox/flex-item-transferred-sizes-padding-content-sizing,css_flexbox,yes,wpt/css_flexbox/flex-item-transferred-sizes-padding-content-sizing,pass,0.00,,
wpt/css_flexbox/flex-item-vertical-align,css_flexbox,yes,wpt/css_flexbox/flex-item-vertical-align,pass,0.00,,
wpt/css_flexbox/flex-item-z-ordering-002,css_flexbox,yes,wpt/css_flexbox/flex-item-z-ordering-002,pass,0.00,,
wpt/css_flexbox/flex-lines_multi-line-wrap-reverse-column-reverse,css_flexbox,yes,wpt/css_flexbox/flex-lines_multi-line-wrap-reverse-column-reverse,fail,12.64,needs_font_metrics,SP11: Font Metrics
wpt/css_flexbox/flex-lines_multi-line-wrap-reverse-column-reverse-ref,css_flexbox,yes,wpt/css_flexbox/flex-lines_multi-line-wrap-reverse-column-reverse-ref,fail,12.64,needs_font_metrics,SP11: Font Metrics
wpt/css_flexbox/flex-lines_multi-line-wrap-reverse-row-reverse,css_flexbox,yes,wpt/css_flexbox/flex-lines_multi-line-wrap-reverse-row-reverse,pass,0.00,,
wpt/css_flexbox/flex-lines_multi-line-wrap-reverse-row-reverse-ref,css_flexbox,yes,wpt/css_flexbox/flex-lines_multi-line-wrap-reverse-row-reverse-ref,pass,0.00,,
wpt/css_flexbox/flex-lines_multi-line-wrap-with-column-reverse,css_flexbox,yes,wpt/css_flexbox/flex-lines_multi-line-wrap-with-column-reverse,fail,12.64,needs_font_metrics,SP11: Font Metrics
wpt/css_flexbox/flex-lines_multi-line-wrap-with-column-reverse-ref,css_flexbox,yes,wpt/css_flexbox/flex-lines_multi-line-wrap-with-column-reverse-ref,fail,12.64,needs_font_metrics,SP11: Font Metrics
wpt/css_flexbox/flex-lines_multi-line-wrap-with-row-reverse,css_flexbox,yes,wpt/css_flexbox/flex-lines_multi-line-wrap-with-row-reverse,pass,0.00,,
wpt/css_flexbox/flex-lines_multi-line-wrap-with-row-reverse-ref,css_flexbox,yes,wpt/css_flexbox/flex-lines_multi-line-wrap-with-row-reverse-ref,pass,0.00,,
wpt/css_flexbox/flex-margin-no-collapse,css_flexbox,yes,wpt/css_flexbox/flex-margin-no-collapse,pass,0.00,,
wpt/css_flexbox/flex-minimum-height-flex-items-001,css_flexbox,yes,wpt/css_flexbox/flex-minimum-height-flex-items-001,pass,0.00,,
wpt/css_flexbox/flex-minimum-height-flex-items-002,css_flexbox,yes,wpt/css_flexbox/flex-minimum-height-flex-items-002,pass,0.00,,
wpt/css_flexbox/flex-minimum-height-flex-items-003,css_flexbox,yes,wpt/css_flexbox/flex-minimum-height-flex-items-003,pass,0.00,,
wpt/css_flexbox/flex-minimum-height-flex-items-011,css_flexbox,yes,wpt/css_flexbox/flex-minimum-height-flex-items-011,pass,0.00,,
wpt/css_flexbox/flex-minimum-height-flex-items-013,css_flexbox,yes,wpt/css_flexbox/flex-minimum-height-flex-items-013,pass,0.00,,
wpt/css_flexbox/flex-minimum-height-flex-items-014,css_flexbox,yes,wpt/css_flexbox/flex-minimum-height-flex-items-014,pass,0.00,,
wpt/css_flexbox/flex-minimum-height-flex-items-015,css_flexbox,yes,wpt/css_flexbox/flex-minimum-height-flex-items-015,pass,0.00,,
wpt/css_flexbox/flex-minimum-height-flex-items-016,css_flexbox,yes,wpt/css_flexbox/flex-minimum-height-flex-items-016,pass,0.00,,
wpt/css_flexbox/flex-minimum-height-flex-items-017,css_flexbox,yes,wpt/css_flexbox/flex-minimum-height-flex-items-017,pass,0.00,,
wpt/css_flexbox/flex-minimum-height-flex-items-018,css_flexbox,yes,wpt/css_flexbox/flex-minimum-height-flex-items-018,pass,0.00,,
wpt/css_flexbox/flex-minimum-height-flex-items-024,css_flexbox,yes,wpt/css_flexbox/flex-minimum-height-flex-items-024,pass,0.00,,
wpt/css_flexbox/flex-minimum-height-flex-items-026,css_flexbox,yes,wpt/css_flexbox/flex-minimum-height-flex-items-026,pass,0.00,,
wpt/css_flexbox/flex-minimum-height-flex-items-027,css_flexbox,yes,wpt/css_flexbox/flex-minimum-height-flex-items-027,pass,0.00,,
wpt/css_flexbox/flex-minimum-height-flex-items-028,css_flexbox,yes,wpt/css_flexbox/flex-minimum-height-flex-items-028,pass,0.00,,
wpt/css_flexbox/flex-minimum-height-flex-items-029,css_flexbox,yes,wpt/css_flexbox/flex-minimum-height-flex-items-029,fail,2.12,sp12_layout_bug,
wpt/css_flexbox/flex-minimum-height-flex-items-030,css_flexbox,yes,wpt/css_flexbox/flex-minimum-height-flex-items-030,pass,0.00,,
wpt/css_flexbox/flex-minimum-width-flex-items-001,css_flexbox,yes,wpt/css_flexbox/flex-minimum-width-flex-items-001,pass,0.00,,
wpt/css_flexbox/flex-minimum-width-flex-items-002,css_flexbox,yes,wpt/css_flexbox/flex-minimum-width-flex-items-002,pass,0.00,,
wpt/css_flexbox/flex-minimum-width-flex-items-003,css_flexbox,yes,wpt/css_flexbox/flex-minimum-width-flex-items-003,pass,0.00,,
wpt/css_flexbox/flex-order,css_flexbox,yes,wpt/css_flexbox/flex-order,pass,0.00,,
wpt/css_flexbox/flex-order-ref,css_flexbox,yes,wpt/css_flexbox/flex-order-ref,pass,0.00,,
wpt/css_flexbox/flex-shrink-001,css_flexbox,yes,wpt/css_flexbox/flex-shrink-001,pass,0.00,,
wpt/css_flexbox/flex-shrink-002,css_flexbox,yes,wpt/css_flexbox/flex-shrink-002,pass,0.00,,
wpt/css_flexbox/flex-shrink-003,css_flexbox,yes,wpt/css_flexbox/flex-shrink-003,pass,0.00,,
wpt/css_flexbox/flex-shrink-004,css_flexbox,yes,wpt/css_flexbox/flex-shrink-004,pass,0.00,,
wpt/css_flexbox/flex-shrink-005,css_flexbox,yes,wpt/css_flexbox/flex-shrink-005,pass,0.00,,
wpt/css_flexbox/flex-shrink-006,css_flexbox,yes,wpt/css_flexbox/flex-shrink-006,pass,0.00,,
wpt/css_flexbox/flex-shrink-007,css_flexbox,yes,wpt/css_flexbox/flex-shrink-007,pass,0.00,,
wpt/css_flexbox/flex-shrink-008,css_flexbox,yes,wpt/css_flexbox/flex-shrink-008,pass,0.00,,
wpt/css_flexbox/flex-shrink-large-value-crash,css_flexbox,yes,wpt/css_flexbox/flex-shrink-large-value-crash,pass,0.00,,
wpt/css_flexbox/flex-wrap-002,css_flexbox,yes,wpt/css_flexbox/flex-wrap-002,fail,3.18,sp12_layout_bug,
wpt/css_flexbox/flex-wrap-003,css_flexbox,yes,wpt/css_flexbox/flex-wrap-003,fail,3.18,sp12_layout_bug,
wpt/css_flexbox/flex-wrap-004,css_flexbox,yes,wpt/css_flexbox/flex-wrap-004,fail,3.18,sp12_layout_bug,
wpt/css_flexbox/flex-wrap-005,css_flexbox,yes,wpt/css_flexbox/flex-wrap-005,pass,0.00,,
wpt/css_flexbox/flexbox-align-items-center-nested-001,css_flexbox,yes,wpt/css_flexbox/flexbox-align-items-center-nested-001,pass,0.00,,
wpt/css_flexbox/flexbox-align-items-center-nested-001-ref,css_flexbox,yes,wpt/css_flexbox/flexbox-align-items-center-nested-001-ref,pass,0.00,,
wpt/css_flexbox/flexbox-align-self-baseline-compatability,css_flexbox,yes,wpt/css_flexbox/flexbox-align-self-baseline-compatability,pass,0.00,,
wpt/css_flexbox/flexbox-align-self-baseline-horiz-001a,css_flexbox,yes,wpt/css_flexbox/flexbox-align-self-baseline-horiz-001a,fail,0.77,"needs_text,needs_font_metrics",SP11/SP13: Text Rendering; SP11: Font Metrics
wpt/css_flexbox/flexbox-align-self-baseline-horiz-001b,css_flexbox,yes,wpt/css_flexbox/flexbox-align-self-baseline-horiz-001b,fail,0.77,"needs_text,needs_font_metrics",SP11/SP13: Text Rendering; SP11: Font Metrics
wpt/css_flexbox/flexbox-align-self-baseline-horiz-002,css_flexbox,yes,wpt/css_flexbox/flexbox-align-self-baseline-horiz-002,fail,3.51,sp12_layout_bug,
wpt/css_flexbox/flexbox-align-self-baseline-horiz-002-ref,css_flexbox,yes,wpt/css_flexbox/flexbox-align-self-baseline-horiz-002-ref,fail,3.51,sp12_layout_bug,
wpt/css_flexbox/flexbox-align-self-baseline-horiz-003,css_flexbox,yes,wpt/css_flexbox/flexbox-align-self-baseline-horiz-003,fail,3.83,sp12_layout_bug,
wpt/css_flexbox/flexbox-align-self-baseline-horiz-003-ref,css_flexbox,yes,wpt/css_flexbox/flexbox-align-self-baseline-horiz-003-ref,fail,3.51,sp12_layout_bug,
wpt/css_flexbox/flexbox-align-self-baseline-horiz-004,css_flexbox,yes,wpt/css_flexbox/flexbox-align-self-baseline-horiz-004,fail,0.14,needs_font_metrics,SP11: Font Metrics
wpt/css_flexbox/flexbox-align-self-baseline-horiz-004-ref,css_flexbox,yes,wpt/css_flexbox/flexbox-align-self-baseline-horiz-004-ref,fail,0.14,needs_font_metrics,SP11: Font Metrics
wpt/css_flexbox/flexbox-align-self-baseline-horiz-005,css_flexbox,yes,wpt/css_flexbox/flexbox-align-self-baseline-horiz-005,fail,0.27,needs_font_metrics,SP11: Font Metrics
wpt/css_flexbox/flexbox-align-self-baseline-horiz-005-ref,css_flexbox,yes,wpt/css_flexbox/flexbox-align-self-baseline-horiz-005-ref,fail,0.27,needs_font_metrics,SP11: Font Metrics
wpt/css_flexbox/flexbox-align-self-baseline-horiz-007,css_flexbox,yes,wpt/css_flexbox/flexbox-align-self-baseline-horiz-007,fail,0.29,"needs_text,needs_font_metrics",SP11/SP13: Text Rendering; SP11: Font Metrics
wpt/css_flexbox/flexbox-align-self-baseline-horiz-007-ref,css_flexbox,yes,wpt/css_flexbox/flexbox-align-self-baseline-horiz-007-ref,fail,0.29,"needs_text,needs_font_metrics",SP11/SP13: Text Rendering; SP11: Font Metrics
wpt/css_flexbox/flexbox-align-self-horiz-001-block,css_flexbox,yes,wpt/css_flexbox/flexbox-align-self-horiz-001-block,fail,0.31,sp12_layout_bug,
wpt/css_flexbox/flexbox-align-self-horiz-001-ref,css_flexbox,yes,wpt/css_flexbox/flexbox-align-self-horiz-001-ref,fail,0.24,sp12_layout_bug,
wpt/css_flexbox/flexbox-align-self-horiz-003,css_flexbox,yes,wpt/css_flexbox/flexbox-align-self-horiz-003,fail,0.85,sp12_layout_bug,
wpt/css_flexbox/flexbox-align-self-horiz-003-ref,css_flexbox,yes,wpt/css_flexbox/flexbox-align-self-horiz-003-ref,fail,0.10,sp12_layout_bug,
wpt/css_flexbox/flexbox-align-self-horiz-004,css_flexbox,yes,wpt/css_flexbox/flexbox-align-self-horiz-004,fail,8.82,needs_text,SP11/SP13: Text Rendering
wpt/css_flexbox/flexbox-align-self-horiz-004-ref,css_flexbox,yes,wpt/css_flexbox/flexbox-align-self-horiz-004-ref,fail,11.03,needs_text,SP11/SP13: Text Rendering
wpt/css_flexbox/flexbox-align-self-horiz-005,css_flexbox,yes,wpt/css_flexbox/flexbox-align-self-horiz-005,fail,0.55,sp12_layout_bug,
wpt/css_flexbox/flexbox-align-self-horiz-005-ref,css_flexbox,yes,wpt/css_flexbox/flexbox-align-self-horiz-005-ref,fail,0.55,sp12_layout_bug,
wpt/css_flexbox/flexbox-align-self-stretch-vert-001,css_flexbox,yes,wpt/css_flexbox/flexbox-align-self-stretch-vert-001,pass,0.00,,
wpt/css_flexbox/flexbox-align-self-stretch-vert-001-ref,css_flexbox,yes,wpt/css_flexbox/flexbox-align-self-stretch-vert-001-ref,pass,0.00,,
wpt/css_flexbox/flexbox-align-self-stretch-vert-002,css_flexbox,yes,wpt/css_flexbox/flexbox-align-self-stretch-vert-002,pass,0.00,,
wpt/css_flexbox/flexbox-align-self-stretch-vert-002-ref,css_flexbox,yes,wpt/css_flexbox/flexbox-align-self-stretch-vert-002-ref,pass,0.00,,
wpt/css_flexbox/flexbox-align-self-vert-001,css_flexbox,yes,wpt/css_flexbox/flexbox-align-self-vert-001,pass,0.00,,
wpt/css_flexbox/flexbox-align-self-vert-002,css_flexbox,yes,wpt/css_flexbox/flexbox-align-self-vert-002,fail,1.38,sp12_layout_bug,
wpt/css_flexbox/flexbox-align-self-vert-003,css_flexbox,yes,wpt/css_flexbox/flexbox-align-self-vert-003,fail,0.00,sp12_layout_bug,
wpt/css_flexbox/flexbox-align-self-vert-004,css_flexbox,yes,wpt/css_flexbox/flexbox-align-self-vert-004,fail,0.12,sp12_layout_bug,
wpt/css_flexbox/flexbox-align-self-vert-rtl-001,css_flexbox,yes,wpt/css_flexbox/flexbox-align-self-vert-rtl-001,pass,0.00,,
wpt/css_flexbox/flexbox-align-self-vert-rtl-002,css_flexbox,yes,wpt/css_flexbox/flexbox-align-self-vert-rtl-002,fail,2.14,sp12_layout_bug,
wpt/css_flexbox/flexbox-align-self-vert-rtl-003,css_flexbox,yes,wpt/css_flexbox/flexbox-align-self-vert-rtl-003,fail,0.00,sp12_layout_bug,
wpt/css_flexbox/flexbox-align-self-vert-rtl-004,css_flexbox,yes,wpt/css_flexbox/flexbox-align-self-vert-rtl-004,fail,1.74,sp12_layout_bug,
wpt/css_flexbox/flexbox-align-self-vert-rtl-005,css_flexbox,yes,wpt/css_flexbox/flexbox-align-self-vert-rtl-005,fail,3.25,sp12_layout_bug,
wpt/css_flexbox/flexbox-anonymous-items-001,css_flexbox,yes,wpt/css_flexbox/flexbox-anonymous-items-001,pass,0.00,,
wpt/css_flexbox/flexbox-anonymous-items-001-ref,css_flexbox,yes,wpt/css_flexbox/flexbox-anonymous-items-001-ref,pass,0.00,,
wpt/css_flexbox/flexbox-baseline-align-self-baseline-horiz-001,css_flexbox,yes,wpt/css_flexbox/flexbox-baseline-align-self-baseline-horiz-001,pass,0.00,,
wpt/css_flexbox/flexbox-baseline-align-self-baseline-horiz-001-ref,css_flexbox,yes,wpt/css_flexbox/flexbox-baseline-align-self-baseline-horiz-001-ref,pass,0.00,,
wpt/css_flexbox/flexbox-baseline-align-self-baseline-vert-001,css_flexbox,yes,wpt/css_flexbox/flexbox-baseline-align-self-baseline-vert-001,pass,0.00,,
wpt/css_flexbox/flexbox-baseline-align-self-baseline-vert-001-ref,css_flexbox,yes,wpt/css_flexbox/flexbox-baseline-align-self-baseline-vert-001-ref,pass,0.00,,
wpt/css_flexbox/flexbox-baseline-empty-001-ref,css_flexbox,yes,wpt/css_flexbox/flexbox-baseline-empty-001-ref,fail,0.04,needs_font_metrics,SP11: Font Metrics
wpt/css_flexbox/flexbox-baseline-empty-001a,css_flexbox,yes,wpt/css_flexbox/flexbox-baseline-empty-001a,fail,0.04,needs_font_metrics,SP11: Font Metrics
wpt/css_flexbox/flexbox-baseline-empty-001b,css_flexbox,yes,wpt/css_flexbox/flexbox-baseline-empty-001b,fail,0.04,needs_font_metrics,SP11: Font Metrics
wpt/css_flexbox/flexbox-baseline-multi-item-horiz-001-ref,css_flexbox,yes,wpt/css_flexbox/flexbox-baseline-multi-item-horiz-001-ref,pass,0.00,,
wpt/css_flexbox/flexbox-baseline-multi-item-horiz-001a,css_flexbox,yes,wpt/css_flexbox/flexbox-baseline-multi-item-horiz-001a,pass,0.00,,
wpt/css_flexbox/flexbox-baseline-multi-item-horiz-001b,css_flexbox,yes,wpt/css_flexbox/flexbox-baseline-multi-item-horiz-001b,pass,0.00,,
wpt/css_flexbox/flexbox-baseline-multi-item-vert-001-ref,css_flexbox,yes,wpt/css_flexbox/flexbox-baseline-multi-item-vert-001-ref,pass,0.00,,
wpt/css_flexbox/flexbox-baseline-multi-item-vert-001a,css_flexbox,yes,wpt/css_flexbox/flexbox-baseline-multi-item-vert-001a,pass,0.00,,
wpt/css_flexbox/flexbox-baseline-multi-item-vert-001b,css_flexbox,yes,wpt/css_flexbox/flexbox-baseline-multi-item-vert-001b,pass,0.00,,
wpt/css_flexbox/flexbox-baseline-multi-line-horiz-001,css_flexbox,yes,wpt/css_flexbox/flexbox-baseline-multi-line-horiz-001,pass,0.00,,
wpt/css_flexbox/flexbox-baseline-multi-line-horiz-001-ref,css_flexbox,yes,wpt/css_flexbox/flexbox-baseline-multi-line-horiz-001-ref,fail,0.27,sp12_layout_bug,
wpt/css_flexbox/flexbox-baseline-multi-line-horiz-002,css_flexbox,yes,wpt/css_flexbox/flexbox-baseline-multi-line-horiz-002,pass,0.00,,
wpt/css_flexbox/flexbox-baseline-multi-line-horiz-002-ref,css_flexbox,yes,wpt/css_flexbox/flexbox-baseline-multi-line-horiz-002-ref,fail,0.12,sp12_layout_bug,
wpt/css_flexbox/flexbox-baseline-multi-line-horiz-003,css_flexbox,yes,wpt/css_flexbox/flexbox-baseline-multi-line-horiz-003,fail,0.34,sp12_layout_bug,
wpt/css_flexbox/flexbox-baseline-multi-line-horiz-003-ref,css_flexbox,yes,wpt/css_flexbox/flexbox-baseline-multi-line-horiz-003-ref,fail,0.34,sp12_layout_bug,
wpt/css_flexbox/flexbox-baseline-multi-line-horiz-004,css_flexbox,yes,wpt/css_flexbox/flexbox-baseline-multi-line-horiz-004,fail,0.17,sp12_layout_bug,
wpt/css_flexbox/flexbox-baseline-multi-line-horiz-004-ref,css_flexbox,yes,wpt/css_flexbox/flexbox-baseline-multi-line-horiz-004-ref,fail,0.17,sp12_layout_bug,
wpt/css_flexbox/flexbox-baseline-multi-line-vert-001,css_flexbox,yes,wpt/css_flexbox/flexbox-baseline-multi-line-vert-001,pass,0.00,,
wpt/css_flexbox/flexbox-baseline-multi-line-vert-001-ref,css_flexbox,yes,wpt/css_flexbox/flexbox-baseline-multi-line-vert-001-ref,pass,0.00,,
wpt/css_flexbox/flexbox-baseline-multi-line-vert-002,css_flexbox,yes,wpt/css_flexbox/flexbox-baseline-multi-line-vert-002,pass,0.00,,
wpt/css_flexbox/flexbox-baseline-multi-line-vert-002-ref,css_flexbox,yes,wpt/css_flexbox/flexbox-baseline-multi-line-vert-002-ref,pass,0.00,,
wpt/css_flexbox/flexbox-baseline-single-item-001-ref,css_flexbox,yes,wpt/css_flexbox/flexbox-baseline-single-item-001-ref,pass,0.00,,
wpt/css_flexbox/flexbox-baseline-single-item-001a,css_flexbox,yes,wpt/css_flexbox/flexbox-baseline-single-item-001a,fail,0.04,needs_font_metrics,SP11: Font Metrics
wpt/css_flexbox/flexbox-baseline-single-item-001b,css_flexbox,yes,wpt/css_flexbox/flexbox-baseline-single-item-001b,fail,0.20,needs_font_metrics,SP11: Font Metrics
wpt/css_flexbox/flexbox-basic-block-horiz-001,css_flexbox,yes,wpt/css_flexbox/flexbox-basic-block-horiz-001,fail,4.19,sp12_layout_bug,
wpt/css_flexbox/flexbox-basic-block-horiz-001-ref,css_flexbox,yes,wpt/css_flexbox/flexbox-basic-block-horiz-001-ref,fail,4.19,sp12_layout_bug,
wpt/css_flexbox/flexbox-basic-block-vert-001,css_flexbox,yes,wpt/css_flexbox/flexbox-basic-block-vert-001,fail,0.49,sp12_layout_bug,
wpt/css_flexbox/flexbox-basic-block-vert-001-ref,css_flexbox,yes,wpt/css_flexbox/flexbox-basic-block-vert-001-ref,fail,0.49,sp12_layout_bug,
wpt/css_flexbox/flexbox-break-request-horiz-001-ref,css_flexbox,yes,wpt/css_flexbox/flexbox-break-request-horiz-001-ref,fail,0.36,sp12_layout_bug,
wpt/css_flexbox/flexbox-break-request-horiz-001a,css_flexbox,yes,wpt/css_flexbox/flexbox-break-request-horiz-001a,fail,0.36,sp12_layout_bug,
wpt/css_flexbox/flexbox-break-request-horiz-001b,css_flexbox,yes,wpt/css_flexbox/flexbox-break-request-horiz-001b,fail,0.36,sp12_layout_bug,
wpt/css_flexbox/flexbox-break-request-horiz-002-ref,css_flexbox,yes,wpt/css_flexbox/flexbox-break-request-horiz-002-ref,fail,0.36,sp12_layout_bug,
wpt/css_flexbox/flexbox-break-request-horiz-002a,css_flexbox,yes,wpt/css_flexbox/flexbox-break-request-horiz-002a,fail,0.36,sp12_layout_bug,
wpt/css_flexbox/flexbox-break-request-horiz-002b,css_flexbox,yes,wpt/css_flexbox/flexbox-break-request-horiz-002b,fail,0.36,sp12_layout_bug,
wpt/css_flexbox/flexbox-break-request-vert-001-ref,css_flexbox,yes,wpt/css_flexbox/flexbox-break-request-vert-001-ref,fail,0.36,sp12_layout_bug,
wpt/css_flexbox/flexbox-break-request-vert-001a,css_flexbox,yes,wpt/css_flexbox/flexbox-break-request-vert-001a,fail,0.36,sp12_layout_bug,
wpt/css_flexbox/flexbox-break-request-vert-001b,css_flexbox,yes,wpt/css_flexbox/flexbox-break-request-vert-001b,fail,0.36,sp12_layout_bug,
wpt/css_flexbox/flexbox-break-request-vert-002-ref,css_flexbox,yes,wpt/css_flexbox/flexbox-break-request-vert-002-ref,fail,0.36,sp12_layout_bug,
wpt/css_flexbox/flexbox-break-request-vert-002a,css_flexbox,yes,wpt/css_flexbox/flexbox-break-request-vert-002a,fail,0.36,sp12_layout_bug,
wpt/css_flexbox/flexbox-break-request-vert-002b,css_flexbox,yes,wpt/css_flexbox/flexbox-break-request-vert-002b,fail,0.36,sp12_layout_bug,
wpt/css_flexbox/flexbox-collapsed-item-baseline-001,css_flexbox,yes,wpt/css_flexbox/flexbox-collapsed-item-baseline-001,pass,0.00,,
wpt/css_flexbox/flexbox-collapsed-item-baseline-001-ref,css_flexbox,yes,wpt/css_flexbox/flexbox-collapsed-item-baseline-001-ref,pass,0.00,,
wpt/css_flexbox/flexbox-collapsed-item-horiz-001,css_flexbox,yes,wpt/css_flexbox/flexbox-collapsed-item-horiz-001,fail,1.19,sp12_layout_bug,
wpt/css_flexbox/flexbox-collapsed-item-horiz-001-ref,css_flexbox,yes,wpt/css_flexbox/flexbox-collapsed-item-horiz-001-ref,fail,1.98,sp12_layout_bug,
wpt/css_flexbox/flexbox-collapsed-item-horiz-002,css_flexbox,yes,wpt/css_flexbox/flexbox-collapsed-item-horiz-002,pass,0.00,,
wpt/css_flexbox/flexbox-collapsed-item-horiz-002-ref,css_flexbox,yes,wpt/css_flexbox/flexbox-collapsed-item-horiz-002-ref,pass,0.00,,
wpt/css_flexbox/flexbox-collapsed-item-horiz-003,css_flexbox,yes,wpt/css_flexbox/flexbox-collapsed-item-horiz-003,pass,0.00,,
wpt/css_flexbox/flexbox-collapsed-item-horiz-003-ref,css_flexbox,yes,wpt/css_flexbox/flexbox-collapsed-item-horiz-003-ref,pass,0.00,,
wpt/css_flexbox/flexbox-column-row-gap-001,css_flexbox,yes,wpt/css_flexbox/flexbox-column-row-gap-001,pass,0.00,,
wpt/css_flexbox/flexbox-column-row-gap-001-ref,css_flexbox,yes,wpt/css_flexbox/flexbox-column-row-gap-001-ref,fail,0.27,sp12_layout_bug,
wpt/css_flexbox/flexbox-column-row-gap-003,css_flexbox,yes,wpt/css_flexbox/flexbox-column-row-gap-003,pass,0.00,,
wpt/css_flexbox/flexbox-column-row-gap-003-ref,css_flexbox,yes,wpt/css_flexbox/flexbox-column-row-gap-003-ref,pass,0.00,,
wpt/css_flexbox/flexbox-definite-sizes-001,css_flexbox,yes,wpt/css_flexbox/flexbox-definite-sizes-001,pass,0.00,,
wpt/css_flexbox/flexbox-definite-sizes-001-ref,css_flexbox,yes,wpt/css_flexbox/flexbox-definite-sizes-001-ref,pass,0.00,,
wpt/css_flexbox/flexbox-definite-sizes-002,css_flexbox,yes,wpt/css_flexbox/flexbox-definite-sizes-002,pass,0.00,,
wpt/css_flexbox/flexbox-definite-sizes-003,css_flexbox,yes,wpt/css_flexbox/flexbox-definite-sizes-003,pass,0.00,,
wpt/css_flexbox/flexbox-definite-sizes-004,css_flexbox,yes,wpt/css_flexbox/flexbox-definite-sizes-004,pass,0.00,,
wpt/css_flexbox/flexbox-definite-sizes-005,css_flexbox,yes,wpt/css_flexbox/flexbox-definite-sizes-005,fail,2.56,sp12_layout_bug,
wpt/css_flexbox/flexbox-definite-sizes-005-ref,css_flexbox,yes,wpt/css_flexbox/flexbox-definite-sizes-005-ref,fail,2.56,sp12_layout_bug,
wpt/css_flexbox/flexbox-definite-sizes-006,css_flexbox,yes,wpt/css_flexbox/flexbox-definite-sizes-006,pass,0.00,,
wpt/css_flexbox/flexbox-dyn-resize-001-ref,css_flexbox,yes,wpt/css_flexbox/flexbox-dyn-resize-001-ref,pass,0.00,,
wpt/css_flexbox/flexbox-flex-direction-column-percentage-ignored,css_flexbox,yes,wpt/css_flexbox/flexbox-flex-direction-column-percentage-ignored,pass,0.00,,
wpt/css_flexbox/flexbox-flex-flow-001,css_flexbox,yes,wpt/css_flexbox/flexbox-flex-flow-001,pass,0.00,,
wpt/css_flexbox/flexbox-flex-flow-001-ref,css_flexbox,yes,wpt/css_flexbox/flexbox-flex-flow-001-ref,pass,0.00,,
wpt/css_flexbox/flexbox-flex-flow-002,css_flexbox,yes,wpt/css_flexbox/flexbox-flex-flow-002,pass,0.00,,
wpt/css_flexbox/flexbox-flex-flow-002-ref,css_flexbox,yes,wpt/css_flexbox/flexbox-flex-flow-002-ref,pass,0.00,,
wpt/css_flexbox/flexbox-flex-wrap-flexing,css_flexbox,yes,wpt/css_flexbox/flexbox-flex-wrap-flexing,pass,0.00,,
wpt/css_flexbox/flexbox-flex-wrap-flexing-002,css_flexbox,yes,wpt/css_flexbox/flexbox-flex-wrap-flexing-002,fail,1.59,sp12_layout_bug,
wpt/css_flexbox/flexbox-flex-wrap-flexing-ref,css_flexbox,yes,wpt/css_flexbox/flexbox-flex-wrap-flexing-ref,pass,0.00,,
wpt/css_flexbox/flexbox-flex-wrap-horiz-001,css_flexbox,yes,wpt/css_flexbox/flexbox-flex-wrap-horiz-001,fail,0.39,sp12_layout_bug,
wpt/css_flexbox/flexbox-flex-wrap-horiz-001-ref,css_flexbox,yes,wpt/css_flexbox/flexbox-flex-wrap-horiz-001-ref,fail,0.39,sp12_layout_bug,
wpt/css_flexbox/flexbox-flex-wrap-horiz-002,css_flexbox,yes,wpt/css_flexbox/flexbox-flex-wrap-horiz-002,fail,0.17,sp12_layout_bug,
wpt/css_flexbox/flexbox-flex-wrap-horiz-002-ref,css_flexbox,yes,wpt/css_flexbox/flexbox-flex-wrap-horiz-002-ref,fail,0.17,sp12_layout_bug,
wpt/css_flexbox/flexbox-flex-wrap-vert-001,css_flexbox,yes,wpt/css_flexbox/flexbox-flex-wrap-vert-001,fail,0.39,sp12_layout_bug,
wpt/css_flexbox/flexbox-flex-wrap-vert-001-ref,css_flexbox,yes,wpt/css_flexbox/flexbox-flex-wrap-vert-001-ref,fail,0.39,sp12_layout_bug,
wpt/css_flexbox/flexbox-flex-wrap-vert-002,css_flexbox,yes,wpt/css_flexbox/flexbox-flex-wrap-vert-002,fail,0.41,sp12_layout_bug,
wpt/css_flexbox/flexbox-flex-wrap-vert-002-ref,css_flexbox,yes,wpt/css_flexbox/flexbox-flex-wrap-vert-002-ref,fail,0.18,sp12_layout_bug,
wpt/css_flexbox/flexbox-gap-position-absolute,css_flexbox,yes,wpt/css_flexbox/flexbox-gap-position-absolute,pass,0.00,,
wpt/css_flexbox/flexbox-gap-position-absolute-ref,css_flexbox,yes,wpt/css_flexbox/flexbox-gap-position-absolute-ref,pass,0.00,,
wpt/css_flexbox/flexbox-iframe-intrinsic-size-001-ref,css_flexbox,yes,wpt/css_flexbox/flexbox-iframe-intrinsic-size-001-ref,pass,0.00,,
wpt/css_flexbox/flexbox-items-as-stacking-contexts-001,css_flexbox,yes,wpt/css_flexbox/flexbox-items-as-stacking-contexts-001,fail,0.02,sp12_layout_bug,
wpt/css_flexbox/flexbox-items-as-stacking-contexts-001-ref,css_flexbox,yes,wpt/css_flexbox/flexbox-items-as-stacking-contexts-001-ref,fail,0.02,sp12_layout_bug,
wpt/css_flexbox/flexbox-items-as-stacking-contexts-002,css_flexbox,yes,wpt/css_flexbox/flexbox-items-as-stacking-contexts-002,pass,0.00,,
wpt/css_flexbox/flexbox-items-as-stacking-contexts-002-ref,css_flexbox,yes,wpt/css_flexbox/flexbox-items-as-stacking-contexts-002-ref,fail,0.97,needs_font_metrics,SP11: Font Metrics
wpt/css_flexbox/flexbox-items-as-stacking-contexts-003,css_flexbox,yes,wpt/css_flexbox/flexbox-items-as-stacking-contexts-003,fail,0.06,sp12_layout_bug,
wpt/css_flexbox/flexbox-items-as-stacking-contexts-003-ref,css_flexbox,yes,wpt/css_flexbox/flexbox-items-as-stacking-contexts-003-ref,fail,0.07,sp12_layout_bug,
wpt/css_flexbox/flexbox-justify-content-horiz-001-ref,css_flexbox,yes,wpt/css_flexbox/flexbox-justify-content-horiz-001-ref,fail,5.92,needs_font_metrics,SP11: Font Metrics
wpt/css_flexbox/flexbox-justify-content-horiz-001a,css_flexbox,yes,wpt/css_flexbox/flexbox-justify-content-horiz-001a,pass,0.00,,
wpt/css_flexbox/flexbox-justify-content-horiz-001b,css_flexbox,yes,wpt/css_flexbox/flexbox-justify-content-horiz-001b,pass,0.00,,
wpt/css_flexbox/flexbox-justify-content-horiz-002,css_flexbox,yes,wpt/css_flexbox/flexbox-justify-content-horiz-002,fail,1.46,sp12_layout_bug,
wpt/css_flexbox/flexbox-justify-content-horiz-002-ref,css_flexbox,yes,wpt/css_flexbox/flexbox-justify-content-horiz-002-ref,fail,10.73,needs_font_metrics,SP11: Font Metrics
wpt/css_flexbox/flexbox-justify-content-horiz-003,css_flexbox,yes,wpt/css_flexbox/flexbox-justify-content-horiz-003,fail,14.27,sp12_layout_bug,
wpt/css_flexbox/flexbox-justify-content-horiz-003-ref,css_flexbox,yes,wpt/css_flexbox/flexbox-justify-content-horiz-003-ref,fail,7.40,needs_font_metrics,SP11: Font Metrics
wpt/css_flexbox/flexbox-justify-content-horiz-004,css_flexbox,yes,wpt/css_flexbox/flexbox-justify-content-horiz-004,fail,12.33,sp12_layout_bug,
wpt/css_flexbox/flexbox-justify-content-horiz-004-ref,css_flexbox,yes,wpt/css_flexbox/flexbox-justify-content-horiz-004-ref,fail,9.09,needs_font_metrics,SP11: Font Metrics
wpt/css_flexbox/flexbox-justify-content-horiz-005,css_flexbox,yes,wpt/css_flexbox/flexbox-justify-content-horiz-005,fail,2.81,sp12_layout_bug,
wpt/css_flexbox/flexbox-justify-content-horiz-005-ref,css_flexbox,yes,wpt/css_flexbox/flexbox-justify-content-horiz-005-ref,fail,12.29,needs_font_metrics,SP11: Font Metrics
wpt/css_flexbox/flexbox-justify-content-horiz-006,css_flexbox,yes,wpt/css_flexbox/flexbox-justify-content-horiz-006,fail,1.39,sp12_layout_bug,
wpt/css_flexbox/flexbox-justify-content-horiz-006-ref,css_flexbox,yes,wpt/css_flexbox/flexbox-justify-content-horiz-006-ref,fail,11.34,needs_font_metrics,SP11: Font Metrics
wpt/css_flexbox/flexbox-justify-content-vert-001-ref,css_flexbox,yes,wpt/css_flexbox/flexbox-justify-content-vert-001-ref,pass,0.00,,
wpt/css_flexbox/flexbox-justify-content-vert-001a,css_flexbox,yes,wpt/css_flexbox/flexbox-justify-content-vert-001a,pass,0.00,,
wpt/css_flexbox/flexbox-justify-content-vert-001b,css_flexbox,yes,wpt/css_flexbox/flexbox-justify-content-vert-001b,pass,0.00,,
wpt/css_flexbox/flexbox-justify-content-vert-002,css_flexbox,yes,wpt/css_flexbox/flexbox-justify-content-vert-002,fail,0.51,sp12_layout_bug,
wpt/css_flexbox/flexbox-justify-content-vert-002-ref,css_flexbox,yes,wpt/css_flexbox/flexbox-justify-content-vert-002-ref,fail,0.51,sp12_layout_bug,
wpt/css_flexbox/flexbox-justify-content-vert-003,css_flexbox,yes,wpt/css_flexbox/flexbox-justify-content-vert-003,fail,8.15,sp12_layout_bug,
wpt/css_flexbox/flexbox-justify-content-vert-003-ref,css_flexbox,yes,wpt/css_flexbox/flexbox-justify-content-vert-003-ref,pass,0.00,,
wpt/css_flexbox/flexbox-justify-content-vert-004,css_flexbox,yes,wpt/css_flexbox/flexbox-justify-content-vert-004,fail,15.38,sp12_layout_bug,
wpt/css_flexbox/flexbox-justify-content-vert-004-ref,css_flexbox,yes,wpt/css_flexbox/flexbox-justify-content-vert-004-ref,fail,0.31,sp12_layout_bug,
wpt/css_flexbox/flexbox-justify-content-vert-005,css_flexbox,yes,wpt/css_flexbox/flexbox-justify-content-vert-005,pass,0.00,,
wpt/css_flexbox/flexbox-justify-content-vert-005-ref,css_flexbox,yes,wpt/css_flexbox/flexbox-justify-content-vert-005-ref,pass,0.00,,
wpt/css_flexbox/flexbox-justify-content-vert-006,css_flexbox,yes,wpt/css_flexbox/flexbox-justify-content-vert-006,pass,0.00,,
wpt/css_flexbox/flexbox-justify-content-vert-006-ref,css_flexbox,yes,wpt/css_flexbox/flexbox-justify-content-vert-006-ref,pass,0.00,,
wpt/css_flexbox/flexbox-justify-content-wmvert-001-ref,css_flexbox,yes,wpt/css_flexbox/flexbox-justify-content-wmvert-001-ref,pass,0.00,,
wpt/css_flexbox/flexbox-margin-auto-horiz-001,css_flexbox,yes,wpt/css_flexbox/flexbox-margin-auto-horiz-001,pass,0.00,,
wpt/css_flexbox/flexbox-margin-auto-horiz-001-ref,css_flexbox,yes,wpt/css_flexbox/flexbox-margin-auto-horiz-001-ref,fail,2.55,sp12_layout_bug,
wpt/css_flexbox/flexbox-margin-auto-horiz-002,css_flexbox,yes,wpt/css_flexbox/flexbox-margin-auto-horiz-002,pass,0.00,,
wpt/css_flexbox/flexbox-margin-auto-horiz-002-ref,css_flexbox,yes,wpt/css_flexbox/flexbox-margin-auto-horiz-002-ref,pass,0.00,,
wpt/css_flexbox/flexbox-mbp-horiz-001,css_flexbox,yes,wpt/css_flexbox/flexbox-mbp-horiz-001,fail,3.70,sp12_layout_bug,
wpt/css_flexbox/flexbox-mbp-horiz-001-ref,css_flexbox,yes,wpt/css_flexbox/flexbox-mbp-horiz-001-ref,fail,3.70,sp12_layout_bug,
wpt/css_flexbox/flexbox-mbp-horiz-001-reverse,css_flexbox,yes,wpt/css_flexbox/flexbox-mbp-horiz-001-reverse,fail,3.70,sp12_layout_bug,
wpt/css_flexbox/flexbox-mbp-horiz-001-reverse-ref,css_flexbox,yes,wpt/css_flexbox/flexbox-mbp-horiz-001-reverse-ref,fail,3.70,sp12_layout_bug,
wpt/css_flexbox/flexbox-mbp-horiz-001-rtl,css_flexbox,yes,wpt/css_flexbox/flexbox-mbp-horiz-001-rtl,fail,15.13,sp12_layout_bug,
wpt/css_flexbox/flexbox-mbp-horiz-001-rtl-reverse,css_flexbox,yes,wpt/css_flexbox/flexbox-mbp-horiz-001-rtl-reverse,fail,15.13,sp12_layout_bug,
wpt/css_flexbox/flexbox-mbp-horiz-002-ref,css_flexbox,yes,wpt/css_flexbox/flexbox-mbp-horiz-002-ref,fail,5.14,sp12_layout_bug,
wpt/css_flexbox/flexbox-mbp-horiz-002a,css_flexbox,yes,wpt/css_flexbox/flexbox-mbp-horiz-002a,fail,3.52,sp12_layout_bug,
wpt/css_flexbox/flexbox-mbp-horiz-002b,css_flexbox,yes,wpt/css_flexbox/flexbox-mbp-horiz-002b,fail,3.52,sp12_layout_bug,
wpt/css_flexbox/flexbox-mbp-horiz-003,css_flexbox,yes,wpt/css_flexbox/flexbox-mbp-horiz-003,fail,0.08,sp12_layout_bug,
wpt/css_flexbox/flexbox-mbp-horiz-003-ref,css_flexbox,yes,wpt/css_flexbox/flexbox-mbp-horiz-003-ref,fail,0.08,sp12_layout_bug,
wpt/css_flexbox/flexbox-mbp-horiz-003-reverse,css_flexbox,yes,wpt/css_flexbox/flexbox-mbp-horiz-003-reverse,fail,0.08,sp12_layout_bug,
wpt/css_flexbox/flexbox-mbp-horiz-003-reverse-ref,css_flexbox,yes,wpt/css_flexbox/flexbox-mbp-horiz-003-reverse-ref,fail,0.08,sp12_layout_bug,
wpt/css_flexbox/flexbox-mbp-horiz-004,css_flexbox,yes,wpt/css_flexbox/flexbox-mbp-horiz-004,pass,0.00,,
wpt/css_flexbox/flexbox-mbp-horiz-004-ref,css_flexbox,yes,wpt/css_flexbox/flexbox-mbp-horiz-004-ref,pass,0.00,,
wpt/css_flexbox/flexbox-min-height-auto-001,css_flexbox,yes,wpt/css_flexbox/flexbox-min-height-auto-001,fail,0.11,sp12_layout_bug,
wpt/css_flexbox/flexbox-min-height-auto-001-ref,css_flexbox,yes,wpt/css_flexbox/flexbox-min-height-auto-001-ref,pass,0.00,,
wpt/css_flexbox/flexbox-min-height-auto-003,css_flexbox,yes,wpt/css_flexbox/flexbox-min-height-auto-003,fail,0.35,sp12_layout_bug,
wpt/css_flexbox/flexbox-min-height-auto-003-ref,css_flexbox,yes,wpt/css_flexbox/flexbox-min-height-auto-003-ref,fail,0.35,sp12_layout_bug,
wpt/css_flexbox/flexbox-min-height-auto-004,css_flexbox,yes,wpt/css_flexbox/flexbox-min-height-auto-004,fail,2.16,sp12_layout_bug,
wpt/css_flexbox/flexbox-min-height-auto-004-ref,css_flexbox,yes,wpt/css_flexbox/flexbox-min-height-auto-004-ref,fail,0.71,sp12_layout_bug,
wpt/css_flexbox/flexbox-min-width-auto-001,css_flexbox,yes,wpt/css_flexbox/flexbox-min-width-auto-001,fail,0.11,sp12_layout_bug,
wpt/css_flexbox/flexbox-min-width-auto-001-ref,css_flexbox,yes,wpt/css_flexbox/flexbox-min-width-auto-001-ref,pass,0.00,,
wpt/css_flexbox/flexbox-min-width-auto-003,css_flexbox,yes,wpt/css_flexbox/flexbox-min-width-auto-003,fail,0.35,sp12_layout_bug,
wpt/css_flexbox/flexbox-min-width-auto-003-ref,css_flexbox,yes,wpt/css_flexbox/flexbox-min-width-auto-003-ref,fail,0.35,sp12_layout_bug,
wpt/css_flexbox/flexbox-min-width-auto-004,css_flexbox,yes,wpt/css_flexbox/flexbox-min-width-auto-004,fail,2.16,sp12_layout_bug,
wpt/css_flexbox/flexbox-min-width-auto-004-ref,css_flexbox,yes,wpt/css_flexbox/flexbox-min-width-auto-004-ref,fail,0.71,sp12_layout_bug,
wpt/css_flexbox/flexbox-order-from-lowest,css_flexbox,yes,wpt/css_flexbox/flexbox-order-from-lowest,pass,0.00,,
wpt/css_flexbox/flexbox-order-only-flexitems,css_flexbox,yes,wpt/css_flexbox/flexbox-order-only-flexitems,pass,0.00,,
wpt/css_flexbox/flexbox-overflow-horiz-001,css_flexbox,yes,wpt/css_flexbox/flexbox-overflow-horiz-001,fail,0.94,sp12_layout_bug,
wpt/css_flexbox/flexbox-overflow-horiz-001-ref,css_flexbox,yes,wpt/css_flexbox/flexbox-overflow-horiz-001-ref,fail,5.49,sp12_layout_bug,
wpt/css_flexbox/flexbox-overflow-horiz-002,css_flexbox,yes,wpt/css_flexbox/flexbox-overflow-horiz-002,pass,0.00,,
wpt/css_flexbox/flexbox-overflow-horiz-002-ref,css_flexbox,yes,wpt/css_flexbox/flexbox-overflow-horiz-002-ref,pass,0.00,,
wpt/css_flexbox/flexbox-overflow-horiz-003,css_flexbox,yes,wpt/css_flexbox/flexbox-overflow-horiz-003,pass,0.00,,
wpt/css_flexbox/flexbox-overflow-horiz-003-ref,css_flexbox,yes,wpt/css_flexbox/flexbox-overflow-horiz-003-ref,pass,0.00,,
wpt/css_flexbox/flexbox-overflow-horiz-004,css_flexbox,yes,wpt/css_flexbox/flexbox-overflow-horiz-004,pass,0.00,,
wpt/css_flexbox/flexbox-overflow-horiz-004-ref,css_flexbox,yes,wpt/css_flexbox/flexbox-overflow-horiz-004-ref,pass,0.00,,
wpt/css_flexbox/flexbox-overflow-horiz-005,css_flexbox,yes,wpt/css_flexbox/flexbox-overflow-horiz-005,pass,0.00,,
wpt/css_flexbox/flexbox-overflow-horiz-005-ref,css_flexbox,yes,wpt/css_flexbox/flexbox-overflow-horiz-005-ref,pass,0.00,,
wpt/css_flexbox/flexbox-overflow-padding-001,css_flexbox,yes,wpt/css_flexbox/flexbox-overflow-padding-001,pass,0.00,,
wpt/css_flexbox/flexbox-overflow-vert-001,css_flexbox,yes,wpt/css_flexbox/flexbox-overflow-vert-001,fail,0.94,sp12_layout_bug,
wpt/css_flexbox/flexbox-overflow-vert-001-ref,css_flexbox,yes,wpt/css_flexbox/flexbox-overflow-vert-001-ref,fail,0.94,sp12_layout_bug,
wpt/css_flexbox/flexbox-overflow-vert-002,css_flexbox,yes,wpt/css_flexbox/flexbox-overflow-vert-002,pass,0.00,,
wpt/css_flexbox/flexbox-overflow-vert-002-ref,css_flexbox,yes,wpt/css_flexbox/flexbox-overflow-vert-002-ref,pass,0.00,,
wpt/css_flexbox/flexbox-overflow-vert-003,css_flexbox,yes,wpt/css_flexbox/flexbox-overflow-vert-003,pass,0.00,,
wpt/css_flexbox/flexbox-overflow-vert-003-ref,css_flexbox,yes,wpt/css_flexbox/flexbox-overflow-vert-003-ref,pass,0.00,,
wpt/css_flexbox/flexbox-overflow-vert-004,css_flexbox,yes,wpt/css_flexbox/flexbox-overflow-vert-004,pass,0.00,,
wpt/css_flexbox/flexbox-overflow-vert-004-ref,css_flexbox,yes,wpt/css_flexbox/flexbox-overflow-vert-004-ref,pass,0.00,,
wpt/css_flexbox/flexbox-overflow-vert-005,css_flexbox,yes,wpt/css_flexbox/flexbox-overflow-vert-005,pass,0.00,,
wpt/css_flexbox/flexbox-overflow-vert-005-ref,css_flexbox,yes,wpt/css_flexbox/flexbox-overflow-vert-005-ref,pass,0.00,,
wpt/css_flexbox/flexbox-paint-ordering-001,css_flexbox,yes,wpt/css_flexbox/flexbox-paint-ordering-001,fail,0.78,needs_font_metrics,SP11: Font Metrics
wpt/css_flexbox/flexbox-paint-ordering-001-ref,css_flexbox,yes,wpt/css_flexbox/flexbox-paint-ordering-001-ref,pass,0.00,,
wpt/css_flexbox/flexbox-paint-ordering-002,css_flexbox,yes,wpt/css_flexbox/flexbox-paint-ordering-002,fail,3.45,"needs_text,needs_font_metrics",SP11/SP13: Text Rendering; SP11: Font Metrics
wpt/css_flexbox/flexbox-paint-ordering-002-ref,css_flexbox,yes,wpt/css_flexbox/flexbox-paint-ordering-002-ref,fail,3.45,"needs_text,needs_font_metrics",SP11/SP13: Text Rendering; SP11: Font Metrics
wpt/css_flexbox/flexbox-paint-ordering-003,css_flexbox,yes,wpt/css_flexbox/flexbox-paint-ordering-003,pass,0.00,,
wpt/css_flexbox/flexbox-paint-ordering-003-ref,css_flexbox,yes,wpt/css_flexbox/flexbox-paint-ordering-003-ref,pass,0.00,,
wpt/css_flexbox/flexbox-root-node-001-ref,css_flexbox,yes,wpt/css_flexbox/flexbox-root-node-001-ref,pass,0.00,,
wpt/css_flexbox/flexbox-safe-overflow-position-001,css_flexbox,yes,wpt/css_flexbox/flexbox-safe-overflow-position-001,fail,0.18,sp12_layout_bug,
wpt/css_flexbox/flexbox-safe-overflow-position-001-ref,css_flexbox,yes,wpt/css_flexbox/flexbox-safe-overflow-position-001-ref,pass,0.00,,
wpt/css_flexbox/flexbox-safe-overflow-position-002,css_flexbox,yes,wpt/css_flexbox/flexbox-safe-overflow-position-002,pass,0.00,,
wpt/css_flexbox/flexbox-safe-overflow-position-003,css_flexbox,yes,wpt/css_flexbox/flexbox-safe-overflow-position-003,pass,0.00,,
wpt/css_flexbox/flexbox-safe-overflow-position-004,css_flexbox,yes,wpt/css_flexbox/flexbox-safe-overflow-position-004,pass,0.00,,
wpt/css_flexbox/flexbox-single-line-clamp-1,css_flexbox,yes,wpt/css_flexbox/flexbox-single-line-clamp-1,pass,0.00,,
wpt/css_flexbox/flexbox-single-line-clamp-1-ref,css_flexbox,yes,wpt/css_flexbox/flexbox-single-line-clamp-1-ref,pass,0.00,,
wpt/css_flexbox/flexbox-single-line-clamp-2,css_flexbox,yes,wpt/css_flexbox/flexbox-single-line-clamp-2,fail,0.37,sp12_layout_bug,
wpt/css_flexbox/flexbox-single-line-clamp-2-ref,css_flexbox,yes,wpt/css_flexbox/flexbox-single-line-clamp-2-ref,fail,0.37,sp12_layout_bug,
wpt/css_flexbox/flexbox-single-line-clamp-3,css_flexbox,yes,wpt/css_flexbox/flexbox-single-line-clamp-3,pass,0.00,,
wpt/css_flexbox/flexbox-single-line-clamp-3-ref,css_flexbox,yes,wpt/css_flexbox/flexbox-single-line-clamp-3-ref,pass,0.00,,
wpt/css_flexbox/flexbox-sizing-horiz-001,css_flexbox,yes,wpt/css_flexbox/flexbox-sizing-horiz-001,fail,0.76,sp12_layout_bug,
wpt/css_flexbox/flexbox-sizing-horiz-001-ref,css_flexbox,yes,wpt/css_flexbox/flexbox-sizing-horiz-001-ref,fail,0.76,sp12_layout_bug,
wpt/css_flexbox/flexbox-sizing-horiz-002,css_flexbox,yes,wpt/css_flexbox/flexbox-sizing-horiz-002,fail,0.40,sp12_layout_bug,
wpt/css_flexbox/flexbox-sizing-horiz-002-ref,css_flexbox,yes,wpt/css_flexbox/flexbox-sizing-horiz-002-ref,fail,0.40,sp12_layout_bug,
wpt/css_flexbox/flexbox-sizing-vert-001,css_flexbox,yes,wpt/css_flexbox/flexbox-sizing-vert-001,fail,1.34,sp12_layout_bug,
wpt/css_flexbox/flexbox-sizing-vert-001-ref,css_flexbox,yes,wpt/css_flexbox/flexbox-sizing-vert-001-ref,fail,0.33,sp12_layout_bug,
wpt/css_flexbox/flexbox-sizing-vert-002,css_flexbox,yes,wpt/css_flexbox/flexbox-sizing-vert-002,fail,0.23,sp12_layout_bug,
wpt/css_flexbox/flexbox-sizing-vert-002-ref,css_flexbox,yes,wpt/css_flexbox/flexbox-sizing-vert-002-ref,fail,0.23,sp12_layout_bug,
wpt/css_flexbox/flexbox-table-fixup-001-ref,css_flexbox,yes,wpt/css_flexbox/flexbox-table-fixup-001-ref,fail,0.19,sp12_layout_bug,
wpt/css_flexbox/flexbox-whitespace-handling-002,css_flexbox,yes,wpt/css_flexbox/flexbox-whitespace-handling-002,fail,1.12,sp12_layout_bug,
wpt/css_flexbox/flexbox-whitespace-handling-002-ref,css_flexbox,yes,wpt/css_flexbox/flexbox-whitespace-handling-002-ref,fail,1.12,sp12_layout_bug,
wpt/css_flexbox/flexbox-with-multi-column-property,css_flexbox,yes,wpt/css_flexbox/flexbox-with-multi-column-property,pass,0.00,,
wpt/css_flexbox/flexbox-with-pseudo-elements-002-ref,css_flexbox,yes,wpt/css_flexbox/flexbox-with-pseudo-elements-002-ref,pass,0.00,,
wpt/css_flexbox/flexbox-writing-mode-001-ref,css_flexbox,yes,wpt/css_flexbox/flexbox-writing-mode-001-ref,pass,0.00,,
wpt/css_flexbox/flexbox-writing-mode-002-ref,css_flexbox,yes,wpt/css_flexbox/flexbox-writing-mode-002-ref,pass,0.00,,
wpt/css_flexbox/flexbox-writing-mode-003-ref,css_flexbox,yes,wpt/css_flexbox/flexbox-writing-mode-003-ref,pass,0.00,,
wpt/css_flexbox/flexbox-writing-mode-004-ref,css_flexbox,yes,wpt/css_flexbox/flexbox-writing-mode-004-ref,pass,0.00,,
wpt/css_flexbox/flexbox-writing-mode-005-ref,css_flexbox,yes,wpt/css_flexbox/flexbox-writing-mode-005-ref,pass,0.00,,
wpt/css_flexbox/flexbox-writing-mode-006-ref,css_flexbox,yes,wpt/css_flexbox/flexbox-writing-mode-006-ref,pass,0.00,,
wpt/css_flexbox/flexbox-writing-mode-007-ref,css_flexbox,yes,wpt/css_flexbox/flexbox-writing-mode-007-ref,pass,0.00,,
wpt/css_flexbox/flexbox-writing-mode-008-ref,css_flexbox,yes,wpt/css_flexbox/flexbox-writing-mode-008-ref,pass,0.00,,
wpt/css_flexbox/flexbox-writing-mode-009-ref,css_flexbox,yes,wpt/css_flexbox/flexbox-writing-mode-009-ref,pass,0.00,,
wpt/css_flexbox/flexbox-writing-mode-slr-ref,css_flexbox,yes,wpt/css_flexbox/flexbox-writing-mode-slr-ref,pass,0.00,,
wpt/css_flexbox/flexbox_align-content-center,css_flexbox,yes,wpt/css_flexbox/flexbox_align-content-center,pass,0.00,,
wpt/css_flexbox/flexbox_align-content-center-ref,css_flexbox,yes,wpt/css_flexbox/flexbox_align-content-center-ref,pass,0.00,,
wpt/css_flexbox/flexbox_align-content-flexend,css_flexbox,yes,wpt/css_flexbox/flexbox_align-content-flexend,pass,0.00,,
wpt/css_flexbox/flexbox_align-content-flexend-ref,css_flexbox,yes,wpt/css_flexbox/flexbox_align-content-flexend-ref,pass,0.00,,
wpt/css_flexbox/flexbox_align-content-flexstart,css_flexbox,yes,wpt/css_flexbox/flexbox_align-content-flexstart,pass,0.00,,
wpt/css_flexbox/flexbox_align-content-flexstart-ref,css_flexbox,yes,wpt/css_flexbox/flexbox_align-content-flexstart-ref,pass,0.00,,
wpt/css_flexbox/flexbox_align-content-spacearound,css_flexbox,yes,wpt/css_flexbox/flexbox_align-content-spacearound,pass,0.00,,
wpt/css_flexbox/flexbox_align-content-spacearound-ref,css_flexbox,yes,wpt/css_flexbox/flexbox_align-content-spacearound-ref,pass,0.00,,
wpt/css_flexbox/flexbox_align-content-spacebetween,css_flexbox,yes,wpt/css_flexbox/flexbox_align-content-spacebetween,pass,0.00,,
wpt/css_flexbox/flexbox_align-content-spacebetween-ref,css_flexbox,yes,wpt/css_flexbox/flexbox_align-content-spacebetween-ref,pass,0.00,,
wpt/css_flexbox/flexbox_align-content-stretch,css_flexbox,yes,wpt/css_flexbox/flexbox_align-content-stretch,pass,0.00,,
wpt/css_flexbox/flexbox_align-content-stretch-2,css_flexbox,yes,wpt/css_flexbox/flexbox_align-content-stretch-2,pass,0.00,,
wpt/css_flexbox/flexbox_align-content-stretch-2-ref,css_flexbox,yes,wpt/css_flexbox/flexbox_align-content-stretch-2-ref,pass,0.00,,
wpt/css_flexbox/flexbox_align-content-stretch-ref,css_flexbox,yes,wpt/css_flexbox/flexbox_align-content-stretch-ref,pass,0.00,,
wpt/css_flexbox/flexbox_align-items-baseline,css_flexbox,yes,wpt/css_flexbox/flexbox_align-items-baseline,fail,1.74,needs_text,SP11/SP13: Text Rendering
wpt/css_flexbox/flexbox_align-items-baseline-ref,css_flexbox,yes,wpt/css_flexbox/flexbox_align-items-baseline-ref,pass,0.00,,
wpt/css_flexbox/flexbox_align-items-center,css_flexbox,yes,wpt/css_flexbox/flexbox_align-items-center,pass,0.00,,
wpt/css_flexbox/flexbox_align-items-center-2,css_flexbox,yes,wpt/css_flexbox/flexbox_align-items-center-2,pass,0.00,,
wpt/css_flexbox/flexbox_align-items-center-2-ref,css_flexbox,yes,wpt/css_flexbox/flexbox_align-items-center-2-ref,pass,0.00,,
wpt/css_flexbox/flexbox_align-items-center-ref,css_flexbox,yes,wpt/css_flexbox/flexbox_align-items-center-ref,pass,0.00,,
wpt/css_flexbox/flexbox_align-items-flexend,css_flexbox,yes,wpt/css_flexbox/flexbox_align-items-flexend,pass,0.00,,
wpt/css_flexbox/flexbox_align-items-flexend-2,css_flexbox,yes,wpt/css_flexbox/flexbox_align-items-flexend-2,pass,0.00,,
wpt/css_flexbox/flexbox_align-items-flexend-2-ref,css_flexbox,yes,wpt/css_flexbox/flexbox_align-items-flexend-2-ref,pass,0.00,,
wpt/css_flexbox/flexbox_align-items-flexend-ref,css_flexbox,yes,wpt/css_flexbox/flexbox_align-items-flexend-ref,pass,0.00,,
wpt/css_flexbox/flexbox_align-items-flexstart,css_flexbox,yes,wpt/css_flexbox/flexbox_align-items-flexstart,pass,0.00,,
wpt/css_flexbox/flexbox_align-items-flexstart-2,css_flexbox,yes,wpt/css_flexbox/flexbox_align-items-flexstart-2,pass,0.00,,
wpt/css_flexbox/flexbox_align-items-flexstart-2-ref,css_flexbox,yes,wpt/css_flexbox/flexbox_align-items-flexstart-2-ref,pass,0.00,,
wpt/css_flexbox/flexbox_align-items-flexstart-ref,css_flexbox,yes,wpt/css_flexbox/flexbox_align-items-flexstart-ref,pass,0.00,,
wpt/css_flexbox/flexbox_align-items-stretch,css_flexbox,yes,wpt/css_flexbox/flexbox_align-items-stretch,pass,0.00,,
wpt/css_flexbox/flexbox_align-items-stretch-2,css_flexbox,yes,wpt/css_flexbox/flexbox_align-items-stretch-2,pass,0.00,,
wpt/css_flexbox/flexbox_align-items-stretch-2-ref,css_flexbox,yes,wpt/css_flexbox/flexbox_align-items-stretch-2-ref,pass,0.00,,
wpt/css_flexbox/flexbox_align-items-stretch-4,css_flexbox,yes,wpt/css_flexbox/flexbox_align-items-stretch-4,pass,0.00,,
wpt/css_flexbox/flexbox_align-items-stretch-ref,css_flexbox,yes,wpt/css_flexbox/flexbox_align-items-stretch-ref,pass,0.00,,
wpt/css_flexbox/flexbox_align-self-auto,css_flexbox,yes,wpt/css_flexbox/flexbox_align-self-auto,pass,0.00,,
wpt/css_flexbox/flexbox_align-self-auto-ref,css_flexbox,yes,wpt/css_flexbox/flexbox_align-self-auto-ref,pass,0.00,,
wpt/css_flexbox/flexbox_align-self-baseline,css_flexbox,yes,wpt/css_flexbox/flexbox_align-self-baseline,pass,0.00,,
wpt/css_flexbox/flexbox_align-self-baseline-ref,css_flexbox,yes,wpt/css_flexbox/flexbox_align-self-baseline-ref,pass,0.00,,
wpt/css_flexbox/flexbox_align-self-center,css_flexbox,yes,wpt/css_flexbox/flexbox_align-self-center,pass,0.00,,
wpt/css_flexbox/flexbox_align-self-center-ref,css_flexbox,yes,wpt/css_flexbox/flexbox_align-self-center-ref,pass,0.00,,
wpt/css_flexbox/flexbox_align-self-flexend,css_flexbox,yes,wpt/css_flexbox/flexbox_align-self-flexend,pass,0.00,,
wpt/css_flexbox/flexbox_align-self-flexend-ref,css_flexbox,yes,wpt/css_flexbox/flexbox_align-self-flexend-ref,pass,0.00,,
wpt/css_flexbox/flexbox_align-self-flexstart,css_flexbox,yes,wpt/css_flexbox/flexbox_align-self-flexstart,pass,0.00,,
wpt/css_flexbox/flexbox_align-self-flexstart-ref,css_flexbox,yes,wpt/css_flexbox/flexbox_align-self-flexstart-ref,pass,0.00,,
wpt/css_flexbox/flexbox_align-self-stretch,css_flexbox,yes,wpt/css_flexbox/flexbox_align-self-stretch,pass,0.00,,
wpt/css_flexbox/flexbox_align-self-stretch-ref,css_flexbox,yes,wpt/css_flexbox/flexbox_align-self-stretch-ref,pass,0.00,,
wpt/css_flexbox/flexbox_block,css_flexbox,yes,wpt/css_flexbox/flexbox_block,pass,0.00,,
wpt/css_flexbox/flexbox_box-clear,css_flexbox,yes,wpt/css_flexbox/flexbox_box-clear,pass,0.00,,
wpt/css_flexbox/flexbox_box-clear-ref,css_flexbox,yes,wpt/css_flexbox/flexbox_box-clear-ref,pass,0.00,,
wpt/css_flexbox/flexbox_columns-flexitems,css_flexbox,yes,wpt/css_flexbox/flexbox_columns-flexitems,pass,0.00,,
wpt/css_flexbox/flexbox_columns-flexitems-2,css_flexbox,yes,wpt/css_flexbox/flexbox_columns-flexitems-2,pass,0.00,,
wpt/css_flexbox/flexbox_columns-flexitems-2-ref,css_flexbox,yes,wpt/css_flexbox/flexbox_columns-flexitems-2-ref,pass,0.00,,
wpt/css_flexbox/flexbox_columns-flexitems-ref,css_flexbox,yes,wpt/css_flexbox/flexbox_columns-flexitems-ref,pass,0.00,,
wpt/css_flexbox/flexbox_direction-column,css_flexbox,yes,wpt/css_flexbox/flexbox_direction-column,pass,0.00,,
wpt/css_flexbox/flexbox_direction-column-ref,css_flexbox,yes,wpt/css_flexbox/flexbox_direction-column-ref,pass,0.00,,
wpt/css_flexbox/flexbox_direction-column-reverse,css_flexbox,yes,wpt/css_flexbox/flexbox_direction-column-reverse,pass,0.00,,
wpt/css_flexbox/flexbox_direction-column-reverse-ref,css_flexbox,yes,wpt/css_flexbox/flexbox_direction-column-reverse-ref,pass,0.00,,
wpt/css_flexbox/flexbox_direction-row-reverse,css_flexbox,yes,wpt/css_flexbox/flexbox_direction-row-reverse,fail,0.84,"needs_text,needs_font_metrics",SP11/SP13: Text Rendering; SP11: Font Metrics
wpt/css_flexbox/flexbox_direction-row-reverse-ref,css_flexbox,yes,wpt/css_flexbox/flexbox_direction-row-reverse-ref,fail,0.84,"needs_text,needs_font_metrics",SP11/SP13: Text Rendering; SP11: Font Metrics
wpt/css_flexbox/flexbox_display,css_flexbox,yes,wpt/css_flexbox/flexbox_display,fail,5.49,sp12_layout_bug,
wpt/css_flexbox/flexbox_display-ref,css_flexbox,yes,wpt/css_flexbox/flexbox_display-ref,pass,0.00,,
wpt/css_flexbox/flexbox_fbfc,css_flexbox,yes,wpt/css_flexbox/flexbox_fbfc,pass,0.00,,
wpt/css_flexbox/flexbox_fbfc-ref,css_flexbox,yes,wpt/css_flexbox/flexbox_fbfc-ref,pass,0.00,,
wpt/css_flexbox/flexbox_fbfc2,css_flexbox,yes,wpt/css_flexbox/flexbox_fbfc2,pass,0.00,,
wpt/css_flexbox/flexbox_fbfc2-ref,css_flexbox,yes,wpt/css_flexbox/flexbox_fbfc2-ref,pass,0.00,,
wpt/css_flexbox/flexbox_first-line-ref,css_flexbox,yes,wpt/css_flexbox/flexbox_first-line-ref,fail,10.79,sp12_layout_bug,
wpt/css_flexbox/flexbox_flex-0-0,css_flexbox,yes,wpt/css_flexbox/flexbox_flex-0-0,pass,0.00,,
wpt/css_flexbox/flexbox_flex-0-0-0,css_flexbox,yes,wpt/css_flexbox/flexbox_flex-0-0-0,pass,0.00,,
wpt/css_flexbox/flexbox_flex-0-0-0-ref,css_flexbox,yes,wpt/css_flexbox/flexbox_flex-0-0-0-ref,pass,0.00,,
wpt/css_flexbox/flexbox_flex-0-0-0-unitless,css_flexbox,yes,wpt/css_flexbox/flexbox_flex-0-0-0-unitless,pass,0.00,,
wpt/css_flexbox/flexbox_flex-0-0-1-unitless-basis,css_flexbox,yes,wpt/css_flexbox/flexbox_flex-0-0-1-unitless-basis,pass,0.00,,
wpt/css_flexbox/flexbox_flex-0-0-N,css_flexbox,yes,wpt/css_flexbox/flexbox_flex-0-0-N,pass,0.00,,
wpt/css_flexbox/flexbox_flex-0-0-N-ref,css_flexbox,yes,wpt/css_flexbox/flexbox_flex-0-0-N-ref,fail,1.74,needs_text,SP11/SP13: Text Rendering
wpt/css_flexbox/flexbox_flex-0-0-N-shrink,css_flexbox,yes,wpt/css_flexbox/flexbox_flex-0-0-N-shrink,pass,0.00,,
wpt/css_flexbox/flexbox_flex-0-0-N-shrink-ref,css_flexbox,yes,wpt/css_flexbox/flexbox_flex-0-0-N-shrink-ref,fail,3.75,needs_text,SP11/SP13: Text Rendering
wpt/css_flexbox/flexbox_flex-0-0-N-unitless-basis,css_flexbox,yes,wpt/css_flexbox/flexbox_flex-0-0-N-unitless-basis,pass,0.00,,
wpt/css_flexbox/flexbox_flex-0-0-Npercent,css_flexbox,yes,wpt/css_flexbox/flexbox_flex-0-0-Npercent,pass,0.00,,
wpt/css_flexbox/flexbox_flex-0-0-Npercent-ref,css_flexbox,yes,wpt/css_flexbox/flexbox_flex-0-0-Npercent-ref,fail,3.48,needs_text,SP11/SP13: Text Rendering
wpt/css_flexbox/flexbox_flex-0-0-Npercent-shrink,css_flexbox,yes,wpt/css_flexbox/flexbox_flex-0-0-Npercent-shrink,pass,0.00,,
wpt/css_flexbox/flexbox_flex-0-0-Npercent-shrink-ref,css_flexbox,yes,wpt/css_flexbox/flexbox_flex-0-0-Npercent-shrink-ref,fail,8.64,needs_text,SP11/SP13: Text Rendering
wpt/css_flexbox/flexbox_flex-0-0-auto,css_flexbox,yes,wpt/css_flexbox/flexbox_flex-0-0-auto,pass,0.00,,
wpt/css_flexbox/flexbox_flex-0-0-auto-ref,css_flexbox,yes,wpt/css_flexbox/flexbox_flex-0-0-auto-ref,fail,2.17,needs_text,SP11/SP13: Text Rendering
wpt/css_flexbox/flexbox_flex-0-0-auto-shrink,css_flexbox,yes,wpt/css_flexbox/flexbox_flex-0-0-auto-shrink,pass,0.00,,
wpt/css_flexbox/flexbox_flex-0-0-auto-shrink-ref,css_flexbox,yes,wpt/css_flexbox/flexbox_flex-0-0-auto-shrink-ref,fail,4.69,needs_text,SP11/SP13: Text Rendering
wpt/css_flexbox/flexbox_flex-0-1,css_flexbox,yes,wpt/css_flexbox/flexbox_flex-0-1,pass,0.00,,
wpt/css_flexbox/flexbox_flex-0-1-0,css_flexbox,yes,wpt/css_flexbox/flexbox_flex-0-1-0,pass,0.00,,
wpt/css_flexbox/flexbox_flex-0-1-0-ref,css_flexbox,yes,wpt/css_flexbox/flexbox_flex-0-1-0-ref,pass,0.00,,
wpt/css_flexbox/flexbox_flex-0-1-0-unitless,css_flexbox,yes,wpt/css_flexbox/flexbox_flex-0-1-0-unitless,pass,0.00,,
wpt/css_flexbox/flexbox_flex-0-1-1-unitless-basis,css_flexbox,yes,wpt/css_flexbox/flexbox_flex-0-1-1-unitless-basis,pass,0.00,,
wpt/css_flexbox/flexbox_flex-0-1-N,css_flexbox,yes,wpt/css_flexbox/flexbox_flex-0-1-N,pass,0.00,,
wpt/css_flexbox/flexbox_flex-0-1-N-ref,css_flexbox,yes,wpt/css_flexbox/flexbox_flex-0-1-N-ref,fail,1.74,needs_text,SP11/SP13: Text Rendering
wpt/css_flexbox/flexbox_flex-0-1-N-shrink,css_flexbox,yes,wpt/css_flexbox/flexbox_flex-0-1-N-shrink,pass,0.00,,
wpt/css_flexbox/flexbox_flex-0-1-N-shrink-ref,css_flexbox,yes,wpt/css_flexbox/flexbox_flex-0-1-N-shrink-ref,fail,1.30,needs_text,SP11/SP13: Text Rendering
wpt/css_flexbox/flexbox_flex-0-1-N-unitless-basis,css_flexbox,yes,wpt/css_flexbox/flexbox_flex-0-1-N-unitless-basis,pass,0.00,,
wpt/css_flexbox/flexbox_flex-0-1-Npercent,css_flexbox,yes,wpt/css_flexbox/flexbox_flex-0-1-Npercent,pass,0.00,,
wpt/css_flexbox/flexbox_flex-0-1-Npercent-ref,css_flexbox,yes,wpt/css_flexbox/flexbox_flex-0-1-Npercent-ref,fail,3.48,needs_text,SP11/SP13: Text Rendering
wpt/css_flexbox/flexbox_flex-0-1-Npercent-shrink,css_flexbox,yes,wpt/css_flexbox/flexbox_flex-0-1-Npercent-shrink,pass,0.00,,
wpt/css_flexbox/flexbox_flex-0-1-Npercent-shrink-ref,css_flexbox,yes,wpt/css_flexbox/flexbox_flex-0-1-Npercent-shrink-ref,fail,1.30,needs_text,SP11/SP13: Text Rendering
wpt/css_flexbox/flexbox_flex-0-1-auto,css_flexbox,yes,wpt/css_flexbox/flexbox_flex-0-1-auto,pass,0.00,,
wpt/css_flexbox/flexbox_flex-0-1-auto-ref,css_flexbox,yes,wpt/css_flexbox/flexbox_flex-0-1-auto-ref,fail,2.17,needs_text,SP11/SP13: Text Rendering
wpt/css_flexbox/flexbox_flex-0-1-auto-shrink,css_flexbox,yes,wpt/css_flexbox/flexbox_flex-0-1-auto-shrink,pass,0.00,,
wpt/css_flexbox/flexbox_flex-0-1-auto-shrink-ref,css_flexbox,yes,wpt/css_flexbox/flexbox_flex-0-1-auto-shrink-ref,fail,1.74,needs_text,SP11/SP13: Text Rendering
wpt/css_flexbox/flexbox_flex-0-N,css_flexbox,yes,wpt/css_flexbox/flexbox_flex-0-N,pass,0.00,,
wpt/css_flexbox/flexbox_flex-0-N-0,css_flexbox,yes,wpt/css_flexbox/flexbox_flex-0-N-0,pass,0.00,,
wpt/css_flexbox/flexbox_flex-0-N-0-ref,css_flexbox,yes,wpt/css_flexbox/flexbox_flex-0-N-0-ref,pass,0.00,,
wpt/css_flexbox/flexbox_flex-0-N-0-unitless,css_flexbox,yes,wpt/css_flexbox/flexbox_flex-0-N-0-unitless,pass,0.00,,
wpt/css_flexbox/flexbox_flex-0-N-N,css_flexbox,yes,wpt/css_flexbox/flexbox_flex-0-N-N,pass,0.00,,
wpt/css_flexbox/flexbox_flex-0-N-N-ref,css_flexbox,yes,wpt/css_flexbox/flexbox_flex-0-N-N-ref,fail,1.74,needs_text,SP11/SP13: Text Rendering
wpt/css_flexbox/flexbox_flex-0-N-N-shrink,css_flexbox,yes,wpt/css_flexbox/flexbox_flex-0-N-N-shrink,pass,0.00,,
wpt/css_flexbox/flexbox_flex-0-N-N-shrink-ref,css_flexbox,yes,wpt/css_flexbox/flexbox_flex-0-N-N-shrink-ref,fail,1.30,needs_text,SP11/SP13: Text Rendering
wpt/css_flexbox/flexbox_flex-0-N-Npercent,css_flexbox,yes,wpt/css_flexbox/flexbox_flex-0-N-Npercent,pass,0.00,,
wpt/css_flexbox/flexbox_flex-0-N-Npercent-ref,css_flexbox,yes,wpt/css_flexbox/flexbox_flex-0-N-Npercent-ref,fail,3.48,needs_text,SP11/SP13: Text Rendering
wpt/css_flexbox/flexbox_flex-0-N-Npercent-shrink,css_flexbox,yes,wpt/css_flexbox/flexbox_flex-0-N-Npercent-shrink,pass,0.00,,
wpt/css_flexbox/flexbox_flex-0-N-Npercent-shrink-ref,css_flexbox,yes,wpt/css_flexbox/flexbox_flex-0-N-Npercent-shrink-ref,fail,1.30,needs_text,SP11/SP13: Text Rendering
wpt/css_flexbox/flexbox_flex-0-N-auto,css_flexbox,yes,wpt/css_flexbox/flexbox_flex-0-N-auto,pass,0.00,,
wpt/css_flexbox/flexbox_flex-0-N-auto-ref,css_flexbox,yes,wpt/css_flexbox/flexbox_flex-0-N-auto-ref,fail,2.17,needs_text,SP11/SP13: Text Rendering
wpt/css_flexbox/flexbox_flex-0-N-auto-shrink,css_flexbox,yes,wpt/css_flexbox/flexbox_flex-0-N-auto-shrink,pass,0.00,,
wpt/css_flexbox/flexbox_flex-0-N-auto-shrink-ref,css_flexbox,yes,wpt/css_flexbox/flexbox_flex-0-N-auto-shrink-ref,fail,2.89,needs_text,SP11/SP13: Text Rendering
wpt/css_flexbox/flexbox_flex-0-auto,css_flexbox,yes,wpt/css_flexbox/flexbox_flex-0-auto,pass,0.00,,
wpt/css_flexbox/flexbox_flex-1-0,css_flexbox,yes,wpt/css_flexbox/flexbox_flex-1-0,pass,0.00,,
wpt/css_flexbox/flexbox_flex-1-0-0,css_flexbox,yes,wpt/css_flexbox/flexbox_flex-1-0-0,pass,0.00,,
wpt/css_flexbox/flexbox_flex-1-0-0-ref,css_flexbox,yes,wpt/css_flexbox/flexbox_flex-1-0-0-ref,fail,4.35,needs_text,SP11/SP13: Text Rendering
wpt/css_flexbox/flexbox_flex-1-0-0-unitless,css_flexbox,yes,wpt/css_flexbox/flexbox_flex-1-0-0-unitless,pass,0.00,,
wpt/css_flexbox/flexbox_flex-1-0-N,css_flexbox,yes,wpt/css_flexbox/flexbox_flex-1-0-N,pass,0.00,,
wpt/css_flexbox/flexbox_flex-1-0-N-ref,css_flexbox,yes,wpt/css_flexbox/flexbox_flex-1-0-N-ref,fail,4.35,needs_text,SP11/SP13: Text Rendering
wpt/css_flexbox/flexbox_flex-1-0-N-shrink,css_flexbox,yes,wpt/css_flexbox/flexbox_flex-1-0-N-shrink,pass,0.00,,
wpt/css_flexbox/flexbox_flex-1-0-N-shrink-ref,css_flexbox,yes,wpt/css_flexbox/flexbox_flex-1-0-N-shrink-ref,fail,3.75,needs_text,SP11/SP13: Text Rendering
wpt/css_flexbox/flexbox_flex-1-0-Npercent,css_flexbox,yes,wpt/css_flexbox/flexbox_flex-1-0-Npercent,pass,0.00,,
wpt/css_flexbox/flexbox_flex-1-0-Npercent-ref,css_flexbox,yes,wpt/css_flexbox/flexbox_flex-1-0-Npercent-ref,fail,4.35,needs_text,SP11/SP13: Text Rendering
wpt/css_flexbox/flexbox_flex-1-0-Npercent-shrink,css_flexbox,yes,wpt/css_flexbox/flexbox_flex-1-0-Npercent-shrink,pass,0.00,,
wpt/css_flexbox/flexbox_flex-1-0-Npercent-shrink-ref,css_flexbox,yes,wpt/css_flexbox/flexbox_flex-1-0-Npercent-shrink-ref,fail,8.64,needs_text,SP11/SP13: Text Rendering
wpt/css_flexbox/flexbox_flex-1-0-auto,css_flexbox,yes,wpt/css_flexbox/flexbox_flex-1-0-auto,pass,0.00,,
wpt/css_flexbox/flexbox_flex-1-0-auto-ref,css_flexbox,yes,wpt/css_flexbox/flexbox_flex-1-0-auto-ref,fail,4.35,needs_text,SP11/SP13: Text Rendering
wpt/css_flexbox/flexbox_flex-1-0-auto-shrink,css_flexbox,yes,wpt/css_flexbox/flexbox_flex-1-0-auto-shrink,pass,0.00,,
wpt/css_flexbox/flexbox_flex-1-0-auto-shrink-ref,css_flexbox,yes,wpt/css_flexbox/flexbox_flex-1-0-auto-shrink-ref,fail,4.69,needs_text,SP11/SP13: Text Rendering
wpt/css_flexbox/flexbox_flex-1-1,css_flexbox,yes,wpt/css_flexbox/flexbox_flex-1-1,pass,0.00,,
wpt/css_flexbox/flexbox_flex-1-1-0,css_flexbox,yes,wpt/css_flexbox/flexbox_flex-1-1-0,pass,0.00,,
wpt/css_flexbox/flexbox_flex-1-1-0-ref,css_flexbox,yes,wpt/css_flexbox/flexbox_flex-1-1-0-ref,fail,4.35,needs_text,SP11/SP13: Text Rendering
wpt/css_flexbox/flexbox_flex-1-1-0-unitless,css_flexbox,yes,wpt/css_flexbox/flexbox_flex-1-1-0-unitless,pass,0.00,,
wpt/css_flexbox/flexbox_flex-1-1-N,css_flexbox,yes,wpt/css_flexbox/flexbox_flex-1-1-N,pass,0.00,,
wpt/css_flexbox/flexbox_flex-1-1-N-ref,css_flexbox,yes,wpt/css_flexbox/flexbox_flex-1-1-N-ref,fail,4.35,needs_text,SP11/SP13: Text Rendering
wpt/css_flexbox/flexbox_flex-1-1-N-shrink,css_flexbox,yes,wpt/css_flexbox/flexbox_flex-1-1-N-shrink,pass,0.00,,
wpt/css_flexbox/flexbox_flex-1-1-N-shrink-ref,css_flexbox,yes,wpt/css_flexbox/flexbox_flex-1-1-N-shrink-ref,fail,1.30,needs_text,SP11/SP13: Text Rendering
wpt/css_flexbox/flexbox_flex-1-1-Npercent,css_flexbox,yes,wpt/css_flexbox/flexbox_flex-1-1-Npercent,pass,0.00,,
wpt/css_flexbox/flexbox_flex-1-1-Npercent-ref,css_flexbox,yes,wpt/css_flexbox/flexbox_flex-1-1-Npercent-ref,fail,4.35,needs_text,SP11/SP13: Text Rendering
wpt/css_flexbox/flexbox_flex-1-1-Npercent-shrink,css_flexbox,yes,wpt/css_flexbox/flexbox_flex-1-1-Npercent-shrink,pass,0.00,,
wpt/css_flexbox/flexbox_flex-1-1-Npercent-shrink-ref,css_flexbox,yes,wpt/css_flexbox/flexbox_flex-1-1-Npercent-shrink-ref,fail,1.30,needs_text,SP11/SP13: Text Rendering
wpt/css_flexbox/flexbox_flex-1-1-auto,css_flexbox,yes,wpt/css_flexbox/flexbox_flex-1-1-auto,pass,0.00,,
wpt/css_flexbox/flexbox_flex-1-1-auto-ref,css_flexbox,yes,wpt/css_flexbox/flexbox_flex-1-1-auto-ref,fail,4.35,needs_text,SP11/SP13: Text Rendering
wpt/css_flexbox/flexbox_flex-1-1-auto-shrink,css_flexbox,yes,wpt/css_flexbox/flexbox_flex-1-1-auto-shrink,pass,0.00,,
wpt/css_flexbox/flexbox_flex-1-1-auto-shrink-ref,css_flexbox,yes,wpt/css_flexbox/flexbox_flex-1-1-auto-shrink-ref,fail,1.74,needs_text,SP11/SP13: Text Rendering
wpt/css_flexbox/flexbox_flex-1-N,css_flexbox,yes,wpt/css_flexbox/flexbox_flex-1-N,pass,0.00,,
wpt/css_flexbox/flexbox_flex-1-N-0,css_flexbox,yes,wpt/css_flexbox/flexbox_flex-1-N-0,pass,0.00,,
wpt/css_flexbox/flexbox_flex-1-N-0-ref,css_flexbox,yes,wpt/css_flexbox/flexbox_flex-1-N-0-ref,fail,4.35,needs_text,SP11/SP13: Text Rendering
wpt/css_flexbox/flexbox_flex-1-N-0-unitless,css_flexbox,yes,wpt/css_flexbox/flexbox_flex-1-N-0-unitless,pass,0.00,,
wpt/css_flexbox/flexbox_flex-1-N-N,css_flexbox,yes,wpt/css_flexbox/flexbox_flex-1-N-N,pass,0.00,,
wpt/css_flexbox/flexbox_flex-1-N-N-ref,css_flexbox,yes,wpt/css_flexbox/flexbox_flex-1-N-N-ref,fail,4.35,needs_text,SP11/SP13: Text Rendering
wpt/css_flexbox/flexbox_flex-1-N-N-shrink,css_flexbox,yes,wpt/css_flexbox/flexbox_flex-1-N-N-shrink,pass,0.00,,
wpt/css_flexbox/flexbox_flex-1-N-N-shrink-ref,css_flexbox,yes,wpt/css_flexbox/flexbox_flex-1-N-N-shrink-ref,fail,1.30,needs_text,SP11/SP13: Text Rendering
wpt/css_flexbox/flexbox_flex-1-N-Npercent,css_flexbox,yes,wpt/css_flexbox/flexbox_flex-1-N-Npercent,pass,0.00,,
wpt/css_flexbox/flexbox_flex-1-N-Npercent-ref,css_flexbox,yes,wpt/css_flexbox/flexbox_flex-1-N-Npercent-ref,fail,4.35,needs_text,SP11/SP13: Text Rendering
wpt/css_flexbox/flexbox_flex-1-N-Npercent-shrink,css_flexbox,yes,wpt/css_flexbox/flexbox_flex-1-N-Npercent-shrink,pass,0.00,,
wpt/css_flexbox/flexbox_flex-1-N-Npercent-shrink-ref,css_flexbox,yes,wpt/css_flexbox/flexbox_flex-1-N-Npercent-shrink-ref,fail,1.30,needs_text,SP11/SP13: Text Rendering
wpt/css_flexbox/flexbox_flex-1-N-auto,css_flexbox,yes,wpt/css_flexbox/flexbox_flex-1-N-auto,pass,0.00,,
wpt/css_flexbox/flexbox_flex-1-N-auto-ref,css_flexbox,yes,wpt/css_flexbox/flexbox_flex-1-N-auto-ref,fail,4.35,needs_text,SP11/SP13: Text Rendering
wpt/css_flexbox/flexbox_flex-1-N-auto-shrink,css_flexbox,yes,wpt/css_flexbox/flexbox_flex-1-N-auto-shrink,pass,0.00,,
wpt/css_flexbox/flexbox_flex-1-N-auto-shrink-ref,css_flexbox,yes,wpt/css_flexbox/flexbox_flex-1-N-auto-shrink-ref,fail,1.74,needs_text,SP11/SP13: Text Rendering
wpt/css_flexbox/flexbox_flex-N-0,css_flexbox,yes,wpt/css_flexbox/flexbox_flex-N-0,pass,0.00,,
wpt/css_flexbox/flexbox_flex-N-0-0,css_flexbox,yes,wpt/css_flexbox/flexbox_flex-N-0-0,pass,0.00,,
wpt/css_flexbox/flexbox_flex-N-0-0-ref,css_flexbox,yes,wpt/css_flexbox/flexbox_flex-N-0-0-ref,fail,4.35,needs_text,SP11/SP13: Text Rendering
wpt/css_flexbox/flexbox_flex-N-0-0-unitless,css_flexbox,yes,wpt/css_flexbox/flexbox_flex-N-0-0-unitless,pass,0.00,,
wpt/css_flexbox/flexbox_flex-N-0-N,css_flexbox,yes,wpt/css_flexbox/flexbox_flex-N-0-N,pass,0.00,,
wpt/css_flexbox/flexbox_flex-N-0-N-ref,css_flexbox,yes,wpt/css_flexbox/flexbox_flex-N-0-N-ref,fail,4.35,needs_text,SP11/SP13: Text Rendering
wpt/css_flexbox/flexbox_flex-N-0-N-shrink,css_flexbox,yes,wpt/css_flexbox/flexbox_flex-N-0-N-shrink,pass,0.00,,
wpt/css_flexbox/flexbox_flex-N-0-N-shrink-ref,css_flexbox,yes,wpt/css_flexbox/flexbox_flex-N-0-N-shrink-ref,fail,3.75,needs_text,SP11/SP13: Text Rendering
wpt/css_flexbox/flexbox_flex-N-0-Npercent,css_flexbox,yes,wpt/css_flexbox/flexbox_flex-N-0-Npercent,pass,0.00,,
wpt/css_flexbox/flexbox_flex-N-0-Npercent-ref,css_flexbox,yes,wpt/css_flexbox/flexbox_flex-N-0-Npercent-ref,fail,4.35,needs_text,SP11/SP13: Text Rendering
wpt/css_flexbox/flexbox_flex-N-0-Npercent-shrink,css_flexbox,yes,wpt/css_flexbox/flexbox_flex-N-0-Npercent-shrink,pass,0.00,,
wpt/css_flexbox/flexbox_flex-N-0-Npercent-shrink-ref,css_flexbox,yes,wpt/css_flexbox/flexbox_flex-N-0-Npercent-shrink-ref,fail,8.64,needs_text,SP11/SP13: Text Rendering
wpt/css_flexbox/flexbox_flex-N-0-auto,css_flexbox,yes,wpt/css_flexbox/flexbox_flex-N-0-auto,pass,0.00,,
wpt/css_flexbox/flexbox_flex-N-0-auto-ref,css_flexbox,yes,wpt/css_flexbox/flexbox_flex-N-0-auto-ref,fail,4.35,needs_text,SP11/SP13: Text Rendering
wpt/css_flexbox/flexbox_flex-N-0-auto-shrink,css_flexbox,yes,wpt/css_flexbox/flexbox_flex-N-0-auto-shrink,pass,0.00,,
wpt/css_flexbox/flexbox_flex-N-0-auto-shrink-ref,css_flexbox,yes,wpt/css_flexbox/flexbox_flex-N-0-auto-shrink-ref,fail,7.20,needs_text,SP11/SP13: Text Rendering
wpt/css_flexbox/flexbox_flex-N-1,css_flexbox,yes,wpt/css_flexbox/flexbox_flex-N-1,pass,0.00,,
wpt/css_flexbox/flexbox_flex-N-1-0,css_flexbox,yes,wpt/css_flexbox/flexbox_flex-N-1-0,pass,0.00,,
wpt/css_flexbox/flexbox_flex-N-1-0-ref,css_flexbox,yes,wpt/css_flexbox/flexbox_flex-N-1-0-ref,fail,4.35,needs_text,SP11/SP13: Text Rendering
wpt/css_flexbox/flexbox_flex-N-1-0-unitless,css_flexbox,yes,wpt/css_flexbox/flexbox_flex-N-1-0-unitless,pass,0.00,,
wpt/css_flexbox/flexbox_flex-N-1-N,css_flexbox,yes,wpt/css_flexbox/flexbox_flex-N-1-N,pass,0.00,,
wpt/css_flexbox/flexbox_flex-N-1-N-ref,css_flexbox,yes,wpt/css_flexbox/flexbox_flex-N-1-N-ref,fail,4.35,needs_text,SP11/SP13: Text Rendering
wpt/css_flexbox/flexbox_flex-N-1-N-shrink,css_flexbox,yes,wpt/css_flexbox/flexbox_flex-N-1-N-shrink,pass,0.00,,
wpt/css_flexbox/flexbox_flex-N-1-N-shrink-ref,css_flexbox,yes,wpt/css_flexbox/flexbox_flex-N-1-N-shrink-ref,fail,1.30,needs_text,SP11/SP13: Text Rendering
wpt/css_flexbox/flexbox_flex-N-1-Npercent,css_flexbox,yes,wpt/css_flexbox/flexbox_flex-N-1-Npercent,pass,0.00,,
wpt/css_flexbox/flexbox_flex-N-1-Npercent-ref,css_flexbox,yes,wpt/css_flexbox/flexbox_flex-N-1-Npercent-ref,fail,4.35,needs_text,SP11/SP13: Text Rendering
wpt/css_flexbox/flexbox_flex-N-1-Npercent-shrink,css_flexbox,yes,wpt/css_flexbox/flexbox_flex-N-1-Npercent-shrink,pass,0.00,,
wpt/css_flexbox/flexbox_flex-N-1-Npercent-shrink-ref,css_flexbox,yes,wpt/css_flexbox/flexbox_flex-N-1-Npercent-shrink-ref,fail,1.30,needs_text,SP11/SP13: Text Rendering
wpt/css_flexbox/flexbox_flex-N-1-auto,css_flexbox,yes,wpt/css_flexbox/flexbox_flex-N-1-auto,pass,0.00,,
wpt/css_flexbox/flexbox_flex-N-1-auto-ref,css_flexbox,yes,wpt/css_flexbox/flexbox_flex-N-1-auto-ref,fail,4.35,needs_text,SP11/SP13: Text Rendering
wpt/css_flexbox/flexbox_flex-N-1-auto-shrink,css_flexbox,yes,wpt/css_flexbox/flexbox_flex-N-1-auto-shrink,pass,0.00,,
wpt/css_flexbox/flexbox_flex-N-1-auto-shrink-ref,css_flexbox,yes,wpt/css_flexbox/flexbox_flex-N-1-auto-shrink-ref,fail,1.74,needs_text,SP11/SP13: Text Rendering
wpt/css_flexbox/flexbox_flex-N-N,css_flexbox,yes,wpt/css_flexbox/flexbox_flex-N-N,pass,0.00,,
wpt/css_flexbox/flexbox_flex-N-N-0,css_flexbox,yes,wpt/css_flexbox/flexbox_flex-N-N-0,pass,0.00,,
wpt/css_flexbox/flexbox_flex-N-N-0-ref,css_flexbox,yes,wpt/css_flexbox/flexbox_flex-N-N-0-ref,fail,4.35,needs_text,SP11/SP13: Text Rendering
wpt/css_flexbox/flexbox_flex-N-N-0-unitless,css_flexbox,yes,wpt/css_flexbox/flexbox_flex-N-N-0-unitless,pass,0.00,,
wpt/css_flexbox/flexbox_flex-N-N-N,css_flexbox,yes,wpt/css_flexbox/flexbox_flex-N-N-N,pass,0.00,,
wpt/css_flexbox/flexbox_flex-N-N-N-ref,css_flexbox,yes,wpt/css_flexbox/flexbox_flex-N-N-N-ref,fail,4.35,needs_text,SP11/SP13: Text Rendering
wpt/css_flexbox/flexbox_flex-N-N-N-shrink,css_flexbox,yes,wpt/css_flexbox/flexbox_flex-N-N-N-shrink,pass,0.00,,
wpt/css_flexbox/flexbox_flex-N-N-N-shrink-ref,css_flexbox,yes,wpt/css_flexbox/flexbox_flex-N-N-N-shrink-ref,fail,1.30,needs_text,SP11/SP13: Text Rendering
wpt/css_flexbox/flexbox_flex-N-N-Npercent,css_flexbox,yes,wpt/css_flexbox/flexbox_flex-N-N-Npercent,pass,0.00,,
wpt/css_flexbox/flexbox_flex-N-N-Npercent-ref,css_flexbox,yes,wpt/css_flexbox/flexbox_flex-N-N-Npercent-ref,fail,4.35,needs_text,SP11/SP13: Text Rendering
wpt/css_flexbox/flexbox_flex-N-N-Npercent-shrink,css_flexbox,yes,wpt/css_flexbox/flexbox_flex-N-N-Npercent-shrink,pass,0.00,,
wpt/css_flexbox/flexbox_flex-N-N-Npercent-shrink-ref,css_flexbox,yes,wpt/css_flexbox/flexbox_flex-N-N-Npercent-shrink-ref,fail,1.30,needs_text,SP11/SP13: Text Rendering
wpt/css_flexbox/flexbox_flex-N-N-auto,css_flexbox,yes,wpt/css_flexbox/flexbox_flex-N-N-auto,pass,0.00,,
wpt/css_flexbox/flexbox_flex-N-N-auto-ref,css_flexbox,yes,wpt/css_flexbox/flexbox_flex-N-N-auto-ref,fail,4.35,needs_text,SP11/SP13: Text Rendering
wpt/css_flexbox/flexbox_flex-N-N-auto-shrink,css_flexbox,yes,wpt/css_flexbox/flexbox_flex-N-N-auto-shrink,pass,0.00,,
wpt/css_flexbox/flexbox_flex-N-N-auto-shrink-ref,css_flexbox,yes,wpt/css_flexbox/flexbox_flex-N-N-auto-shrink-ref,fail,1.74,needs_text,SP11/SP13: Text Rendering
wpt/css_flexbox/flexbox_flex-auto,css_flexbox,yes,wpt/css_flexbox/flexbox_flex-auto,pass,0.00,,
wpt/css_flexbox/flexbox_flex-auto-ref,css_flexbox,yes,wpt/css_flexbox/flexbox_flex-auto-ref,fail,11.74,needs_text,SP11/SP13: Text Rendering
wpt/css_flexbox/flexbox_flex-basis,css_flexbox,yes,wpt/css_flexbox/flexbox_flex-basis,pass,0.00,,
wpt/css_flexbox/flexbox_flex-basis-ref,css_flexbox,yes,wpt/css_flexbox/flexbox_flex-basis-ref,fail,16.20,needs_text,SP11/SP13: Text Rendering
wpt/css_flexbox/flexbox_flex-basis-shrink,css_flexbox,yes,wpt/css_flexbox/flexbox_flex-basis-shrink,pass,0.00,,
wpt/css_flexbox/flexbox_flex-basis-shrink-ref,css_flexbox,yes,wpt/css_flexbox/flexbox_flex-basis-shrink-ref,fail,2.61,needs_text,SP11/SP13: Text Rendering
wpt/css_flexbox/flexbox_flex-formatting-interop,css_flexbox,yes,wpt/css_flexbox/flexbox_flex-formatting-interop,pass,0.00,,
wpt/css_flexbox/flexbox_flex-initial,css_flexbox,yes,wpt/css_flexbox/flexbox_flex-initial,pass,0.00,,
wpt/css_flexbox/flexbox_flex-initial-2,css_flexbox,yes,wpt/css_flexbox/flexbox_flex-initial-2,pass,0.00,,
wpt/css_flexbox/flexbox_flex-initial-2-ref,css_flexbox,yes,wpt/css_flexbox/flexbox_flex-initial-2-ref,fail,9.78,needs_text,SP11/SP13: Text Rendering
wpt/css_flexbox/flexbox_flex-initial-ref,css_flexbox,yes,wpt/css_flexbox/flexbox_flex-initial-ref,fail,8.48,needs_text,SP11/SP13: Text Rendering
wpt/css_flexbox/flexbox_flex-natural,css_flexbox,yes,wpt/css_flexbox/flexbox_flex-natural,fail,2.50,needs_text,SP11/SP13: Text Rendering
wpt/css_flexbox/flexbox_flex-natural-mixed-basis,css_flexbox,yes,wpt/css_flexbox/flexbox_flex-natural-mixed-basis,pass,0.00,,
wpt/css_flexbox/flexbox_flex-natural-mixed-basis-auto,css_flexbox,yes,wpt/css_flexbox/flexbox_flex-natural-mixed-basis-auto,pass,0.00,,
wpt/css_flexbox/flexbox_flex-natural-mixed-basis-auto-ref,css_flexbox,yes,wpt/css_flexbox/flexbox_flex-natural-mixed-basis-auto-ref,pass,0.00,,
wpt/css_flexbox/flexbox_flex-natural-mixed-basis-ref,css_flexbox,yes,wpt/css_flexbox/flexbox_flex-natural-mixed-basis-ref,pass,0.00,,
wpt/css_flexbox/flexbox_flex-natural-ref,css_flexbox,yes,wpt/css_flexbox/flexbox_flex-natural-ref,fail,28.21,needs_text,SP11/SP13: Text Rendering
wpt/css_flexbox/flexbox_flex-natural-variable-auto-basis,css_flexbox,yes,wpt/css_flexbox/flexbox_flex-natural-variable-auto-basis,pass,0.00,,
wpt/css_flexbox/flexbox_flex-natural-variable-auto-basis-ref,css_flexbox,yes,wpt/css_flexbox/flexbox_flex-natural-variable-auto-basis-ref,fail,13.91,needs_text,SP11/SP13: Text Rendering
wpt/css_flexbox/flexbox_flex-natural-variable-zero-basis,css_flexbox,yes,wpt/css_flexbox/flexbox_flex-natural-variable-zero-basis,pass,0.00,,
wpt/css_flexbox/flexbox_flex-natural-variable-zero-basis-ref,css_flexbox,yes,wpt/css_flexbox/flexbox_flex-natural-variable-zero-basis-ref,fail,15.65,needs_text,SP11/SP13: Text Rendering
wpt/css_flexbox/flexbox_flex-none,css_flexbox,yes,wpt/css_flexbox/flexbox_flex-none,pass,0.00,,
wpt/css_flexbox/flexbox_flex-none-ref,css_flexbox,yes,wpt/css_flexbox/flexbox_flex-none-ref,fail,9.78,needs_text,SP11/SP13: Text Rendering
wpt/css_flexbox/flexbox_flex-none-wrappable-content,css_flexbox,yes,wpt/css_flexbox/flexbox_flex-none-wrappable-content,pass,0.00,,
wpt/css_flexbox/flexbox_flex-none-wrappable-content-ref,css_flexbox,yes,wpt/css_flexbox/flexbox_flex-none-wrappable-content-ref,pass,0.00,,
wpt/css_flexbox/flexbox_flex-unitless-basis-ref,css_flexbox,yes,wpt/css_flexbox/flexbox_flex-unitless-basis-ref,fail,2.17,needs_text,SP11/SP13: Text Rendering
wpt/css_flexbox/flexbox_flow-column-reverse-wrap,css_flexbox,yes,wpt/css_flexbox/flexbox_flow-column-reverse-wrap,pass,0.00,,
wpt/css_flexbox/flexbox_flow-column-reverse-wrap-ref,css_flexbox,yes,wpt/css_flexbox/flexbox_flow-column-reverse-wrap-ref,fail,2.61,needs_text,SP11/SP13: Text Rendering
wpt/css_flexbox/flexbox_flow-column-reverse-wrap-reverse,css_flexbox,yes,wpt/css_flexbox/flexbox_flow-column-reverse-wrap-reverse,pass,0.00,,
wpt/css_flexbox/flexbox_flow-column-reverse-wrap-reverse-ref,css_flexbox,yes,wpt/css_flexbox/flexbox_flow-column-reverse-wrap-reverse-ref,fail,2.61,needs_text,SP11/SP13: Text Rendering
wpt/css_flexbox/flexbox_flow-column-wrap,css_flexbox,yes,wpt/css_flexbox/flexbox_flow-column-wrap,pass,0.00,,
wpt/css_flexbox/flexbox_flow-column-wrap-ref,css_flexbox,yes,wpt/css_flexbox/flexbox_flow-column-wrap-ref,pass,0.00,,
wpt/css_flexbox/flexbox_flow-column-wrap-reverse,css_flexbox,yes,wpt/css_flexbox/flexbox_flow-column-wrap-reverse,pass,0.00,,
wpt/css_flexbox/flexbox_flow-column-wrap-reverse-ref,css_flexbox,yes,wpt/css_flexbox/flexbox_flow-column-wrap-reverse-ref,pass,0.00,,
wpt/css_flexbox/flexbox_flow-row-wrap,css_flexbox,yes,wpt/css_flexbox/flexbox_flow-row-wrap,pass,0.00,,
wpt/css_flexbox/flexbox_flow-row-wrap-reverse,css_flexbox,yes,wpt/css_flexbox/flexbox_flow-row-wrap-reverse,pass,0.00,,
wpt/css_flexbox/flexbox_inline,css_flexbox,yes,wpt/css_flexbox/flexbox_inline,pass,0.00,,
wpt/css_flexbox/flexbox_inline-float,css_flexbox,yes,wpt/css_flexbox/flexbox_inline-float,pass,0.00,,
wpt/css_flexbox/flexbox_inline-ref,css_flexbox,yes,wpt/css_flexbox/flexbox_inline-ref,pass,0.00,,
wpt/css_flexbox/flexbox_item-bottom-float,css_flexbox,yes,wpt/css_flexbox/flexbox_item-bottom-float,fail,0.87,sp12_layout_bug,
wpt/css_flexbox/flexbox_item-clear,css_flexbox,yes,wpt/css_flexbox/flexbox_item-clear,pass,0.00,,
wpt/css_flexbox/flexbox_item-clear-ref,css_flexbox,yes,wpt/css_flexbox/flexbox_item-clear-ref,pass,0.00,,
wpt/css_flexbox/flexbox_item-float,css_flexbox,yes,wpt/css_flexbox/flexbox_item-float,fail,14.84,sp12_layout_bug,
wpt/css_flexbox/flexbox_item-top-float,css_flexbox,yes,wpt/css_flexbox/flexbox_item-top-float,fail,8.15,sp12_layout_bug,
wpt/css_flexbox/flexbox_item-vertical-align,css_flexbox,yes,wpt/css_flexbox/flexbox_item-vertical-align,pass,0.00,,
wpt/css_flexbox/flexbox_justifycontent-center,css_flexbox,yes,wpt/css_flexbox/flexbox_justifycontent-center,pass,0.00,,
wpt/css_flexbox/flexbox_justifycontent-center-ref,css_flexbox,yes,wpt/css_flexbox/flexbox_justifycontent-center-ref,pass,0.00,,
wpt/css_flexbox/flexbox_justifycontent-flex-end,css_flexbox,yes,wpt/css_flexbox/flexbox_justifycontent-flex-end,pass,0.00,,
wpt/css_flexbox/flexbox_justifycontent-flex-end-ref,css_flexbox,yes,wpt/css_flexbox/flexbox_justifycontent-flex-end-ref,pass,0.00,,
wpt/css_flexbox/flexbox_justifycontent-flex-start,css_flexbox,yes,wpt/css_flexbox/flexbox_justifycontent-flex-start,pass,0.00,,
wpt/css_flexbox/flexbox_justifycontent-flex-start-ref,css_flexbox,yes,wpt/css_flexbox/flexbox_justifycontent-flex-start-ref,pass,0.00,,
wpt/css_flexbox/flexbox_justifycontent-left-001,css_flexbox,yes,wpt/css_flexbox/flexbox_justifycontent-left-001,pass,0.00,,
wpt/css_flexbox/flexbox_justifycontent-left-001-ref,css_flexbox,yes,wpt/css_flexbox/flexbox_justifycontent-left-001-ref,pass,0.00,,
wpt/css_flexbox/flexbox_justifycontent-left-002,css_flexbox,yes,wpt/css_flexbox/flexbox_justifycontent-left-002,pass,0.00,,
wpt/css_flexbox/flexbox_justifycontent-left-002-ref,css_flexbox,yes,wpt/css_flexbox/flexbox_justifycontent-left-002-ref,pass,0.00,,
wpt/css_flexbox/flexbox_justifycontent-right-001,css_flexbox,yes,wpt/css_flexbox/flexbox_justifycontent-right-001,pass,0.00,,
wpt/css_flexbox/flexbox_justifycontent-right-001-ref,css_flexbox,yes,wpt/css_flexbox/flexbox_justifycontent-right-001-ref,fail,8.70,needs_text,SP11/SP13: Text Rendering
wpt/css_flexbox/flexbox_justifycontent-right-002,css_flexbox,yes,wpt/css_flexbox/flexbox_justifycontent-right-002,pass,0.00,,
wpt/css_flexbox/flexbox_justifycontent-right-002-ref,css_flexbox,yes,wpt/css_flexbox/flexbox_justifycontent-right-002-ref,pass,0.00,,
wpt/css_flexbox/flexbox_justifycontent-spacearound,css_flexbox,yes,wpt/css_flexbox/flexbox_justifycontent-spacearound,pass,0.00,,
wpt/css_flexbox/flexbox_justifycontent-spacearound-negative,css_flexbox,yes,wpt/css_flexbox/flexbox_justifycontent-spacearound-negative,pass,0.00,,
wpt/css_flexbox/flexbox_justifycontent-spacearound-negative-ref,css_flexbox,yes,wpt/css_flexbox/flexbox_justifycontent-spacearound-negative-ref,pass,0.00,,
wpt/css_flexbox/flexbox_justifycontent-spacearound-only,css_flexbox,yes,wpt/css_flexbox/flexbox_justifycontent-spacearound-only,pass,0.00,,
wpt/css_flexbox/flexbox_justifycontent-spacearound-only-ref,css_flexbox,yes,wpt/css_flexbox/flexbox_justifycontent-spacearound-only-ref,pass,0.00,,
wpt/css_flexbox/flexbox_justifycontent-spacearound-ref,css_flexbox,yes,wpt/css_flexbox/flexbox_justifycontent-spacearound-ref,pass,0.00,,
wpt/css_flexbox/flexbox_justifycontent-spacebetween,css_flexbox,yes,wpt/css_flexbox/flexbox_justifycontent-spacebetween,pass,0.00,,
wpt/css_flexbox/flexbox_justifycontent-spacebetween-negative,css_flexbox,yes,wpt/css_flexbox/flexbox_justifycontent-spacebetween-negative,pass,0.00,,
wpt/css_flexbox/flexbox_justifycontent-spacebetween-negative-ref,css_flexbox,yes,wpt/css_flexbox/flexbox_justifycontent-spacebetween-negative-ref,pass,0.00,,
wpt/css_flexbox/flexbox_justifycontent-spacebetween-only,css_flexbox,yes,wpt/css_flexbox/flexbox_justifycontent-spacebetween-only,pass,0.00,,
wpt/css_flexbox/flexbox_justifycontent-spacebetween-only-ref,css_flexbox,yes,wpt/css_flexbox/flexbox_justifycontent-spacebetween-only-ref,pass,0.00,,
wpt/css_flexbox/flexbox_justifycontent-spacebetween-ref,css_flexbox,yes,wpt/css_flexbox/flexbox_justifycontent-spacebetween-ref,pass,0.00,,
wpt/css_flexbox/flexbox_justifycontent-stretch,css_flexbox,yes,wpt/css_flexbox/flexbox_justifycontent-stretch,pass,0.00,,
wpt/css_flexbox/flexbox_margin,css_flexbox,yes,wpt/css_flexbox/flexbox_margin,pass,0.00,,
wpt/css_flexbox/flexbox_margin-auto,css_flexbox,yes,wpt/css_flexbox/flexbox_margin-auto,pass,0.00,,
wpt/css_flexbox/flexbox_margin-auto-overflow,css_flexbox,yes,wpt/css_flexbox/flexbox_margin-auto-overflow,fail,2.50,needs_text,SP11/SP13: Text Rendering
wpt/css_flexbox/flexbox_margin-auto-overflow-ref,css_flexbox,yes,wpt/css_flexbox/flexbox_margin-auto-overflow-ref,fail,2.50,needs_text,SP11/SP13: Text Rendering
wpt/css_flexbox/flexbox_margin-auto-ref,css_flexbox,yes,wpt/css_flexbox/flexbox_margin-auto-ref,pass,0.00,,
wpt/css_flexbox/flexbox_margin-collapse-ref,css_flexbox,yes,wpt/css_flexbox/flexbox_margin-collapse-ref,fail,5.32,sp12_layout_bug,
wpt/css_flexbox/flexbox_margin-left-ex,css_flexbox,yes,wpt/css_flexbox/flexbox_margin-left-ex,pass,0.00,,
wpt/css_flexbox/flexbox_margin-left-ex-ref,css_flexbox,yes,wpt/css_flexbox/flexbox_margin-left-ex-ref,pass,0.00,,
wpt/css_flexbox/flexbox_margin-ref,css_flexbox,yes,wpt/css_flexbox/flexbox_margin-ref,pass,0.00,,
wpt/css_flexbox/flexbox_nested-flex,css_flexbox,yes,wpt/css_flexbox/flexbox_nested-flex,fail,10.49,sp12_layout_bug,
wpt/css_flexbox/flexbox_object-ref,css_flexbox,yes,wpt/css_flexbox/flexbox_object-ref,pass,0.00,,
wpt/css_flexbox/flexbox_order,css_flexbox,yes,wpt/css_flexbox/flexbox_order,pass,0.00,,
wpt/css_flexbox/flexbox_order-abspos-space-around,css_flexbox,yes,wpt/css_flexbox/flexbox_order-abspos-space-around,pass,0.00,,
wpt/css_flexbox/flexbox_order-abspos-space-around-ref,css_flexbox,yes,wpt/css_flexbox/flexbox_order-abspos-space-around-ref,fail,2.17,needs_text,SP11/SP13: Text Rendering
wpt/css_flexbox/flexbox_order-box,css_flexbox,yes,wpt/css_flexbox/flexbox_order-box,pass,0.00,,
wpt/css_flexbox/flexbox_order-box-ref,css_flexbox,yes,wpt/css_flexbox/flexbox_order-box-ref,fail,10.59,needs_text,SP11/SP13: Text Rendering
wpt/css_flexbox/flexbox_order-noninteger-invalid,css_flexbox,yes,wpt/css_flexbox/flexbox_order-noninteger-invalid,fail,0.75,needs_text,SP11/SP13: Text Rendering
wpt/css_flexbox/flexbox_order-ref,css_flexbox,yes,wpt/css_flexbox/flexbox_order-ref,fail,2.61,needs_text,SP11/SP13: Text Rendering
wpt/css_flexbox/flexbox_rtl-direction,css_flexbox,yes,wpt/css_flexbox/flexbox_rtl-direction,pass,0.00,,
wpt/css_flexbox/flexbox_rtl-flow,css_flexbox,yes,wpt/css_flexbox/flexbox_rtl-flow,pass,0.00,,
wpt/css_flexbox/flexbox_rtl-flow-ref,css_flexbox,yes,wpt/css_flexbox/flexbox_rtl-flow-ref,pass,0.00,,
wpt/css_flexbox/flexbox_rtl-flow-reverse,css_flexbox,yes,wpt/css_flexbox/flexbox_rtl-flow-reverse,pass,0.00,,
wpt/css_flexbox/flexbox_rtl-flow-reverse-ref,css_flexbox,yes,wpt/css_flexbox/flexbox_rtl-flow-reverse-ref,pass,0.00,,
wpt/css_flexbox/flexbox_rtl-order,css_flexbox,yes,wpt/css_flexbox/flexbox_rtl-order,fail,2.61,needs_text,SP11/SP13: Text Rendering
wpt/css_flexbox/flexbox_rtl-order-ref,css_flexbox,yes,wpt/css_flexbox/flexbox_rtl-order-ref,fail,2.61,needs_text,SP11/SP13: Text Rendering
wpt/css_flexbox/flexbox_stf-abspos,css_flexbox,yes,wpt/css_flexbox/flexbox_stf-abspos,pass,0.00,,
wpt/css_flexbox/flexbox_stf-fixpos,css_flexbox,yes,wpt/css_flexbox/flexbox_stf-fixpos,pass,0.00,,
wpt/css_flexbox/flexbox_stf-float,css_flexbox,yes,wpt/css_flexbox/flexbox_stf-float,pass,0.00,,
wpt/css_flexbox/flexbox_stf-inline-block,css_flexbox,yes,wpt/css_flexbox/flexbox_stf-inline-block,pass,0.00,,
wpt/css_flexbox/flexbox_stf-table-singleline-ref,css_flexbox,yes,wpt/css_flexbox/flexbox_stf-table-singleline-ref,pass,0.00,,
wpt/css_flexbox/flexbox_visibility-collapse,css_flexbox,yes,wpt/css_flexbox/flexbox_visibility-collapse,pass,0.00,,
wpt/css_flexbox/flexbox_visibility-collapse-line-wrapping,css_flexbox,yes,wpt/css_flexbox/flexbox_visibility-collapse-line-wrapping,fail,8.31,sp12_layout_bug,
wpt/css_flexbox/flexbox_width-overflow,css_flexbox,yes,wpt/css_flexbox/flexbox_width-overflow,pass,0.00,,
wpt/css_flexbox/flexbox_wrap,css_flexbox,yes,wpt/css_flexbox/flexbox_wrap,pass,0.00,,
wpt/css_flexbox/flexbox_wrap-long,css_flexbox,yes,wpt/css_flexbox/flexbox_wrap-long,pass,0.00,,
wpt/css_flexbox/flexbox_wrap-reverse,css_flexbox,yes,wpt/css_flexbox/flexbox_wrap-reverse,pass,0.00,,
wpt/css_flexbox/flexible-order,css_flexbox,yes,wpt/css_flexbox/flexible-order,pass,0.00,,
wpt/css_flexbox/gap-001-ltr,css_flexbox,yes,wpt/css_flexbox/gap-001-ltr,pass,0.00,,
wpt/css_flexbox/gap-001-ltr-ref,css_flexbox,yes,wpt/css_flexbox/gap-001-ltr-ref,pass,0.00,,
wpt/css_flexbox/gap-001-rtl,css_flexbox,yes,wpt/css_flexbox/gap-001-rtl,pass,0.00,,
wpt/css_flexbox/gap-001-rtl-ref,css_flexbox,yes,wpt/css_flexbox/gap-001-rtl-ref,pass,0.00,,
wpt/css_flexbox/gap-002-ltr,css_flexbox,yes,wpt/css_flexbox/gap-002-ltr,pass,0.00,,
wpt/css_flexbox/gap-002-ltr-ref,css_flexbox,yes,wpt/css_flexbox/gap-002-ltr-ref,pass,0.00,,
wpt/css_flexbox/gap-002-rtl,css_flexbox,yes,wpt/css_flexbox/gap-002-rtl,pass,0.00,,
wpt/css_flexbox/gap-002-rtl-ref,css_flexbox,yes,wpt/css_flexbox/gap-002-rtl-ref,pass,0.00,,
wpt/css_flexbox/gap-003-ltr,css_flexbox,yes,wpt/css_flexbox/gap-003-ltr,pass,0.00,,
wpt/css_flexbox/gap-003-ltr-ref,css_flexbox,yes,wpt/css_flexbox/gap-003-ltr-ref,pass,0.00,,
wpt/css_flexbox/gap-003-rtl,css_flexbox,yes,wpt/css_flexbox/gap-003-rtl,pass,0.00,,
wpt/css_flexbox/gap-003-rtl-ref,css_flexbox,yes,wpt/css_flexbox/gap-003-rtl-ref,pass,0.00,,
wpt/css_flexbox/gap-004-ltr,css_flexbox,yes,wpt/css_flexbox/gap-004-ltr,pass,0.00,,
wpt/css_flexbox/gap-004-ltr-ref,css_flexbox,yes,wpt/css_flexbox/gap-004-ltr-ref,pass,0.00,,
wpt/css_flexbox/gap-004-rtl,css_flexbox,yes,wpt/css_flexbox/gap-004-rtl,fail,2.55,sp12_layout_bug,
wpt/css_flexbox/gap-004-rtl-ref,css_flexbox,yes,wpt/css_flexbox/gap-004-rtl-ref,fail,2.55,sp12_layout_bug,
wpt/css_flexbox/gap-005-ltr,css_flexbox,yes,wpt/css_flexbox/gap-005-ltr,pass,0.00,,
wpt/css_flexbox/gap-005-ltr-ref,css_flexbox,yes,wpt/css_flexbox/gap-005-ltr-ref,pass,0.00,,
wpt/css_flexbox/gap-005-rtl,css_flexbox,yes,wpt/css_flexbox/gap-005-rtl,pass,0.00,,
wpt/css_flexbox/gap-005-rtl-ref,css_flexbox,yes,wpt/css_flexbox/gap-005-rtl-ref,pass,0.00,,
wpt/css_flexbox/gap-006-ltr,css_flexbox,yes,wpt/css_flexbox/gap-006-ltr,pass,0.00,,
wpt/css_flexbox/gap-006-ltr-ref,css_flexbox,yes,wpt/css_flexbox/gap-006-ltr-ref,pass,0.00,,
wpt/css_flexbox/gap-006-rtl,css_flexbox,yes,wpt/css_flexbox/gap-006-rtl,fail,8.49,sp12_layout_bug,
wpt/css_flexbox/gap-006-rtl-ref,css_flexbox,yes,wpt/css_flexbox/gap-006-rtl-ref,fail,8.49,sp12_layout_bug,
wpt/css_flexbox/gap-007-ltr,css_flexbox,yes,wpt/css_flexbox/gap-007-ltr,fail,1.27,sp12_layout_bug,
wpt/css_flexbox/gap-007-ltr-ref,css_flexbox,yes,wpt/css_flexbox/gap-007-ltr-ref,fail,1.27,sp12_layout_bug,
wpt/css_flexbox/gap-007-rtl,css_flexbox,yes,wpt/css_flexbox/gap-007-rtl,fail,8.49,sp12_layout_bug,
wpt/css_flexbox/gap-007-rtl-ref,css_flexbox,yes,wpt/css_flexbox/gap-007-rtl-ref,fail,8.49,sp12_layout_bug,
wpt/css_flexbox/gap-008-ltr,css_flexbox,yes,wpt/css_flexbox/gap-008-ltr,pass,0.00,,
wpt/css_flexbox/gap-008-ltr-ref,css_flexbox,yes,wpt/css_flexbox/gap-008-ltr-ref,pass,0.00,,
wpt/css_flexbox/gap-009-ltr,css_flexbox,yes,wpt/css_flexbox/gap-009-ltr,fail,7.90,sp12_layout_bug,
wpt/css_flexbox/gap-009-ltr-ref,css_flexbox,yes,wpt/css_flexbox/gap-009-ltr-ref,fail,7.90,sp12_layout_bug,
wpt/css_flexbox/gap-010-ltr,css_flexbox,yes,wpt/css_flexbox/gap-010-ltr,fail,4.33,sp12_layout_bug,
wpt/css_flexbox/gap-010-ltr-ref,css_flexbox,yes,wpt/css_flexbox/gap-010-ltr-ref,fail,4.33,sp12_layout_bug,
wpt/css_flexbox/gap-011,css_flexbox,yes,wpt/css_flexbox/gap-011,pass,0.00,,
wpt/css_flexbox/gap-012,css_flexbox,yes,wpt/css_flexbox/gap-012,pass,0.00,,
wpt/css_flexbox/gap-013,css_flexbox,yes,wpt/css_flexbox/gap-013,pass,0.00,,
wpt/css_flexbox/gap-014,css_flexbox,yes,wpt/css_flexbox/gap-014,pass,0.00,,
wpt/css_flexbox/gap-015,css_flexbox,yes,wpt/css_flexbox/gap-015,pass,0.00,,
wpt/css_flexbox/gap-016,css_flexbox,yes,wpt/css_flexbox/gap-016,pass,0.00,,
wpt/css_flexbox/gap-019,css_flexbox,yes,wpt/css_flexbox/gap-019,pass,0.00,,
wpt/css_flexbox/gap-020,css_flexbox,yes,wpt/css_flexbox/gap-020,pass,0.00,,
wpt/css_flexbox/gap-021,css_flexbox,yes,wpt/css_flexbox/gap-021,pass,0.00,,
wpt/css_flexbox/grandchild-span-height,css_flexbox,yes,wpt/css_flexbox/grandchild-span-height,pass,0.00,,
wpt/css_flexbox/inline-flex-frameset-main-axis-crash,css_flexbox,yes,wpt/css_flexbox/inline-flex-frameset-main-axis-crash,pass,0.00,,
wpt/css_flexbox/inline-flex-min-content-height,css_flexbox,yes,wpt/css_flexbox/inline-flex-min-content-height,pass,0.00,,
wpt/css_flexbox/inline-flexbox-absurd-block-size-crash,css_flexbox,yes,wpt/css_flexbox/inline-flexbox-absurd-block-size-crash,fail,1.64,sp12_layout_bug,
wpt/css_flexbox/interactive_flexbox_interactive_break-after-column-item,css_flexbox,yes,wpt/css_flexbox/interactive_flexbox_interactive_break-after-column-item,pass,0.00,,
wpt/css_flexbox/interactive_flexbox_interactive_break-after-column-lastitem,css_flexbox,yes,wpt/css_flexbox/interactive_flexbox_interactive_break-after-column-lastitem,pass,0.00,,
wpt/css_flexbox/interactive_flexbox_interactive_break-after-container,css_flexbox,yes,wpt/css_flexbox/interactive_flexbox_interactive_break-after-container,pass,0.00,,
wpt/css_flexbox/interactive_flexbox_interactive_break-after-item,css_flexbox,yes,wpt/css_flexbox/interactive_flexbox_interactive_break-after-item,pass,0.00,,
wpt/css_flexbox/interactive_flexbox_interactive_break-after-line,css_flexbox,yes,wpt/css_flexbox/interactive_flexbox_interactive_break-after-line,fail,2.17,sp12_layout_bug,
wpt/css_flexbox/interactive_flexbox_interactive_break-after-line-order,css_flexbox,yes,wpt/css_flexbox/interactive_flexbox_interactive_break-after-line-order,fail,2.27,sp12_layout_bug,
wpt/css_flexbox/interactive_flexbox_interactive_break-after-multiline,css_flexbox,yes,wpt/css_flexbox/interactive_flexbox_interactive_break-after-multiline,fail,2.17,sp12_layout_bug,
wpt/css_flexbox/interactive_flexbox_interactive_break-before-column-firstitem,css_flexbox,yes,wpt/css_flexbox/interactive_flexbox_interactive_break-before-column-firstitem,pass,0.00,,
wpt/css_flexbox/interactive_flexbox_interactive_break-before-column-item,css_flexbox,yes,wpt/css_flexbox/interactive_flexbox_interactive_break-before-column-item,pass,0.00,,
wpt/css_flexbox/interactive_flexbox_interactive_break-before-container,css_flexbox,yes,wpt/css_flexbox/interactive_flexbox_interactive_break-before-container,pass,0.00,,
wpt/css_flexbox/interactive_flexbox_interactive_break-before-item,css_flexbox,yes,wpt/css_flexbox/interactive_flexbox_interactive_break-before-item,pass,0.00,,
wpt/css_flexbox/interactive_flexbox_interactive_break-before-multiline,css_flexbox,yes,wpt/css_flexbox/interactive_flexbox_interactive_break-before-multiline,fail,2.17,sp12_layout_bug,
wpt/css_flexbox/interactive_flexbox_interactive_break-natural,css_flexbox,yes,wpt/css_flexbox/interactive_flexbox_interactive_break-natural,fail,0.48,sp12_layout_bug,
wpt/css_flexbox/intrinsic-size_col-wrap-001,css_flexbox,yes,wpt/css_flexbox/intrinsic-size_col-wrap-001,pass,0.00,,
wpt/css_flexbox/intrinsic-size_col-wrap-002,css_flexbox,yes,wpt/css_flexbox/intrinsic-size_col-wrap-002,pass,0.00,,
wpt/css_flexbox/intrinsic-size_col-wrap-003,css_flexbox,yes,wpt/css_flexbox/intrinsic-size_col-wrap-003,pass,0.00,,
wpt/css_flexbox/intrinsic-size_col-wrap-006,css_flexbox,yes,wpt/css_flexbox/intrinsic-size_col-wrap-006,fail,1.06,sp12_layout_bug,
wpt/css_flexbox/intrinsic-size_col-wrap-007,css_flexbox,yes,wpt/css_flexbox/intrinsic-size_col-wrap-007,pass,0.00,,
wpt/css_flexbox/intrinsic-size_col-wrap-008,css_flexbox,yes,wpt/css_flexbox/intrinsic-size_col-wrap-008,pass,0.00,,
wpt/css_flexbox/intrinsic-size_col-wrap-011,css_flexbox,yes,wpt/css_flexbox/intrinsic-size_col-wrap-011,pass,0.00,,
wpt/css_flexbox/intrinsic-size_col-wrap-012,css_flexbox,yes,wpt/css_flexbox/intrinsic-size_col-wrap-012,pass,0.00,,
wpt/css_flexbox/intrinsic-size_col-wrap-015,css_flexbox,yes,wpt/css_flexbox/intrinsic-size_col-wrap-015,pass,0.00,,
wpt/css_flexbox/intrinsic-size_col-wrap-016,css_flexbox,yes,wpt/css_flexbox/intrinsic-size_col-wrap-016,pass,0.00,,
wpt/css_flexbox/intrinsic-size_col-wrap-017,css_flexbox,yes,wpt/css_flexbox/intrinsic-size_col-wrap-017,pass,0.00,,
wpt/css_flexbox/intrinsic-size_col-wrap-020,css_flexbox,yes,wpt/css_flexbox/intrinsic-size_col-wrap-020,pass,0.00,,
wpt/css_flexbox/intrinsic-size_row-001,css_flexbox,yes,wpt/css_flexbox/intrinsic-size_row-001,pass,0.00,,
wpt/css_flexbox/intrinsic-size_row-002,css_flexbox,yes,wpt/css_flexbox/intrinsic-size_row-002,pass,0.00,,
wpt/css_flexbox/intrinsic-size_row-003,css_flexbox,yes,wpt/css_flexbox/intrinsic-size_row-003,pass,0.00,,
wpt/css_flexbox/intrinsic-size_row-004,css_flexbox,yes,wpt/css_flexbox/intrinsic-size_row-004,fail,2.12,sp12_layout_bug,
wpt/css_flexbox/intrinsic-size_row-006,css_flexbox,yes,wpt/css_flexbox/intrinsic-size_row-006,pass,0.00,,
wpt/css_flexbox/intrinsic-size_row-007,css_flexbox,yes,wpt/css_flexbox/intrinsic-size_row-007,pass,0.00,,
wpt/css_flexbox/intrinsic-size_row-wrap-002.tentative,css_flexbox,yes,wpt/css_flexbox/intrinsic-size_row-wrap-002.tentative,pass,0.00,,
wpt/css_flexbox/item-with-max-height-and-scrollbar,css_flexbox,yes,wpt/css_flexbox/item-with-max-height-and-scrollbar,fail,0.64,sp12_layout_bug,
wpt/css_flexbox/justify-content_center,css_flexbox,yes,wpt/css_flexbox/justify-content_center,pass,0.00,,
wpt/css_flexbox/justify-content_flex-end,css_flexbox,yes,wpt/css_flexbox/justify-content_flex-end,pass,0.00,,
wpt/css_flexbox/justify-content_flex-start,css_flexbox,yes,wpt/css_flexbox/justify-content_flex-start,pass,0.00,,
wpt/css_flexbox/justify-content_space-around,css_flexbox,yes,wpt/css_flexbox/justify-content_space-around,pass,0.00,,
wpt/css_flexbox/justify-content_space-between-001,css_flexbox,yes,wpt/css_flexbox/justify-content_space-between-001,pass,0.00,,
wpt/css_flexbox/justify-content_space-between-003.tentative,css_flexbox,yes,wpt/css_flexbox/justify-content_space-between-003.tentative,pass,0.00,,
wpt/css_flexbox/layout-algorithm_algo-cross-line-001,css_flexbox,yes,wpt/css_flexbox/layout-algorithm_algo-cross-line-001,fail,1.82,sp12_layout_bug,
wpt/css_flexbox/layout-algorithm_algo-cross-line-002,css_flexbox,yes,wpt/css_flexbox/layout-algorithm_algo-cross-line-002,fail,1.82,sp12_layout_bug,
wpt/css_flexbox/min-height-min-content-crash,css_flexbox,yes,wpt/css_flexbox/min-height-min-content-crash,pass,0.00,,
wpt/css_flexbox/min-size-auto-overflow-clip,css_flexbox,yes,wpt/css_flexbox/min-size-auto-overflow-clip,fail,0.53,sp12_layout_bug,
wpt/css_flexbox/min-size-auto-overflow-clip-ref,css_flexbox,yes,wpt/css_flexbox/min-size-auto-overflow-clip-ref,pass,0.00,,
wpt/css_flexbox/multiline-column-max-height,css_flexbox,yes,wpt/css_flexbox/multiline-column-max-height,pass,0.00,,
wpt/css_flexbox/multiline-reverse-wrap-baseline,css_flexbox,yes,wpt/css_flexbox/multiline-reverse-wrap-baseline,fail,14.01,needs_text,SP11/SP13: Text Rendering
wpt/css_flexbox/multiline-shrink-to-fit,css_flexbox,yes,wpt/css_flexbox/multiline-shrink-to-fit,fail,4.94,sp12_layout_bug,
wpt/css_flexbox/negative-available-size-crash,css_flexbox,yes,wpt/css_flexbox/negative-available-size-crash,pass,0.00,,
wpt/css_flexbox/negative-flex-margins-crash,css_flexbox,yes,wpt/css_flexbox/negative-flex-margins-crash,pass,0.00,,
wpt/css_flexbox/negative-flex-rounding-crash,css_flexbox,yes,wpt/css_flexbox/negative-flex-rounding-crash,pass,0.00,,
wpt/css_flexbox/negative-item-margins-002-crash,css_flexbox,yes,wpt/css_flexbox/negative-item-margins-002-crash,pass,0.00,,
wpt/css_flexbox/negative-item-margins-crash,css_flexbox,yes,wpt/css_flexbox/negative-item-margins-crash,pass,0.00,,
wpt/css_flexbox/negative-margins-001,css_flexbox,yes,wpt/css_flexbox/negative-margins-001,fail,0.03,sp12_layout_bug,
wpt/css_flexbox/order-painting,css_flexbox,yes,wpt/css_flexbox/order-painting,pass,0.00,,
wpt/css_flexbox/order_order-abs-children-painting-order,css_flexbox,yes,wpt/css_flexbox/order_order-abs-children-painting-order,fail,2.12,sp12_layout_bug,
wpt/css_flexbox/order_order-abs-children-painting-order-different-container,css_flexbox,yes,wpt/css_flexbox/order_order-abs-children-painting-order-different-container,pass,0.00,,
wpt/css_flexbox/order_order-with-column-reverse,css_flexbox,yes,wpt/css_flexbox/order_order-with-column-reverse,pass,0.00,,
wpt/css_flexbox/order_order-with-column-reverse-ref,css_flexbox,yes,wpt/css_flexbox/order_order-with-column-reverse-ref,pass,0.00,,
wpt/css_flexbox/order_order-with-row-reverse,css_flexbox,yes,wpt/css_flexbox/order_order-with-row-reverse,pass,0.00,,
wpt/css_flexbox/order_order-with-row-reverse-ref,css_flexbox,yes,wpt/css_flexbox/order_order-with-row-reverse-ref,pass,0.00,,
wpt/css_flexbox/overflow-area-003,css_flexbox,yes,wpt/css_flexbox/overflow-area-003,fail,15.22,sp12_layout_bug,
wpt/css_flexbox/padding-overflow,css_flexbox,yes,wpt/css_flexbox/padding-overflow,pass,0.00,,
wpt/css_flexbox/percentage-heights-002,css_flexbox,yes,wpt/css_flexbox/percentage-heights-002,fail,17.00,sp12_layout_bug,
wpt/css_flexbox/percentage-heights-002-ref,css_flexbox,yes,wpt/css_flexbox/percentage-heights-002-ref,fail,17.00,sp12_layout_bug,
wpt/css_flexbox/percentage-heights-004,css_flexbox,yes,wpt/css_flexbox/percentage-heights-004,fail,1.27,sp12_layout_bug,
wpt/css_flexbox/percentage-heights-004-ref,css_flexbox,yes,wpt/css_flexbox/percentage-heights-004-ref,fail,1.27,sp12_layout_bug,
wpt/css_flexbox/percentage-heights-005,css_flexbox,yes,wpt/css_flexbox/percentage-heights-005,pass,0.00,,
wpt/css_flexbox/percentage-heights-006,css_flexbox,yes,wpt/css_flexbox/percentage-heights-006,pass,0.00,,
wpt/css_flexbox/percentage-heights-007,css_flexbox,yes,wpt/css_flexbox/percentage-heights-007,pass,0.00,,
wpt/css_flexbox/percentage-heights-008,css_flexbox,yes,wpt/css_flexbox/percentage-heights-008,fail,5.32,sp12_layout_bug,
wpt/css_flexbox/percentage-heights-009,css_flexbox,yes,wpt/css_flexbox/percentage-heights-009,pass,0.00,,
wpt/css_flexbox/percentage-heights-010,css_flexbox,yes,wpt/css_flexbox/percentage-heights-010,pass,0.00,,
wpt/css_flexbox/percentage-heights-015,css_flexbox,yes,wpt/css_flexbox/percentage-heights-015,fail,11.41,sp12_layout_bug,
wpt/css_flexbox/percentage-heights-015-ref,css_flexbox,yes,wpt/css_flexbox/percentage-heights-015-ref,fail,1.54,sp12_layout_bug,
wpt/css_flexbox/percentage-heights-016,css_flexbox,yes,wpt/css_flexbox/percentage-heights-016,fail,2.12,sp12_layout_bug,
wpt/css_flexbox/percentage-heights-017,css_flexbox,yes,wpt/css_flexbox/percentage-heights-017,pass,0.00,,
wpt/css_flexbox/percentage-heights-018,css_flexbox,yes,wpt/css_flexbox/percentage-heights-018,pass,0.00,,
wpt/css_flexbox/percentage-heights-019,css_flexbox,yes,wpt/css_flexbox/percentage-heights-019,pass,0.00,,
wpt/css_flexbox/percentage-heights-021,css_flexbox,yes,wpt/css_flexbox/percentage-heights-021,pass,0.00,,
wpt/css_flexbox/percentage-max-height-004-ref,css_flexbox,yes,wpt/css_flexbox/percentage-max-height-004-ref,pass,0.00,,
wpt/css_flexbox/percentage-max-height-005,css_flexbox,yes,wpt/css_flexbox/percentage-max-height-005,fail,2.12,sp12_layout_bug,
wpt/css_flexbox/percentage-padding-002,css_flexbox,yes,wpt/css_flexbox/percentage-padding-002,fail,0.30,needs_text,SP11/SP13: Text Rendering
wpt/css_flexbox/percentage-padding-002-ref,css_flexbox,yes,wpt/css_flexbox/percentage-padding-002-ref,pass,0.00,,
wpt/css_flexbox/percentage-padding-005,css_flexbox,yes,wpt/css_flexbox/percentage-padding-005,pass,0.00,,
wpt/css_flexbox/percentage-widths-001,css_flexbox,yes,wpt/css_flexbox/percentage-widths-001,fail,11.82,sp12_layout_bug,
wpt/css_flexbox/percentage-widths-001-ref,css_flexbox,yes,wpt/css_flexbox/percentage-widths-001-ref,fail,11.08,sp12_layout_bug,
wpt/css_flexbox/position-absolute-scrollbar-freeze-ref,css_flexbox,yes,wpt/css_flexbox/position-absolute-scrollbar-freeze-ref,fail,0.32,sp12_layout_bug,
wpt/css_flexbox/position-fixed-001,css_flexbox,yes,wpt/css_flexbox/position-fixed-001,pass,0.00,,
wpt/css_flexbox/position-relative-percentage-top-002,css_flexbox,yes,wpt/css_flexbox/position-relative-percentage-top-002,pass,0.00,,
wpt/css_flexbox/position-relative-percentage-top-003,css_flexbox,yes,wpt/css_flexbox/position-relative-percentage-top-003,pass,0.00,,
wpt/css_flexbox/position-relative-with-scrollable-with-abspos-crash,css_flexbox,yes,wpt/css_flexbox/position-relative-with-scrollable-with-abspos-crash,pass,0.00,,
wpt/css_flexbox/stretch-obeys-min-max-001,css_flexbox,yes,wpt/css_flexbox/stretch-obeys-min-max-001,fail,1.89,sp12_layout_bug,
wpt/css_flexbox/stretch-obeys-min-max-003,css_flexbox,yes,wpt/css_flexbox/stretch-obeys-min-max-003,fail,6.14,sp12_layout_bug,
wpt/css_flexbox/stretch-requires-computed-auto-size,css_flexbox,yes,wpt/css_flexbox/stretch-requires-computed-auto-size,pass,0.00,,
wpt/css_flexbox/stretched-child-in-nested-flexbox-001,css_flexbox,yes,wpt/css_flexbox/stretched-child-in-nested-flexbox-001,pass,0.00,,
wpt/css_flexbox/stretched-child-in-nested-flexbox-002,css_flexbox,yes,wpt/css_flexbox/stretched-child-in-nested-flexbox-002,pass,0.00,,
wpt/css_flexbox/stretched-child-in-nested-flexbox-003,css_flexbox,yes,wpt/css_flexbox/stretched-child-in-nested-flexbox-003,pass,0.00,,
wpt/css_flexbox/table-item-flex-percentage-min-width-ref,css_flexbox,yes,wpt/css_flexbox/table-item-flex-percentage-min-width-ref,pass,0.00,,
wpt/css_flexbox/table-item-flex-percentage-width-ref,css_flexbox,yes,wpt/css_flexbox/table-item-flex-percentage-width-ref,pass,0.00,,
wpt/css_flexbox/text-overflow-on-flexbox-001,css_flexbox,yes,wpt/css_flexbox/text-overflow-on-flexbox-001,pass,0.00,,
wpt/css_flexbox/whitespace-in-flexitem-001,css_flexbox,yes,wpt/css_flexbox/whitespace-in-flexitem-001,pass,0.00,,
wpt/css_flexbox/whitespace-in-flexitem-001-ref,css_flexbox,yes,wpt/css_flexbox/whitespace-in-flexitem-001-ref,pass,0.00,,
wpt/css_flexbox/zero-content-size-with-scrollbar-crash,css_flexbox,yes,wpt/css_flexbox/zero-content-size-with-scrollbar-crash,pass,0.00,,
wpt/css_multicol/abspos-after-spanner,css_multicol,yes,wpt/css_multicol/abspos-after-spanner,pass,0.00,,
wpt/css_multicol/abspos-after-spanner-static-pos,css_multicol,yes,wpt/css_multicol/abspos-after-spanner-static-pos,fail,2.12,sp12_layout_bug,
wpt/css_multicol/abspos-autopos-contained-by-viewport-000,css_multicol,yes,wpt/css_multicol/abspos-autopos-contained-by-viewport-000,fail,0.85,sp12_layout_bug,
wpt/css_multicol/abspos-autopos-contained-by-viewport-001,css_multicol,yes,wpt/css_multicol/abspos-autopos-contained-by-viewport-001,fail,0.85,sp12_layout_bug,
wpt/css_multicol/abspos-containing-block-outside-spanner,css_multicol,yes,wpt/css_multicol/abspos-containing-block-outside-spanner,fail,5.50,needs_text,SP11/SP13: Text Rendering
wpt/css_multicol/abspos-containing-block-outside-spanner-ref,css_multicol,yes,wpt/css_multicol/abspos-containing-block-outside-spanner-ref,fail,3.14,needs_text,SP11/SP13: Text Rendering
wpt/css_multicol/abspos-multicol-in-second-outer-clipped,css_multicol,yes,wpt/css_multicol/abspos-multicol-in-second-outer-clipped,pass,0.00,,
wpt/css_multicol/always-balancing-before-column-span,css_multicol,yes,wpt/css_multicol/always-balancing-before-column-span,pass,0.00,,
wpt/css_multicol/as-column-flex-item,css_multicol,yes,wpt/css_multicol/as-column-flex-item,fail,2.55,sp12_layout_bug,
wpt/css_multicol/auto-fill-auto-size-001-print,css_multicol,yes,wpt/css_multicol/auto-fill-auto-size-001-print,pass,0.00,,
wpt/css_multicol/auto-fill-auto-size-002-print,css_multicol,yes,wpt/css_multicol/auto-fill-auto-size-002-print,pass,0.00,,
wpt/css_multicol/auto-fill-auto-size-002-print-ref,css_multicol,yes,wpt/css_multicol/auto-fill-auto-size-002-print-ref,pass,0.00,,
wpt/css_multicol/balance-break-avoidance-000,css_multicol,yes,wpt/css_multicol/balance-break-avoidance-000,pass,0.00,,
wpt/css_multicol/balance-break-avoidance-001,css_multicol,yes,wpt/css_multicol/balance-break-avoidance-001,fail,1.06,sp12_layout_bug,
wpt/css_multicol/balance-break-avoidance-002,css_multicol,yes,wpt/css_multicol/balance-break-avoidance-002,fail,0.53,sp12_layout_bug,
wpt/css_multicol/balance-orphans-widows-000,css_multicol,yes,wpt/css_multicol/balance-orphans-widows-000,pass,0.00,,
wpt/css_multicol/baseline-000,css_multicol,yes,wpt/css_multicol/baseline-000,pass,0.00,,
wpt/css_multicol/baseline-000-ref,css_multicol,yes,wpt/css_multicol/baseline-000-ref,pass,0.00,,
wpt/css_multicol/baseline-001,css_multicol,yes,wpt/css_multicol/baseline-001,pass,0.00,,
wpt/css_multicol/baseline-001-ref,css_multicol,yes,wpt/css_multicol/baseline-001-ref,pass,0.00,,
wpt/css_multicol/baseline-002,css_multicol,yes,wpt/css_multicol/baseline-002,pass,0.00,,
wpt/css_multicol/baseline-002-ref,css_multicol,yes,wpt/css_multicol/baseline-002-ref,pass,0.00,,
wpt/css_multicol/baseline-003,css_multicol,yes,wpt/css_multicol/baseline-003,pass,0.00,,
wpt/css_multicol/baseline-003-ref,css_multicol,yes,wpt/css_multicol/baseline-003-ref,pass,0.00,,
wpt/css_multicol/baseline-004,css_multicol,yes,wpt/css_multicol/baseline-004,pass,0.00,,
wpt/css_multicol/baseline-004-ref,css_multicol,yes,wpt/css_multicol/baseline-004-ref,pass,0.00,,
wpt/css_multicol/baseline-005,css_multicol,yes,wpt/css_multicol/baseline-005,pass,0.00,,
wpt/css_multicol/baseline-005-ref,css_multicol,yes,wpt/css_multicol/baseline-005-ref,pass,0.00,,
wpt/css_multicol/baseline-006,css_multicol,yes,wpt/css_multicol/baseline-006,pass,0.00,,
wpt/css_multicol/baseline-006-ref,css_multicol,yes,wpt/css_multicol/baseline-006-ref,pass,0.00,,
wpt/css_multicol/baseline-007,css_multicol,yes,wpt/css_multicol/baseline-007,fail,0.85,needs_text,SP11/SP13: Text Rendering
wpt/css_multicol/baseline-007-ref,css_multicol,yes,wpt/css_multicol/baseline-007-ref,pass,0.00,,
wpt/css_multicol/baseline-008,css_multicol,yes,wpt/css_multicol/baseline-008,pass,0.00,,
wpt/css_multicol/baseline-008-ref,css_multicol,yes,wpt/css_multicol/baseline-008-ref,pass,0.00,,
wpt/css_multicol/broken-column-rule-1,css_multicol,yes,wpt/css_multicol/broken-column-rule-1,pass,0.00,,
wpt/css_multicol/broken-column-rule-1-ref,css_multicol,yes,wpt/css_multicol/broken-column-rule-1-ref,fail,0.21,needs_text,SP11/SP13: Text Rendering
wpt/css_multicol/column-balancing-paged-001-print,css_multicol,yes,wpt/css_multicol/column-balancing-paged-001-print,fail,63.71,sp12_layout_bug,
wpt/css_multicol/column-balancing-paged-001-print-ref,css_multicol,yes,wpt/css_multicol/column-balancing-paged-001-print-ref,fail,2.63,sp12_layout_bug,
wpt/css_multicol/column-balancing-with-overflow-auto-crash,css_multicol,yes,wpt/css_multicol/column-balancing-with-overflow-auto-crash,fail,0.32,sp12_layout_bug,
wpt/css_multicol/column-balancing-with-span-and-oof-001,css_multicol,yes,wpt/css_multicol/column-balancing-with-span-and-oof-001,fail,1.06,sp12_layout_bug,
wpt/css_multicol/column-balancing-with-span-and-oof-002,css_multicol,yes,wpt/css_multicol/column-balancing-with-span-and-oof-002,fail,1.06,sp12_layout_bug,
wpt/css_multicol/column-count-used-001,css_multicol,yes,wpt/css_multicol/column-count-used-001,fail,2.12,needs_text,SP11/SP13: Text Rendering
wpt/css_multicol/column-height-001,css_multicol,yes,wpt/css_multicol/column-height-001,pass,0.00,,
wpt/css_multicol/column-height-002,css_multicol,yes,wpt/css_multicol/column-height-002,fail,0.17,sp12_layout_bug,
wpt/css_multicol/column-height-003,css_multicol,yes,wpt/css_multicol/column-height-003,fail,1.70,sp12_layout_bug,
wpt/css_multicol/column-height-004,css_multicol,yes,wpt/css_multicol/column-height-004,fail,2.55,sp12_layout_bug,
wpt/css_multicol/column-height-005,css_multicol,yes,wpt/css_multicol/column-height-005,fail,3.18,sp12_layout_bug,
wpt/css_multicol/column-height-006,css_multicol,yes,wpt/css_multicol/column-height-006,fail,0.53,sp12_layout_bug,
wpt/css_multicol/column-height-007,css_multicol,yes,wpt/css_multicol/column-height-007,fail,1.06,sp12_layout_bug,
wpt/css_multicol/column-height-008,css_multicol,yes,wpt/css_multicol/column-height-008,fail,0.21,sp12_layout_bug,
wpt/css_multicol/column-height-009,css_multicol,yes,wpt/css_multicol/column-height-009,fail,11.55,needs_text,SP11/SP13: Text Rendering
wpt/css_multicol/column-height-009-ref,css_multicol,yes,wpt/css_multicol/column-height-009-ref,pass,0.00,,
wpt/css_multicol/column-height-010,css_multicol,yes,wpt/css_multicol/column-height-010,pass,0.00,,
wpt/css_multicol/column-height-011,css_multicol,yes,wpt/css_multicol/column-height-011,pass,0.00,,
wpt/css_multicol/column-height-012,css_multicol,yes,wpt/css_multicol/column-height-012,fail,0.42,sp12_layout_bug,
wpt/css_multicol/column-height-013,css_multicol,yes,wpt/css_multicol/column-height-013,fail,0.42,sp12_layout_bug,
wpt/css_multicol/column-height-014,css_multicol,yes,wpt/css_multicol/column-height-014,fail,0.42,sp12_layout_bug,
wpt/css_multicol/column-height-015,css_multicol,yes,wpt/css_multicol/column-height-015,fail,0.42,sp12_layout_bug,
wpt/css_multicol/column-height-016,css_multicol,yes,wpt/css_multicol/column-height-016,fail,1.97,sp12_layout_bug,
wpt/css_multicol/column-height-017,css_multicol,yes,wpt/css_multicol/column-height-017,fail,0.21,sp12_layout_bug,
wpt/css_multicol/column-height-018,css_multicol,yes,wpt/css_multicol/column-height-018,fail,0.53,sp12_layout_bug,
wpt/css_multicol/column-height-019,css_multicol,yes,wpt/css_multicol/column-height-019,fail,0.11,sp12_layout_bug,
wpt/css_multicol/column-height-020,css_multicol,yes,wpt/css_multicol/column-height-020,fail,0.42,sp12_layout_bug,
wpt/css_multicol/column-height-021,css_multicol,yes,wpt/css_multicol/column-height-021,fail,0.02,sp12_layout_bug,
wpt/css_multicol/column-height-022,css_multicol,yes,wpt/css_multicol/column-height-022,fail,0.06,sp12_layout_bug,
wpt/css_multicol/column-height-024,css_multicol,yes,wpt/css_multicol/column-height-024,fail,2.04,sp12_layout_bug,
wpt/css_multicol/column-height-025,css_multicol,yes,wpt/css_multicol/column-height-025,fail,0.21,sp12_layout_bug,
wpt/css_multicol/column-height-026,css_multicol,yes,wpt/css_multicol/column-height-026,pass,0.00,,
wpt/css_multicol/column-height-027,css_multicol,yes,wpt/css_multicol/column-height-027,fail,0.37,sp12_layout_bug,
wpt/css_multicol/column-height-028,css_multicol,yes,wpt/css_multicol/column-height-028,fail,0.42,sp12_layout_bug,
wpt/css_multicol/column-height-029,css_multicol,yes,wpt/css_multicol/column-height-029,fail,0.21,sp12_layout_bug,
wpt/css_multicol/column-height-030,css_multicol,yes,wpt/css_multicol/column-height-030,fail,2.12,sp12_layout_bug,
wpt/css_multicol/column-pseudo-background-color-ref,css_multicol,yes,wpt/css_multicol/column-pseudo-background-color-ref,pass,0.00,,
wpt/css_multicol/column-rule-001-ref,css_multicol,yes,wpt/css_multicol/column-rule-001-ref,fail,4.12,sp12_layout_bug,
wpt/css_multicol/column-rule-002,css_multicol,yes,wpt/css_multicol/column-rule-002,fail,0.51,sp12_layout_bug,
wpt/css_multicol/column-rule-002-ref,css_multicol,yes,wpt/css_multicol/column-rule-002-ref,pass,0.00,,
wpt/css_multicol/column-wrap-no-constraints-001,css_multicol,yes,wpt/css_multicol/column-wrap-no-constraints-001,pass,0.00,,
wpt/css_multicol/column-wrap-no-constraints-002,css_multicol,yes,wpt/css_multicol/column-wrap-no-constraints-002,fail,2.55,sp12_layout_bug,
wpt/css_multicol/columnfill-auto-max-height-003,css_multicol,yes,wpt/css_multicol/columnfill-auto-max-height-003,pass,0.00,,
wpt/css_multicol/composited-under-clip-under-multicol,css_multicol,yes,wpt/css_multicol/composited-under-clip-under-multicol,pass,0.00,,
wpt/css_multicol/composited-under-clip-under-multicol-ref,css_multicol,yes,wpt/css_multicol/composited-under-clip-under-multicol-ref,pass,0.00,,
wpt/css_multicol/equal-gap-and-rule,css_multicol,yes,wpt/css_multicol/equal-gap-and-rule,pass,0.00,,
wpt/css_multicol/fixed-in-nested-multicol-with-viewport-container,css_multicol,yes,wpt/css_multicol/fixed-in-nested-multicol-with-viewport-container,fail,3.72,sp12_layout_bug,
wpt/css_multicol/fixed-size-child-with-overflow,css_multicol,yes,wpt/css_multicol/fixed-size-child-with-overflow,fail,2.70,sp12_layout_bug,
wpt/css_multicol/fixedpos-static-pos-with-viewport-cb-001,css_multicol,yes,wpt/css_multicol/fixedpos-static-pos-with-viewport-cb-001,fail,2.12,sp12_layout_bug,
wpt/css_multicol/fixedpos-static-pos-with-viewport-cb-002,css_multicol,yes,wpt/css_multicol/fixedpos-static-pos-with-viewport-cb-002,fail,2.12,sp12_layout_bug,
wpt/css_multicol/fixedpos-static-pos-with-viewport-cb-003,css_multicol,yes,wpt/css_multicol/fixedpos-static-pos-with-viewport-cb-003,fail,2.71,sp12_layout_bug,
wpt/css_multicol/float-and-block,css_multicol,yes,wpt/css_multicol/float-and-block,fail,3.18,sp12_layout_bug,
wpt/css_multicol/float-with-line-after-spanner,css_multicol,yes,wpt/css_multicol/float-with-line-after-spanner,fail,3.11,sp12_layout_bug,
wpt/css_multicol/float-with-line-after-spanner-ref,css_multicol,yes,wpt/css_multicol/float-with-line-after-spanner-ref,pass,0.00,,
wpt/css_multicol/increase-prev-sibling-height-ref,css_multicol,yes,wpt/css_multicol/increase-prev-sibling-height-ref,pass,0.00,,
wpt/css_multicol/inline-block-and-column-span-all,css_multicol,yes,wpt/css_multicol/inline-block-and-column-span-all,fail,2.12,sp12_layout_bug,
wpt/css_multicol/intrinsic-size-001,css_multicol,yes,wpt/css_multicol/intrinsic-size-001,fail,0.42,sp12_layout_bug,
wpt/css_multicol/intrinsic-size-002,css_multicol,yes,wpt/css_multicol/intrinsic-size-002,pass,0.00,,
wpt/css_multicol/intrinsic-size-003,css_multicol,yes,wpt/css_multicol/intrinsic-size-003,fail,1.42,sp12_layout_bug,
wpt/css_multicol/intrinsic-size-004,css_multicol,yes,wpt/css_multicol/intrinsic-size-004,fail,3.18,sp12_layout_bug,
wpt/css_multicol/intrinsic-size-005,css_multicol,yes,wpt/css_multicol/intrinsic-size-005,fail,2.12,sp12_layout_bug,
wpt/css_multicol/move-with-text-after-paint-ref,css_multicol,yes,wpt/css_multicol/move-with-text-after-paint-ref,pass,0.00,,
wpt/css_multicol/moz-multicol3-column-balancing-break-inside-avoid-1,css_multicol,yes,wpt/css_multicol/moz-multicol3-column-balancing-break-inside-avoid-1,pass,0.00,,
wpt/css_multicol/moz-multicol3-column-balancing-break-inside-avoid-1-ref,css_multicol,yes,wpt/css_multicol/moz-multicol3-column-balancing-break-inside-avoid-1-ref,fail,1.33,needs_text,SP11/SP13: Text Rendering
wpt/css_multicol/multicol-basic-001,css_multicol,yes,wpt/css_multicol/multicol-basic-001,fail,0.31,"needs_text,needs_font_metrics",SP11/SP13: Text Rendering; SP11: Font Metrics
wpt/css_multicol/multicol-basic-002,css_multicol,yes,wpt/css_multicol/multicol-basic-002,fail,0.31,"needs_text,needs_font_metrics",SP11/SP13: Text Rendering; SP11: Font Metrics
wpt/css_multicol/multicol-basic-003,css_multicol,yes,wpt/css_multicol/multicol-basic-003,fail,0.31,"needs_text,needs_font_metrics",SP11/SP13: Text Rendering; SP11: Font Metrics
wpt/css_multicol/multicol-basic-004,css_multicol,yes,wpt/css_multicol/multicol-basic-004,fail,0.31,"needs_text,needs_font_metrics",SP11/SP13: Text Rendering; SP11: Font Metrics
wpt/css_multicol/multicol-basic-005,css_multicol,yes,wpt/css_multicol/multicol-basic-005,pass,0.00,,
wpt/css_multicol/multicol-basic-006,css_multicol,yes,wpt/css_multicol/multicol-basic-006,pass,0.00,,
wpt/css_multicol/multicol-basic-007,css_multicol,yes,wpt/css_multicol/multicol-basic-007,pass,0.00,,
wpt/css_multicol/multicol-basic-008,css_multicol,yes,wpt/css_multicol/multicol-basic-008,pass,0.00,,
wpt/css_multicol/multicol-block-no-clip-001,css_multicol,yes,wpt/css_multicol/multicol-block-no-clip-001,fail,1.98,"needs_text,needs_font_metrics",SP11/SP13: Text Rendering; SP11: Font Metrics
wpt/css_multicol/multicol-block-no-clip-002,css_multicol,yes,wpt/css_multicol/multicol-block-no-clip-002,fail,1.98,"needs_text,needs_font_metrics",SP11/SP13: Text Rendering; SP11: Font Metrics
wpt/css_multicol/multicol-br-inside-avoidcolumn-001,css_multicol,yes,wpt/css_multicol/multicol-br-inside-avoidcolumn-001,pass,0.00,,
wpt/css_multicol/multicol-breaking-000,css_multicol,yes,wpt/css_multicol/multicol-breaking-000,fail,2.63,"needs_text,needs_font_metrics",SP11/SP13: Text Rendering; SP11: Font Metrics
wpt/css_multicol/multicol-breaking-000-ref,css_multicol,yes,wpt/css_multicol/multicol-breaking-000-ref,fail,2.50,"needs_text,needs_font_metrics",SP11/SP13: Text Rendering; SP11: Font Metrics
wpt/css_multicol/multicol-breaking-001,css_multicol,yes,wpt/css_multicol/multicol-breaking-001,fail,2.67,"needs_text,needs_font_metrics",SP11/SP13: Text Rendering; SP11: Font Metrics
wpt/css_multicol/multicol-breaking-001-ref,css_multicol,yes,wpt/css_multicol/multicol-breaking-001-ref,fail,2.50,"needs_text,needs_font_metrics",SP11/SP13: Text Rendering; SP11: Font Metrics
wpt/css_multicol/multicol-breaking-002,css_multicol,yes,wpt/css_multicol/multicol-breaking-002,fail,2.71,"needs_text,needs_font_metrics",SP11/SP13: Text Rendering; SP11: Font Metrics
wpt/css_multicol/multicol-breaking-002-ref,css_multicol,yes,wpt/css_multicol/multicol-breaking-002-ref,fail,2.50,"needs_text,needs_font_metrics",SP11/SP13: Text Rendering; SP11: Font Metrics
wpt/css_multicol/multicol-breaking-003,css_multicol,yes,wpt/css_multicol/multicol-breaking-003,fail,2.67,"needs_text,needs_font_metrics",SP11/SP13: Text Rendering; SP11: Font Metrics
wpt/css_multicol/multicol-breaking-003-ref,css_multicol,yes,wpt/css_multicol/multicol-breaking-003-ref,fail,2.50,"needs_text,needs_font_metrics",SP11/SP13: Text Rendering; SP11: Font Metrics
wpt/css_multicol/multicol-breaking-004,css_multicol,yes,wpt/css_multicol/multicol-breaking-004,fail,5.68,"needs_text,needs_font_metrics",SP11/SP13: Text Rendering; SP11: Font Metrics
wpt/css_multicol/multicol-breaking-004-ref,css_multicol,yes,wpt/css_multicol/multicol-breaking-004-ref,fail,2.50,"needs_text,needs_font_metrics",SP11/SP13: Text Rendering; SP11: Font Metrics
wpt/css_multicol/multicol-breaking-005,css_multicol,yes,wpt/css_multicol/multicol-breaking-005,fail,2.80,"needs_text,needs_font_metrics",SP11/SP13: Text Rendering; SP11: Font Metrics
wpt/css_multicol/multicol-breaking-005-ref,css_multicol,yes,wpt/css_multicol/multicol-breaking-005-ref,fail,2.50,"needs_text,needs_font_metrics",SP11/SP13: Text Rendering; SP11: Font Metrics
wpt/css_multicol/multicol-breaking-006,css_multicol,yes,wpt/css_multicol/multicol-breaking-006,fail,9.85,"needs_text,needs_font_metrics",SP11/SP13: Text Rendering; SP11: Font Metrics
wpt/css_multicol/multicol-breaking-006-ref,css_multicol,yes,wpt/css_multicol/multicol-breaking-006-ref,fail,2.50,"needs_text,needs_font_metrics",SP11/SP13: Text Rendering; SP11: Font Metrics
wpt/css_multicol/multicol-breaking-nobackground-000,css_multicol,yes,wpt/css_multicol/multicol-breaking-nobackground-000,fail,2.54,"needs_text,needs_font_metrics",SP11/SP13: Text Rendering; SP11: Font Metrics
wpt/css_multicol/multicol-breaking-nobackground-000-ref,css_multicol,yes,wpt/css_multicol/multicol-breaking-nobackground-000-ref,fail,2.50,"needs_text,needs_font_metrics",SP11/SP13: Text Rendering; SP11: Font Metrics
wpt/css_multicol/multicol-breaking-nobackground-001,css_multicol,yes,wpt/css_multicol/multicol-breaking-nobackground-001,fail,2.58,"needs_text,needs_font_metrics",SP11/SP13: Text Rendering; SP11: Font Metrics
wpt/css_multicol/multicol-breaking-nobackground-001-ref,css_multicol,yes,wpt/css_multicol/multicol-breaking-nobackground-001-ref,fail,2.50,"needs_text,needs_font_metrics",SP11/SP13: Text Rendering; SP11: Font Metrics
wpt/css_multicol/multicol-breaking-nobackground-002,css_multicol,yes,wpt/css_multicol/multicol-breaking-nobackground-002,fail,2.63,"needs_text,needs_font_metrics",SP11/SP13: Text Rendering; SP11: Font Metrics
wpt/css_multicol/multicol-breaking-nobackground-002-ref,css_multicol,yes,wpt/css_multicol/multicol-breaking-nobackground-002-ref,fail,2.50,"needs_text,needs_font_metrics",SP11/SP13: Text Rendering; SP11: Font Metrics
wpt/css_multicol/multicol-breaking-nobackground-003,css_multicol,yes,wpt/css_multicol/multicol-breaking-nobackground-003,fail,2.58,"needs_text,needs_font_metrics",SP11/SP13: Text Rendering; SP11: Font Metrics
wpt/css_multicol/multicol-breaking-nobackground-003-ref,css_multicol,yes,wpt/css_multicol/multicol-breaking-nobackground-003-ref,fail,2.50,"needs_text,needs_font_metrics",SP11/SP13: Text Rendering; SP11: Font Metrics
wpt/css_multicol/multicol-breaking-nobackground-004,css_multicol,yes,wpt/css_multicol/multicol-breaking-nobackground-004,fail,4.58,"needs_text,needs_font_metrics",SP11/SP13: Text Rendering; SP11: Font Metrics
wpt/css_multicol/multicol-breaking-nobackground-004-ref,css_multicol,yes,wpt/css_multicol/multicol-breaking-nobackground-004-ref,fail,2.50,"needs_text,needs_font_metrics",SP11/SP13: Text Rendering; SP11: Font Metrics
wpt/css_multicol/multicol-breaking-nobackground-005,css_multicol,yes,wpt/css_multicol/multicol-breaking-nobackground-005,fail,2.63,"needs_text,needs_font_metrics",SP11/SP13: Text Rendering; SP11: Font Metrics
wpt/css_multicol/multicol-breaking-nobackground-005-ref,css_multicol,yes,wpt/css_multicol/multicol-breaking-nobackground-005-ref,fail,2.50,"needs_text,needs_font_metrics",SP11/SP13: Text Rendering; SP11: Font Metrics
wpt/css_multicol/multicol-clip-001,css_multicol,yes,wpt/css_multicol/multicol-clip-001,fail,1.98,"needs_text,needs_font_metrics",SP11/SP13: Text Rendering; SP11: Font Metrics
wpt/css_multicol/multicol-clip-002,css_multicol,yes,wpt/css_multicol/multicol-clip-002,fail,1.98,"needs_text,needs_font_metrics",SP11/SP13: Text Rendering; SP11: Font Metrics
wpt/css_multicol/multicol-collapsing-001,css_multicol,yes,wpt/css_multicol/multicol-collapsing-001,fail,0.60,needs_font_metrics,SP11: Font Metrics
wpt/css_multicol/multicol-columns-001,css_multicol,yes,wpt/css_multicol/multicol-columns-001,pass,0.00,,
wpt/css_multicol/multicol-columns-001-ref,css_multicol,yes,wpt/css_multicol/multicol-columns-001-ref,fail,7.64,"needs_text,needs_font_metrics",SP11/SP13: Text Rendering; SP11: Font Metrics
wpt/css_multicol/multicol-columns-002,css_multicol,yes,wpt/css_multicol/multicol-columns-002,pass,0.00,,
wpt/css_multicol/multicol-columns-003,css_multicol,yes,wpt/css_multicol/multicol-columns-003,pass,0.00,,
wpt/css_multicol/multicol-columns-004,css_multicol,yes,wpt/css_multicol/multicol-columns-004,pass,0.00,,
wpt/css_multicol/multicol-columns-005,css_multicol,yes,wpt/css_multicol/multicol-columns-005,pass,0.00,,
wpt/css_multicol/multicol-columns-006,css_multicol,yes,wpt/css_multicol/multicol-columns-006,pass,0.00,,
wpt/css_multicol/multicol-columns-007,css_multicol,yes,wpt/css_multicol/multicol-columns-007,pass,0.00,,
wpt/css_multicol/multicol-columns-invalid-001,css_multicol,yes,wpt/css_multicol/multicol-columns-invalid-001,fail,2.13,"needs_text,needs_font_metrics",SP11/SP13: Text Rendering; SP11: Font Metrics
wpt/css_multicol/multicol-columns-invalid-002,css_multicol,yes,wpt/css_multicol/multicol-columns-invalid-002,fail,2.13,"needs_text,needs_font_metrics",SP11/SP13: Text Rendering; SP11: Font Metrics
wpt/css_multicol/multicol-columns-toolong-001,css_multicol,yes,wpt/css_multicol/multicol-columns-toolong-001,fail,2.13,"needs_text,needs_font_metrics",SP11/SP13: Text Rendering; SP11: Font Metrics
wpt/css_multicol/multicol-contained-absolute,css_multicol,yes,wpt/css_multicol/multicol-contained-absolute,pass,0.00,,
wpt/css_multicol/multicol-contained-absolute-ref,css_multicol,yes,wpt/css_multicol/multicol-contained-absolute-ref,pass,0.00,,
wpt/css_multicol/multicol-containing-001,css_multicol,yes,wpt/css_multicol/multicol-containing-001,fail,2.13,"needs_text,needs_font_metrics",SP11/SP13: Text Rendering; SP11: Font Metrics
wpt/css_multicol/multicol-containing-002-ref,css_multicol,yes,wpt/css_multicol/multicol-containing-002-ref,pass,0.00,,
wpt/css_multicol/multicol-containing-003,css_multicol,yes,wpt/css_multicol/multicol-containing-003,pass,0.00,,
wpt/css_multicol/multicol-count-001,css_multicol,yes,wpt/css_multicol/multicol-count-001,pass,0.00,,
wpt/css_multicol/multicol-count-002,css_multicol,yes,wpt/css_multicol/multicol-count-002,fail,43.31,"needs_text,needs_font_metrics",SP11/SP13: Text Rendering; SP11: Font Metrics
wpt/css_multicol/multicol-count-computed-003,css_multicol,yes,wpt/css_multicol/multicol-count-computed-003,fail,2.28,"needs_text,needs_font_metrics",SP11/SP13: Text Rendering; SP11: Font Metrics
wpt/css_multicol/multicol-count-computed-004,css_multicol,yes,wpt/css_multicol/multicol-count-computed-004,fail,2.10,"needs_text,needs_font_metrics",SP11/SP13: Text Rendering; SP11: Font Metrics
wpt/css_multicol/multicol-count-computed-005,css_multicol,yes,wpt/css_multicol/multicol-count-computed-005,fail,2.28,"needs_text,needs_font_metrics",SP11/SP13: Text Rendering; SP11: Font Metrics
wpt/css_multicol/multicol-count-negative-001,css_multicol,yes,wpt/css_multicol/multicol-count-negative-001,fail,2.10,"needs_text,needs_font_metrics",SP11/SP13: Text Rendering; SP11: Font Metrics
wpt/css_multicol/multicol-count-negative-002,css_multicol,yes,wpt/css_multicol/multicol-count-negative-002,fail,2.10,"needs_text,needs_font_metrics",SP11/SP13: Text Rendering; SP11: Font Metrics
wpt/css_multicol/multicol-count-non-integer-001,css_multicol,yes,wpt/css_multicol/multicol-count-non-integer-001,fail,2.10,"needs_text,needs_font_metrics",SP11/SP13: Text Rendering; SP11: Font Metrics
wpt/css_multicol/multicol-count-non-integer-002,css_multicol,yes,wpt/css_multicol/multicol-count-non-integer-002,fail,2.10,"needs_text,needs_font_metrics",SP11/SP13: Text Rendering; SP11: Font Metrics
wpt/css_multicol/multicol-count-non-integer-003,css_multicol,yes,wpt/css_multicol/multicol-count-non-integer-003,fail,2.10,"needs_text,needs_font_metrics",SP11/SP13: Text Rendering; SP11: Font Metrics
wpt/css_multicol/multicol-dynamic-add-001-ref,css_multicol,yes,wpt/css_multicol/multicol-dynamic-add-001-ref,fail,0.21,needs_text,SP11/SP13: Text Rendering
wpt/css_multicol/multicol-dynamic-add-002-ref,css_multicol,yes,wpt/css_multicol/multicol-dynamic-add-002-ref,fail,0.01,sp12_layout_bug,
wpt/css_multicol/multicol-fill-auto-001,css_multicol,yes,wpt/css_multicol/multicol-fill-auto-001,pass,0.00,,
wpt/css_multicol/multicol-fill-auto-001-ref,css_multicol,yes,wpt/css_multicol/multicol-fill-auto-001-ref,pass,0.00,,
wpt/css_multicol/multicol-fill-auto-002,css_multicol,yes,wpt/css_multicol/multicol-fill-auto-002,pass,0.00,,
wpt/css_multicol/multicol-fill-auto-002-ref,css_multicol,yes,wpt/css_multicol/multicol-fill-auto-002-ref,pass,0.00,,
wpt/css_multicol/multicol-fill-auto-003,css_multicol,yes,wpt/css_multicol/multicol-fill-auto-003,fail,4.88,"needs_font_metrics,needs_image",SP11: Font Metrics; SP13: Image Rendering
wpt/css_multicol/multicol-fill-auto-004,css_multicol,yes,wpt/css_multicol/multicol-fill-auto-004,fail,1.53,sp12_layout_bug,
wpt/css_multicol/multicol-fill-auto-005,css_multicol,yes,wpt/css_multicol/multicol-fill-auto-005,pass,0.00,,
wpt/css_multicol/multicol-fill-auto-block-children-001,css_multicol,yes,wpt/css_multicol/multicol-fill-auto-block-children-001,fail,5.67,sp12_layout_bug,
wpt/css_multicol/multicol-fill-auto-block-children-002,css_multicol,yes,wpt/css_multicol/multicol-fill-auto-block-children-002,fail,2.55,needs_font_metrics,SP11: Font Metrics
wpt/css_multicol/multicol-fill-auto-block-children-002-ref,css_multicol,yes,wpt/css_multicol/multicol-fill-auto-block-children-002-ref,fail,1.55,"needs_text,needs_font_metrics",SP11/SP13: Text Rendering; SP11: Font Metrics
wpt/css_multicol/multicol-fill-auto-block-children-003,css_multicol,yes,wpt/css_multicol/multicol-fill-auto-block-children-003,pass,0.00,,
wpt/css_multicol/multicol-fill-auto-block-children-003-ref,css_multicol,yes,wpt/css_multicol/multicol-fill-auto-block-children-003-ref,pass,0.00,,
wpt/css_multicol/multicol-fill-auto-block-children-ref,css_multicol,yes,wpt/css_multicol/multicol-fill-auto-block-children-ref,fail,5.67,sp12_layout_bug,
wpt/css_multicol/multicol-fill-balance-001,css_multicol,yes,wpt/css_multicol/multicol-fill-balance-001,pass,0.00,,
wpt/css_multicol/multicol-fill-balance-001-ref,css_multicol,yes,wpt/css_multicol/multicol-fill-balance-001-ref,pass,0.00,,
wpt/css_multicol/multicol-fill-balance-002,css_multicol,yes,wpt/css_multicol/multicol-fill-balance-002,pass,0.00,,
wpt/css_multicol/multicol-fill-balance-003,css_multicol,yes,wpt/css_multicol/multicol-fill-balance-003,fail,1.06,sp12_layout_bug,
wpt/css_multicol/multicol-fill-balance-005,css_multicol,yes,wpt/css_multicol/multicol-fill-balance-005,fail,3.40,sp12_layout_bug,
wpt/css_multicol/multicol-fill-balance-006,css_multicol,yes,wpt/css_multicol/multicol-fill-balance-006,pass,0.00,,
wpt/css_multicol/multicol-fill-balance-026,css_multicol,yes,wpt/css_multicol/multicol-fill-balance-026,pass,0.00,,
wpt/css_multicol/multicol-fill-balance-029,css_multicol,yes,wpt/css_multicol/multicol-fill-balance-029,fail,2.12,sp12_layout_bug,
wpt/css_multicol/multicol-fill-balance-030,css_multicol,yes,wpt/css_multicol/multicol-fill-balance-030,fail,0.74,sp12_layout_bug,
wpt/css_multicol/multicol-fill-balance-031,css_multicol,yes,wpt/css_multicol/multicol-fill-balance-031,pass,0.00,,
wpt/css_multicol/multicol-fill-balance-032,css_multicol,yes,wpt/css_multicol/multicol-fill-balance-032,pass,0.00,,
wpt/css_multicol/multicol-fill-balance-040,css_multicol,yes,wpt/css_multicol/multicol-fill-balance-040,fail,0.85,sp12_layout_bug,
wpt/css_multicol/multicol-fill-balance-041,css_multicol,yes,wpt/css_multicol/multicol-fill-balance-041,fail,1.49,sp12_layout_bug,
wpt/css_multicol/multicol-fill-balance-nested-000,css_multicol,yes,wpt/css_multicol/multicol-fill-balance-nested-000,pass,0.00,,
wpt/css_multicol/multicol-gap-000,css_multicol,yes,wpt/css_multicol/multicol-gap-000,fail,2.55,"needs_text,needs_font_metrics",SP11/SP13: Text Rendering; SP11: Font Metrics
wpt/css_multicol/multicol-gap-000-ref,css_multicol,yes,wpt/css_multicol/multicol-gap-000-ref,pass,0.00,,
wpt/css_multicol/multicol-gap-001,css_multicol,yes,wpt/css_multicol/multicol-gap-001,fail,0.38,"needs_text,needs_font_metrics",SP11/SP13: Text Rendering; SP11: Font Metrics
wpt/css_multicol/multicol-gap-002,css_multicol,yes,wpt/css_multicol/multicol-gap-002,fail,1.98,"needs_text,needs_font_metrics",SP11/SP13: Text Rendering; SP11: Font Metrics
wpt/css_multicol/multicol-gap-003,css_multicol,yes,wpt/css_multicol/multicol-gap-003,fail,1.98,"needs_text,needs_font_metrics",SP11/SP13: Text Rendering; SP11: Font Metrics
wpt/css_multicol/multicol-gap-fraction-001,css_multicol,yes,wpt/css_multicol/multicol-gap-fraction-001,pass,0.00,,
wpt/css_multicol/multicol-gap-fraction-001-ref,css_multicol,yes,wpt/css_multicol/multicol-gap-fraction-001-ref,fail,2.43,needs_font_metrics,SP11: Font Metrics
wpt/css_multicol/multicol-gap-fraction-002,css_multicol,yes,wpt/css_multicol/multicol-gap-fraction-002,fail,0.93,sp12_layout_bug,
wpt/css_multicol/multicol-gap-large-001,css_multicol,yes,wpt/css_multicol/multicol-gap-large-001,fail,1.98,"needs_text,needs_font_metrics",SP11/SP13: Text Rendering; SP11: Font Metrics
wpt/css_multicol/multicol-gap-large-002,css_multicol,yes,wpt/css_multicol/multicol-gap-large-002,fail,1.98,"needs_text,needs_font_metrics",SP11/SP13: Text Rendering; SP11: Font Metrics
wpt/css_multicol/multicol-gap-negative-001,css_multicol,yes,wpt/css_multicol/multicol-gap-negative-001,fail,1.98,"needs_text,needs_font_metrics",SP11/SP13: Text Rendering; SP11: Font Metrics
wpt/css_multicol/multicol-height-001,css_multicol,yes,wpt/css_multicol/multicol-height-001,pass,0.00,,
wpt/css_multicol/multicol-height-002-print,css_multicol,yes,wpt/css_multicol/multicol-height-002-print,fail,7.32,sp12_layout_bug,
wpt/css_multicol/multicol-height-002-print-ref,css_multicol,yes,wpt/css_multicol/multicol-height-002-print-ref,fail,7.32,sp12_layout_bug,
wpt/css_multicol/multicol-height-block-child-001,css_multicol,yes,wpt/css_multicol/multicol-height-block-child-001,fail,3.42,needs_font_metrics,SP11: Font Metrics
wpt/css_multicol/multicol-height-block-child-001-ref,css_multicol,yes,wpt/css_multicol/multicol-height-block-child-001-ref,fail,5.83,needs_font_metrics,SP11: Font Metrics
wpt/css_multicol/multicol-inherit-001,css_multicol,yes,wpt/css_multicol/multicol-inherit-001,fail,0.64,needs_font_metrics,SP11: Font Metrics
wpt/css_multicol/multicol-inherit-002,css_multicol,yes,wpt/css_multicol/multicol-inherit-002,fail,2.40,needs_font_metrics,SP11: Font Metrics
wpt/css_multicol/multicol-inherit-003,css_multicol,yes,wpt/css_multicol/multicol-inherit-003,fail,2.50,sp12_layout_bug,
wpt/css_multicol/multicol-inherit-3-ref,css_multicol,yes,wpt/css_multicol/multicol-inherit-3-ref,fail,2.50,sp12_layout_bug,
wpt/css_multicol/multicol-list-item-001,css_multicol,yes,wpt/css_multicol/multicol-list-item-001,fail,4.25,"needs_text,needs_font_metrics",SP11/SP13: Text Rendering; SP11: Font Metrics
wpt/css_multicol/multicol-list-item-001-ref,css_multicol,yes,wpt/css_multicol/multicol-list-item-001-ref,pass,0.00,,
wpt/css_multicol/multicol-list-item-002-ref,css_multicol,yes,wpt/css_multicol/multicol-list-item-002-ref,pass,0.00,,
wpt/css_multicol/multicol-list-item-003,css_multicol,yes,wpt/css_multicol/multicol-list-item-003,fail,0.02,needs_text,SP11/SP13: Text Rendering
wpt/css_multicol/multicol-list-item-003-ref,css_multicol,yes,wpt/css_multicol/multicol-list-item-003-ref,fail,0.02,needs_text,SP11/SP13: Text Rendering
wpt/css_multicol/multicol-list-item-004,css_multicol,yes,wpt/css_multicol/multicol-list-item-004,fail,0.02,needs_text,SP11/SP13: Text Rendering
wpt/css_multicol/multicol-list-item-004-ref,css_multicol,yes,wpt/css_multicol/multicol-list-item-004-ref,fail,0.02,needs_text,SP11/SP13: Text Rendering
wpt/css_multicol/multicol-list-item-005,css_multicol,yes,wpt/css_multicol/multicol-list-item-005,fail,0.02,needs_text,SP11/SP13: Text Rendering
wpt/css_multicol/multicol-list-item-005-ref,css_multicol,yes,wpt/css_multicol/multicol-list-item-005-ref,fail,0.02,needs_text,SP11/SP13: Text Rendering
wpt/css_multicol/multicol-list-item-006,css_multicol,yes,wpt/css_multicol/multicol-list-item-006,fail,0.02,needs_text,SP11/SP13: Text Rendering
wpt/css_multicol/multicol-list-item-006-ref,css_multicol,yes,wpt/css_multicol/multicol-list-item-006-ref,fail,0.02,needs_text,SP11/SP13: Text Rendering
wpt/css_multicol/multicol-list-item-007,css_multicol,yes,wpt/css_multicol/multicol-list-item-007,fail,0.01,sp12_layout_bug,
wpt/css_multicol/multicol-list-item-007-ref,css_multicol,yes,wpt/css_multicol/multicol-list-item-007-ref,fail,0.01,sp12_layout_bug,
wpt/css_multicol/multicol-list-item-008,css_multicol,yes,wpt/css_multicol/multicol-list-item-008,fail,0.01,sp12_layout_bug,
wpt/css_multicol/multicol-list-item-008-ref,css_multicol,yes,wpt/css_multicol/multicol-list-item-008-ref,fail,0.01,sp12_layout_bug,
wpt/css_multicol/multicol-loads-indefinitely-001-crash,css_multicol,yes,wpt/css_multicol/multicol-loads-indefinitely-001-crash,fail,3.02,needs_text,SP11/SP13: Text Rendering
wpt/css_multicol/multicol-margin-001,css_multicol,yes,wpt/css_multicol/multicol-margin-001,fail,8.49,needs_font_metrics,SP11: Font Metrics
wpt/css_multicol/multicol-margin-002,css_multicol,yes,wpt/css_multicol/multicol-margin-002,fail,8.49,"needs_text,needs_font_metrics",SP11/SP13: Text Rendering; SP11: Font Metrics
wpt/css_multicol/multicol-margin-003,css_multicol,yes,wpt/css_multicol/multicol-margin-003,fail,0.15,needs_font_metrics,SP11: Font Metrics
wpt/css_multicol/multicol-margin-child-001,css_multicol,yes,wpt/css_multicol/multicol-margin-child-001,fail,1.81,needs_font_metrics,SP11: Font Metrics
wpt/css_multicol/multicol-margin-child-001-ref,css_multicol,yes,wpt/css_multicol/multicol-margin-child-001-ref,fail,6.03,sp12_layout_bug,
wpt/css_multicol/multicol-nested-002,css_multicol,yes,wpt/css_multicol/multicol-nested-002,fail,0.63,needs_font_metrics,SP11: Font Metrics
wpt/css_multicol/multicol-nested-002-ref,css_multicol,yes,wpt/css_multicol/multicol-nested-002-ref,fail,7.06,needs_font_metrics,SP11: Font Metrics
wpt/css_multicol/multicol-nested-005,css_multicol,yes,wpt/css_multicol/multicol-nested-005,fail,5.26,needs_font_metrics,SP11: Font Metrics
wpt/css_multicol/multicol-nested-007,css_multicol,yes,wpt/css_multicol/multicol-nested-007,pass,0.00,,
wpt/css_multicol/multicol-nested-008,css_multicol,yes,wpt/css_multicol/multicol-nested-008,pass,0.00,,
wpt/css_multicol/multicol-nested-009,css_multicol,yes,wpt/css_multicol/multicol-nested-009,pass,0.00,,
wpt/css_multicol/multicol-nested-013,css_multicol,yes,wpt/css_multicol/multicol-nested-013,fail,1.33,sp12_layout_bug,
wpt/css_multicol/multicol-nested-017,css_multicol,yes,wpt/css_multicol/multicol-nested-017,fail,0.80,needs_text,SP11/SP13: Text Rendering
wpt/css_multicol/multicol-nested-018,css_multicol,yes,wpt/css_multicol/multicol-nested-018,fail,1.86,needs_text,SP11/SP13: Text Rendering
wpt/css_multicol/multicol-nested-019,css_multicol,yes,wpt/css_multicol/multicol-nested-019,pass,0.00,,
wpt/css_multicol/multicol-nested-020,css_multicol,yes,wpt/css_multicol/multicol-nested-020,pass,0.00,,
wpt/css_multicol/multicol-nested-022,css_multicol,yes,wpt/css_multicol/multicol-nested-022,pass,0.00,,
wpt/css_multicol/multicol-nested-023,css_multicol,yes,wpt/css_multicol/multicol-nested-023,pass,0.00,,
wpt/css_multicol/multicol-nested-025,css_multicol,yes,wpt/css_multicol/multicol-nested-025,pass,0.00,,
wpt/css_multicol/multicol-nested-026,css_multicol,yes,wpt/css_multicol/multicol-nested-026,fail,0.80,sp12_layout_bug,
wpt/css_multicol/multicol-nested-027,css_multicol,yes,wpt/css_multicol/multicol-nested-027,pass,0.00,,
wpt/css_multicol/multicol-nested-028,css_multicol,yes,wpt/css_multicol/multicol-nested-028,pass,0.00,,
wpt/css_multicol/multicol-nested-029,css_multicol,yes,wpt/css_multicol/multicol-nested-029,pass,0.00,,
wpt/css_multicol/multicol-nested-029-ref,css_multicol,yes,wpt/css_multicol/multicol-nested-029-ref,pass,0.00,,
wpt/css_multicol/multicol-nested-030,css_multicol,yes,wpt/css_multicol/multicol-nested-030,fail,2.12,sp12_layout_bug,
wpt/css_multicol/multicol-nested-031,css_multicol,yes,wpt/css_multicol/multicol-nested-031,fail,2.12,sp12_layout_bug,
wpt/css_multicol/multicol-nested-032,css_multicol,yes,wpt/css_multicol/multicol-nested-032,fail,1.06,sp12_layout_bug,
wpt/css_multicol/multicol-nested-033,css_multicol,yes,wpt/css_multicol/multicol-nested-033,fail,1.36,sp12_layout_bug,
wpt/css_multicol/multicol-nested-033-ref,css_multicol,yes,wpt/css_multicol/multicol-nested-033-ref,fail,1.36,sp12_layout_bug,
wpt/css_multicol/multicol-nested-column-rule-001,css_multicol,yes,wpt/css_multicol/multicol-nested-column-rule-001,pass,0.00,,
wpt/css_multicol/multicol-nested-column-rule-001-ref,css_multicol,yes,wpt/css_multicol/multicol-nested-column-rule-001-ref,fail,0.57,needs_font_metrics,SP11: Font Metrics
wpt/css_multicol/multicol-nested-column-rule-002,css_multicol,yes,wpt/css_multicol/multicol-nested-column-rule-002,fail,0.89,sp12_layout_bug,
wpt/css_multicol/multicol-nested-column-rule-003,css_multicol,yes,wpt/css_multicol/multicol-nested-column-rule-003,fail,0.76,sp12_layout_bug,
wpt/css_multicol/multicol-nested-margin-001,css_multicol,yes,wpt/css_multicol/multicol-nested-margin-001,pass,0.00,,
wpt/css_multicol/multicol-nested-margin-001-ref,css_multicol,yes,wpt/css_multicol/multicol-nested-margin-001-ref,fail,6.61,needs_font_metrics,SP11: Font Metrics
wpt/css_multicol/multicol-nested-margin-002,css_multicol,yes,wpt/css_multicol/multicol-nested-margin-002,fail,3.92,needs_font_metrics,SP11: Font Metrics
wpt/css_multicol/multicol-nested-margin-002-ref,css_multicol,yes,wpt/css_multicol/multicol-nested-margin-002-ref,fail,8.60,needs_font_metrics,SP11: Font Metrics
wpt/css_multicol/multicol-nested-margin-003,css_multicol,yes,wpt/css_multicol/multicol-nested-margin-003,fail,4.57,needs_font_metrics,SP11: Font Metrics
wpt/css_multicol/multicol-nested-margin-003-ref,css_multicol,yes,wpt/css_multicol/multicol-nested-margin-003-ref,fail,10.81,needs_font_metrics,SP11: Font Metrics
wpt/css_multicol/multicol-nested-margin-004,css_multicol,yes,wpt/css_multicol/multicol-nested-margin-004,fail,6.08,needs_font_metrics,SP11: Font Metrics
wpt/css_multicol/multicol-nested-margin-004-ref,css_multicol,yes,wpt/css_multicol/multicol-nested-margin-004-ref,fail,10.77,needs_font_metrics,SP11: Font Metrics
wpt/css_multicol/multicol-nested-margin-005,css_multicol,yes,wpt/css_multicol/multicol-nested-margin-005,fail,6.08,needs_font_metrics,SP11: Font Metrics
wpt/css_multicol/multicol-oof-inline-cb-001,css_multicol,yes,wpt/css_multicol/multicol-oof-inline-cb-001,fail,3.57,needs_text,SP11/SP13: Text Rendering
wpt/css_multicol/multicol-oof-inline-cb-001-ref,css_multicol,yes,wpt/css_multicol/multicol-oof-inline-cb-001-ref,fail,2.93,needs_text,SP11/SP13: Text Rendering
wpt/css_multicol/multicol-oof-inline-cb-002,css_multicol,yes,wpt/css_multicol/multicol-oof-inline-cb-002,fail,1.87,needs_text,SP11/SP13: Text Rendering
wpt/css_multicol/multicol-overflow-clip,css_multicol,yes,wpt/css_multicol/multicol-overflow-clip,pass,0.00,,
wpt/css_multicol/multicol-overflow-clip-auto-sized,css_multicol,yes,wpt/css_multicol/multicol-overflow-clip-auto-sized,pass,0.00,,
wpt/css_multicol/multicol-overflow-clip-auto-sized-ref,css_multicol,yes,wpt/css_multicol/multicol-overflow-clip-auto-sized-ref,pass,0.00,,
wpt/css_multicol/multicol-overflow-clip-positioned,css_multicol,yes,wpt/css_multicol/multicol-overflow-clip-positioned,pass,0.00,,
wpt/css_multicol/multicol-overflow-clip-positioned-ref,css_multicol,yes,wpt/css_multicol/multicol-overflow-clip-positioned-ref,pass,0.00,,
wpt/css_multicol/multicol-overflow-clip-ref,css_multicol,yes,wpt/css_multicol/multicol-overflow-clip-ref,pass,0.00,,
wpt/css_multicol/multicol-overflowing-001,css_multicol,yes,wpt/css_multicol/multicol-overflowing-001,fail,1.96,needs_font_metrics,SP11: Font Metrics
wpt/css_multicol/multicol-overflowing-001-ref,css_multicol,yes,wpt/css_multicol/multicol-overflowing-001-ref,fail,6.36,needs_font_metrics,SP11: Font Metrics
wpt/css_multicol/multicol-reduce-000,css_multicol,yes,wpt/css_multicol/multicol-reduce-000,fail,3.38,"needs_text,needs_font_metrics",SP11/SP13: Text Rendering; SP11: Font Metrics
wpt/css_multicol/multicol-reduce-000-ref,css_multicol,yes,wpt/css_multicol/multicol-reduce-000-ref,fail,7.98,"needs_text,needs_font_metrics",SP11/SP13: Text Rendering; SP11: Font Metrics
wpt/css_multicol/multicol-rule-000,css_multicol,yes,wpt/css_multicol/multicol-rule-000,fail,0.02,"needs_text,needs_font_metrics",SP11/SP13: Text Rendering; SP11: Font Metrics
wpt/css_multicol/multicol-rule-000-ref,css_multicol,yes,wpt/css_multicol/multicol-rule-000-ref,fail,0.02,"needs_text,needs_font_metrics",SP11/SP13: Text Rendering; SP11: Font Metrics
wpt/css_multicol/multicol-rule-001,css_multicol,yes,wpt/css_multicol/multicol-rule-001,fail,1.70,"needs_text,needs_font_metrics",SP11/SP13: Text Rendering; SP11: Font Metrics
wpt/css_multicol/multicol-rule-001-ref,css_multicol,yes,wpt/css_multicol/multicol-rule-001-ref,pass,0.00,,
wpt/css_multicol/multicol-rule-002,css_multicol,yes,wpt/css_multicol/multicol-rule-002,fail,1.71,needs_text,SP11/SP13: Text Rendering
wpt/css_multicol/multicol-rule-003,css_multicol,yes,wpt/css_multicol/multicol-rule-003,fail,2.57,needs_font_metrics,SP11: Font Metrics
wpt/css_multicol/multicol-rule-004,css_multicol,yes,wpt/css_multicol/multicol-rule-004,fail,2.06,needs_font_metrics,SP11: Font Metrics
wpt/css_multicol/multicol-rule-004-ref,css_multicol,yes,wpt/css_multicol/multicol-rule-004-ref,pass,0.00,,
wpt/css_multicol/multicol-rule-color-001,css_multicol,yes,wpt/css_multicol/multicol-rule-color-001,fail,2.42,"needs_text,needs_font_metrics",SP11/SP13: Text Rendering; SP11: Font Metrics
wpt/css_multicol/multicol-rule-color-inherit-001,css_multicol,yes,wpt/css_multicol/multicol-rule-color-inherit-001,pass,0.00,,
wpt/css_multicol/multicol-rule-color-inherit-002,css_multicol,yes,wpt/css_multicol/multicol-rule-color-inherit-002,pass,0.00,,
wpt/css_multicol/multicol-rule-dashed-000,css_multicol,yes,wpt/css_multicol/multicol-rule-dashed-000,fail,7.66,"needs_text,needs_font_metrics",SP11/SP13: Text Rendering; SP11: Font Metrics
wpt/css_multicol/multicol-rule-dashed-000-ref,css_multicol,yes,wpt/css_multicol/multicol-rule-dashed-000-ref,fail,6.57,"needs_text,needs_font_metrics",SP11/SP13: Text Rendering; SP11: Font Metrics
wpt/css_multicol/multicol-rule-dotted-000,css_multicol,yes,wpt/css_multicol/multicol-rule-dotted-000,fail,7.66,"needs_text,needs_font_metrics",SP11/SP13: Text Rendering; SP11: Font Metrics
wpt/css_multicol/multicol-rule-dotted-000-ref,css_multicol,yes,wpt/css_multicol/multicol-rule-dotted-000-ref,fail,6.55,"needs_text,needs_font_metrics",SP11/SP13: Text Rendering; SP11: Font Metrics
wpt/css_multicol/multicol-rule-double-000,css_multicol,yes,wpt/css_multicol/multicol-rule-double-000,fail,7.65,"needs_text,needs_font_metrics",SP11/SP13: Text Rendering; SP11: Font Metrics
wpt/css_multicol/multicol-rule-double-000-ref,css_multicol,yes,wpt/css_multicol/multicol-rule-double-000-ref,fail,6.56,"needs_text,needs_font_metrics",SP11/SP13: Text Rendering; SP11: Font Metrics
wpt/css_multicol/multicol-rule-fraction-001,css_multicol,yes,wpt/css_multicol/multicol-rule-fraction-001,fail,2.42,needs_font_metrics,SP11: Font Metrics
wpt/css_multicol/multicol-rule-fraction-002,css_multicol,yes,wpt/css_multicol/multicol-rule-fraction-002,fail,2.42,needs_font_metrics,SP11: Font Metrics
wpt/css_multicol/multicol-rule-fraction-003,css_multicol,yes,wpt/css_multicol/multicol-rule-fraction-003,fail,1.62,needs_text,SP11/SP13: Text Rendering
wpt/css_multicol/multicol-rule-fraction-3-ref,css_multicol,yes,wpt/css_multicol/multicol-rule-fraction-3-ref,fail,2.95,sp12_layout_bug,
wpt/css_multicol/multicol-rule-groove-000,css_multicol,yes,wpt/css_multicol/multicol-rule-groove-000,fail,7.66,"needs_text,needs_font_metrics",SP11/SP13: Text Rendering; SP11: Font Metrics
wpt/css_multicol/multicol-rule-groove-000-ref,css_multicol,yes,wpt/css_multicol/multicol-rule-groove-000-ref,fail,6.65,"needs_text,needs_font_metrics",SP11/SP13: Text Rendering; SP11: Font Metrics
wpt/css_multicol/multicol-rule-hidden-000,css_multicol,yes,wpt/css_multicol/multicol-rule-hidden-000,fail,4.35,"needs_text,needs_font_metrics",SP11/SP13: Text Rendering; SP11: Font Metrics
wpt/css_multicol/multicol-rule-hidden-000-ref,css_multicol,yes,wpt/css_multicol/multicol-rule-hidden-000-ref,fail,7.81,needs_font_metrics,SP11: Font Metrics
wpt/css_multicol/multicol-rule-inset-000,css_multicol,yes,wpt/css_multicol/multicol-rule-inset-000,fail,7.66,"needs_text,needs_font_metrics",SP11/SP13: Text Rendering; SP11: Font Metrics
wpt/css_multicol/multicol-rule-large-001,css_multicol,yes,wpt/css_multicol/multicol-rule-large-001,fail,2.63,needs_font_metrics,SP11: Font Metrics
wpt/css_multicol/multicol-rule-large-002,css_multicol,yes,wpt/css_multicol/multicol-rule-large-002,fail,2.57,needs_font_metrics,SP11: Font Metrics
wpt/css_multicol/multicol-rule-nested-balancing-001,css_multicol,yes,wpt/css_multicol/multicol-rule-nested-balancing-001,fail,0.10,sp12_layout_bug,
wpt/css_multicol/multicol-rule-nested-balancing-001-ref,css_multicol,yes,wpt/css_multicol/multicol-rule-nested-balancing-001-ref,pass,0.00,,
wpt/css_multicol/multicol-rule-nested-balancing-002,css_multicol,yes,wpt/css_multicol/multicol-rule-nested-balancing-002,fail,0.06,sp12_layout_bug,
wpt/css_multicol/multicol-rule-nested-balancing-002-ref,css_multicol,yes,wpt/css_multicol/multicol-rule-nested-balancing-002-ref,pass,0.00,,
wpt/css_multicol/multicol-rule-nested-balancing-003,css_multicol,yes,wpt/css_multicol/multicol-rule-nested-balancing-003,fail,0.06,sp12_layout_bug,
wpt/css_multicol/multicol-rule-nested-balancing-003-ref,css_multicol,yes,wpt/css_multicol/multicol-rule-nested-balancing-003-ref,pass,0.00,,
wpt/css_multicol/multicol-rule-nested-balancing-004,css_multicol,yes,wpt/css_multicol/multicol-rule-nested-balancing-004,fail,4.76,sp12_layout_bug,
wpt/css_multicol/multicol-rule-nested-balancing-004-ref,css_multicol,yes,wpt/css_multicol/multicol-rule-nested-balancing-004-ref,fail,0.51,sp12_layout_bug,
wpt/css_multicol/multicol-rule-none-000,css_multicol,yes,wpt/css_multicol/multicol-rule-none-000,fail,4.35,"needs_text,needs_font_metrics",SP11/SP13: Text Rendering; SP11: Font Metrics
wpt/css_multicol/multicol-rule-outset-000,css_multicol,yes,wpt/css_multicol/multicol-rule-outset-000,fail,7.66,"needs_text,needs_font_metrics",SP11/SP13: Text Rendering; SP11: Font Metrics
wpt/css_multicol/multicol-rule-percent-001,css_multicol,yes,wpt/css_multicol/multicol-rule-percent-001,pass,0.00,,
wpt/css_multicol/multicol-rule-px-001,css_multicol,yes,wpt/css_multicol/multicol-rule-px-001,fail,1.53,sp12_layout_bug,
wpt/css_multicol/multicol-rule-ref,css_multicol,yes,wpt/css_multicol/multicol-rule-ref,fail,2.58,sp12_layout_bug,
wpt/css_multicol/multicol-rule-ridge-000,css_multicol,yes,wpt/css_multicol/multicol-rule-ridge-000,fail,7.66,"needs_text,needs_font_metrics",SP11/SP13: Text Rendering; SP11: Font Metrics
wpt/css_multicol/multicol-rule-ridge-000-ref,css_multicol,yes,wpt/css_multicol/multicol-rule-ridge-000-ref,fail,6.65,"needs_text,needs_font_metrics",SP11/SP13: Text Rendering; SP11: Font Metrics
wpt/css_multicol/multicol-rule-samelength-001,css_multicol,yes,wpt/css_multicol/multicol-rule-samelength-001,fail,2.06,needs_font_metrics,SP11: Font Metrics
wpt/css_multicol/multicol-rule-samelength-001-ref,css_multicol,yes,wpt/css_multicol/multicol-rule-samelength-001-ref,fail,2.06,needs_font_metrics,SP11: Font Metrics
wpt/css_multicol/multicol-rule-shorthand-001,css_multicol,yes,wpt/css_multicol/multicol-rule-shorthand-001,fail,2.06,needs_font_metrics,SP11: Font Metrics
wpt/css_multicol/multicol-rule-shorthand-2,css_multicol,yes,wpt/css_multicol/multicol-rule-shorthand-2,fail,2.16,sp12_layout_bug,
wpt/css_multicol/multicol-rule-shorthand-2-ref,css_multicol,yes,wpt/css_multicol/multicol-rule-shorthand-2-ref,fail,4.45,sp12_layout_bug,
wpt/css_multicol/multicol-rule-solid-000,css_multicol,yes,wpt/css_multicol/multicol-rule-solid-000,fail,7.66,"needs_text,needs_font_metrics",SP11/SP13: Text Rendering; SP11: Font Metrics
wpt/css_multicol/multicol-rule-solid-000-ref,css_multicol,yes,wpt/css_multicol/multicol-rule-solid-000-ref,fail,6.65,"needs_text,needs_font_metrics",SP11/SP13: Text Rendering; SP11: Font Metrics
wpt/css_multicol/multicol-rule-stacking-001,css_multicol,yes,wpt/css_multicol/multicol-rule-stacking-001,fail,1.45,needs_text,SP11/SP13: Text Rendering
wpt/css_multicol/multicol-rule-stacking-ref,css_multicol,yes,wpt/css_multicol/multicol-rule-stacking-ref,fail,3.35,needs_text,SP11/SP13: Text Rendering
wpt/css_multicol/multicol-scroll-content,css_multicol,yes,wpt/css_multicol/multicol-scroll-content,fail,5.87,sp12_layout_bug,
wpt/css_multicol/multicol-scroll-content-ref,css_multicol,yes,wpt/css_multicol/multicol-scroll-content-ref,fail,1.50,sp12_layout_bug,
wpt/css_multicol/multicol-shorthand-001,css_multicol,yes,wpt/css_multicol/multicol-shorthand-001,fail,1.53,sp12_layout_bug,
wpt/css_multicol/multicol-span-all-001,css_multicol,yes,wpt/css_multicol/multicol-span-all-001,fail,1.98,"needs_text,needs_font_metrics",SP11/SP13: Text Rendering; SP11: Font Metrics
wpt/css_multicol/multicol-span-all-002,css_multicol,yes,wpt/css_multicol/multicol-span-all-002,fail,1.49,"needs_text,needs_font_metrics",SP11/SP13: Text Rendering; SP11: Font Metrics
wpt/css_multicol/multicol-span-all-003,css_multicol,yes,wpt/css_multicol/multicol-span-all-003,fail,43.31,"needs_text,needs_font_metrics",SP11/SP13: Text Rendering; SP11: Font Metrics
wpt/css_multicol/multicol-span-all-007,css_multicol,yes,wpt/css_multicol/multicol-span-all-007,fail,0.10,sp12_layout_bug,
wpt/css_multicol/multicol-span-all-007-ref,css_multicol,yes,wpt/css_multicol/multicol-span-all-007-ref,fail,0.10,sp12_layout_bug,
wpt/css_multicol/multicol-span-all-008-ref,css_multicol,yes,wpt/css_multicol/multicol-span-all-008-ref,fail,0.10,sp12_layout_bug,
wpt/css_multicol/multicol-span-all-011-ref,css_multicol,yes,wpt/css_multicol/multicol-span-all-011-ref,fail,0.17,sp12_layout_bug,
wpt/css_multicol/multicol-span-all-012,css_multicol,yes,wpt/css_multicol/multicol-span-all-012,pass,0.00,,
wpt/css_multicol/multicol-span-all-013,css_multicol,yes,wpt/css_multicol/multicol-span-all-013,fail,0.21,sp12_layout_bug,
wpt/css_multicol/multicol-span-all-014,css_multicol,yes,wpt/css_multicol/multicol-span-all-014,pass,0.00,,
wpt/css_multicol/multicol-span-all-015,css_multicol,yes,wpt/css_multicol/multicol-span-all-015,fail,1.49,sp12_layout_bug,
wpt/css_multicol/multicol-span-all-018,css_multicol,yes,wpt/css_multicol/multicol-span-all-018,fail,1.59,sp12_layout_bug,
wpt/css_multicol/multicol-span-all-019,css_multicol,yes,wpt/css_multicol/multicol-span-all-019,fail,2.18,needs_text,SP11/SP13: Text Rendering
wpt/css_multicol/multicol-span-all-020,css_multicol,yes,wpt/css_multicol/multicol-span-all-020,pass,0.00,,
wpt/css_multicol/multicol-span-all-020-ref,css_multicol,yes,wpt/css_multicol/multicol-span-all-020-ref,pass,0.00,,
wpt/css_multicol/multicol-span-all-block-sibling-003,css_multicol,yes,wpt/css_multicol/multicol-span-all-block-sibling-003,fail,18.07,"needs_text,needs_font_metrics",SP11/SP13: Text Rendering; SP11: Font Metrics
wpt/css_multicol/multicol-span-all-block-sibling-3-ref,css_multicol,yes,wpt/css_multicol/multicol-span-all-block-sibling-3-ref,fail,18.88,"needs_text,needs_font_metrics",SP11/SP13: Text Rendering; SP11: Font Metrics
wpt/css_multicol/multicol-span-all-children-height-001,css_multicol,yes,wpt/css_multicol/multicol-span-all-children-height-001,fail,0.43,sp12_layout_bug,
wpt/css_multicol/multicol-span-all-children-height-001-ref,css_multicol,yes,wpt/css_multicol/multicol-span-all-children-height-001-ref,fail,0.43,sp12_layout_bug,
wpt/css_multicol/multicol-span-all-children-height-002,css_multicol,yes,wpt/css_multicol/multicol-span-all-children-height-002,fail,2.50,sp12_layout_bug,
wpt/css_multicol/multicol-span-all-children-height-002-ref,css_multicol,yes,wpt/css_multicol/multicol-span-all-children-height-002-ref,fail,2.50,sp12_layout_bug,
wpt/css_multicol/multicol-span-all-children-height-003,css_multicol,yes,wpt/css_multicol/multicol-span-all-children-height-003,fail,2.50,sp12_layout_bug,
wpt/css_multicol/multicol-span-all-children-height-003-ref,css_multicol,yes,wpt/css_multicol/multicol-span-all-children-height-003-ref,fail,2.50,sp12_layout_bug,
wpt/css_multicol/multicol-span-all-children-height-004a,css_multicol,yes,wpt/css_multicol/multicol-span-all-children-height-004a,fail,6.86,sp12_layout_bug,
wpt/css_multicol/multicol-span-all-children-height-004a-ref,css_multicol,yes,wpt/css_multicol/multicol-span-all-children-height-004a-ref,fail,6.86,sp12_layout_bug,
wpt/css_multicol/multicol-span-all-children-height-004b,css_multicol,yes,wpt/css_multicol/multicol-span-all-children-height-004b,fail,12.70,sp12_layout_bug,
wpt/css_multicol/multicol-span-all-children-height-004b-ref,css_multicol,yes,wpt/css_multicol/multicol-span-all-children-height-004b-ref,fail,12.70,sp12_layout_bug,
wpt/css_multicol/multicol-span-all-children-height-005,css_multicol,yes,wpt/css_multicol/multicol-span-all-children-height-005,fail,1.06,sp12_layout_bug,
wpt/css_multicol/multicol-span-all-children-height-005-ref,css_multicol,yes,wpt/css_multicol/multicol-span-all-children-height-005-ref,fail,1.06,sp12_layout_bug,
wpt/css_multicol/multicol-span-all-children-height-006,css_multicol,yes,wpt/css_multicol/multicol-span-all-children-height-006,fail,9.72,sp12_layout_bug,
wpt/css_multicol/multicol-span-all-children-height-006-ref,css_multicol,yes,wpt/css_multicol/multicol-span-all-children-height-006-ref,fail,7.92,sp12_layout_bug,
wpt/css_multicol/multicol-span-all-children-height-007,css_multicol,yes,wpt/css_multicol/multicol-span-all-children-height-007,fail,11.73,sp12_layout_bug,
wpt/css_multicol/multicol-span-all-children-height-007-ref,css_multicol,yes,wpt/css_multicol/multicol-span-all-children-height-007-ref,fail,9.45,sp12_layout_bug,
wpt/css_multicol/multicol-span-all-children-height-008,css_multicol,yes,wpt/css_multicol/multicol-span-all-children-height-008,fail,11.72,sp12_layout_bug,
wpt/css_multicol/multicol-span-all-children-height-008-ref,css_multicol,yes,wpt/css_multicol/multicol-span-all-children-height-008-ref,pass,0.00,,
wpt/css_multicol/multicol-span-all-children-height-009,css_multicol,yes,wpt/css_multicol/multicol-span-all-children-height-009,fail,2.02,sp12_layout_bug,
wpt/css_multicol/multicol-span-all-children-height-010,css_multicol,yes,wpt/css_multicol/multicol-span-all-children-height-010,fail,1.70,needs_text,SP11/SP13: Text Rendering
wpt/css_multicol/multicol-span-all-children-height-011,css_multicol,yes,wpt/css_multicol/multicol-span-all-children-height-011,fail,0.64,sp12_layout_bug,
wpt/css_multicol/multicol-span-all-children-height-012,css_multicol,yes,wpt/css_multicol/multicol-span-all-children-height-012,fail,0.64,sp12_layout_bug,
wpt/css_multicol/multicol-span-all-children-height-013,css_multicol,yes,wpt/css_multicol/multicol-span-all-children-height-013,fail,0.85,sp12_layout_bug,
wpt/css_multicol/multicol-span-all-dynamic-add-001-ref,css_multicol,yes,wpt/css_multicol/multicol-span-all-dynamic-add-001-ref,fail,0.17,sp12_layout_bug,
wpt/css_multicol/multicol-span-all-dynamic-add-002-ref,css_multicol,yes,wpt/css_multicol/multicol-span-all-dynamic-add-002-ref,fail,0.17,sp12_layout_bug,
wpt/css_multicol/multicol-span-all-dynamic-add-003-ref,css_multicol,yes,wpt/css_multicol/multicol-span-all-dynamic-add-003-ref,fail,0.17,sp12_layout_bug,
wpt/css_multicol/multicol-span-all-dynamic-add-004-ref,css_multicol,yes,wpt/css_multicol/multicol-span-all-dynamic-add-004-ref,fail,0.17,sp12_layout_bug,
wpt/css_multicol/multicol-span-all-dynamic-add-007-ref,css_multicol,yes,wpt/css_multicol/multicol-span-all-dynamic-add-007-ref,fail,0.17,needs_text,SP11/SP13: Text Rendering
wpt/css_multicol/multicol-span-all-dynamic-add-008-ref,css_multicol,yes,wpt/css_multicol/multicol-span-all-dynamic-add-008-ref,fail,0.17,sp12_layout_bug,
wpt/css_multicol/multicol-span-all-dynamic-add-010-ref,css_multicol,yes,wpt/css_multicol/multicol-span-all-dynamic-add-010-ref,fail,0.17,sp12_layout_bug,
wpt/css_multicol/multicol-span-all-dynamic-add-012-ref,css_multicol,yes,wpt/css_multicol/multicol-span-all-dynamic-add-012-ref,fail,0.17,sp12_layout_bug,
wpt/css_multicol/multicol-span-all-dynamic-add-014-ref,css_multicol,yes,wpt/css_multicol/multicol-span-all-dynamic-add-014-ref,fail,0.17,sp12_layout_bug,
wpt/css_multicol/multicol-span-all-dynamic-remove-001-ref,css_multicol,yes,wpt/css_multicol/multicol-span-all-dynamic-remove-001-ref,fail,0.17,sp12_layout_bug,
wpt/css_multicol/multicol-span-all-dynamic-remove-002-ref,css_multicol,yes,wpt/css_multicol/multicol-span-all-dynamic-remove-002-ref,fail,0.17,sp12_layout_bug,
wpt/css_multicol/multicol-span-all-dynamic-remove-004-ref,css_multicol,yes,wpt/css_multicol/multicol-span-all-dynamic-remove-004-ref,fail,0.17,needs_text,SP11/SP13: Text Rendering
wpt/css_multicol/multicol-span-all-dynamic-remove-005-ref,css_multicol,yes,wpt/css_multicol/multicol-span-all-dynamic-remove-005-ref,fail,0.17,sp12_layout_bug,
wpt/css_multicol/multicol-span-all-list-item-001,css_multicol,yes,wpt/css_multicol/multicol-span-all-list-item-001,fail,0.83,sp12_layout_bug,
wpt/css_multicol/multicol-span-all-list-item-001-ref,css_multicol,yes,wpt/css_multicol/multicol-span-all-list-item-001-ref,fail,0.85,sp12_layout_bug,
wpt/css_multicol/multicol-span-all-list-item-002,css_multicol,yes,wpt/css_multicol/multicol-span-all-list-item-002,fail,0.81,sp12_layout_bug,
wpt/css_multicol/multicol-span-all-list-item-002-ref,css_multicol,yes,wpt/css_multicol/multicol-span-all-list-item-002-ref,fail,0.83,sp12_layout_bug,
wpt/css_multicol/multicol-span-all-margin-001,css_multicol,yes,wpt/css_multicol/multicol-span-all-margin-001,fail,2.42,"needs_text,needs_font_metrics",SP11/SP13: Text Rendering; SP11: Font Metrics
wpt/css_multicol/multicol-span-all-margin-002,css_multicol,yes,wpt/css_multicol/multicol-span-all-margin-002,fail,3.03,"needs_text,needs_font_metrics",SP11/SP13: Text Rendering; SP11: Font Metrics
wpt/css_multicol/multicol-span-all-margin-003,css_multicol,yes,wpt/css_multicol/multicol-span-all-margin-003,fail,1.06,sp12_layout_bug,
wpt/css_multicol/multicol-span-all-margin-bottom-001,css_multicol,yes,wpt/css_multicol/multicol-span-all-margin-bottom-001,fail,3.57,"needs_text,needs_font_metrics",SP11/SP13: Text Rendering; SP11: Font Metrics
wpt/css_multicol/multicol-span-all-margin-nested-001,css_multicol,yes,wpt/css_multicol/multicol-span-all-margin-nested-001,fail,3.84,needs_font_metrics,SP11: Font Metrics
wpt/css_multicol/multicol-span-all-margin-nested-002,css_multicol,yes,wpt/css_multicol/multicol-span-all-margin-nested-002,fail,4.69,needs_font_metrics,SP11: Font Metrics
wpt/css_multicol/multicol-span-all-margin-nested-firstchild-001,css_multicol,yes,wpt/css_multicol/multicol-span-all-margin-nested-firstchild-001,fail,2.50,sp12_layout_bug,
wpt/css_multicol/multicol-span-all-margin-nested-firstchild-ref,css_multicol,yes,wpt/css_multicol/multicol-span-all-margin-nested-firstchild-ref,fail,6.01,sp12_layout_bug,
wpt/css_multicol/multicol-span-all-restyle-001-ref,css_multicol,yes,wpt/css_multicol/multicol-span-all-restyle-001-ref,fail,0.17,sp12_layout_bug,
wpt/css_multicol/multicol-span-all-restyle-002-ref,css_multicol,yes,wpt/css_multicol/multicol-span-all-restyle-002-ref,pass,0.00,,
wpt/css_multicol/multicol-span-all-restyle-003-ref,css_multicol,yes,wpt/css_multicol/multicol-span-all-restyle-003-ref,fail,0.17,sp12_layout_bug,
wpt/css_multicol/multicol-span-all-restyle-004-ref,css_multicol,yes,wpt/css_multicol/multicol-span-all-restyle-004-ref,fail,0.17,sp12_layout_bug,
wpt/css_multicol/multicol-span-all-rule-001,css_multicol,yes,wpt/css_multicol/multicol-span-all-rule-001,fail,30.77,sp12_layout_bug,
wpt/css_multicol/multicol-span-all-rule-001-ref,css_multicol,yes,wpt/css_multicol/multicol-span-all-rule-001-ref,fail,30.84,sp12_layout_bug,
wpt/css_multicol/multicol-span-all-rule-002-ref,css_multicol,yes,wpt/css_multicol/multicol-span-all-rule-002-ref,pass,0.00,,
wpt/css_multicol/multicol-span-float-001,css_multicol,yes,wpt/css_multicol/multicol-span-float-001,fail,2.03,"needs_text,needs_font_metrics",SP11/SP13: Text Rendering; SP11: Font Metrics
wpt/css_multicol/multicol-span-float-002,css_multicol,yes,wpt/css_multicol/multicol-span-float-002,pass,0.00,,
wpt/css_multicol/multicol-span-float-002-ref,css_multicol,yes,wpt/css_multicol/multicol-span-float-002-ref,pass,0.00,,
wpt/css_multicol/multicol-span-float-003,css_multicol,yes,wpt/css_multicol/multicol-span-float-003,pass,0.00,,
wpt/css_multicol/multicol-span-none-001,css_multicol,yes,wpt/css_multicol/multicol-span-none-001,fail,1.98,"needs_text,needs_font_metrics",SP11/SP13: Text Rendering; SP11: Font Metrics
wpt/css_multicol/multicol-width-001,css_multicol,yes,wpt/css_multicol/multicol-width-001,pass,0.00,,
wpt/css_multicol/multicol-width-001-ref,css_multicol,yes,wpt/css_multicol/multicol-width-001-ref,fail,35.67,"needs_text,needs_font_metrics",SP11/SP13: Text Rendering; SP11: Font Metrics
wpt/css_multicol/multicol-width-002,css_multicol,yes,wpt/css_multicol/multicol-width-002,fail,2.13,"needs_text,needs_font_metrics",SP11/SP13: Text Rendering; SP11: Font Metrics
wpt/css_multicol/multicol-width-003,css_multicol,yes,wpt/css_multicol/multicol-width-003,fail,4.32,needs_font_metrics,SP11: Font Metrics
wpt/css_multicol/multicol-width-004,css_multicol,yes,wpt/css_multicol/multicol-width-004,fail,0.48,needs_text,SP11/SP13: Text Rendering
wpt/css_multicol/multicol-width-004-ref,css_multicol,yes,wpt/css_multicol/multicol-width-004-ref,fail,0.52,needs_text,SP11/SP13: Text Rendering
wpt/css_multicol/multicol-width-005,css_multicol,yes,wpt/css_multicol/multicol-width-005,fail,0.71,needs_text,SP11/SP13: Text Rendering
wpt/css_multicol/multicol-width-005-ref,css_multicol,yes,wpt/css_multicol/multicol-width-005-ref,fail,0.82,needs_text,SP11/SP13: Text Rendering
wpt/css_multicol/multicol-width-ch-001,css_multicol,yes,wpt/css_multicol/multicol-width-ch-001,pass,0.00,,
wpt/css_multicol/multicol-width-count-001,css_multicol,yes,wpt/css_multicol/multicol-width-count-001,pass,0.00,,
wpt/css_multicol/multicol-width-count-002,css_multicol,yes,wpt/css_multicol/multicol-width-count-002,fail,43.31,"needs_text,needs_font_metrics",SP11/SP13: Text Rendering; SP11: Font Metrics
wpt/css_multicol/multicol-width-invalid-001,css_multicol,yes,wpt/css_multicol/multicol-width-invalid-001,fail,2.10,"needs_text,needs_font_metrics",SP11/SP13: Text Rendering; SP11: Font Metrics
wpt/css_multicol/multicol-width-large-001,css_multicol,yes,wpt/css_multicol/multicol-width-large-001,fail,2.13,"needs_text,needs_font_metrics",SP11/SP13: Text Rendering; SP11: Font Metrics
wpt/css_multicol/multicol-width-large-002,css_multicol,yes,wpt/css_multicol/multicol-width-large-002,fail,2.13,"needs_text,needs_font_metrics",SP11/SP13: Text Rendering; SP11: Font Metrics
wpt/css_multicol/multicol-width-negative-001,css_multicol,yes,wpt/css_multicol/multicol-width-negative-001,fail,4.96,"needs_text,needs_font_metrics",SP11/SP13: Text Rendering; SP11: Font Metrics
wpt/css_multicol/multicol-width-small-001,css_multicol,yes,wpt/css_multicol/multicol-width-small-001,fail,2.12,"needs_text,needs_font_metrics",SP11/SP13: Text Rendering; SP11: Font Metrics
wpt/css_multicol/multicol-zero-height-001,css_multicol,yes,wpt/css_multicol/multicol-zero-height-001,pass,0.00,,
wpt/css_multicol/multicol-zero-height-001-ref,css_multicol,yes,wpt/css_multicol/multicol-zero-height-001-ref,pass,0.00,,
wpt/css_multicol/multicol-zero-height-002,css_multicol,yes,wpt/css_multicol/multicol-zero-height-002,fail,3.18,needs_font_metrics,SP11: Font Metrics
wpt/css_multicol/multicol-zero-height-002-ref,css_multicol,yes,wpt/css_multicol/multicol-zero-height-002-ref,fail,0.14,needs_font_metrics,SP11: Font Metrics
wpt/css_multicol/multicol-zero-height-003,css_multicol,yes,wpt/css_multicol/multicol-zero-height-003,fail,0.59,sp12_layout_bug,
wpt/css_multicol/multicol-zero-height-003-ref,css_multicol,yes,wpt/css_multicol/multicol-zero-height-003-ref,pass,0.00,,
wpt/css_multicol/named-page,css_multicol,yes,wpt/css_multicol/named-page,pass,0.00,,
wpt/css_multicol/nested-after-float-clearance,css_multicol,yes,wpt/css_multicol/nested-after-float-clearance,pass,0.00,,
wpt/css_multicol/nested-at-outer-boundary-as-float,css_multicol,yes,wpt/css_multicol/nested-at-outer-boundary-as-float,pass,0.00,,
wpt/css_multicol/nested-balanced-very-tall-content-crash,css_multicol,yes,wpt/css_multicol/nested-balanced-very-tall-content-crash,fail,2.50,needs_text,SP11/SP13: Text Rendering
wpt/css_multicol/nested-oofs-in-relative-multicol,css_multicol,yes,wpt/css_multicol/nested-oofs-in-relative-multicol,pass,0.00,,
wpt/css_multicol/nested-with-overflowing-padding-crash,css_multicol,yes,wpt/css_multicol/nested-with-overflowing-padding-crash,pass,0.00,,
wpt/css_multicol/nested-with-padding-and-spanner,css_multicol,yes,wpt/css_multicol/nested-with-padding-and-spanner,pass,0.00,,
wpt/css_multicol/nested-with-too-tall-line,css_multicol,yes,wpt/css_multicol/nested-with-too-tall-line,pass,0.00,,
wpt/css_multicol/nested-with-too-tall-line-ref,css_multicol,yes,wpt/css_multicol/nested-with-too-tall-line-ref,pass,0.00,,
wpt/css_multicol/no-balancing-after-column-span,css_multicol,yes,wpt/css_multicol/no-balancing-after-column-span,pass,0.00,,
wpt/css_multicol/non-adjacent-spanners-000,css_multicol,yes,wpt/css_multicol/non-adjacent-spanners-000,fail,0.85,sp12_layout_bug,
wpt/css_multicol/non-adjacent-spanners-001,css_multicol,yes,wpt/css_multicol/non-adjacent-spanners-001,fail,2.12,sp12_layout_bug,
wpt/css_multicol/oof-nested-in-single-column,css_multicol,yes,wpt/css_multicol/oof-nested-in-single-column,pass,0.00,,
wpt/css_multicol/overflow-scroll-in-multicol-crash,css_multicol,yes,wpt/css_multicol/overflow-scroll-in-multicol-crash,fail,1.27,sp12_layout_bug,
wpt/css_multicol/overflow-unsplittable-001,css_multicol,yes,wpt/css_multicol/overflow-unsplittable-001,fail,2.60,sp12_layout_bug,
wpt/css_multicol/overflow-unsplittable-001-ref,css_multicol,yes,wpt/css_multicol/overflow-unsplittable-001-ref,fail,0.80,sp12_layout_bug,
wpt/css_multicol/overflow-unsplittable-002,css_multicol,yes,wpt/css_multicol/overflow-unsplittable-002,fail,2.12,sp12_layout_bug,
wpt/css_multicol/overflow-unsplittable-003,css_multicol,yes,wpt/css_multicol/overflow-unsplittable-003,fail,2.12,sp12_layout_bug,
wpt/css_multicol/page-property-ignored,css_multicol,yes,wpt/css_multicol/page-property-ignored,pass,0.00,,
wpt/css_multicol/parallel-flow-after-spanner-001,css_multicol,yes,wpt/css_multicol/parallel-flow-after-spanner-001,fail,0.53,needs_text,SP11/SP13: Text Rendering
wpt/css_multicol/parallel-flow-after-spanner-002,css_multicol,yes,wpt/css_multicol/parallel-flow-after-spanner-002,fail,1.06,sp12_layout_bug,
wpt/css_multicol/relative-child-overflowing-column-gap,css_multicol,yes,wpt/css_multicol/relative-child-overflowing-column-gap,fail,0.53,sp12_layout_bug,
wpt/css_multicol/relative-child-overflowing-column-gap-ref,css_multicol,yes,wpt/css_multicol/relative-child-overflowing-column-gap-ref,pass,0.00,,
wpt/css_multicol/relative-child-overflowing-container,css_multicol,yes,wpt/css_multicol/relative-child-overflowing-container,fail,2.12,sp12_layout_bug,
wpt/css_multicol/resize-with-text-after-paint-ref,css_multicol,yes,wpt/css_multicol/resize-with-text-after-paint-ref,pass,0.00,,
wpt/css_multicol/spanner-fragmentation-000,css_multicol,yes,wpt/css_multicol/spanner-fragmentation-000,fail,2.12,sp12_layout_bug,
wpt/css_multicol/spanner-fragmentation-001,css_multicol,yes,wpt/css_multicol/spanner-fragmentation-001,fail,1.86,sp12_layout_bug,
wpt/css_multicol/spanner-fragmentation-002,css_multicol,yes,wpt/css_multicol/spanner-fragmentation-002,fail,2.07,sp12_layout_bug,
wpt/css_multicol/spanner-fragmentation-003,css_multicol,yes,wpt/css_multicol/spanner-fragmentation-003,fail,2.12,sp12_layout_bug,
wpt/css_multicol/spanner-fragmentation-004,css_multicol,yes,wpt/css_multicol/spanner-fragmentation-004,fail,2.12,sp12_layout_bug,
wpt/css_multicol/spanner-fragmentation-005,css_multicol,yes,wpt/css_multicol/spanner-fragmentation-005,fail,2.12,sp12_layout_bug,
wpt/css_multicol/spanner-fragmentation-006,css_multicol,yes,wpt/css_multicol/spanner-fragmentation-006,fail,6.37,sp12_layout_bug,
wpt/css_multicol/spanner-fragmentation-007,css_multicol,yes,wpt/css_multicol/spanner-fragmentation-007,fail,2.12,sp12_layout_bug,
wpt/css_multicol/spanner-fragmentation-008,css_multicol,yes,wpt/css_multicol/spanner-fragmentation-008,fail,2.34,sp12_layout_bug,
wpt/css_multicol/spanner-fragmentation-009,css_multicol,yes,wpt/css_multicol/spanner-fragmentation-009,fail,0.21,sp12_layout_bug,
wpt/css_multicol/spanner-fragmentation-010,css_multicol,yes,wpt/css_multicol/spanner-fragmentation-010,fail,2.12,sp12_layout_bug,
wpt/css_multicol/spanner-fragmentation-011,css_multicol,yes,wpt/css_multicol/spanner-fragmentation-011,fail,1.06,sp12_layout_bug,
wpt/css_multicol/spanner-fragmentation-012,css_multicol,yes,wpt/css_multicol/spanner-fragmentation-012,fail,1.59,sp12_layout_bug,
wpt/css_multicol/spanner-in-child-after-parallel-flow-001,css_multicol,yes,wpt/css_multicol/spanner-in-child-after-parallel-flow-001,pass,0.00,,
wpt/css_multicol/spanner-in-child-after-parallel-flow-002,css_multicol,yes,wpt/css_multicol/spanner-in-child-after-parallel-flow-002,fail,0.11,sp12_layout_bug,
wpt/css_multicol/spanner-in-child-after-parallel-flow-003,css_multicol,yes,wpt/css_multicol/spanner-in-child-after-parallel-flow-003,fail,0.11,needs_text,SP11/SP13: Text Rendering
wpt/css_multicol/spanner-in-child-after-parallel-flow-004,css_multicol,yes,wpt/css_multicol/spanner-in-child-after-parallel-flow-004,fail,1.86,needs_text,SP11/SP13: Text Rendering
wpt/css_multicol/spanner-in-opacity,css_multicol,yes,wpt/css_multicol/spanner-in-opacity,pass,0.00,,
wpt/css_multicol/spanner-in-opacity-ref,css_multicol,yes,wpt/css_multicol/spanner-in-opacity-ref,pass,0.00,,
wpt/css_multicol/subpixel-column-rule-width.tentative,css_multicol,yes,wpt/css_multicol/subpixel-column-rule-width.tentative,pass,0.00,,
wpt/css_multicol/table_multicol-table-cell-vertical-align-ref,css_multicol,yes,wpt/css_multicol/table_multicol-table-cell-vertical-align-ref,pass,0.00,,
wpt/css_multicol/table_table-cell-as-multicol-ref,css_multicol,yes,wpt/css_multicol/table_table-cell-as-multicol-ref,pass,0.00,,
wpt/css_multicol/table_table-cell-content-change-000-ref,css_multicol,yes,wpt/css_multicol/table_table-cell-content-change-000-ref,pass,0.00,,
wpt/css_multicol/table_table-cell-content-change-001-ref,css_multicol,yes,wpt/css_multicol/table_table-cell-content-change-001-ref,fail,2.06,needs_text,SP11/SP13: Text Rendering
wpt/css_multicol/triply-nested-with-fixedpos-in-abspos-crash,css_multicol,yes,wpt/css_multicol/triply-nested-with-fixedpos-in-abspos-crash,pass,0.00,,
wpt/css_multicol/with-custom-layout-on-same-element.https,css_multicol,yes,wpt/css_multicol/with-custom-layout-on-same-element.https,fail,15.24,sp12_layout_bug,
wpt/css_multicol/zero-column-width-layout,css_multicol,yes,wpt/css_multicol/zero-column-width-layout,fail,19.21,sp12_layout_bug,
wpt/css_overflow/clip-001,css_overflow,yes,wpt/css_overflow/clip-001,pass,0.00,,
wpt/css_overflow/clip-001-ref,css_overflow,yes,wpt/css_overflow/clip-001-ref,pass,0.00,,
wpt/css_overflow/clip-002,css_overflow,yes,wpt/css_overflow/clip-002,fail,1.06,sp12_layout_bug,
wpt/css_overflow/clip-002-ref,css_overflow,yes,wpt/css_overflow/clip-002-ref,pass,0.00,,
wpt/css_overflow/clip-003,css_overflow,yes,wpt/css_overflow/clip-003,fail,1.75,sp12_layout_bug,
wpt/css_overflow/clip-003-ref,css_overflow,yes,wpt/css_overflow/clip-003-ref,fail,0.59,sp12_layout_bug,
wpt/css_overflow/clip-004,css_overflow,yes,wpt/css_overflow/clip-004,fail,1.06,sp12_layout_bug,
wpt/css_overflow/clip-004-ref,css_overflow,yes,wpt/css_overflow/clip-004-ref,pass,0.00,,
wpt/css_overflow/clip-005,css_overflow,yes,wpt/css_overflow/clip-005,fail,1.24,sp12_layout_bug,
wpt/css_overflow/clip-005-ref,css_overflow,yes,wpt/css_overflow/clip-005-ref,fail,0.26,sp12_layout_bug,
wpt/css_overflow/clip-006,css_overflow,yes,wpt/css_overflow/clip-006,pass,0.00,,
wpt/css_overflow/clip-007,css_overflow,yes,wpt/css_overflow/clip-007,pass,0.00,,
wpt/css_overflow/clip-008,css_overflow,yes,wpt/css_overflow/clip-008,fail,0.50,sp12_layout_bug,
wpt/css_overflow/display-flex-svg-overflow-default-ref,css_overflow,yes,wpt/css_overflow/display-flex-svg-overflow-default-ref,pass,0.00,,
wpt/css_overflow/document-element-overflow-hidden-scroll-ref,css_overflow,yes,wpt/css_overflow/document-element-overflow-hidden-scroll-ref,pass,0.00,,
wpt/css_overflow/line-clamp_line-clamp-content-height-with-dynamic-change-ref,css_overflow,yes,wpt/css_overflow/line-clamp_line-clamp-content-height-with-dynamic-change-ref,fail,0.01,needs_text,SP11/SP13: Text Rendering
wpt/css_overflow/overflow-body-propagation-007,css_overflow,yes,wpt/css_overflow/overflow-body-propagation-007,fail,64.74,sp12_layout_bug,
wpt/css_overflow/overflow-body-propagation-007-ref,css_overflow,yes,wpt/css_overflow/overflow-body-propagation-007-ref,fail,35.79,sp12_layout_bug,
wpt/css_overflow/overflow-body-propagation-008,css_overflow,yes,wpt/css_overflow/overflow-body-propagation-008,fail,64.97,sp12_layout_bug,
wpt/css_overflow/overflow-body-propagation-008-ref,css_overflow,yes,wpt/css_overflow/overflow-body-propagation-008-ref,fail,38.06,sp12_layout_bug,
wpt/css_overflow/overflow-body-propagation-009,css_overflow,yes,wpt/css_overflow/overflow-body-propagation-009,fail,64.74,sp12_layout_bug,
wpt/css_overflow/overflow-body-propagation-009-ref,css_overflow,yes,wpt/css_overflow/overflow-body-propagation-009-ref,fail,35.79,sp12_layout_bug,
wpt/css_overflow/overflow-body-propagation-010-ref,css_overflow,yes,wpt/css_overflow/overflow-body-propagation-010-ref,fail,1.06,sp12_layout_bug,
wpt/css_overflow/overflow-body-propagation-011-ref,css_overflow,yes,wpt/css_overflow/overflow-body-propagation-011-ref,fail,2.42,sp12_layout_bug,
wpt/css_overflow/overflow-body-propagation-012,css_overflow,yes,wpt/css_overflow/overflow-body-propagation-012,pass,0.00,,
wpt/css_overflow/overflow-body-propagation-012-ref,css_overflow,yes,wpt/css_overflow/overflow-body-propagation-012-ref,pass,0.00,,
wpt/css_overflow/overflow-clip-002-crash,css_overflow,yes,wpt/css_overflow/overflow-clip-002-crash,pass,0.00,,
wpt/css_overflow/overflow-clip-cant-scroll-ref,css_overflow,yes,wpt/css_overflow/overflow-clip-cant-scroll-ref,pass,0.00,,
wpt/css_overflow/overflow-clip-content-visual-overflow,css_overflow,yes,wpt/css_overflow/overflow-clip-content-visual-overflow,fail,1.32,sp12_layout_bug,
wpt/css_overflow/overflow-clip-content-visual-overflow-ref,css_overflow,yes,wpt/css_overflow/overflow-clip-content-visual-overflow-ref,fail,1.02,sp12_layout_bug,
wpt/css_overflow/overflow-clip-margin-001,css_overflow,yes,wpt/css_overflow/overflow-clip-margin-001,pass,0.00,,
wpt/css_overflow/overflow-clip-margin-001-ref,css_overflow,yes,wpt/css_overflow/overflow-clip-margin-001-ref,pass,0.00,,
wpt/css_overflow/overflow-clip-margin-002,css_overflow,yes,wpt/css_overflow/overflow-clip-margin-002,fail,1.18,sp12_layout_bug,
wpt/css_overflow/overflow-clip-margin-002-ref,css_overflow,yes,wpt/css_overflow/overflow-clip-margin-002-ref,fail,1.18,sp12_layout_bug,
wpt/css_overflow/overflow-clip-margin-003,css_overflow,yes,wpt/css_overflow/overflow-clip-margin-003,fail,1.08,sp12_layout_bug,
wpt/css_overflow/overflow-clip-margin-003-ref,css_overflow,yes,wpt/css_overflow/overflow-clip-margin-003-ref,fail,1.08,sp12_layout_bug,
wpt/css_overflow/overflow-clip-margin-004-ref,css_overflow,yes,wpt/css_overflow/overflow-clip-margin-004-ref,pass,0.00,,
wpt/css_overflow/overflow-clip-margin-005-ref,css_overflow,yes,wpt/css_overflow/overflow-clip-margin-005-ref,fail,1.18,sp12_layout_bug,
wpt/css_overflow/overflow-clip-margin-006-ref,css_overflow,yes,wpt/css_overflow/overflow-clip-margin-006-ref,fail,1.08,sp12_layout_bug,
wpt/css_overflow/overflow-clip-margin-009,css_overflow,yes,wpt/css_overflow/overflow-clip-margin-009,fail,0.93,sp12_layout_bug,
wpt/css_overflow/overflow-clip-margin-009-ref,css_overflow,yes,wpt/css_overflow/overflow-clip-margin-009-ref,pass,0.00,,
wpt/css_overflow/overflow-clip-margin-010,css_overflow,yes,wpt/css_overflow/overflow-clip-margin-010,fail,0.20,sp12_layout_bug,
wpt/css_overflow/overflow-clip-margin-010-ref,css_overflow,yes,wpt/css_overflow/overflow-clip-margin-010-ref,fail,0.01,sp12_layout_bug,
wpt/css_overflow/overflow-clip-margin-011,css_overflow,yes,wpt/css_overflow/overflow-clip-margin-011,pass,0.00,,
wpt/css_overflow/overflow-clip-margin-011-ref,css_overflow,yes,wpt/css_overflow/overflow-clip-margin-011-ref,pass,0.00,,
wpt/css_overflow/overflow-clip-margin-border-radius,css_overflow,yes,wpt/css_overflow/overflow-clip-margin-border-radius,fail,9.97,sp12_layout_bug,
wpt/css_overflow/overflow-clip-margin-border-radius-002-ref,css_overflow,yes,wpt/css_overflow/overflow-clip-margin-border-radius-002-ref,fail,6.94,sp12_layout_bug,
wpt/css_overflow/overflow-clip-margin-border-radius-ref,css_overflow,yes,wpt/css_overflow/overflow-clip-margin-border-radius-ref,fail,9.97,sp12_layout_bug,
wpt/css_overflow/overflow-clip-margin-invalidation-ref,css_overflow,yes,wpt/css_overflow/overflow-clip-margin-invalidation-ref,pass,0.00,,
wpt/css_overflow/overflow-clip-margin-mul-column-border-box,css_overflow,yes,wpt/css_overflow/overflow-clip-margin-mul-column-border-box,fail,0.69,sp12_layout_bug,
wpt/css_overflow/overflow-clip-margin-mul-column-border-box-ref,css_overflow,yes,wpt/css_overflow/overflow-clip-margin-mul-column-border-box-ref,fail,0.38,sp12_layout_bug,
wpt/css_overflow/overflow-clip-margin-mul-column-content-box,css_overflow,yes,wpt/css_overflow/overflow-clip-margin-mul-column-content-box,fail,0.66,sp12_layout_bug,
wpt/css_overflow/overflow-clip-margin-mul-column-content-box-ref,css_overflow,yes,wpt/css_overflow/overflow-clip-margin-mul-column-content-box-ref,fail,0.40,sp12_layout_bug,
wpt/css_overflow/overflow-clip-margin-mul-column-padding-box,css_overflow,yes,wpt/css_overflow/overflow-clip-margin-mul-column-padding-box,fail,0.44,sp12_layout_bug,
wpt/css_overflow/overflow-clip-margin-mul-column-padding-box-ref,css_overflow,yes,wpt/css_overflow/overflow-clip-margin-mul-column-padding-box-ref,fail,0.44,sp12_layout_bug,
wpt/css_overflow/overflow-clip-margin-svg-ref,css_overflow,yes,wpt/css_overflow/overflow-clip-margin-svg-ref,pass,0.00,,
wpt/css_overflow/overflow-clip-margin-visual-box,css_overflow,yes,wpt/css_overflow/overflow-clip-margin-visual-box,fail,2.04,sp12_layout_bug,
wpt/css_overflow/overflow-clip-margin-visual-box-and-value,css_overflow,yes,wpt/css_overflow/overflow-clip-margin-visual-box-and-value,fail,2.74,sp12_layout_bug,
wpt/css_overflow/overflow-clip-margin-visual-box-and-value-ref,css_overflow,yes,wpt/css_overflow/overflow-clip-margin-visual-box-and-value-ref,pass,0.00,,
wpt/css_overflow/overflow-clip-margin-visual-box-and-value-with-border-radius,css_overflow,yes,wpt/css_overflow/overflow-clip-margin-visual-box-and-value-with-border-radius,fail,2.70,sp12_layout_bug,
wpt/css_overflow/overflow-clip-margin-visual-box-and-value-with-border-radius-ref,css_overflow,yes,wpt/css_overflow/overflow-clip-margin-visual-box-and-value-with-border-radius-ref,fail,0.05,sp12_layout_bug,
wpt/css_overflow/overflow-clip-margin-visual-box-ref,css_overflow,yes,wpt/css_overflow/overflow-clip-margin-visual-box-ref,pass,0.00,,
wpt/css_overflow/overflow-clip-x-visible-y-svg-ref,css_overflow,yes,wpt/css_overflow/overflow-clip-x-visible-y-svg-ref,pass,0.00,,
wpt/css_overflow/overflow-clip-y-visible-x-svg-ref,css_overflow,yes,wpt/css_overflow/overflow-clip-y-visible-x-svg-ref,pass,0.00,,
wpt/css_overflow/overflow-does-not-apply-to-inline-box,css_overflow,yes,wpt/css_overflow/overflow-does-not-apply-to-inline-box,fail,2.48,"needs_text,needs_font_metrics",SP11/SP13: Text Rendering; SP11: Font Metrics
wpt/css_overflow/overflow-inline-block-with-opacity,css_overflow,yes,wpt/css_overflow/overflow-inline-block-with-opacity,pass,0.00,,
wpt/css_overflow/overflow-negative-margin,css_overflow,yes,wpt/css_overflow/overflow-negative-margin,pass,0.00,,
wpt/css_overflow/overflow-no-frameset-propagation,css_overflow,yes,wpt/css_overflow/overflow-no-frameset-propagation,pass,0.00,,
wpt/css_overflow/overflow-overlay,css_overflow,yes,wpt/css_overflow/overflow-overlay,pass,0.00,,
wpt/css_overflow/overflow-overlay-ref,css_overflow,yes,wpt/css_overflow/overflow-overlay-ref,pass,0.00,,
wpt/css_overflow/overflow-scroll-intrinsic-001-ref,css_overflow,yes,wpt/css_overflow/overflow-scroll-intrinsic-001-ref,fail,0.91,sp12_layout_bug,
wpt/css_overflow/overflow-scroll-resize-visibility-hidden,css_overflow,yes,wpt/css_overflow/overflow-scroll-resize-visibility-hidden,fail,1.18,sp12_layout_bug,
wpt/css_overflow/paint-containment-svg-ref,css_overflow,yes,wpt/css_overflow/paint-containment-svg-ref,pass,0.00,,
wpt/css_overflow/rounded-overflow-clip-visible-ref,css_overflow,yes,wpt/css_overflow/rounded-overflow-clip-visible-ref,fail,3.23,needs_text,SP11/SP13: Text Rendering
wpt/css_overflow/rounded-overflow-visible-clip-ref,css_overflow,yes,wpt/css_overflow/rounded-overflow-visible-clip-ref,fail,13.55,needs_text,SP11/SP13: Text Rendering
wpt/css_overflow/scroll-markers_column-scroll-marker-001-ref,css_overflow,yes,wpt/css_overflow/scroll-markers_column-scroll-marker-001-ref,fail,12.23,sp12_layout_bug,
wpt/css_overflow/scroll-markers_column-scroll-marker-counters-ref,css_overflow,yes,wpt/css_overflow/scroll-markers_column-scroll-marker-counters-ref,fail,0.01,sp12_layout_bug,
wpt/css_overflow/scroll-markers_column-scroll-marker-reattach-target-current-ref,css_overflow,yes,wpt/css_overflow/scroll-markers_column-scroll-marker-reattach-target-current-ref,pass,0.00,,
wpt/css_overflow/scroll-markers_root-scroll-marker-ref,css_overflow,yes,wpt/css_overflow/scroll-markers_root-scroll-marker-ref,fail,11.08,sp12_layout_bug,
wpt/css_overflow/scroll-markers_scroll-marker-001-ref,css_overflow,yes,wpt/css_overflow/scroll-markers_scroll-marker-001-ref,fail,2.82,sp12_layout_bug,
wpt/css_overflow/scroll-markers_scroll-marker-002-ref,css_overflow,yes,wpt/css_overflow/scroll-markers_scroll-marker-002-ref,fail,2.82,needs_text,SP11/SP13: Text Rendering
wpt/css_overflow/scroll-markers_scroll-marker-003-ref,css_overflow,yes,wpt/css_overflow/scroll-markers_scroll-marker-003-ref,fail,2.82,sp12_layout_bug,
wpt/css_overflow/scroll-markers_scroll-marker-004-ref,css_overflow,yes,wpt/css_overflow/scroll-markers_scroll-marker-004-ref,fail,2.82,needs_text,SP11/SP13: Text Rendering
wpt/css_overflow/scroll-markers_scroll-marker-010-ref,css_overflow,yes,wpt/css_overflow/scroll-markers_scroll-marker-010-ref,fail,2.82,sp12_layout_bug,
wpt/css_overflow/scroll-markers_scroll-marker-011-ref,css_overflow,yes,wpt/css_overflow/scroll-markers_scroll-marker-011-ref,pass,0.00,,
wpt/css_overflow/scroll-markers_scroll-marker-counters-ref,css_overflow,yes,wpt/css_overflow/scroll-markers_scroll-marker-counters-ref,fail,0.01,sp12_layout_bug,
wpt/css_overflow/scroll-markers_scroll-marker-dynamic-ref,css_overflow,yes,wpt/css_overflow/scroll-markers_scroll-marker-dynamic-ref,fail,2.82,sp12_layout_bug,
wpt/css_overflow/scroll-markers_scroll-marker-group-007-ref,css_overflow,yes,wpt/css_overflow/scroll-markers_scroll-marker-group-007-ref,pass,0.00,,
wpt/css_overflow/scroll-markers_scroll-marker-group-008-ref,css_overflow,yes,wpt/css_overflow/scroll-markers_scroll-marker-group-008-ref,pass,0.00,,
wpt/css_overflow/scroll-markers_scroll-marker-group-009-ref,css_overflow,yes,wpt/css_overflow/scroll-markers_scroll-marker-group-009-ref,pass,0.00,,
wpt/css_overflow/scroll-markers_scroll-marker-group-add-dynamic-001-ref,css_overflow,yes,wpt/css_overflow/scroll-markers_scroll-marker-group-add-dynamic-001-ref,pass,0.00,,
wpt/css_overflow/scroll-markers_scroll-marker-group-style-remove-ref,css_overflow,yes,wpt/css_overflow/scroll-markers_scroll-marker-group-style-remove-ref,pass,0.00,,
wpt/css_overflow/scroll-markers_scroll-target-group-001-ref,css_overflow,yes,wpt/css_overflow/scroll-markers_scroll-target-group-001-ref,fail,1.48,sp12_layout_bug,
wpt/css_overflow/scroll-markers_scroll-target-group-008-ref,css_overflow,yes,wpt/css_overflow/scroll-markers_scroll-target-group-008-ref,fail,1.48,sp12_layout_bug,
wpt/css_overflow/scroll-markers_scroll-target-group-inline-crash,css_overflow,yes,wpt/css_overflow/scroll-markers_scroll-target-group-inline-crash,pass,0.00,,
wpt/css_overflow/scrollbar-empty-001,css_overflow,yes,wpt/css_overflow/scrollbar-empty-001,pass,0.00,,
wpt/css_overflow/scrollbar-gutter-abspos-001,css_overflow,yes,wpt/css_overflow/scrollbar-gutter-abspos-001,fail,0.32,sp12_layout_bug,
wpt/css_overflow/scrollbar-gutter-abspos-001-ref,css_overflow,yes,wpt/css_overflow/scrollbar-gutter-abspos-001-ref,fail,0.32,sp12_layout_bug,
wpt/css_overflow/scrollbar-gutter-dynamic-001-ref,css_overflow,yes,wpt/css_overflow/scrollbar-gutter-dynamic-001-ref,pass,0.00,,
wpt/css_overflow/scrollbar-gutter-dynamic-004-ref,css_overflow,yes,wpt/css_overflow/scrollbar-gutter-dynamic-004-ref,pass,0.00,,
wpt/css_overflow/scrollbar-gutter-fixedpos-001,css_overflow,yes,wpt/css_overflow/scrollbar-gutter-fixedpos-001,fail,0.32,sp12_layout_bug,
wpt/css_overflow/scrollbar-gutter-fixedpos-001-ref,css_overflow,yes,wpt/css_overflow/scrollbar-gutter-fixedpos-001-ref,fail,0.32,sp12_layout_bug,
wpt/css_overflow/scrollbar-gutter-fixedpos-002,css_overflow,yes,wpt/css_overflow/scrollbar-gutter-fixedpos-002,fail,0.96,sp12_layout_bug,
wpt/css_overflow/scrollbar-gutter-fixedpos-002-ref,css_overflow,yes,wpt/css_overflow/scrollbar-gutter-fixedpos-002-ref,fail,0.96,sp12_layout_bug,
wpt/css_overflow/scrollbar-gutter-fixedpos-003,css_overflow,yes,wpt/css_overflow/scrollbar-gutter-fixedpos-003,fail,1.32,sp12_layout_bug,
wpt/css_overflow/scrollbar-gutter-fixedpos-003-ref,css_overflow,yes,wpt/css_overflow/scrollbar-gutter-fixedpos-003-ref,fail,1.32,sp12_layout_bug,
wpt/css_overflow/scrollbar-large-scale-in-iframe-ref,css_overflow,yes,wpt/css_overflow/scrollbar-large-scale-in-iframe-ref,pass,0.00,,
wpt/css_overflow/text-overflow-ellipsis-001,css_overflow,yes,wpt/css_overflow/text-overflow-ellipsis-001,pass,0.00,,
wpt/css_overflow/text-overflow-ellipsis-002,css_overflow,yes,wpt/css_overflow/text-overflow-ellipsis-002,pass,0.00,,
wpt/css_overflow/text-overflow-ellipsis-003-ref,css_overflow,yes,wpt/css_overflow/text-overflow-ellipsis-003-ref,fail,1.49,needs_text,SP11/SP13: Text Rendering
wpt/css_overflow/text-overflow-ellipsis-rtl-001,css_overflow,yes,wpt/css_overflow/text-overflow-ellipsis-rtl-001,pass,0.00,,
wpt/css_position/absolute-pos-box-inside-fixed-pos-box-with-changing-height-ref,css_position,yes,wpt/css_position/absolute-pos-box-inside-fixed-pos-box-with-changing-height-ref,pass,0.00,,
wpt/css_position/block-axis-constraint-changes-for-out-of-flow-box-ref,css_position,yes,wpt/css_position/block-axis-constraint-changes-for-out-of-flow-box-ref,pass,0.00,,
wpt/css_position/containing-block-change-scrollframe-ref,css_position,yes,wpt/css_position/containing-block-change-scrollframe-ref,fail,0.59,sp12_layout_bug,
wpt/css_position/hypothetical-dynamic-change-001-ref,css_position,yes,wpt/css_position/hypothetical-dynamic-change-001-ref,pass,0.00,,
wpt/css_position/invalidate-opacity-negative-z-index-ref,css_position,yes,wpt/css_position/invalidate-opacity-negative-z-index-ref,pass,0.00,,
wpt/css_position/position-absolute-center-001,css_position,yes,wpt/css_position/position-absolute-center-001,fail,0.42,needs_text,SP11/SP13: Text Rendering
wpt/css_position/position-absolute-center-003,css_position,yes,wpt/css_position/position-absolute-center-003,fail,0.54,sp12_layout_bug,
wpt/css_position/position-absolute-center-004,css_position,yes,wpt/css_position/position-absolute-center-004,fail,0.54,sp12_layout_bug,
wpt/css_position/position-absolute-fit-content,css_position,yes,wpt/css_position/position-absolute-fit-content,pass,0.00,,
wpt/css_position/position-absolute-iframe-print-ref,css_position,yes,wpt/css_position/position-absolute-iframe-print-ref,pass,0.00,,
wpt/css_position/position-absolute-in-inline-003,css_position,yes,wpt/css_position/position-absolute-in-inline-003,fail,2.12,"needs_text,needs_font_metrics",SP11/SP13: Text Rendering; SP11: Font Metrics
wpt/css_position/position-absolute-in-inline-004,css_position,yes,wpt/css_position/position-absolute-in-inline-004,fail,0.85,"needs_text,needs_font_metrics",SP11/SP13: Text Rendering; SP11: Font Metrics
wpt/css_position/position-absolute-large-negative-inset,css_position,yes,wpt/css_position/position-absolute-large-negative-inset,pass,0.00,,
wpt/css_position/position-absolute-large-negative-inset-ref,css_position,yes,wpt/css_position/position-absolute-large-negative-inset-ref,pass,0.00,,
wpt/css_position/position-absolute-multicol-001,css_position,yes,wpt/css_position/position-absolute-multicol-001,pass,0.00,,
wpt/css_position/position-change-ref,css_position,yes,wpt/css_position/position-change-ref,pass,0.00,,
wpt/css_position/position-fixed-dynamic-transformed-sibling-ref,css_position,yes,wpt/css_position/position-fixed-dynamic-transformed-sibling-ref,pass,0.00,,
wpt/css_position/position-fixed-overflow-print,css_position,yes,wpt/css_position/position-fixed-overflow-print,fail,17.37,sp12_layout_bug,
wpt/css_position/position-fixed-overflow-print-ref,css_position,yes,wpt/css_position/position-fixed-overflow-print-ref,fail,14.89,sp12_layout_bug,
wpt/css_position/position-fixed-scroll-nested-fixed-ref,css_position,yes,wpt/css_position/position-fixed-scroll-nested-fixed-ref,pass,0.00,,
wpt/css_position/position-fixed-scroll-overlap-ref,css_position,yes,wpt/css_position/position-fixed-scroll-overlap-ref,fail,1.85,sp12_layout_bug,
wpt/css_position/position-relative-001,css_position,yes,wpt/css_position/position-relative-001,pass,0.00,,
wpt/css_position/position-relative-002,css_position,yes,wpt/css_position/position-relative-002,fail,3.82,needs_text,SP11/SP13: Text Rendering
wpt/css_position/position-relative-003,css_position,yes,wpt/css_position/position-relative-003,fail,2.12,needs_text,SP11/SP13: Text Rendering
wpt/css_position/position-relative-006,css_position,yes,wpt/css_position/position-relative-006,pass,0.00,,
wpt/css_position/position-relative-007,css_position,yes,wpt/css_position/position-relative-007,fail,2.97,sp12_layout_bug,
wpt/css_position/resources_position-absolute-iframe-child,css_position,yes,wpt/css_position/resources_position-absolute-iframe-child,pass,0.00,,
wpt/css_position/static-position_htb-ltr-ltr,css_position,yes,wpt/css_position/static-position_htb-ltr-ltr,fail,18.83,"needs_text,needs_font_metrics",SP11/SP13: Text Rendering; SP11: Font Metrics
wpt/css_position/static-position_htb-ltr-rtl.tentative,css_position,yes,wpt/css_position/static-position_htb-ltr-rtl.tentative,fail,18.83,"needs_text,needs_font_metrics",SP11/SP13: Text Rendering; SP11: Font Metrics
wpt/css_position/static-position_htb-ref,css_position,yes,wpt/css_position/static-position_htb-ref,fail,3.71,sp12_layout_bug,
wpt/css_position/static-position_htb-rtl-ltr.tentative,css_position,yes,wpt/css_position/static-position_htb-rtl-ltr.tentative,fail,18.83,"needs_text,needs_font_metrics",SP11/SP13: Text Rendering; SP11: Font Metrics
wpt/css_position/static-position_htb-rtl-rtl,css_position,yes,wpt/css_position/static-position_htb-rtl-rtl,fail,18.83,"needs_text,needs_font_metrics",SP11/SP13: Text Rendering; SP11: Font Metrics
wpt/css_position/static-position_inline-level-absolute-in-block-level-context-013,css_position,yes,wpt/css_position/static-position_inline-level-absolute-in-block-level-context-013,pass,0.00,,
wpt/css_position/static-position_inline-level-absolute-in-block-level-context-014,css_position,yes,wpt/css_position/static-position_inline-level-absolute-in-block-level-context-014,pass,0.00,,
wpt/css_position/sticky_position-sticky-bottom-004,css_position,yes,wpt/css_position/sticky_position-sticky-bottom-004,pass,0.00,,
wpt/css_position/sticky_position-sticky-bottom-005,css_position,yes,wpt/css_position/sticky_position-sticky-bottom-005,pass,0.00,,
wpt/css_position/sticky_position-sticky-bottom-006,css_position,yes,wpt/css_position/sticky_position-sticky-bottom-006,pass,0.00,,
wpt/css_position/sticky_position-sticky-change-top-ref,css_position,yes,wpt/css_position/sticky_position-sticky-change-top-ref,fail,4.25,sp12_layout_bug,
wpt/css_position/sticky_position-sticky-column-reverse-flex-ref,css_position,yes,wpt/css_position/sticky_position-sticky-column-reverse-flex-ref,pass,0.00,,
wpt/css_position/sticky_position-sticky-escape-scroller-001-ref,css_position,yes,wpt/css_position/sticky_position-sticky-escape-scroller-001-ref,pass,0.00,,
wpt/css_position/sticky_position-sticky-fixed-ancestor-003,css_position,yes,wpt/css_position/sticky_position-sticky-fixed-ancestor-003,fail,94.27,sp12_layout_bug,
wpt/css_position/sticky_position-sticky-margins-002,css_position,yes,wpt/css_position/sticky_position-sticky-margins-002,fail,2.12,sp12_layout_bug,
wpt/css_position/sticky_position-sticky-margins-003,css_position,yes,wpt/css_position/sticky_position-sticky-margins-003,fail,2.12,sp12_layout_bug,
wpt/css_position/sticky_position-sticky-padding-001-ref,css_position,yes,wpt/css_position/sticky_position-sticky-padding-001-ref,pass,0.00,,
wpt/css_position/sticky_position-sticky-padding-002-ref,css_position,yes,wpt/css_position/sticky_position-sticky-padding-002-ref,pass,0.00,,
wpt/css_position/sticky_position-sticky-rtl,css_position,yes,wpt/css_position/sticky_position-sticky-rtl,fail,2.12,sp12_layout_bug,
wpt/css_position/sticky_position-sticky-rtl-ref,css_position,yes,wpt/css_position/sticky_position-sticky-rtl-ref,pass,0.00,,
wpt/css_position/sticky_position-sticky-stacking-context-ref,css_position,yes,wpt/css_position/sticky_position-sticky-stacking-context-ref,pass,0.00,,
wpt/css_sizing/abspos-auto-sizing-fit-content-percentage-001,css_sizing,yes,wpt/css_sizing/abspos-auto-sizing-fit-content-percentage-001,pass,0.00,,
wpt/css_sizing/abspos-auto-sizing-fit-content-percentage-002,css_sizing,yes,wpt/css_sizing/abspos-auto-sizing-fit-content-percentage-002,pass,0.00,,
wpt/css_sizing/abspos-auto-sizing-fit-content-percentage-003,css_sizing,yes,wpt/css_sizing/abspos-auto-sizing-fit-content-percentage-003,pass,0.00,,
wpt/css_sizing/abspos-auto-sizing-fit-content-percentage-004,css_sizing,yes,wpt/css_sizing/abspos-auto-sizing-fit-content-percentage-004,pass,0.00,,
wpt/css_sizing/abspos-auto-sizing-fit-content-percentage-005,css_sizing,yes,wpt/css_sizing/abspos-auto-sizing-fit-content-percentage-005,fail,2.12,sp12_layout_bug,
wpt/css_sizing/abspos-auto-sizing-fit-content-percentage-006,css_sizing,yes,wpt/css_sizing/abspos-auto-sizing-fit-content-percentage-006,pass,0.00,,
wpt/css_sizing/abspos-auto-sizing-fit-content-percentage-007,css_sizing,yes,wpt/css_sizing/abspos-auto-sizing-fit-content-percentage-007,pass,0.00,,
wpt/css_sizing/abspos-auto-sizing-fit-content-percentage-008,css_sizing,yes,wpt/css_sizing/abspos-auto-sizing-fit-content-percentage-008,pass,0.00,,
wpt/css_sizing/aspect-ratio_abspos-001,css_sizing,yes,wpt/css_sizing/aspect-ratio_abspos-001,pass,0.00,,
wpt/css_sizing/aspect-ratio_abspos-002,css_sizing,yes,wpt/css_sizing/aspect-ratio_abspos-002,pass,0.00,,
wpt/css_sizing/aspect-ratio_abspos-003,css_sizing,yes,wpt/css_sizing/aspect-ratio_abspos-003,pass,0.00,,
wpt/css_sizing/aspect-ratio_abspos-005,css_sizing,yes,wpt/css_sizing/aspect-ratio_abspos-005,pass,0.00,,
wpt/css_sizing/aspect-ratio_abspos-006,css_sizing,yes,wpt/css_sizing/aspect-ratio_abspos-006,pass,0.00,,
wpt/css_sizing/aspect-ratio_abspos-007,css_sizing,yes,wpt/css_sizing/aspect-ratio_abspos-007,pass,0.00,,
wpt/css_sizing/aspect-ratio_abspos-008,css_sizing,yes,wpt/css_sizing/aspect-ratio_abspos-008,fail,2.12,sp12_layout_bug,
wpt/css_sizing/aspect-ratio_abspos-009,css_sizing,yes,wpt/css_sizing/aspect-ratio_abspos-009,pass,0.00,,
wpt/css_sizing/aspect-ratio_abspos-010,css_sizing,yes,wpt/css_sizing/aspect-ratio_abspos-010,pass,0.00,,
wpt/css_sizing/aspect-ratio_abspos-011,css_sizing,yes,wpt/css_sizing/aspect-ratio_abspos-011,pass,0.00,,
wpt/css_sizing/aspect-ratio_abspos-012,css_sizing,yes,wpt/css_sizing/aspect-ratio_abspos-012,pass,0.00,,
wpt/css_sizing/aspect-ratio_abspos-013,css_sizing,yes,wpt/css_sizing/aspect-ratio_abspos-013,fail,1.06,sp12_layout_bug,
wpt/css_sizing/aspect-ratio_abspos-017,css_sizing,yes,wpt/css_sizing/aspect-ratio_abspos-017,pass,0.00,,
wpt/css_sizing/aspect-ratio_abspos-018,css_sizing,yes,wpt/css_sizing/aspect-ratio_abspos-018,pass,0.00,,
wpt/css_sizing/aspect-ratio_abspos-019,css_sizing,yes,wpt/css_sizing/aspect-ratio_abspos-019,pass,0.00,,
wpt/css_sizing/aspect-ratio_abspos-021,css_sizing,yes,wpt/css_sizing/aspect-ratio_abspos-021,pass,0.00,,
wpt/css_sizing/aspect-ratio_auto-margins-001,css_sizing,yes,wpt/css_sizing/aspect-ratio_auto-margins-001,pass,0.00,,
wpt/css_sizing/aspect-ratio_block-aspect-ratio-001,css_sizing,yes,wpt/css_sizing/aspect-ratio_block-aspect-ratio-001,pass,0.00,,
wpt/css_sizing/aspect-ratio_block-aspect-ratio-002,css_sizing,yes,wpt/css_sizing/aspect-ratio_block-aspect-ratio-002,pass,0.00,,
wpt/css_sizing/aspect-ratio_block-aspect-ratio-004,css_sizing,yes,wpt/css_sizing/aspect-ratio_block-aspect-ratio-004,pass,0.00,,
wpt/css_sizing/aspect-ratio_block-aspect-ratio-005,css_sizing,yes,wpt/css_sizing/aspect-ratio_block-aspect-ratio-005,pass,0.00,,
wpt/css_sizing/aspect-ratio_block-aspect-ratio-006,css_sizing,yes,wpt/css_sizing/aspect-ratio_block-aspect-ratio-006,pass,0.00,,
wpt/css_sizing/aspect-ratio_block-aspect-ratio-007,css_sizing,yes,wpt/css_sizing/aspect-ratio_block-aspect-ratio-007,pass,0.00,,
wpt/css_sizing/aspect-ratio_block-aspect-ratio-008,css_sizing,yes,wpt/css_sizing/aspect-ratio_block-aspect-ratio-008,pass,0.00,,
wpt/css_sizing/aspect-ratio_block-aspect-ratio-009,css_sizing,yes,wpt/css_sizing/aspect-ratio_block-aspect-ratio-009,pass,0.00,,
wpt/css_sizing/aspect-ratio_block-aspect-ratio-010,css_sizing,yes,wpt/css_sizing/aspect-ratio_block-aspect-ratio-010,pass,0.00,,
wpt/css_sizing/aspect-ratio_block-aspect-ratio-011,css_sizing,yes,wpt/css_sizing/aspect-ratio_block-aspect-ratio-011,fail,0.32,sp12_layout_bug,
wpt/css_sizing/aspect-ratio_block-aspect-ratio-012,css_sizing,yes,wpt/css_sizing/aspect-ratio_block-aspect-ratio-012,fail,0.59,sp12_layout_bug,
wpt/css_sizing/aspect-ratio_block-aspect-ratio-013,css_sizing,yes,wpt/css_sizing/aspect-ratio_block-aspect-ratio-013,pass,0.00,,
wpt/css_sizing/aspect-ratio_block-aspect-ratio-015,css_sizing,yes,wpt/css_sizing/aspect-ratio_block-aspect-ratio-015,pass,0.00,,
wpt/css_sizing/aspect-ratio_block-aspect-ratio-016,css_sizing,yes,wpt/css_sizing/aspect-ratio_block-aspect-ratio-016,pass,0.00,,
wpt/css_sizing/aspect-ratio_block-aspect-ratio-018,css_sizing,yes,wpt/css_sizing/aspect-ratio_block-aspect-ratio-018,pass,0.00,,
wpt/css_sizing/aspect-ratio_block-aspect-ratio-019,css_sizing,yes,wpt/css_sizing/aspect-ratio_block-aspect-ratio-019,pass,0.00,,
wpt/css_sizing/aspect-ratio_block-aspect-ratio-020,css_sizing,yes,wpt/css_sizing/aspect-ratio_block-aspect-ratio-020,pass,0.00,,
wpt/css_sizing/aspect-ratio_block-aspect-ratio-021,css_sizing,yes,wpt/css_sizing/aspect-ratio_block-aspect-ratio-021,fail,2.12,sp12_layout_bug,
wpt/css_sizing/aspect-ratio_block-aspect-ratio-022,css_sizing,yes,wpt/css_sizing/aspect-ratio_block-aspect-ratio-022,fail,4.25,sp12_layout_bug,
wpt/css_sizing/aspect-ratio_block-aspect-ratio-023,css_sizing,yes,wpt/css_sizing/aspect-ratio_block-aspect-ratio-023,pass,0.00,,
wpt/css_sizing/aspect-ratio_block-aspect-ratio-025,css_sizing,yes,wpt/css_sizing/aspect-ratio_block-aspect-ratio-025,pass,0.00,,
wpt/css_sizing/aspect-ratio_block-aspect-ratio-026,css_sizing,yes,wpt/css_sizing/aspect-ratio_block-aspect-ratio-026,fail,0.76,sp12_layout_bug,
wpt/css_sizing/aspect-ratio_block-aspect-ratio-027,css_sizing,yes,wpt/css_sizing/aspect-ratio_block-aspect-ratio-027,pass,0.00,,
wpt/css_sizing/aspect-ratio_block-aspect-ratio-029-crash,css_sizing,yes,wpt/css_sizing/aspect-ratio_block-aspect-ratio-029-crash,pass,0.00,,
wpt/css_sizing/aspect-ratio_block-aspect-ratio-030,css_sizing,yes,wpt/css_sizing/aspect-ratio_block-aspect-ratio-030,pass,0.00,,
wpt/css_sizing/aspect-ratio_block-aspect-ratio-032,css_sizing,yes,wpt/css_sizing/aspect-ratio_block-aspect-ratio-032,pass,0.00,,
wpt/css_sizing/aspect-ratio_block-aspect-ratio-033,css_sizing,yes,wpt/css_sizing/aspect-ratio_block-aspect-ratio-033,pass,0.00,,
wpt/css_sizing/aspect-ratio_block-aspect-ratio-034,css_sizing,yes,wpt/css_sizing/aspect-ratio_block-aspect-ratio-034,pass,0.00,,
wpt/css_sizing/aspect-ratio_block-aspect-ratio-035,css_sizing,yes,wpt/css_sizing/aspect-ratio_block-aspect-ratio-035,pass,0.00,,
wpt/css_sizing/aspect-ratio_block-aspect-ratio-036,css_sizing,yes,wpt/css_sizing/aspect-ratio_block-aspect-ratio-036,fail,0.64,sp12_layout_bug,
wpt/css_sizing/aspect-ratio_block-aspect-ratio-037,css_sizing,yes,wpt/css_sizing/aspect-ratio_block-aspect-ratio-037,pass,0.00,,
wpt/css_sizing/aspect-ratio_block-aspect-ratio-038,css_sizing,yes,wpt/css_sizing/aspect-ratio_block-aspect-ratio-038,fail,2.12,sp12_layout_bug,
wpt/css_sizing/aspect-ratio_block-aspect-ratio-039,css_sizing,yes,wpt/css_sizing/aspect-ratio_block-aspect-ratio-039,fail,2.12,sp12_layout_bug,
wpt/css_sizing/aspect-ratio_block-aspect-ratio-040,css_sizing,yes,wpt/css_sizing/aspect-ratio_block-aspect-ratio-040,pass,0.00,,
wpt/css_sizing/aspect-ratio_block-aspect-ratio-041,css_sizing,yes,wpt/css_sizing/aspect-ratio_block-aspect-ratio-041,pass,0.00,,
wpt/css_sizing/aspect-ratio_block-aspect-ratio-042,css_sizing,yes,wpt/css_sizing/aspect-ratio_block-aspect-ratio-042,pass,0.00,,
wpt/css_sizing/aspect-ratio_block-aspect-ratio-043,css_sizing,yes,wpt/css_sizing/aspect-ratio_block-aspect-ratio-043,pass,0.00,,
wpt/css_sizing/aspect-ratio_block-aspect-ratio-044,css_sizing,yes,wpt/css_sizing/aspect-ratio_block-aspect-ratio-044,pass,0.00,,
wpt/css_sizing/aspect-ratio_block-aspect-ratio-045,css_sizing,yes,wpt/css_sizing/aspect-ratio_block-aspect-ratio-045,pass,0.00,,
wpt/css_sizing/aspect-ratio_block-aspect-ratio-046,css_sizing,yes,wpt/css_sizing/aspect-ratio_block-aspect-ratio-046,pass,0.00,,
wpt/css_sizing/aspect-ratio_block-aspect-ratio-047,css_sizing,yes,wpt/css_sizing/aspect-ratio_block-aspect-ratio-047,pass,0.00,,
wpt/css_sizing/aspect-ratio_block-aspect-ratio-048,css_sizing,yes,wpt/css_sizing/aspect-ratio_block-aspect-ratio-048,pass,0.00,,
wpt/css_sizing/aspect-ratio_block-aspect-ratio-049,css_sizing,yes,wpt/css_sizing/aspect-ratio_block-aspect-ratio-049,pass,0.00,,
wpt/css_sizing/aspect-ratio_block-aspect-ratio-050,css_sizing,yes,wpt/css_sizing/aspect-ratio_block-aspect-ratio-050,pass,0.00,,
wpt/css_sizing/aspect-ratio_block-aspect-ratio-051-crash,css_sizing,yes,wpt/css_sizing/aspect-ratio_block-aspect-ratio-051-crash,pass,0.00,,
wpt/css_sizing/aspect-ratio_block-aspect-ratio-052,css_sizing,yes,wpt/css_sizing/aspect-ratio_block-aspect-ratio-052,pass,0.00,,
wpt/css_sizing/aspect-ratio_block-aspect-ratio-053,css_sizing,yes,wpt/css_sizing/aspect-ratio_block-aspect-ratio-053,pass,0.00,,
wpt/css_sizing/aspect-ratio_block-aspect-ratio-054,css_sizing,yes,wpt/css_sizing/aspect-ratio_block-aspect-ratio-054,pass,0.00,,
wpt/css_sizing/aspect-ratio_block-aspect-ratio-055,css_sizing,yes,wpt/css_sizing/aspect-ratio_block-aspect-ratio-055,pass,0.00,,
wpt/css_sizing/aspect-ratio_block-aspect-ratio-056,css_sizing,yes,wpt/css_sizing/aspect-ratio_block-aspect-ratio-056,pass,0.00,,
wpt/css_sizing/aspect-ratio_block-aspect-ratio-057.tentative,css_sizing,yes,wpt/css_sizing/aspect-ratio_block-aspect-ratio-057.tentative,pass,0.00,,
wpt/css_sizing/aspect-ratio_block-aspect-ratio-058,css_sizing,yes,wpt/css_sizing/aspect-ratio_block-aspect-ratio-058,pass,0.00,,
wpt/css_sizing/aspect-ratio_block-aspect-ratio-with-margin-collapsing-001,css_sizing,yes,wpt/css_sizing/aspect-ratio_block-aspect-ratio-with-margin-collapsing-001,pass,0.00,,
wpt/css_sizing/aspect-ratio_block-aspect-ratio-with-margin-collapsing-002,css_sizing,yes,wpt/css_sizing/aspect-ratio_block-aspect-ratio-with-margin-collapsing-002,fail,2.12,sp12_layout_bug,
wpt/css_sizing/aspect-ratio_flex-aspect-ratio-001,css_sizing,yes,wpt/css_sizing/aspect-ratio_flex-aspect-ratio-001,pass,0.00,,
wpt/css_sizing/aspect-ratio_flex-aspect-ratio-002,css_sizing,yes,wpt/css_sizing/aspect-ratio_flex-aspect-ratio-002,pass,0.00,,
wpt/css_sizing/aspect-ratio_flex-aspect-ratio-003,css_sizing,yes,wpt/css_sizing/aspect-ratio_flex-aspect-ratio-003,pass,0.00,,
wpt/css_sizing/aspect-ratio_flex-aspect-ratio-004,css_sizing,yes,wpt/css_sizing/aspect-ratio_flex-aspect-ratio-004,pass,0.00,,
wpt/css_sizing/aspect-ratio_flex-aspect-ratio-005,css_sizing,yes,wpt/css_sizing/aspect-ratio_flex-aspect-ratio-005,pass,0.00,,
wpt/css_sizing/aspect-ratio_flex-aspect-ratio-007,css_sizing,yes,wpt/css_sizing/aspect-ratio_flex-aspect-ratio-007,fail,2.12,sp12_layout_bug,
wpt/css_sizing/aspect-ratio_flex-aspect-ratio-008,css_sizing,yes,wpt/css_sizing/aspect-ratio_flex-aspect-ratio-008,fail,2.12,sp12_layout_bug,
wpt/css_sizing/aspect-ratio_flex-aspect-ratio-009,css_sizing,yes,wpt/css_sizing/aspect-ratio_flex-aspect-ratio-009,pass,0.00,,
wpt/css_sizing/aspect-ratio_flex-aspect-ratio-010,css_sizing,yes,wpt/css_sizing/aspect-ratio_flex-aspect-ratio-010,pass,0.00,,
wpt/css_sizing/aspect-ratio_flex-aspect-ratio-011,css_sizing,yes,wpt/css_sizing/aspect-ratio_flex-aspect-ratio-011,pass,0.00,,
wpt/css_sizing/aspect-ratio_flex-aspect-ratio-012,css_sizing,yes,wpt/css_sizing/aspect-ratio_flex-aspect-ratio-012,pass,0.00,,
wpt/css_sizing/aspect-ratio_flex-aspect-ratio-013,css_sizing,yes,wpt/css_sizing/aspect-ratio_flex-aspect-ratio-013,pass,0.00,,
wpt/css_sizing/aspect-ratio_flex-aspect-ratio-014,css_sizing,yes,wpt/css_sizing/aspect-ratio_flex-aspect-ratio-014,pass,0.00,,
wpt/css_sizing/aspect-ratio_flex-aspect-ratio-019,css_sizing,yes,wpt/css_sizing/aspect-ratio_flex-aspect-ratio-019,pass,0.00,,
wpt/css_sizing/aspect-ratio_flex-aspect-ratio-020,css_sizing,yes,wpt/css_sizing/aspect-ratio_flex-aspect-ratio-020,pass,0.00,,
wpt/css_sizing/aspect-ratio_flex-aspect-ratio-021,css_sizing,yes,wpt/css_sizing/aspect-ratio_flex-aspect-ratio-021,fail,1.70,sp12_layout_bug,
wpt/css_sizing/aspect-ratio_flex-aspect-ratio-022,css_sizing,yes,wpt/css_sizing/aspect-ratio_flex-aspect-ratio-022,fail,1.70,sp12_layout_bug,
wpt/css_sizing/aspect-ratio_flex-aspect-ratio-025,css_sizing,yes,wpt/css_sizing/aspect-ratio_flex-aspect-ratio-025,fail,6.40,sp12_layout_bug,
wpt/css_sizing/aspect-ratio_flex-aspect-ratio-026,css_sizing,yes,wpt/css_sizing/aspect-ratio_flex-aspect-ratio-026,fail,6.63,sp12_layout_bug,
wpt/css_sizing/aspect-ratio_flex-aspect-ratio-031,css_sizing,yes,wpt/css_sizing/aspect-ratio_flex-aspect-ratio-031,pass,0.00,,
wpt/css_sizing/aspect-ratio_flex-aspect-ratio-032,css_sizing,yes,wpt/css_sizing/aspect-ratio_flex-aspect-ratio-032,pass,0.00,,
wpt/css_sizing/aspect-ratio_flex-aspect-ratio-033,css_sizing,yes,wpt/css_sizing/aspect-ratio_flex-aspect-ratio-033,pass,0.00,,
wpt/css_sizing/aspect-ratio_flex-aspect-ratio-034,css_sizing,yes,wpt/css_sizing/aspect-ratio_flex-aspect-ratio-034,pass,0.00,,
wpt/css_sizing/aspect-ratio_flex-aspect-ratio-035,css_sizing,yes,wpt/css_sizing/aspect-ratio_flex-aspect-ratio-035,pass,0.00,,
wpt/css_sizing/aspect-ratio_flex-aspect-ratio-036,css_sizing,yes,wpt/css_sizing/aspect-ratio_flex-aspect-ratio-036,pass,0.00,,
wpt/css_sizing/aspect-ratio_flex-aspect-ratio-037,css_sizing,yes,wpt/css_sizing/aspect-ratio_flex-aspect-ratio-037,pass,0.00,,
wpt/css_sizing/aspect-ratio_flex-aspect-ratio-038,css_sizing,yes,wpt/css_sizing/aspect-ratio_flex-aspect-ratio-038,pass,0.00,,
wpt/css_sizing/aspect-ratio_flex-aspect-ratio-039,css_sizing,yes,wpt/css_sizing/aspect-ratio_flex-aspect-ratio-039,fail,1.06,sp12_layout_bug,
wpt/css_sizing/aspect-ratio_flex-aspect-ratio-040,css_sizing,yes,wpt/css_sizing/aspect-ratio_flex-aspect-ratio-040,pass,0.00,,
wpt/css_sizing/aspect-ratio_flex-aspect-ratio-041,css_sizing,yes,wpt/css_sizing/aspect-ratio_flex-aspect-ratio-041,pass,0.00,,
wpt/css_sizing/aspect-ratio_flex-aspect-ratio-043,css_sizing,yes,wpt/css_sizing/aspect-ratio_flex-aspect-ratio-043,pass,0.00,,
wpt/css_sizing/aspect-ratio_flex-aspect-ratio-044,css_sizing,yes,wpt/css_sizing/aspect-ratio_flex-aspect-ratio-044,pass,0.00,,
wpt/css_sizing/aspect-ratio_flex-aspect-ratio-045,css_sizing,yes,wpt/css_sizing/aspect-ratio_flex-aspect-ratio-045,pass,0.00,,
wpt/css_sizing/aspect-ratio_flex-aspect-ratio-046,css_sizing,yes,wpt/css_sizing/aspect-ratio_flex-aspect-ratio-046,pass,0.00,,
wpt/css_sizing/aspect-ratio_flex-aspect-ratio-047,css_sizing,yes,wpt/css_sizing/aspect-ratio_flex-aspect-ratio-047,pass,0.00,,
wpt/css_sizing/aspect-ratio_flex-aspect-ratio-048,css_sizing,yes,wpt/css_sizing/aspect-ratio_flex-aspect-ratio-048,pass,0.00,,
wpt/css_sizing/aspect-ratio_flex-aspect-ratio-049,css_sizing,yes,wpt/css_sizing/aspect-ratio_flex-aspect-ratio-049,fail,1.06,sp12_layout_bug,
wpt/css_sizing/aspect-ratio_flex-aspect-ratio-050,css_sizing,yes,wpt/css_sizing/aspect-ratio_flex-aspect-ratio-050,fail,1.06,sp12_layout_bug,
wpt/css_sizing/aspect-ratio_flex-aspect-ratio-051,css_sizing,yes,wpt/css_sizing/aspect-ratio_flex-aspect-ratio-051,fail,1.06,sp12_layout_bug,
wpt/css_sizing/aspect-ratio_flex-aspect-ratio-052,css_sizing,yes,wpt/css_sizing/aspect-ratio_flex-aspect-ratio-052,fail,1.06,sp12_layout_bug,
wpt/css_sizing/aspect-ratio_flex-aspect-ratio-053,css_sizing,yes,wpt/css_sizing/aspect-ratio_flex-aspect-ratio-053,fail,2.12,sp12_layout_bug,
wpt/css_sizing/aspect-ratio_flex-aspect-ratio-054,css_sizing,yes,wpt/css_sizing/aspect-ratio_flex-aspect-ratio-054,fail,2.12,sp12_layout_bug,
wpt/css_sizing/aspect-ratio_floats-aspect-ratio-001,css_sizing,yes,wpt/css_sizing/aspect-ratio_floats-aspect-ratio-001,fail,2.46,sp12_layout_bug,
wpt/css_sizing/aspect-ratio_floats-aspect-ratio-001-ref,css_sizing,yes,wpt/css_sizing/aspect-ratio_floats-aspect-ratio-001-ref,fail,0.68,sp12_layout_bug,
wpt/css_sizing/aspect-ratio_intrinsic-size-001,css_sizing,yes,wpt/css_sizing/aspect-ratio_intrinsic-size-001,pass,0.00,,
wpt/css_sizing/aspect-ratio_intrinsic-size-002,css_sizing,yes,wpt/css_sizing/aspect-ratio_intrinsic-size-002,pass,0.00,,
wpt/css_sizing/aspect-ratio_intrinsic-size-003,css_sizing,yes,wpt/css_sizing/aspect-ratio_intrinsic-size-003,pass,0.00,,
wpt/css_sizing/aspect-ratio_intrinsic-size-004,css_sizing,yes,wpt/css_sizing/aspect-ratio_intrinsic-size-004,pass,0.00,,
wpt/css_sizing/aspect-ratio_intrinsic-size-006,css_sizing,yes,wpt/css_sizing/aspect-ratio_intrinsic-size-006,fail,2.12,sp12_layout_bug,
wpt/css_sizing/aspect-ratio_intrinsic-size-007,css_sizing,yes,wpt/css_sizing/aspect-ratio_intrinsic-size-007,pass,0.00,,
wpt/css_sizing/aspect-ratio_intrinsic-size-010,css_sizing,yes,wpt/css_sizing/aspect-ratio_intrinsic-size-010,fail,0.48,sp12_layout_bug,
wpt/css_sizing/aspect-ratio_intrinsic-size-011,css_sizing,yes,wpt/css_sizing/aspect-ratio_intrinsic-size-011,pass,0.00,,
wpt/css_sizing/aspect-ratio_intrinsic-size-012,css_sizing,yes,wpt/css_sizing/aspect-ratio_intrinsic-size-012,fail,0.96,sp12_layout_bug,
wpt/css_sizing/aspect-ratio_intrinsic-size-013,css_sizing,yes,wpt/css_sizing/aspect-ratio_intrinsic-size-013,fail,1.17,sp12_layout_bug,
wpt/css_sizing/aspect-ratio_intrinsic-size-014,css_sizing,yes,wpt/css_sizing/aspect-ratio_intrinsic-size-014,pass,0.00,,
wpt/css_sizing/aspect-ratio_intrinsic-size-015,css_sizing,yes,wpt/css_sizing/aspect-ratio_intrinsic-size-015,pass,0.00,,
wpt/css_sizing/aspect-ratio_intrinsic-size-016,css_sizing,yes,wpt/css_sizing/aspect-ratio_intrinsic-size-016,pass,0.00,,
wpt/css_sizing/aspect-ratio_percentage-resolution-001,css_sizing,yes,wpt/css_sizing/aspect-ratio_percentage-resolution-001,pass,0.00,,
wpt/css_sizing/aspect-ratio_percentage-resolution-004,css_sizing,yes,wpt/css_sizing/aspect-ratio_percentage-resolution-004,pass,0.00,,
wpt/css_sizing/aspect-ratio_percentage-resolution-005,css_sizing,yes,wpt/css_sizing/aspect-ratio_percentage-resolution-005,pass,0.00,,
wpt/css_sizing/aspect-ratio_small-aspect-ratio-crash,css_sizing,yes,wpt/css_sizing/aspect-ratio_small-aspect-ratio-crash,pass,0.00,,
wpt/css_sizing/aspect-ratio_zero-or-infinity-001,css_sizing,yes,wpt/css_sizing/aspect-ratio_zero-or-infinity-001,pass,0.00,,
wpt/css_sizing/aspect-ratio_zero-or-infinity-002,css_sizing,yes,wpt/css_sizing/aspect-ratio_zero-or-infinity-002,pass,0.00,,
wpt/css_sizing/aspect-ratio_zero-or-infinity-003,css_sizing,yes,wpt/css_sizing/aspect-ratio_zero-or-infinity-003,pass,0.00,,
wpt/css_sizing/aspect-ratio_zero-or-infinity-004,css_sizing,yes,wpt/css_sizing/aspect-ratio_zero-or-infinity-004,pass,0.00,,
wpt/css_sizing/aspect-ratio_zero-or-infinity-005,css_sizing,yes,wpt/css_sizing/aspect-ratio_zero-or-infinity-005,pass,0.00,,
wpt/css_sizing/auto-scrollbar-inside-stf-abspos,css_sizing,yes,wpt/css_sizing/auto-scrollbar-inside-stf-abspos,pass,0.00,,
wpt/css_sizing/auto-scrollbar-inside-stf-abspos-ref,css_sizing,yes,wpt/css_sizing/auto-scrollbar-inside-stf-abspos-ref,fail,0.25,sp12_layout_bug,
wpt/css_sizing/block-size-with-min-or-max-content-2,css_sizing,yes,wpt/css_sizing/block-size-with-min-or-max-content-2,pass,0.00,,
wpt/css_sizing/block-size-with-min-or-max-content-3,css_sizing,yes,wpt/css_sizing/block-size-with-min-or-max-content-3,pass,0.00,,
wpt/css_sizing/block-size-with-min-or-max-content-6,css_sizing,yes,wpt/css_sizing/block-size-with-min-or-max-content-6,pass,0.00,,
wpt/css_sizing/block-size-with-min-or-max-content-7,css_sizing,yes,wpt/css_sizing/block-size-with-min-or-max-content-7,pass,0.00,,
wpt/css_sizing/border-box-and-max-content-001,css_sizing,yes,wpt/css_sizing/border-box-and-max-content-001,fail,0.38,sp12_layout_bug,
wpt/css_sizing/border-box-and-max-content-001-ref,css_sizing,yes,wpt/css_sizing/border-box-and-max-content-001-ref,pass,0.00,,
wpt/css_sizing/border-box-and-max-content-002,css_sizing,yes,wpt/css_sizing/border-box-and-max-content-002,fail,48.45,sp12_layout_bug,
wpt/css_sizing/border-box-and-max-content-002-ref,css_sizing,yes,wpt/css_sizing/border-box-and-max-content-002-ref,fail,0.96,sp12_layout_bug,
wpt/css_sizing/border-box-and-max-content-003,css_sizing,yes,wpt/css_sizing/border-box-and-max-content-003,pass,0.00,,
wpt/css_sizing/border-box-and-max-content-003-ref,css_sizing,yes,wpt/css_sizing/border-box-and-max-content-003-ref,pass,0.00,,
wpt/css_sizing/box-sizing-border-box-001,css_sizing,yes,wpt/css_sizing/box-sizing-border-box-001,pass,0.00,,
wpt/css_sizing/box-sizing-border-box-001-ref,css_sizing,yes,wpt/css_sizing/box-sizing-border-box-001-ref,pass,0.00,,
wpt/css_sizing/box-sizing-border-box-002,css_sizing,yes,wpt/css_sizing/box-sizing-border-box-002,pass,0.00,,
wpt/css_sizing/box-sizing-border-box-002-ref,css_sizing,yes,wpt/css_sizing/box-sizing-border-box-002-ref,pass,0.00,,
wpt/css_sizing/box-sizing-border-box-003,css_sizing,yes,wpt/css_sizing/box-sizing-border-box-003,pass,0.00,,
wpt/css_sizing/box-sizing-border-box-003-ref,css_sizing,yes,wpt/css_sizing/box-sizing-border-box-003-ref,pass,0.00,,
wpt/css_sizing/box-sizing-border-box-004,css_sizing,yes,wpt/css_sizing/box-sizing-border-box-004,pass,0.00,,
wpt/css_sizing/box-sizing-border-box-004-ref,css_sizing,yes,wpt/css_sizing/box-sizing-border-box-004-ref,pass,0.00,,
wpt/css_sizing/box-sizing-content-box-001,css_sizing,yes,wpt/css_sizing/box-sizing-content-box-001,pass,0.00,,
wpt/css_sizing/box-sizing-content-box-001-ref,css_sizing,yes,wpt/css_sizing/box-sizing-content-box-001-ref,pass,0.00,,
wpt/css_sizing/box-sizing-content-box-002,css_sizing,yes,wpt/css_sizing/box-sizing-content-box-002,pass,0.00,,
wpt/css_sizing/box-sizing-content-box-002-ref,css_sizing,yes,wpt/css_sizing/box-sizing-content-box-002-ref,pass,0.00,,
wpt/css_sizing/box-sizing-content-box-003,css_sizing,yes,wpt/css_sizing/box-sizing-content-box-003,pass,0.00,,
wpt/css_sizing/box-sizing-content-box-003-ref,css_sizing,yes,wpt/css_sizing/box-sizing-content-box-003-ref,pass,0.00,,
wpt/css_sizing/calc-margins-block,css_sizing,yes,wpt/css_sizing/calc-margins-block,pass,0.00,,
wpt/css_sizing/calc-margins-flex,css_sizing,yes,wpt/css_sizing/calc-margins-flex,pass,0.00,,
wpt/css_sizing/clone-intrinsic-size,css_sizing,yes,wpt/css_sizing/clone-intrinsic-size,fail,6.73,"needs_text,needs_font_metrics",SP11/SP13: Text Rendering; SP11: Font Metrics
wpt/css_sizing/clone-intrinsic-size-ref,css_sizing,yes,wpt/css_sizing/clone-intrinsic-size-ref,fail,6.43,"needs_text,needs_font_metrics",SP11/SP13: Text Rendering; SP11: Font Metrics
wpt/css_sizing/clone-nowrap-intrinsic-size,css_sizing,yes,wpt/css_sizing/clone-nowrap-intrinsic-size,fail,6.73,"needs_text,needs_font_metrics",SP11/SP13: Text Rendering; SP11: Font Metrics
wpt/css_sizing/clone-nowrap-intrinsic-size-bidi,css_sizing,yes,wpt/css_sizing/clone-nowrap-intrinsic-size-bidi,fail,6.73,"needs_text,needs_font_metrics",SP11/SP13: Text Rendering; SP11: Font Metrics
wpt/css_sizing/clone-nowrap-intrinsic-size-bidi-ref,css_sizing,yes,wpt/css_sizing/clone-nowrap-intrinsic-size-bidi-ref,fail,6.73,"needs_text,needs_font_metrics",SP11/SP13: Text Rendering; SP11: Font Metrics
wpt/css_sizing/clone-nowrap-intrinsic-size-ref,css_sizing,yes,wpt/css_sizing/clone-nowrap-intrinsic-size-ref,fail,6.73,"needs_text,needs_font_metrics",SP11/SP13: Text Rendering; SP11: Font Metrics
wpt/css_sizing/contain-intrinsic-size_contain-intrinsic-size-001-ref,css_sizing,yes,wpt/css_sizing/contain-intrinsic-size_contain-intrinsic-size-001-ref,pass,0.00,,
wpt/css_sizing/contain-intrinsic-size_contain-intrinsic-size-002-ref,css_sizing,yes,wpt/css_sizing/contain-intrinsic-size_contain-intrinsic-size-002-ref,pass,0.00,,
wpt/css_sizing/contain-intrinsic-size_contain-intrinsic-size-003-ref,css_sizing,yes,wpt/css_sizing/contain-intrinsic-size_contain-intrinsic-size-003-ref,pass,0.00,,
wpt/css_sizing/contain-intrinsic-size_contain-intrinsic-size-004-ref,css_sizing,yes,wpt/css_sizing/contain-intrinsic-size_contain-intrinsic-size-004-ref,pass,0.00,,
wpt/css_sizing/contain-intrinsic-size_contain-intrinsic-size-005-ref,css_sizing,yes,wpt/css_sizing/contain-intrinsic-size_contain-intrinsic-size-005-ref,pass,0.00,,
wpt/css_sizing/contain-intrinsic-size_contain-intrinsic-size-007-ref,css_sizing,yes,wpt/css_sizing/contain-intrinsic-size_contain-intrinsic-size-007-ref,fail,0.00,sp12_layout_bug,
wpt/css_sizing/contain-intrinsic-size_contain-intrinsic-size-010-ref,css_sizing,yes,wpt/css_sizing/contain-intrinsic-size_contain-intrinsic-size-010-ref,pass,0.00,,
wpt/css_sizing/contain-intrinsic-size_contain-intrinsic-size-011-ref,css_sizing,yes,wpt/css_sizing/contain-intrinsic-size_contain-intrinsic-size-011-ref,pass,0.00,,
wpt/css_sizing/contain-intrinsic-size_contain-intrinsic-size-013-ref,css_sizing,yes,wpt/css_sizing/contain-intrinsic-size_contain-intrinsic-size-013-ref,pass,0.00,,
wpt/css_sizing/contain-intrinsic-size_contain-intrinsic-size-015-ref,css_sizing,yes,wpt/css_sizing/contain-intrinsic-size_contain-intrinsic-size-015-ref,pass,0.00,,
wpt/css_sizing/contain-intrinsic-size_contain-intrinsic-size-016-ref,css_sizing,yes,wpt/css_sizing/contain-intrinsic-size_contain-intrinsic-size-016-ref,pass,0.00,,
wpt/css_sizing/contain-intrinsic-size_contain-intrinsic-size-018-ref,css_sizing,yes,wpt/css_sizing/contain-intrinsic-size_contain-intrinsic-size-018-ref,pass,0.00,,
wpt/css_sizing/contain-intrinsic-size_contain-intrinsic-size-019-ref,css_sizing,yes,wpt/css_sizing/contain-intrinsic-size_contain-intrinsic-size-019-ref,pass,0.00,,
wpt/css_sizing/contain-intrinsic-size_contain-intrinsic-size-021-ref,css_sizing,yes,wpt/css_sizing/contain-intrinsic-size_contain-intrinsic-size-021-ref,pass,0.00,,
wpt/css_sizing/div-auto-margin-bottom-ref,css_sizing,yes,wpt/css_sizing/div-auto-margin-bottom-ref,fail,2.22,sp12_layout_bug,
wpt/css_sizing/div-auto-margin-ref,css_sizing,yes,wpt/css_sizing/div-auto-margin-ref,fail,2.22,sp12_layout_bug,
wpt/css_sizing/div-auto-margin-top-ref,css_sizing,yes,wpt/css_sizing/div-auto-margin-top-ref,fail,2.22,sp12_layout_bug,
wpt/css_sizing/div-block-size-ref,css_sizing,yes,wpt/css_sizing/div-block-size-ref,pass,0.00,,
wpt/css_sizing/div-fit-content-auto-margin-bottom.tentative,css_sizing,yes,wpt/css_sizing/div-fit-content-auto-margin-bottom.tentative,fail,2.22,sp12_layout_bug,
wpt/css_sizing/div-fit-content-auto-margin-top.tentative,css_sizing,yes,wpt/css_sizing/div-fit-content-auto-margin-top.tentative,fail,2.22,sp12_layout_bug,
wpt/css_sizing/div-fit-content-auto-margin.tentative,css_sizing,yes,wpt/css_sizing/div-fit-content-auto-margin.tentative,fail,2.22,sp12_layout_bug,
wpt/css_sizing/div-fit-content-block-size.tentative,css_sizing,yes,wpt/css_sizing/div-fit-content-block-size.tentative,pass,0.00,,
wpt/css_sizing/div-max-content-auto-margin-bottom.tentative,css_sizing,yes,wpt/css_sizing/div-max-content-auto-margin-bottom.tentative,fail,2.22,sp12_layout_bug,
wpt/css_sizing/div-max-content-auto-margin-top.tentative,css_sizing,yes,wpt/css_sizing/div-max-content-auto-margin-top.tentative,fail,2.22,sp12_layout_bug,
wpt/css_sizing/div-max-content-auto-margin.tentative,css_sizing,yes,wpt/css_sizing/div-max-content-auto-margin.tentative,fail,2.22,sp12_layout_bug,
wpt/css_sizing/div-max-content-block-size.tentative,css_sizing,yes,wpt/css_sizing/div-max-content-block-size.tentative,pass,0.00,,
wpt/css_sizing/div-min-content-auto-margin-bottom.tentative,css_sizing,yes,wpt/css_sizing/div-min-content-auto-margin-bottom.tentative,fail,2.22,sp12_layout_bug,
wpt/css_sizing/div-min-content-auto-margin-top.tentative,css_sizing,yes,wpt/css_sizing/div-min-content-auto-margin-top.tentative,fail,2.22,sp12_layout_bug,
wpt/css_sizing/div-min-content-auto-margin.tentative,css_sizing,yes,wpt/css_sizing/div-min-content-auto-margin.tentative,fail,2.22,sp12_layout_bug,
wpt/css_sizing/div-min-content-block-size.tentative,css_sizing,yes,wpt/css_sizing/div-min-content-block-size.tentative,pass,0.00,,
wpt/css_sizing/div-top-and-non-auto-margin-ref,css_sizing,yes,wpt/css_sizing/div-top-and-non-auto-margin-ref,fail,4.28,sp12_layout_bug,
wpt/css_sizing/div-top-and-non-auto-margin.tentative,css_sizing,yes,wpt/css_sizing/div-top-and-non-auto-margin.tentative,fail,4.28,sp12_layout_bug,
wpt/css_sizing/dynamic-change-inline-size-003-ref,css_sizing,yes,wpt/css_sizing/dynamic-change-inline-size-003-ref,pass,0.00,,
wpt/css_sizing/fit-content-block-size-abspos,css_sizing,yes,wpt/css_sizing/fit-content-block-size-abspos,fail,2.64,sp12_layout_bug,
wpt/css_sizing/fit-content-block-size-fixedpos,css_sizing,yes,wpt/css_sizing/fit-content-block-size-fixedpos,fail,2.64,sp12_layout_bug,
wpt/css_sizing/fit-content-block-size-fixedpos-ref,css_sizing,yes,wpt/css_sizing/fit-content-block-size-fixedpos-ref,fail,2.64,sp12_layout_bug,
wpt/css_sizing/fit-content-contribution-001,css_sizing,yes,wpt/css_sizing/fit-content-contribution-001,pass,0.00,,
wpt/css_sizing/fit-content-length-percentage-004,css_sizing,yes,wpt/css_sizing/fit-content-length-percentage-004,pass,0.00,,
wpt/css_sizing/fit-content-length-percentage-005,css_sizing,yes,wpt/css_sizing/fit-content-length-percentage-005,pass,0.00,,
wpt/css_sizing/fit-content-length-percentage-006,css_sizing,yes,wpt/css_sizing/fit-content-length-percentage-006,pass,0.00,,
wpt/css_sizing/fit-content-length-percentage-008,css_sizing,yes,wpt/css_sizing/fit-content-length-percentage-008,pass,0.00,,
wpt/css_sizing/fit-content-length-percentage-010,css_sizing,yes,wpt/css_sizing/fit-content-length-percentage-010,pass,0.00,,
wpt/css_sizing/fit-content-length-percentage-011,css_sizing,yes,wpt/css_sizing/fit-content-length-percentage-011,pass,0.00,,
wpt/css_sizing/fit-content-length-percentage-012,css_sizing,yes,wpt/css_sizing/fit-content-length-percentage-012,pass,0.00,,
wpt/css_sizing/fit-content-length-percentage-013,css_sizing,yes,wpt/css_sizing/fit-content-length-percentage-013,pass,0.00,,
wpt/css_sizing/fit-content-length-percentage-014,css_sizing,yes,wpt/css_sizing/fit-content-length-percentage-014,pass,0.00,,
wpt/css_sizing/fit-content-length-percentage-015,css_sizing,yes,wpt/css_sizing/fit-content-length-percentage-015,pass,0.00,,
wpt/css_sizing/fit-content-length-percentage-016,css_sizing,yes,wpt/css_sizing/fit-content-length-percentage-016,pass,0.00,,
wpt/css_sizing/fit-content-max-inline-size.tentative,css_sizing,yes,wpt/css_sizing/fit-content-max-inline-size.tentative,fail,2.12,needs_text,SP11/SP13: Text Rendering
wpt/css_sizing/fit-content-min-inline-size,css_sizing,yes,wpt/css_sizing/fit-content-min-inline-size,fail,1.91,needs_text,SP11/SP13: Text Rendering
wpt/css_sizing/float-clearance-with-margin-collapse-and-fit-content-and-padding-percentage-001,css_sizing,yes,wpt/css_sizing/float-clearance-with-margin-collapse-and-fit-content-and-padding-percentage-001,pass,0.00,,
wpt/css_sizing/float-clearance-with-margin-collapse-and-fit-content-and-padding-percentage-002,css_sizing,yes,wpt/css_sizing/float-clearance-with-margin-collapse-and-fit-content-and-padding-percentage-002,pass,0.00,,
wpt/css_sizing/float-clearance-with-margin-collapse-and-fit-content-and-padding-percentage-003,css_sizing,yes,wpt/css_sizing/float-clearance-with-margin-collapse-and-fit-content-and-padding-percentage-003,pass,0.00,,
wpt/css_sizing/float-clearance-with-margin-collapse-and-fit-content-and-padding-percentage-004,css_sizing,yes,wpt/css_sizing/float-clearance-with-margin-collapse-and-fit-content-and-padding-percentage-004,pass,0.00,,
wpt/css_sizing/hori-block-size-small-or-larger-than-container-with-min-or-max-content-1,css_sizing,yes,wpt/css_sizing/hori-block-size-small-or-larger-than-container-with-min-or-max-content-1,fail,0.13,needs_text,SP11/SP13: Text Rendering
wpt/css_sizing/hori-block-size-small-or-larger-than-container-with-min-or-max-content-1-ref,css_sizing,yes,wpt/css_sizing/hori-block-size-small-or-larger-than-container-with-min-or-max-content-1-ref,fail,0.15,needs_text,SP11/SP13: Text Rendering
wpt/css_sizing/hori-block-size-small-or-larger-than-container-with-min-or-max-content-2-ref,css_sizing,yes,wpt/css_sizing/hori-block-size-small-or-larger-than-container-with-min-or-max-content-2-ref,fail,0.91,needs_text,SP11/SP13: Text Rendering
wpt/css_sizing/hori-block-size-small-or-larger-than-container-with-min-or-max-content-2a,css_sizing,yes,wpt/css_sizing/hori-block-size-small-or-larger-than-container-with-min-or-max-content-2a,fail,0.91,needs_text,SP11/SP13: Text Rendering
wpt/css_sizing/hori-block-size-small-or-larger-than-container-with-min-or-max-content-2b,css_sizing,yes,wpt/css_sizing/hori-block-size-small-or-larger-than-container-with-min-or-max-content-2b,fail,0.91,needs_text,SP11/SP13: Text Rendering
wpt/css_sizing/inline-intrinsic-size-calc,css_sizing,yes,wpt/css_sizing/inline-intrinsic-size-calc,pass,0.00,,
wpt/css_sizing/inline-intrinsic-size-calc-ref,css_sizing,yes,wpt/css_sizing/inline-intrinsic-size-calc-ref,pass,0.00,,
wpt/css_sizing/intrinsic-percent-non-replaced-001,css_sizing,yes,wpt/css_sizing/intrinsic-percent-non-replaced-001,pass,0.00,,
wpt/css_sizing/intrinsic-percent-non-replaced-001-ref,css_sizing,yes,wpt/css_sizing/intrinsic-percent-non-replaced-001-ref,pass,0.00,,
wpt/css_sizing/intrinsic-percent-non-replaced-002,css_sizing,yes,wpt/css_sizing/intrinsic-percent-non-replaced-002,pass,0.00,,
wpt/css_sizing/intrinsic-percent-non-replaced-002-ref,css_sizing,yes,wpt/css_sizing/intrinsic-percent-non-replaced-002-ref,pass,0.00,,
wpt/css_sizing/intrinsic-percent-non-replaced-003,css_sizing,yes,wpt/css_sizing/intrinsic-percent-non-replaced-003,pass,0.00,,
wpt/css_sizing/intrinsic-ratio-replaced-box-sizing-ref,css_sizing,yes,wpt/css_sizing/intrinsic-ratio-replaced-box-sizing-ref,fail,7.67,needs_text,SP11/SP13: Text Rendering
wpt/css_sizing/intrinsic-size-min-content-box-sizing,css_sizing,yes,wpt/css_sizing/intrinsic-size-min-content-box-sizing,fail,0.54,sp12_layout_bug,
wpt/css_sizing/intrinsic-size-min-content-box-sizing-ref,css_sizing,yes,wpt/css_sizing/intrinsic-size-min-content-box-sizing-ref,fail,0.46,sp12_layout_bug,
wpt/css_sizing/margin-collapse-with-indefinite-block-size-001,css_sizing,yes,wpt/css_sizing/margin-collapse-with-indefinite-block-size-001,pass,0.00,,
wpt/css_sizing/margin-collapse-with-indefinite-block-size-002,css_sizing,yes,wpt/css_sizing/margin-collapse-with-indefinite-block-size-002,pass,0.00,,
wpt/css_sizing/margin-collapse-with-indefinite-block-size-003,css_sizing,yes,wpt/css_sizing/margin-collapse-with-indefinite-block-size-003,pass,0.00,,
wpt/css_sizing/margin-collapse-with-indefinite-block-size-004,css_sizing,yes,wpt/css_sizing/margin-collapse-with-indefinite-block-size-004,pass,0.00,,
wpt/css_sizing/margin-collapse-with-indefinite-block-size-005,css_sizing,yes,wpt/css_sizing/margin-collapse-with-indefinite-block-size-005,fail,10.19,sp12_layout_bug,
wpt/css_sizing/min-content-le-max-content.tentative,css_sizing,yes,wpt/css_sizing/min-content-le-max-content.tentative,fail,1.06,needs_text,SP11/SP13: Text Rendering
wpt/css_sizing/min-content-min-width-000,css_sizing,yes,wpt/css_sizing/min-content-min-width-000,pass,0.00,,
wpt/css_sizing/min-content-negative-margin-crash,css_sizing,yes,wpt/css_sizing/min-content-negative-margin-crash,fail,2.80,sp12_layout_bug,
wpt/css_sizing/percentage-width-subpixels.tentative,css_sizing,yes,wpt/css_sizing/percentage-width-subpixels.tentative,fail,12.17,sp12_layout_bug,
wpt/css_sizing/percentage-width-subpixels.tentative-ref,css_sizing,yes,wpt/css_sizing/percentage-width-subpixels.tentative-ref,fail,12.17,sp12_layout_bug,
wpt/css_sizing/responsive-iframe_resources_iframe-contents,css_sizing,yes,wpt/css_sizing/responsive-iframe_resources_iframe-contents,pass,0.00,,
wpt/css_sizing/responsive-iframe_resources_iframe-contents-unsized,css_sizing,yes,wpt/css_sizing/responsive-iframe_resources_iframe-contents-unsized,pass,0.00,,
wpt/css_sizing/responsive-iframe_responsive-iframe-ref,css_sizing,yes,wpt/css_sizing/responsive-iframe_responsive-iframe-ref,pass,0.00,,
wpt/css_sizing/responsive-iframe_responsive-iframe-unsized-ref,css_sizing,yes,wpt/css_sizing/responsive-iframe_responsive-iframe-unsized-ref,pass,0.00,,
wpt/css_sizing/shrink-to-fit-sizing-max-width-min-content,css_sizing,yes,wpt/css_sizing/shrink-to-fit-sizing-max-width-min-content,pass,0.00,,
wpt/css_sizing/slice-intrinsic-size,css_sizing,yes,wpt/css_sizing/slice-intrinsic-size,fail,6.73,"needs_text,needs_font_metrics",SP11/SP13: Text Rendering; SP11: Font Metrics
wpt/css_sizing/slice-intrinsic-size-ref,css_sizing,yes,wpt/css_sizing/slice-intrinsic-size-ref,fail,6.43,"needs_text,needs_font_metrics",SP11/SP13: Text Rendering; SP11: Font Metrics
wpt/css_sizing/slice-nowrap-intrinsic-size,css_sizing,yes,wpt/css_sizing/slice-nowrap-intrinsic-size,fail,6.73,"needs_text,needs_font_metrics",SP11/SP13: Text Rendering; SP11: Font Metrics
wpt/css_sizing/slice-nowrap-intrinsic-size-bidi,css_sizing,yes,wpt/css_sizing/slice-nowrap-intrinsic-size-bidi,fail,6.73,"needs_text,needs_font_metrics",SP11/SP13: Text Rendering; SP11: Font Metrics
wpt/css_sizing/slice-nowrap-intrinsic-size-bidi-ref,css_sizing,yes,wpt/css_sizing/slice-nowrap-intrinsic-size-bidi-ref,fail,6.73,"needs_text,needs_font_metrics",SP11/SP13: Text Rendering; SP11: Font Metrics
wpt/css_sizing/slice-nowrap-intrinsic-size-ref,css_sizing,yes,wpt/css_sizing/slice-nowrap-intrinsic-size-ref,fail,6.73,"needs_text,needs_font_metrics",SP11/SP13: Text Rendering; SP11: Font Metrics
wpt/css_sizing/stretch_abspos-1,css_sizing,yes,wpt/css_sizing/stretch_abspos-1,pass,0.00,,
wpt/css_sizing/stretch_abspos-2,css_sizing,yes,wpt/css_sizing/stretch_abspos-2,pass,0.00,,
wpt/css_sizing/stretch_bfc-next-to-float-1,css_sizing,yes,wpt/css_sizing/stretch_bfc-next-to-float-1,fail,4.67,sp12_layout_bug,
wpt/css_sizing/stretch_bfc-next-to-float-2,css_sizing,yes,wpt/css_sizing/stretch_bfc-next-to-float-2,fail,2.44,sp12_layout_bug,
wpt/css_sizing/stretch_block-height-003,css_sizing,yes,wpt/css_sizing/stretch_block-height-003,fail,0.47,sp12_layout_bug,
wpt/css_sizing/stretch_block-height-003-ref,css_sizing,yes,wpt/css_sizing/stretch_block-height-003-ref,fail,0.37,sp12_layout_bug,
wpt/css_sizing/stretch_block-height-006,css_sizing,yes,wpt/css_sizing/stretch_block-height-006,fail,9.55,sp12_layout_bug,
wpt/css_sizing/stretch_block-height-009,css_sizing,yes,wpt/css_sizing/stretch_block-height-009,fail,9.55,sp12_layout_bug,
wpt/css_sizing/stretch_block-height-010,css_sizing,yes,wpt/css_sizing/stretch_block-height-010,fail,8.49,sp12_layout_bug,
wpt/css_sizing/stretch_cache-miss-002,css_sizing,yes,wpt/css_sizing/stretch_cache-miss-002,fail,2.12,sp12_layout_bug,
wpt/css_sizing/stretch_flexbox-stretch-minimum-001,css_sizing,yes,wpt/css_sizing/stretch_flexbox-stretch-minimum-001,pass,0.00,,
wpt/css_sizing/stretch_flexbox-stretch-minimum-002,css_sizing,yes,wpt/css_sizing/stretch_flexbox-stretch-minimum-002,pass,0.00,,
wpt/css_sizing/stretch_min-width-1,css_sizing,yes,wpt/css_sizing/stretch_min-width-1,pass,0.00,,
wpt/css_sizing/stretch_positioned-non-replaced-1,css_sizing,yes,wpt/css_sizing/stretch_positioned-non-replaced-1,fail,0.93,sp12_layout_bug,
wpt/css_sizing/svg-intrinsic-size-006-ref,css_sizing,yes,wpt/css_sizing/svg-intrinsic-size-006-ref,pass,0.00,,
wpt/css_sizing/table-child-percentage-height-with-border-box-ref,css_sizing,yes,wpt/css_sizing/table-child-percentage-height-with-border-box-ref,fail,14.04,sp12_layout_bug,
wpt/css_sizing/thin-element-render,css_sizing,yes,wpt/css_sizing/thin-element-render,fail,0.50,sp12_layout_bug,
wpt/css_sizing/thin-element-render-ref,css_sizing,yes,wpt/css_sizing/thin-element-render-ref,pass,0.00,,
wpt/css_sizing/whitespace-and-break,css_sizing,yes,wpt/css_sizing/whitespace-and-break,pass,0.00,,
