conformance-and-platform	Set up job	﻿2026-10-05T15:47:16.8959106Z Current runner version: '2.337.0'
conformance-and-platform	Set up job	2026-10-05T15:47:16.8987120Z ##[group]Runner Image Provisioner
conformance-and-platform	Set up job	2026-10-05T15:47:16.8987937Z Hosted Compute Agent
conformance-and-platform	Set up job	2026-10-05T15:47:16.8988512Z Version: 20260901.588
conformance-and-platform	Set up job	2026-10-05T15:47:16.8989149Z Commit: f88ec8081b781fac6c440065ac7ff9e710ce3d0b
conformance-and-platform	Set up job	2026-10-05T15:47:16.8989929Z Build Date: 2026-09-01T19:56:44Z
conformance-and-platform	Set up job	2026-10-05T15:47:16.8990646Z Worker ID: {55b3dcba-e3de-4e0b-bfe9-3086fefbe464}
conformance-and-platform	Set up job	2026-10-05T15:47:16.8991402Z Azure Region: eastus
conformance-and-platform	Set up job	2026-10-05T15:47:16.8991964Z ##[endgroup]
conformance-and-platform	Set up job	2026-10-05T15:47:16.8993529Z ##[group]Operating System
conformance-and-platform	Set up job	2026-10-05T15:47:16.8994166Z Ubuntu
conformance-and-platform	Set up job	2026-10-05T15:47:16.8994666Z 24.04.5
conformance-and-platform	Set up job	2026-10-05T15:47:16.8995153Z LTS
conformance-and-platform	Set up job	2026-10-05T15:47:16.8995658Z ##[endgroup]
conformance-and-platform	Set up job	2026-10-05T15:47:16.8996203Z ##[group]Runner Image
conformance-and-platform	Set up job	2026-10-05T15:47:16.8996800Z Image: ubuntu-24.04
conformance-and-platform	Set up job	2026-10-05T15:47:16.8997367Z Version: 20260927.320.1
conformance-and-platform	Set up job	2026-10-05T15:47:16.8998556Z Included Software: https://github.com/actions/runner-images/blob/ubuntu24/20260927.320/images/ubuntu/Ubuntu2404-Readme.md
conformance-and-platform	Set up job	2026-10-05T15:47:16.9000429Z Image Release: https://github.com/actions/runner-images/releases/tag/ubuntu24%2F20260927.320
conformance-and-platform	Set up job	2026-10-05T15:47:16.9002242Z ##[endgroup]
conformance-and-platform	Set up job	2026-10-05T15:47:16.9003556Z ##[group]GITHUB_TOKEN Permissions
conformance-and-platform	Set up job	2026-10-05T15:47:16.9005572Z Contents: read
conformance-and-platform	Set up job	2026-10-05T15:47:16.9006160Z Metadata: read
conformance-and-platform	Set up job	2026-10-05T15:47:16.9006702Z ##[endgroup]
conformance-and-platform	Set up job	2026-10-05T15:47:16.9008663Z Secret source: Actions
conformance-and-platform	Set up job	2026-10-05T15:47:16.9009593Z Cache mode: write
conformance-and-platform	Set up job	2026-10-05T15:47:16.9010635Z Prepare workflow directory
conformance-and-platform	Set up job	2026-10-05T15:47:16.9421149Z Prepare all required actions
conformance-and-platform	Set up job	2026-10-05T15:47:16.9475248Z Getting action download info
conformance-and-platform	Set up job	2026-10-05T15:47:17.1879243Z Download action repository 'actions/checkout@v6' (SHA:d23441a48e516b6c34aea4fa41551a30e30af803)
conformance-and-platform	Set up job	2026-10-05T15:47:17.2798659Z Download action repository 'actions/cache@v5' (SHA:caa296126883cff596d87d8935842f9db880ef25)
conformance-and-platform	Set up job	2026-10-05T15:47:17.5036716Z Download action repository 'actions/upload-artifact@v7' (SHA:043fb46d1a93c77aae656e7c1c64a875d1fc6a0a)
conformance-and-platform	Set up job	2026-10-05T15:47:17.8427563Z Complete job name: conformance-and-platform
conformance-and-platform	Run actions/checkout@v6	﻿2026-10-05T15:47:17.9151504Z ##[group]Run actions/checkout@v6
conformance-and-platform	Run actions/checkout@v6	2026-10-05T15:47:17.9152189Z with:
conformance-and-platform	Run actions/checkout@v6	2026-10-05T15:47:17.9152543Z   repository: zhuowcui/open-ui
conformance-and-platform	Run actions/checkout@v6	2026-10-05T15:47:17.9156086Z   token: ***
conformance-and-platform	Run actions/checkout@v6	2026-10-05T15:47:17.9156438Z   ssh-strict: true
conformance-and-platform	Run actions/checkout@v6	2026-10-05T15:47:17.9156791Z   ssh-user: git
conformance-and-platform	Run actions/checkout@v6	2026-10-05T15:47:17.9157139Z   persist-credentials: true
conformance-and-platform	Run actions/checkout@v6	2026-10-05T15:47:17.9157534Z   clean: true
conformance-and-platform	Run actions/checkout@v6	2026-10-05T15:47:17.9157889Z   sparse-checkout-cone-mode: true
conformance-and-platform	Run actions/checkout@v6	2026-10-05T15:47:17.9158300Z   fetch-depth: 1
conformance-and-platform	Run actions/checkout@v6	2026-10-05T15:47:17.9158639Z   fetch-tags: false
conformance-and-platform	Run actions/checkout@v6	2026-10-05T15:47:17.9158982Z   show-progress: true
conformance-and-platform	Run actions/checkout@v6	2026-10-05T15:47:17.9159327Z   lfs: false
conformance-and-platform	Run actions/checkout@v6	2026-10-05T15:47:17.9159657Z   submodules: false
conformance-and-platform	Run actions/checkout@v6	2026-10-05T15:47:17.9160030Z   set-safe-directory: true
conformance-and-platform	Run actions/checkout@v6	2026-10-05T15:47:17.9160424Z   allow-unsafe-pr-checkout: false
conformance-and-platform	Run actions/checkout@v6	2026-10-05T15:47:17.9161004Z env:
conformance-and-platform	Run actions/checkout@v6	2026-10-05T15:47:17.9161327Z   BINDGEN_EXTRA_CLANG_ARGS: 
conformance-and-platform	Run actions/checkout@v6	2026-10-05T15:47:17.9161757Z   CARGO_TARGET_X86_64_UNKNOWN_LINUX_GNU_RUSTFLAGS: 
conformance-and-platform	Run actions/checkout@v6	2026-10-05T15:47:17.9162249Z   CC: clang
conformance-and-platform	Run actions/checkout@v6	2026-10-05T15:47:17.9162606Z   CXX: clang++
conformance-and-platform	Run actions/checkout@v6	2026-10-05T15:47:17.9163146Z   CXXFLAGS: 
conformance-and-platform	Run actions/checkout@v6	2026-10-05T15:47:17.9163472Z   CARGO_TERM_COLOR: always
conformance-and-platform	Run actions/checkout@v6	2026-10-05T15:47:17.9163840Z   FORCE_SKIA_BUILD: 1
conformance-and-platform	Run actions/checkout@v6	2026-10-05T15:47:17.9164195Z   PKG_CONFIG_SYSROOT_DIR: 
conformance-and-platform	Run actions/checkout@v6	2026-10-05T15:47:17.9165131Z   SKIA_GN_ARGS: extra_cflags += [ "-DSK_SUPPORT_LEGACY_CONIC_CHOP", "-DSK_USE_FREETYPE_EMBOLDEN", "-DSK_GAMMA_EXPONENT=1.2", "-DSK_GAMMA_CONTRAST=0.2", "-fno-strict-aliasing", "-msse3" ]
conformance-and-platform	Run actions/checkout@v6	2026-10-05T15:47:17.9166141Z   SKIA_NINJA_COMMAND: ninja
conformance-and-platform	Run actions/checkout@v6	2026-10-05T15:47:17.9166514Z ##[endgroup]
conformance-and-platform	Run actions/checkout@v6	2026-10-05T15:47:18.0005359Z Syncing repository: zhuowcui/open-ui
conformance-and-platform	Run actions/checkout@v6	2026-10-05T15:47:18.0006955Z ##[group]Getting Git version info
conformance-and-platform	Run actions/checkout@v6	2026-10-05T15:47:18.0007515Z Working directory is '/home/runner/work/open-ui/open-ui'
conformance-and-platform	Run actions/checkout@v6	2026-10-05T15:47:18.0008293Z [command]/usr/bin/git version
conformance-and-platform	Run actions/checkout@v6	2026-10-05T15:47:18.1228934Z git version 2.55.0
conformance-and-platform	Run actions/checkout@v6	2026-10-05T15:47:18.1247109Z ##[endgroup]
conformance-and-platform	Run actions/checkout@v6	2026-10-05T15:47:18.1258862Z Temporarily overriding HOME='/home/runner/work/_temp/c8f3bf19-cf4f-41fb-a6c4-0c4b9c2bea38' before making global git config changes
conformance-and-platform	Run actions/checkout@v6	2026-10-05T15:47:18.1260303Z Adding repository directory to the temporary git global config as a safe directory
conformance-and-platform	Run actions/checkout@v6	2026-10-05T15:47:18.1263918Z [command]/usr/bin/git config --global --add safe.directory /home/runner/work/open-ui/open-ui
conformance-and-platform	Run actions/checkout@v6	2026-10-05T15:47:18.1299673Z Deleting the contents of '/home/runner/work/open-ui/open-ui'
conformance-and-platform	Run actions/checkout@v6	2026-10-05T15:47:18.1303024Z ##[group]Determining repository object format
conformance-and-platform	Run actions/checkout@v6	2026-10-05T15:47:18.1304846Z ##[endgroup]
conformance-and-platform	Run actions/checkout@v6	2026-10-05T15:47:18.1305544Z ##[group]Initializing the repository
conformance-and-platform	Run actions/checkout@v6	2026-10-05T15:47:18.1307983Z [command]/usr/bin/git init /home/runner/work/open-ui/open-ui
conformance-and-platform	Run actions/checkout@v6	2026-10-05T15:47:18.1379705Z hint: Using 'master' as the name for the initial branch. This default branch name
conformance-and-platform	Run actions/checkout@v6	2026-10-05T15:47:18.1380847Z hint: will change to "main" in Git 3.0. To configure the initial branch name
conformance-and-platform	Run actions/checkout@v6	2026-10-05T15:47:18.1381947Z hint: to use in all of your new repositories, which will suppress this warning,
conformance-and-platform	Run actions/checkout@v6	2026-10-05T15:47:18.1382783Z hint: call:
conformance-and-platform	Run actions/checkout@v6	2026-10-05T15:47:18.1383134Z hint:
conformance-and-platform	Run actions/checkout@v6	2026-10-05T15:47:18.1383559Z hint: 	git config --global init.defaultBranch <name>
conformance-and-platform	Run actions/checkout@v6	2026-10-05T15:47:18.1384061Z hint:
conformance-and-platform	Run actions/checkout@v6	2026-10-05T15:47:18.1384526Z hint: Names commonly chosen instead of 'master' are 'main', 'trunk' and
conformance-and-platform	Run actions/checkout@v6	2026-10-05T15:47:18.1385262Z hint: 'development'. The just-created branch can be renamed via this command:
conformance-and-platform	Run actions/checkout@v6	2026-10-05T15:47:18.1385976Z hint:
conformance-and-platform	Run actions/checkout@v6	2026-10-05T15:47:18.1386325Z hint: 	git branch -m <name>
conformance-and-platform	Run actions/checkout@v6	2026-10-05T15:47:18.1386697Z hint:
conformance-and-platform	Run actions/checkout@v6	2026-10-05T15:47:18.1387184Z hint: Disable this message with "git config set advice.defaultBranchName false"
conformance-and-platform	Run actions/checkout@v6	2026-10-05T15:47:18.1387964Z Initialized empty Git repository in /home/runner/work/open-ui/open-ui/.git/
conformance-and-platform	Run actions/checkout@v6	2026-10-05T15:47:18.1389770Z [command]/usr/bin/git remote add origin https://github.com/zhuowcui/open-ui
conformance-and-platform	Run actions/checkout@v6	2026-10-05T15:47:18.1427496Z ##[endgroup]
conformance-and-platform	Run actions/checkout@v6	2026-10-05T15:47:18.1428135Z ##[group]Disabling automatic garbage collection
conformance-and-platform	Run actions/checkout@v6	2026-10-05T15:47:18.1430100Z [command]/usr/bin/git config --local gc.auto 0
conformance-and-platform	Run actions/checkout@v6	2026-10-05T15:47:18.1455664Z ##[endgroup]
conformance-and-platform	Run actions/checkout@v6	2026-10-05T15:47:18.1456523Z ##[group]Setting up auth
conformance-and-platform	Run actions/checkout@v6	2026-10-05T15:47:18.1456952Z Removing SSH command configuration
conformance-and-platform	Run actions/checkout@v6	2026-10-05T15:47:18.1460308Z [command]/usr/bin/git config --local --name-only --get-regexp core\.sshCommand
conformance-and-platform	Run actions/checkout@v6	2026-10-05T15:47:18.1485223Z [command]/usr/bin/git submodule foreach --recursive sh -c "git config --local --name-only --get-regexp 'core\.sshCommand' && git config --local --unset-all 'core.sshCommand' || :"
conformance-and-platform	Run actions/checkout@v6	2026-10-05T15:47:18.1753041Z Removing HTTP extra header
conformance-and-platform	Run actions/checkout@v6	2026-10-05T15:47:18.1757508Z [command]/usr/bin/git config --local --name-only --get-regexp http\.https\:\/\/github\.com\/\.extraheader
conformance-and-platform	Run actions/checkout@v6	2026-10-05T15:47:18.1783363Z [command]/usr/bin/git submodule foreach --recursive sh -c "git config --local --name-only --get-regexp 'http\.https\:\/\/github\.com\/\.extraheader' && git config --local --unset-all 'http.https://github.com/.extraheader' || :"
conformance-and-platform	Run actions/checkout@v6	2026-10-05T15:47:18.1956501Z Removing includeIf entries pointing to credentials config files
conformance-and-platform	Run actions/checkout@v6	2026-10-05T15:47:18.1961591Z [command]/usr/bin/git config --local --name-only --get-regexp ^includeIf\.gitdir:
conformance-and-platform	Run actions/checkout@v6	2026-10-05T15:47:18.1986732Z [command]/usr/bin/git submodule foreach --recursive git config --local --show-origin --name-only --get-regexp remote.origin.url
conformance-and-platform	Run actions/checkout@v6	2026-10-05T15:47:18.2169435Z [command]/usr/bin/git config --file /home/runner/work/_temp/git-credentials-ed2ddaff-2f14-4743-a766-ce94461be13e.config http.https://github.com/.extraheader AUTHORIZATION: basic ***
conformance-and-platform	Run actions/checkout@v6	2026-10-05T15:47:18.2205277Z [command]/usr/bin/git config --local includeIf.gitdir:/home/runner/work/open-ui/open-ui/.git.path /home/runner/work/_temp/git-credentials-ed2ddaff-2f14-4743-a766-ce94461be13e.config
conformance-and-platform	Run actions/checkout@v6	2026-10-05T15:47:18.2231119Z [command]/usr/bin/git config --local includeIf.gitdir:/home/runner/work/open-ui/open-ui/.git/worktrees/*.path /home/runner/work/_temp/git-credentials-ed2ddaff-2f14-4743-a766-ce94461be13e.config
conformance-and-platform	Run actions/checkout@v6	2026-10-05T15:47:18.3259977Z [command]/usr/bin/git config --local includeIf.gitdir:/github/workspace/.git.path /github/runner_temp/git-credentials-ed2ddaff-2f14-4743-a766-ce94461be13e.config
conformance-and-platform	Run actions/checkout@v6	2026-10-05T15:47:18.3290258Z [command]/usr/bin/git config --local includeIf.gitdir:/github/workspace/.git/worktrees/*.path /github/runner_temp/git-credentials-ed2ddaff-2f14-4743-a766-ce94461be13e.config
conformance-and-platform	Run actions/checkout@v6	2026-10-05T15:47:18.3313780Z ##[endgroup]
conformance-and-platform	Run actions/checkout@v6	2026-10-05T15:47:18.3314687Z ##[group]Fetching the repository
conformance-and-platform	Run actions/checkout@v6	2026-10-05T15:47:18.3322013Z [command]/usr/bin/git -c protocol.version=2 fetch --no-tags --prune --no-recurse-submodules --depth=1 origin +54bf7294845ba86e59bd583346cfa7b4f094201b:refs/remotes/pull/3/merge
conformance-and-platform	Run actions/checkout@v6	2026-10-05T15:47:21.2247998Z From https://github.com/zhuowcui/open-ui
conformance-and-platform	Run actions/checkout@v6	2026-10-05T15:47:21.2248843Z  * [new ref]         54bf7294845ba86e59bd583346cfa7b4f094201b -> pull/3/merge
conformance-and-platform	Run actions/checkout@v6	2026-10-05T15:47:21.2253370Z ##[endgroup]
conformance-and-platform	Run actions/checkout@v6	2026-10-05T15:47:21.2253965Z ##[group]Determining the checkout info
conformance-and-platform	Run actions/checkout@v6	2026-10-05T15:47:21.2254571Z ##[endgroup]
conformance-and-platform	Run actions/checkout@v6	2026-10-05T15:47:21.2259003Z [command]/usr/bin/git sparse-checkout disable
conformance-and-platform	Run actions/checkout@v6	2026-10-05T15:47:21.2302111Z [command]/usr/bin/git config --local --unset-all extensions.worktreeConfig
conformance-and-platform	Run actions/checkout@v6	2026-10-05T15:47:21.2325875Z ##[group]Checking out the ref
conformance-and-platform	Run actions/checkout@v6	2026-10-05T15:47:21.2328547Z [command]/usr/bin/git checkout --progress --force refs/remotes/pull/3/merge
conformance-and-platform	Run actions/checkout@v6	2026-10-05T15:47:22.2539771Z Updating files:  99% (11334/11404)
conformance-and-platform	Run actions/checkout@v6	2026-10-05T15:47:22.2540326Z Updating files: 100% (11404/11404)
conformance-and-platform	Run actions/checkout@v6	2026-10-05T15:47:22.2540724Z Updating files: 100% (11404/11404), done.
conformance-and-platform	Run actions/checkout@v6	2026-10-05T15:47:22.2699961Z Note: switching to 'refs/remotes/pull/3/merge'.
conformance-and-platform	Run actions/checkout@v6	2026-10-05T15:47:22.2700959Z 
conformance-and-platform	Run actions/checkout@v6	2026-10-05T15:47:22.2701248Z You are in 'detached HEAD' state. You can look around, make experimental
conformance-and-platform	Run actions/checkout@v6	2026-10-05T15:47:22.2701928Z changes and commit them, and you can discard any commits you make in this
conformance-and-platform	Run actions/checkout@v6	2026-10-05T15:47:22.2702611Z state without impacting any branches by switching back to a branch.
conformance-and-platform	Run actions/checkout@v6	2026-10-05T15:47:22.2703090Z 
conformance-and-platform	Run actions/checkout@v6	2026-10-05T15:47:22.2703310Z If you want to create a new branch to retain commits you create, you may
conformance-and-platform	Run actions/checkout@v6	2026-10-05T15:47:22.2703947Z do so (now or later) by using -c with the switch command. Example:
conformance-and-platform	Run actions/checkout@v6	2026-10-05T15:47:22.2704621Z 
conformance-and-platform	Run actions/checkout@v6	2026-10-05T15:47:22.2704770Z   git switch -c <new-branch-name>
conformance-and-platform	Run actions/checkout@v6	2026-10-05T15:47:22.2704980Z 
conformance-and-platform	Run actions/checkout@v6	2026-10-05T15:47:22.2705134Z Or undo this operation with:
conformance-and-platform	Run actions/checkout@v6	2026-10-05T15:47:22.2705339Z 
conformance-and-platform	Run actions/checkout@v6	2026-10-05T15:47:22.2705452Z   git switch -
conformance-and-platform	Run actions/checkout@v6	2026-10-05T15:47:22.2705607Z 
conformance-and-platform	Run actions/checkout@v6	2026-10-05T15:47:22.2705883Z Turn off this advice by setting config variable advice.detachedHead to false
conformance-and-platform	Run actions/checkout@v6	2026-10-05T15:47:22.2706313Z 
conformance-and-platform	Run actions/checkout@v6	2026-10-05T15:47:22.2706790Z HEAD is now at 54bf729 Merge 92741843283d02d6a1e7f82d84f69acc8dcee5f0 into 1d7a4cc544b26f320266c298080c892efabad442
conformance-and-platform	Run actions/checkout@v6	2026-10-05T15:47:22.2740762Z ##[endgroup]
conformance-and-platform	Run actions/checkout@v6	2026-10-05T15:47:22.2778649Z [command]/usr/bin/git log -1 --format=%H
conformance-and-platform	Run actions/checkout@v6	2026-10-05T15:47:22.2798474Z 54bf7294845ba86e59bd583346cfa7b4f094201b
conformance-and-platform	Install toolchain and Linux runtime dependencies	﻿2026-10-05T15:47:22.3016920Z ##[group]Run sudo apt-get update
conformance-and-platform	Install toolchain and Linux runtime dependencies	2026-10-05T15:47:22.3017273Z [36;1msudo apt-get update[0m
conformance-and-platform	Install toolchain and Linux runtime dependencies	2026-10-05T15:47:22.3017582Z [36;1msudo apt-get install --yes --no-install-recommends \[0m
conformance-and-platform	Install toolchain and Linux runtime dependencies	2026-10-05T15:47:22.3017990Z [36;1m  build-essential clang libclang-18-dev libfontconfig1-dev \[0m
conformance-and-platform	Install toolchain and Linux runtime dependencies	2026-10-05T15:47:22.3018392Z [36;1m  libfreetype-dev libgl1-mesa-dev libwayland-dev libx11-dev \[0m
conformance-and-platform	Install toolchain and Linux runtime dependencies	2026-10-05T15:47:22.3018749Z [36;1m  libx11-xcb-dev libxcb1-dev libxkbcommon-dev mesa-utils \[0m
conformance-and-platform	Install toolchain and Linux runtime dependencies	2026-10-05T15:47:22.3019117Z [36;1m  ninja-build pkg-config python3 weston xvfb libxkbcommon-x11-0[0m
conformance-and-platform	Install toolchain and Linux runtime dependencies	2026-10-05T15:47:22.3019529Z [36;1mrustup toolchain install 1.94.1 --profile minimal --component rustfmt[0m
conformance-and-platform	Install toolchain and Linux runtime dependencies	2026-10-05T15:47:22.3019850Z [36;1mrustup default 1.94.1[0m
conformance-and-platform	Install toolchain and Linux runtime dependencies	2026-10-05T15:47:22.3225931Z shell: /usr/bin/bash -e {0}
conformance-and-platform	Install toolchain and Linux runtime dependencies	2026-10-05T15:47:22.3226190Z env:
conformance-and-platform	Install toolchain and Linux runtime dependencies	2026-10-05T15:47:22.3226383Z   BINDGEN_EXTRA_CLANG_ARGS: 
conformance-and-platform	Install toolchain and Linux runtime dependencies	2026-10-05T15:47:22.3226625Z   CARGO_TARGET_X86_64_UNKNOWN_LINUX_GNU_RUSTFLAGS: 
conformance-and-platform	Install toolchain and Linux runtime dependencies	2026-10-05T15:47:22.3226877Z   CC: clang
conformance-and-platform	Install toolchain and Linux runtime dependencies	2026-10-05T15:47:22.3227095Z   CXX: clang++
conformance-and-platform	Install toolchain and Linux runtime dependencies	2026-10-05T15:47:22.3227259Z   CXXFLAGS: 
conformance-and-platform	Install toolchain and Linux runtime dependencies	2026-10-05T15:47:22.3227426Z   CARGO_TERM_COLOR: always
conformance-and-platform	Install toolchain and Linux runtime dependencies	2026-10-05T15:47:22.3227805Z   FORCE_SKIA_BUILD: 1
conformance-and-platform	Install toolchain and Linux runtime dependencies	2026-10-05T15:47:22.3227995Z   PKG_CONFIG_SYSROOT_DIR: 
conformance-and-platform	Install toolchain and Linux runtime dependencies	2026-10-05T15:47:22.3228536Z   SKIA_GN_ARGS: extra_cflags += [ "-DSK_SUPPORT_LEGACY_CONIC_CHOP", "-DSK_USE_FREETYPE_EMBOLDEN", "-DSK_GAMMA_EXPONENT=1.2", "-DSK_GAMMA_CONTRAST=0.2", "-fno-strict-aliasing", "-msse3" ]
conformance-and-platform	Install toolchain and Linux runtime dependencies	2026-10-05T15:47:22.3229110Z   SKIA_NINJA_COMMAND: ninja
conformance-and-platform	Install toolchain and Linux runtime dependencies	2026-10-05T15:47:22.3229313Z ##[endgroup]
conformance-and-platform	Install toolchain and Linux runtime dependencies	2026-10-05T15:47:22.4303912Z Get:1 file:/etc/apt/apt-mirrors.txt Mirrorlist [144 B]
conformance-and-platform	Install toolchain and Linux runtime dependencies	2026-10-05T15:47:22.4558188Z Hit:2 http://azure.archive.ubuntu.com/ubuntu noble InRelease
conformance-and-platform	Install toolchain and Linux runtime dependencies	2026-10-05T15:47:22.4582800Z Get:3 http://azure.archive.ubuntu.com/ubuntu noble-updates InRelease [126 kB]
conformance-and-platform	Install toolchain and Linux runtime dependencies	2026-10-05T15:47:22.4663316Z Get:4 http://azure.archive.ubuntu.com/ubuntu noble-backports InRelease [126 kB]
conformance-and-platform	Install toolchain and Linux runtime dependencies	2026-10-05T15:47:22.4676335Z Get:5 http://azure.archive.ubuntu.com/ubuntu noble-security InRelease [126 kB]
conformance-and-platform	Install toolchain and Linux runtime dependencies	2026-10-05T15:47:22.4677456Z Get:6 https://packages.microsoft.com/ubuntu/24.04/prod noble InRelease [3600 B]
conformance-and-platform	Install toolchain and Linux runtime dependencies	2026-10-05T15:47:22.5517377Z Get:7 http://azure.archive.ubuntu.com/ubuntu noble-updates/main amd64 Packages [1366 kB]
conformance-and-platform	Install toolchain and Linux runtime dependencies	2026-10-05T15:47:22.5665794Z Get:8 http://azure.archive.ubuntu.com/ubuntu noble-updates/main Translation-en [304 kB]
conformance-and-platform	Install toolchain and Linux runtime dependencies	2026-10-05T15:47:22.5681719Z Get:9 http://azure.archive.ubuntu.com/ubuntu noble-updates/main amd64 Components [181 kB]
conformance-and-platform	Install toolchain and Linux runtime dependencies	2026-10-05T15:47:22.5705778Z Get:10 http://azure.archive.ubuntu.com/ubuntu noble-updates/universe amd64 Packages [1699 kB]
conformance-and-platform	Install toolchain and Linux runtime dependencies	2026-10-05T15:47:22.5817252Z Get:11 http://azure.archive.ubuntu.com/ubuntu noble-updates/universe Translation-en [341 kB]
conformance-and-platform	Install toolchain and Linux runtime dependencies	2026-10-05T15:47:22.5845179Z Get:12 http://azure.archive.ubuntu.com/ubuntu noble-updates/universe amd64 Components [388 kB]
conformance-and-platform	Install toolchain and Linux runtime dependencies	2026-10-05T15:47:22.5872911Z Get:13 http://azure.archive.ubuntu.com/ubuntu noble-updates/restricted amd64 Packages [1724 kB]
conformance-and-platform	Install toolchain and Linux runtime dependencies	2026-10-05T15:47:22.5955576Z Get:14 http://azure.archive.ubuntu.com/ubuntu noble-updates/restricted Translation-en [394 kB]
conformance-and-platform	Install toolchain and Linux runtime dependencies	2026-10-05T15:47:22.5981656Z Get:15 http://azure.archive.ubuntu.com/ubuntu noble-updates/multiverse amd64 Components [940 B]
conformance-and-platform	Install toolchain and Linux runtime dependencies	2026-10-05T15:47:22.6066503Z Get:16 http://azure.archive.ubuntu.com/ubuntu noble-backports/main amd64 Components [5776 B]
conformance-and-platform	Install toolchain and Linux runtime dependencies	2026-10-05T15:47:22.6464805Z Get:18 https://packages.microsoft.com/ubuntu/24.04/prod noble/main amd64 Packages [511 kB]
conformance-and-platform	Install toolchain and Linux runtime dependencies	2026-10-05T15:47:22.6531142Z Get:17 http://azure.archive.ubuntu.com/ubuntu noble-backports/universe amd64 Components [12.6 kB]
conformance-and-platform	Install toolchain and Linux runtime dependencies	2026-10-05T15:47:22.6544954Z Get:19 https://packages.microsoft.com/ubuntu/24.04/prod noble/main armhf Packages [12.6 kB]
conformance-and-platform	Install toolchain and Linux runtime dependencies	2026-10-05T15:47:22.6582839Z Get:20 https://packages.microsoft.com/ubuntu/24.04/prod noble/main arm64 Packages [458 kB]
conformance-and-platform	Install toolchain and Linux runtime dependencies	2026-10-05T15:47:22.6860063Z Get:21 http://azure.archive.ubuntu.com/ubuntu noble-security/main amd64 Packages [1069 kB]
conformance-and-platform	Install toolchain and Linux runtime dependencies	2026-10-05T15:47:22.6918034Z Get:22 http://azure.archive.ubuntu.com/ubuntu noble-security/main Translation-en [221 kB]
conformance-and-platform	Install toolchain and Linux runtime dependencies	2026-10-05T15:47:22.6938617Z Get:23 http://azure.archive.ubuntu.com/ubuntu noble-security/main amd64 Components [46.4 kB]
conformance-and-platform	Install toolchain and Linux runtime dependencies	2026-10-05T15:47:22.6955143Z Get:24 http://azure.archive.ubuntu.com/ubuntu noble-security/universe amd64 Packages [1216 kB]
conformance-and-platform	Install toolchain and Linux runtime dependencies	2026-10-05T15:47:22.7018534Z Get:25 http://azure.archive.ubuntu.com/ubuntu noble-security/universe Translation-en [244 kB]
conformance-and-platform	Install toolchain and Linux runtime dependencies	2026-10-05T15:47:22.7039459Z Get:26 http://azure.archive.ubuntu.com/ubuntu noble-security/universe amd64 Components [76.4 kB]
conformance-and-platform	Install toolchain and Linux runtime dependencies	2026-10-05T15:47:22.7057919Z Get:27 http://azure.archive.ubuntu.com/ubuntu noble-security/restricted amd64 Packages [1566 kB]
conformance-and-platform	Install toolchain and Linux runtime dependencies	2026-10-05T15:47:22.7300922Z Get:28 http://azure.archive.ubuntu.com/ubuntu noble-security/restricted Translation-en [361 kB]
conformance-and-platform	Install toolchain and Linux runtime dependencies	2026-10-05T15:47:30.4610906Z Fetched 12.6 MB in 1s (11.4 MB/s)
conformance-and-platform	Install toolchain and Linux runtime dependencies	2026-10-05T15:47:31.1101176Z Reading package lists...
conformance-and-platform	Install toolchain and Linux runtime dependencies	2026-10-05T15:47:31.1363221Z Reading package lists...
conformance-and-platform	Install toolchain and Linux runtime dependencies	2026-10-05T15:47:31.3235919Z Building dependency tree...
conformance-and-platform	Install toolchain and Linux runtime dependencies	2026-10-05T15:47:31.3241976Z Reading state information...
conformance-and-platform	Install toolchain and Linux runtime dependencies	2026-10-05T15:47:31.4687602Z pkg-config is already the newest version (1.8.1-2build1).
conformance-and-platform	Install toolchain and Linux runtime dependencies	2026-10-05T15:47:31.4688740Z python3 is already the newest version (3.12.3-0ubuntu2.1).
conformance-and-platform	Install toolchain and Linux runtime dependencies	2026-10-05T15:47:31.4689202Z xvfb is already the newest version (2:21.1.12-1ubuntu1.8).
conformance-and-platform	Install toolchain and Linux runtime dependencies	2026-10-05T15:47:31.4690009Z The following additional packages will be installed:
conformance-and-platform	Install toolchain and Linux runtime dependencies	2026-10-05T15:47:31.4690560Z   libaml0t64 libass9 libasyncns0 libavcodec60 libavfilter9 libavformat60
conformance-and-platform	Install toolchain and Linux runtime dependencies	2026-10-05T15:47:31.4691164Z   libavutil58 libblas3 libbluray2 libbrotli-dev libbs2b0 libbz2-dev
conformance-and-platform	Install toolchain and Linux runtime dependencies	2026-10-05T15:47:31.4691785Z   libchromaprint1 libcjson1 libcodec2-1.2 libdav1d7 libdecor-0-0 libegl-dev
conformance-and-platform	Install toolchain and Linux runtime dependencies	2026-10-05T15:47:31.4692369Z   libegl-mesa0 libegl1 libflac12t64 libflite1 libfontconfig-dev
conformance-and-platform	Install toolchain and Linux runtime dependencies	2026-10-05T15:47:31.4693174Z   libfreerdp-server2-2t64 libfreerdp2-2t64 libgbm1 libgl-dev libgl1-mesa-dri
conformance-and-platform	Install toolchain and Linux runtime dependencies	2026-10-05T15:47:31.4693791Z   libgles-dev libgles1 libgles2 libglvnd-core-dev libglvnd-dev libglx-dev
conformance-and-platform	Install toolchain and Linux runtime dependencies	2026-10-05T15:47:31.4694410Z   libglx-mesa0 libgme0 libgsm1 libgstreamer-plugins-base1.0-0 libhwy1t64
conformance-and-platform	Install toolchain and Linux runtime dependencies	2026-10-05T15:47:31.4695027Z   libinput-bin libinput10 libjxl0.7 liblapack3 liblilv-0-0 libmbedcrypto7t64
conformance-and-platform	Install toolchain and Linux runtime dependencies	2026-10-05T15:47:31.4695787Z   libmp3lame0 libmpg123-0t64 libmtdev1t64 libmysofa1 libneatvnc0 libopengl-dev
conformance-and-platform	Install toolchain and Linux runtime dependencies	2026-10-05T15:47:31.4696486Z   libopengl0 libopenmpt0t64 libopus0 liborc-0.4-0t64 libpipewire-0.3-0t64
conformance-and-platform	Install toolchain and Linux runtime dependencies	2026-10-05T15:47:31.4697031Z   libplacebo338 libpng-dev libpocketsphinx3 libpostproc57
conformance-and-platform	Install toolchain and Linux runtime dependencies	2026-10-05T15:47:31.4697670Z   libpthread-stubs0-dev libpulse0 librav1e0 librist4 librsvg2-2 librubberband2
conformance-and-platform	Install toolchain and Linux runtime dependencies	2026-10-05T15:47:31.4698322Z   libsamplerate0 libseat1 libserd-0-0 libshine3 libsndfile1 libsord-0-0
conformance-and-platform	Install toolchain and Linux runtime dependencies	2026-10-05T15:47:31.4698940Z   libsoxr0 libspa-0.2-modules libspeex1 libsphinxbase3t64 libsratom-0-0
conformance-and-platform	Install toolchain and Linux runtime dependencies	2026-10-05T15:47:31.4699493Z   libsrt1.5-gnutls libssh-gcrypt-4 libsvtav1enc1d1 libswresample4 libswscale7
conformance-and-platform	Install toolchain and Linux runtime dependencies	2026-10-05T15:47:31.4700021Z   libtheora0 libturbojpeg libtwolame0 libudfread0 libunibreak5 libva-drm2
conformance-and-platform	Install toolchain and Linux runtime dependencies	2026-10-05T15:47:31.4700422Z   libva-x11-2 libva2 libvdpau1 libvidstab1.1 libvorbisenc2 libvpl2 libvpx9
conformance-and-platform	Install toolchain and Linux runtime dependencies	2026-10-05T15:47:31.4700776Z   libwacom-common libwacom9 libwayland-bin libwayland-server0
conformance-and-platform	Install toolchain and Linux runtime dependencies	2026-10-05T15:47:31.4701136Z   libwebrtc-audio-processing1 libweston-13-0 libwinpr2-2t64 libx264-164
conformance-and-platform	Install toolchain and Linux runtime dependencies	2026-10-05T15:47:31.4701594Z   libx265-199 libxau-dev libxcb-composite0 libxcb-xkb1 libxdmcp-dev
conformance-and-platform	Install toolchain and Linux runtime dependencies	2026-10-05T15:47:31.4702072Z   libxvidcore4 libzimg2 libzix-0-0 libzvbi-common libzvbi0t64 mesa-libgallium
conformance-and-platform	Install toolchain and Linux runtime dependencies	2026-10-05T15:47:31.4702485Z   mesa-utils-bin ocl-icd-libopencl1 uuid-dev x11proto-dev xorg-sgml-doctools
conformance-and-platform	Install toolchain and Linux runtime dependencies	2026-10-05T15:47:31.4702961Z   xtrans-dev
conformance-and-platform	Install toolchain and Linux runtime dependencies	2026-10-05T15:47:31.4703132Z Suggested packages:
conformance-and-platform	Install toolchain and Linux runtime dependencies	2026-10-05T15:47:31.4703483Z   libcuda1 libnvcuvid1 libnvidia-encode1 libbluray-bdj freerdp2-x11
conformance-and-platform	Install toolchain and Linux runtime dependencies	2026-10-05T15:47:31.4703856Z   freetype2-doc libvisual-0.4-plugins opus-tools pipewire pulseaudio
conformance-and-platform	Install toolchain and Linux runtime dependencies	2026-10-05T15:47:31.4704217Z   librsvg2-bin serdi sordi speex libwacom-bin libwayland-doc libx11-doc
conformance-and-platform	Install toolchain and Linux runtime dependencies	2026-10-05T15:47:31.4704519Z   libxcb-doc opencl-icd wayland-utils
conformance-and-platform	Install toolchain and Linux runtime dependencies	2026-10-05T15:47:31.4705109Z Recommended packages:
conformance-and-platform	Install toolchain and Linux runtime dependencies	2026-10-05T15:47:31.4705476Z   libaacs0 bzip2-doc default-libdecor-0-plugin-1 | libdecor-0-plugin-1
conformance-and-platform	Install toolchain and Linux runtime dependencies	2026-10-05T15:47:31.4706024Z   gstreamer1.0-plugins-base libpipewire-0.3-common libpng-tools
conformance-and-platform	Install toolchain and Linux runtime dependencies	2026-10-05T15:47:31.4706553Z   pocketsphinx-en-us librsvg2-common va-driver-all | va-driver
conformance-and-platform	Install toolchain and Linux runtime dependencies	2026-10-05T15:47:31.4706966Z   vdpau-driver-all | vdpau-driver
conformance-and-platform	Install toolchain and Linux runtime dependencies	2026-10-05T15:47:31.5107191Z The following NEW packages will be installed:
conformance-and-platform	Install toolchain and Linux runtime dependencies	2026-10-05T15:47:31.5107891Z   build-essential clang libaml0t64 libass9 libasyncns0 libavcodec60
conformance-and-platform	Install toolchain and Linux runtime dependencies	2026-10-05T15:47:31.5108574Z   libavfilter9 libavformat60 libavutil58 libblas3 libbluray2 libbrotli-dev
conformance-and-platform	Install toolchain and Linux runtime dependencies	2026-10-05T15:47:31.5109292Z   libbs2b0 libbz2-dev libchromaprint1 libcjson1 libclang-18-dev libcodec2-1.2
conformance-and-platform	Install toolchain and Linux runtime dependencies	2026-10-05T15:47:31.5110035Z   libdav1d7 libdecor-0-0 libegl-dev libegl-mesa0 libegl1 libflac12t64
conformance-and-platform	Install toolchain and Linux runtime dependencies	2026-10-05T15:47:31.5110764Z   libflite1 libfontconfig-dev libfontconfig1-dev libfreerdp-server2-2t64
conformance-and-platform	Install toolchain and Linux runtime dependencies	2026-10-05T15:47:31.5111459Z   libfreerdp2-2t64 libfreetype-dev libgl-dev libgl1-mesa-dev libgles-dev
conformance-and-platform	Install toolchain and Linux runtime dependencies	2026-10-05T15:47:31.5112112Z   libgles1 libgles2 libglvnd-core-dev libglvnd-dev libglx-dev libgme0 libgsm1
conformance-and-platform	Install toolchain and Linux runtime dependencies	2026-10-05T15:47:31.5113634Z   libgstreamer-plugins-base1.0-0 libhwy1t64 libinput-bin libinput10 libjxl0.7
conformance-and-platform	Install toolchain and Linux runtime dependencies	2026-10-05T15:47:31.5114350Z   liblapack3 liblilv-0-0 libmbedcrypto7t64 libmp3lame0 libmpg123-0t64
conformance-and-platform	Install toolchain and Linux runtime dependencies	2026-10-05T15:47:31.5115061Z   libmtdev1t64 libmysofa1 libneatvnc0 libopengl-dev libopengl0 libopenmpt0t64
conformance-and-platform	Install toolchain and Linux runtime dependencies	2026-10-05T15:47:31.5115780Z   libopus0 liborc-0.4-0t64 libpipewire-0.3-0t64 libplacebo338 libpng-dev
conformance-and-platform	Install toolchain and Linux runtime dependencies	2026-10-05T15:47:31.5116405Z   libpocketsphinx3 libpostproc57 libpthread-stubs0-dev libpulse0 librav1e0
conformance-and-platform	Install toolchain and Linux runtime dependencies	2026-10-05T15:47:31.5117058Z   librist4 librsvg2-2 librubberband2 libsamplerate0 libseat1 libserd-0-0
conformance-and-platform	Install toolchain and Linux runtime dependencies	2026-10-05T15:47:31.5117698Z   libshine3 libsndfile1 libsord-0-0 libsoxr0 libspa-0.2-modules libspeex1
conformance-and-platform	Install toolchain and Linux runtime dependencies	2026-10-05T15:47:31.5118356Z   libsphinxbase3t64 libsratom-0-0 libsrt1.5-gnutls libssh-gcrypt-4
conformance-and-platform	Install toolchain and Linux runtime dependencies	2026-10-05T15:47:31.5118982Z   libsvtav1enc1d1 libswresample4 libswscale7 libtheora0 libturbojpeg
conformance-and-platform	Install toolchain and Linux runtime dependencies	2026-10-05T15:47:31.5119654Z   libtwolame0 libudfread0 libunibreak5 libva-drm2 libva-x11-2 libva2 libvdpau1
conformance-and-platform	Install toolchain and Linux runtime dependencies	2026-10-05T15:47:31.5120372Z   libvidstab1.1 libvorbisenc2 libvpl2 libvpx9 libwacom-common libwacom9
conformance-and-platform	Install toolchain and Linux runtime dependencies	2026-10-05T15:47:31.5121073Z   libwayland-bin libwayland-dev libwayland-server0 libwebrtc-audio-processing1
conformance-and-platform	Install toolchain and Linux runtime dependencies	2026-10-05T15:47:31.5121767Z   libweston-13-0 libwinpr2-2t64 libx11-dev libx11-xcb-dev libx264-164
conformance-and-platform	Install toolchain and Linux runtime dependencies	2026-10-05T15:47:31.5122426Z   libx265-199 libxau-dev libxcb-composite0 libxcb-xkb1 libxcb1-dev
conformance-and-platform	Install toolchain and Linux runtime dependencies	2026-10-05T15:47:31.5123236Z   libxdmcp-dev libxkbcommon-dev libxkbcommon-x11-0 libxvidcore4 libzimg2
conformance-and-platform	Install toolchain and Linux runtime dependencies	2026-10-05T15:47:31.5123956Z   libzix-0-0 libzvbi-common libzvbi0t64 mesa-utils mesa-utils-bin ninja-build
conformance-and-platform	Install toolchain and Linux runtime dependencies	2026-10-05T15:47:31.5124647Z   ocl-icd-libopencl1 uuid-dev weston x11proto-dev xorg-sgml-doctools
conformance-and-platform	Install toolchain and Linux runtime dependencies	2026-10-05T15:47:31.5125125Z   xtrans-dev
conformance-and-platform	Install toolchain and Linux runtime dependencies	2026-10-05T15:47:31.5125421Z The following packages will be upgraded:
conformance-and-platform	Install toolchain and Linux runtime dependencies	2026-10-05T15:47:31.5125951Z   libgbm1 libgl1-mesa-dri libglx-mesa0 mesa-libgallium
conformance-and-platform	Install toolchain and Linux runtime dependencies	2026-10-05T15:47:31.5414791Z 4 upgraded, 131 newly installed, 0 to remove and 21 not upgraded.
conformance-and-platform	Install toolchain and Linux runtime dependencies	2026-10-05T15:47:31.5415294Z Need to get 109 MB of archives.
conformance-and-platform	Install toolchain and Linux runtime dependencies	2026-10-05T15:47:31.5415572Z After this operation, 494 MB of additional disk space will be used.
conformance-and-platform	Install toolchain and Linux runtime dependencies	2026-10-05T15:47:31.5415994Z Get:1 file:/etc/apt/apt-mirrors.txt Mirrorlist [144 B]
conformance-and-platform	Install toolchain and Linux runtime dependencies	2026-10-05T15:47:31.6413723Z Get:2 http://azure.archive.ubuntu.com/ubuntu noble/main amd64 build-essential amd64 12.10ubuntu1 [4928 B]
conformance-and-platform	Install toolchain and Linux runtime dependencies	2026-10-05T15:47:31.7245229Z Get:3 http://azure.archive.ubuntu.com/ubuntu noble/universe amd64 clang amd64 1:18.0-59~exp2 [5846 B]
conformance-and-platform	Install toolchain and Linux runtime dependencies	2026-10-05T15:47:31.8075413Z Get:4 http://azure.archive.ubuntu.com/ubuntu noble/universe amd64 libaml0t64 amd64 0.3.0-1.1build1 [11.6 kB]
conformance-and-platform	Install toolchain and Linux runtime dependencies	2026-10-05T15:47:31.8915947Z Get:5 http://azure.archive.ubuntu.com/ubuntu noble/universe amd64 libunibreak5 amd64 5.1-2build1 [25.0 kB]
conformance-and-platform	Install toolchain and Linux runtime dependencies	2026-10-05T15:47:31.9734870Z Get:6 http://azure.archive.ubuntu.com/ubuntu noble/universe amd64 libass9 amd64 1:0.17.1-2build1 [104 kB]
conformance-and-platform	Install toolchain and Linux runtime dependencies	2026-10-05T15:47:32.0517824Z Get:7 http://azure.archive.ubuntu.com/ubuntu noble/main amd64 libasyncns0 amd64 0.8-6build4 [11.3 kB]
conformance-and-platform	Install toolchain and Linux runtime dependencies	2026-10-05T15:47:32.1280295Z Get:8 http://azure.archive.ubuntu.com/ubuntu noble-updates/universe amd64 libva2 amd64 2.20.0-2ubuntu0.2 [66.4 kB]
conformance-and-platform	Install toolchain and Linux runtime dependencies	2026-10-05T15:47:32.2049591Z Get:9 http://azure.archive.ubuntu.com/ubuntu noble-updates/universe amd64 libva-drm2 amd64 2.20.0-2ubuntu0.2 [7124 B]
conformance-and-platform	Install toolchain and Linux runtime dependencies	2026-10-05T15:47:32.2813920Z Get:10 http://azure.archive.ubuntu.com/ubuntu noble-updates/universe amd64 libva-x11-2 amd64 2.20.0-2ubuntu0.2 [12.0 kB]
conformance-and-platform	Install toolchain and Linux runtime dependencies	2026-10-05T15:47:32.3576660Z Get:11 http://azure.archive.ubuntu.com/ubuntu noble/main amd64 libvdpau1 amd64 1.5-2build1 [27.8 kB]
conformance-and-platform	Install toolchain and Linux runtime dependencies	2026-10-05T15:47:32.4394920Z Get:12 http://azure.archive.ubuntu.com/ubuntu noble/universe amd64 libvpl2 amd64 2023.3.0-1build1 [99.8 kB]
conformance-and-platform	Install toolchain and Linux runtime dependencies	2026-10-05T15:47:32.5219764Z Get:13 http://azure.archive.ubuntu.com/ubuntu noble/universe amd64 ocl-icd-libopencl1 amd64 2.3.2-1build1 [38.5 kB]
conformance-and-platform	Install toolchain and Linux runtime dependencies	2026-10-05T15:47:32.5984170Z Get:14 http://azure.archive.ubuntu.com/ubuntu noble/universe amd64 libavutil58 amd64 7:6.1.1-3ubuntu5 [401 kB]
conformance-and-platform	Install toolchain and Linux runtime dependencies	2026-10-05T15:47:32.6841306Z Get:15 http://azure.archive.ubuntu.com/ubuntu noble/universe amd64 libcodec2-1.2 amd64 1.2.0-2build1 [8998 kB]
conformance-and-platform	Install toolchain and Linux runtime dependencies	2026-10-05T15:47:32.9893848Z Get:16 http://azure.archive.ubuntu.com/ubuntu noble/universe amd64 libdav1d7 amd64 1.4.1-1build1 [604 kB]
conformance-and-platform	Install toolchain and Linux runtime dependencies	2026-10-05T15:47:33.0801373Z Get:17 http://azure.archive.ubuntu.com/ubuntu noble/universe amd64 libgsm1 amd64 1.0.22-1build1 [27.8 kB]
conformance-and-platform	Install toolchain and Linux runtime dependencies	2026-10-05T15:47:33.1745882Z Get:18 http://azure.archive.ubuntu.com/ubuntu noble/universe amd64 libhwy1t64 amd64 1.0.7-8.1build1 [584 kB]
conformance-and-platform	Install toolchain and Linux runtime dependencies	2026-10-05T15:47:33.2710916Z Get:19 http://azure.archive.ubuntu.com/ubuntu noble-updates/universe amd64 libjxl0.7 amd64 0.7.0-10.2ubuntu6.1 [1001 kB]
conformance-and-platform	Install toolchain and Linux runtime dependencies	2026-10-05T15:47:33.3702956Z Get:20 http://azure.archive.ubuntu.com/ubuntu noble/main amd64 libmp3lame0 amd64 3.100-6build1 [142 kB]
conformance-and-platform	Install toolchain and Linux runtime dependencies	2026-10-05T15:47:33.4486853Z Get:21 http://azure.archive.ubuntu.com/ubuntu noble/main amd64 libopus0 amd64 1.4-1build1 [208 kB]
conformance-and-platform	Install toolchain and Linux runtime dependencies	2026-10-05T15:47:33.5291619Z Get:22 http://azure.archive.ubuntu.com/ubuntu noble/universe amd64 librav1e0 amd64 0.7.1-2 [1022 kB]
conformance-and-platform	Install toolchain and Linux runtime dependencies	2026-10-05T15:47:33.6287756Z Get:23 http://azure.archive.ubuntu.com/ubuntu noble/main amd64 librsvg2-2 amd64 2.58.0+dfsg-1build1 [2135 kB]
conformance-and-platform	Install toolchain and Linux runtime dependencies	2026-10-05T15:47:33.7558073Z Get:24 http://azure.archive.ubuntu.com/ubuntu noble/universe amd64 libshine3 amd64 3.1.1-2build1 [23.2 kB]
conformance-and-platform	Install toolchain and Linux runtime dependencies	2026-10-05T15:47:33.8323485Z Get:25 http://azure.archive.ubuntu.com/ubuntu noble-updates/main amd64 libspeex1 amd64 1.2.1-2ubuntu2.24.04.1 [59.6 kB]
conformance-and-platform	Install toolchain and Linux runtime dependencies	2026-10-05T15:47:33.9091376Z Get:26 http://azure.archive.ubuntu.com/ubuntu noble/universe amd64 libsvtav1enc1d1 amd64 1.7.0+dfsg-2build1 [2425 kB]
conformance-and-platform	Install toolchain and Linux runtime dependencies	2026-10-05T15:47:34.0434582Z Get:27 http://azure.archive.ubuntu.com/ubuntu noble/universe amd64 libsoxr0 amd64 0.1.3-4build3 [80.0 kB]
conformance-and-platform	Install toolchain and Linux runtime dependencies	2026-10-05T15:47:34.1203751Z Get:28 http://azure.archive.ubuntu.com/ubuntu noble/universe amd64 libswresample4 amd64 7:6.1.1-3ubuntu5 [63.8 kB]
conformance-and-platform	Install toolchain and Linux runtime dependencies	2026-10-05T15:47:34.1974572Z Get:29 http://azure.archive.ubuntu.com/ubuntu noble/main amd64 libtheora0 amd64 1.1.1+dfsg.1-16.1build3 [211 kB]
conformance-and-platform	Install toolchain and Linux runtime dependencies	2026-10-05T15:47:34.2787142Z Get:30 http://azure.archive.ubuntu.com/ubuntu noble/main amd64 libtwolame0 amd64 0.4.0-2build3 [52.3 kB]
conformance-and-platform	Install toolchain and Linux runtime dependencies	2026-10-05T15:47:34.3597658Z Get:31 http://azure.archive.ubuntu.com/ubuntu noble/main amd64 libvorbisenc2 amd64 1.3.7-1build3 [80.8 kB]
conformance-and-platform	Install toolchain and Linux runtime dependencies	2026-10-05T15:47:34.4366660Z Get:32 http://azure.archive.ubuntu.com/ubuntu noble-updates/main amd64 libvpx9 amd64 1.14.0-1ubuntu2.3 [1143 kB]
conformance-and-platform	Install toolchain and Linux runtime dependencies	2026-10-05T15:47:34.5412493Z Get:33 http://azure.archive.ubuntu.com/ubuntu noble/universe amd64 libx264-164 amd64 2:0.164.3108+git31e19f9-1 [604 kB]
conformance-and-platform	Install toolchain and Linux runtime dependencies	2026-10-05T15:47:34.6310498Z Get:34 http://azure.archive.ubuntu.com/ubuntu noble/universe amd64 libx265-199 amd64 3.5-2build1 [1226 kB]
conformance-and-platform	Install toolchain and Linux runtime dependencies	2026-10-05T15:47:34.7360206Z Get:35 http://azure.archive.ubuntu.com/ubuntu noble/universe amd64 libxvidcore4 amd64 2:1.3.7-1build1 [219 kB]
conformance-and-platform	Install toolchain and Linux runtime dependencies	2026-10-05T15:47:34.8169375Z Get:36 http://azure.archive.ubuntu.com/ubuntu noble/universe amd64 libzvbi-common all 0.2.42-2 [42.4 kB]
conformance-and-platform	Install toolchain and Linux runtime dependencies	2026-10-05T15:47:34.8937361Z Get:37 http://azure.archive.ubuntu.com/ubuntu noble/universe amd64 libzvbi0t64 amd64 0.2.42-2 [261 kB]
conformance-and-platform	Install toolchain and Linux runtime dependencies	2026-10-05T15:47:34.9952511Z Get:38 http://azure.archive.ubuntu.com/ubuntu noble/universe amd64 libavcodec60 amd64 7:6.1.1-3ubuntu5 [5851 kB]
conformance-and-platform	Install toolchain and Linux runtime dependencies	2026-10-05T15:47:35.2003804Z Get:39 http://azure.archive.ubuntu.com/ubuntu noble/universe amd64 libudfread0 amd64 1.1.2-1build1 [19.0 kB]
conformance-and-platform	Install toolchain and Linux runtime dependencies	2026-10-05T15:47:35.2794704Z Get:40 http://azure.archive.ubuntu.com/ubuntu noble/universe amd64 libbluray2 amd64 1:1.3.4-1build1 [159 kB]
conformance-and-platform	Install toolchain and Linux runtime dependencies	2026-10-05T15:47:35.3596229Z Get:41 http://azure.archive.ubuntu.com/ubuntu noble/universe amd64 libchromaprint1 amd64 1.5.1-5 [30.5 kB]
conformance-and-platform	Install toolchain and Linux runtime dependencies	2026-10-05T15:47:35.4361595Z Get:42 http://azure.archive.ubuntu.com/ubuntu noble/universe amd64 libgme0 amd64 0.6.3-7build1 [134 kB]
conformance-and-platform	Install toolchain and Linux runtime dependencies	2026-10-05T15:47:35.5152536Z Get:43 http://azure.archive.ubuntu.com/ubuntu noble-updates/main amd64 libmpg123-0t64 amd64 1.32.5-1ubuntu1.1 [169 kB]
conformance-and-platform	Install toolchain and Linux runtime dependencies	2026-10-05T15:47:35.5940666Z Get:44 http://azure.archive.ubuntu.com/ubuntu noble/universe amd64 libopenmpt0t64 amd64 0.7.3-1.1build3 [647 kB]
conformance-and-platform	Install toolchain and Linux runtime dependencies	2026-10-05T15:47:35.6884152Z Get:45 http://azure.archive.ubuntu.com/ubuntu noble/universe amd64 libcjson1 amd64 1.7.17-1 [24.8 kB]
conformance-and-platform	Install toolchain and Linux runtime dependencies	2026-10-05T15:47:35.7649737Z Get:46 http://azure.archive.ubuntu.com/ubuntu noble/universe amd64 libmbedcrypto7t64 amd64 2.28.8-1 [209 kB]
conformance-and-platform	Install toolchain and Linux runtime dependencies	2026-10-05T15:47:35.8452148Z Get:47 http://azure.archive.ubuntu.com/ubuntu noble/universe amd64 librist4 amd64 0.2.10+dfsg-2 [74.9 kB]
conformance-and-platform	Install toolchain and Linux runtime dependencies	2026-10-05T15:47:35.9223222Z Get:48 http://azure.archive.ubuntu.com/ubuntu noble/universe amd64 libsrt1.5-gnutls amd64 1.5.3-1build2 [316 kB]
conformance-and-platform	Install toolchain and Linux runtime dependencies	2026-10-05T15:47:36.0106426Z Get:49 http://azure.archive.ubuntu.com/ubuntu noble-updates/main amd64 libssh-gcrypt-4 amd64 0.10.6-2ubuntu0.5 [226 kB]
conformance-and-platform	Install toolchain and Linux runtime dependencies	2026-10-05T15:47:36.0892261Z Get:50 http://azure.archive.ubuntu.com/ubuntu noble/universe amd64 libavformat60 amd64 7:6.1.1-3ubuntu5 [1153 kB]
conformance-and-platform	Install toolchain and Linux runtime dependencies	2026-10-05T15:47:36.2126160Z Get:51 http://azure.archive.ubuntu.com/ubuntu noble/universe amd64 libbs2b0 amd64 3.1.0+dfsg-7build1 [10.6 kB]
conformance-and-platform	Install toolchain and Linux runtime dependencies	2026-10-05T15:47:36.2947251Z Get:52 http://azure.archive.ubuntu.com/ubuntu noble/universe amd64 libflite1 amd64 2.2-6build3 [13.6 MB]
conformance-and-platform	Install toolchain and Linux runtime dependencies	2026-10-05T15:47:36.7352943Z Get:53 http://azure.archive.ubuntu.com/ubuntu noble/universe amd64 libserd-0-0 amd64 0.32.2-1 [43.6 kB]
conformance-and-platform	Install toolchain and Linux runtime dependencies	2026-10-05T15:47:36.8185376Z Get:54 http://azure.archive.ubuntu.com/ubuntu noble/universe amd64 libzix-0-0 amd64 0.4.2-2build1 [23.6 kB]
conformance-and-platform	Install toolchain and Linux runtime dependencies	2026-10-05T15:47:36.8949780Z Get:55 http://azure.archive.ubuntu.com/ubuntu noble/universe amd64 libsord-0-0 amd64 0.16.16-2build1 [15.8 kB]
conformance-and-platform	Install toolchain and Linux runtime dependencies	2026-10-05T15:47:36.9716246Z Get:56 http://azure.archive.ubuntu.com/ubuntu noble/universe amd64 libsratom-0-0 amd64 0.6.16-1build1 [17.3 kB]
conformance-and-platform	Install toolchain and Linux runtime dependencies	2026-10-05T15:47:37.0479927Z Get:57 http://azure.archive.ubuntu.com/ubuntu noble/universe amd64 liblilv-0-0 amd64 0.24.22-1build1 [41.0 kB]
conformance-and-platform	Install toolchain and Linux runtime dependencies	2026-10-05T15:47:37.1261185Z Get:58 http://azure.archive.ubuntu.com/ubuntu noble/universe amd64 libmysofa1 amd64 1.3.2+dfsg-2ubuntu2 [1158 kB]
conformance-and-platform	Install toolchain and Linux runtime dependencies	2026-10-05T15:47:37.2291581Z Get:59 http://azure.archive.ubuntu.com/ubuntu noble/universe amd64 libplacebo338 amd64 6.338.2-2build1 [2654 kB]
conformance-and-platform	Install toolchain and Linux runtime dependencies	2026-10-05T15:47:37.3765732Z Get:60 http://azure.archive.ubuntu.com/ubuntu noble-updates/main amd64 libblas3 amd64 3.12.0-3build1.1 [238 kB]
conformance-and-platform	Install toolchain and Linux runtime dependencies	2026-10-05T15:47:37.4595644Z Get:61 http://azure.archive.ubuntu.com/ubuntu noble-updates/main amd64 liblapack3 amd64 3.12.0-3build1.1 [2646 kB]
conformance-and-platform	Install toolchain and Linux runtime dependencies	2026-10-05T15:47:37.5990948Z Get:62 http://azure.archive.ubuntu.com/ubuntu noble/main amd64 libflac12t64 amd64 1.4.3+ds-2.1ubuntu2 [197 kB]
conformance-and-platform	Install toolchain and Linux runtime dependencies	2026-10-05T15:47:37.6806958Z Get:63 http://azure.archive.ubuntu.com/ubuntu noble-updates/main amd64 libsndfile1 amd64 1.2.2-1ubuntu5.24.04.1 [209 kB]
conformance-and-platform	Install toolchain and Linux runtime dependencies	2026-10-05T15:47:37.7617764Z Get:64 http://azure.archive.ubuntu.com/ubuntu noble-updates/main amd64 libpulse0 amd64 1:16.1+dfsg1-2ubuntu10.1 [292 kB]
conformance-and-platform	Install toolchain and Linux runtime dependencies	2026-10-05T15:47:37.8501335Z Get:65 http://azure.archive.ubuntu.com/ubuntu noble/universe amd64 libsphinxbase3t64 amd64 0.8+5prealpha+1-17build2 [126 kB]
conformance-and-platform	Install toolchain and Linux runtime dependencies	2026-10-05T15:47:37.9316571Z Get:66 http://azure.archive.ubuntu.com/ubuntu noble/universe amd64 libpocketsphinx3 amd64 0.8.0+real5prealpha+1-15ubuntu5 [133 kB]
conformance-and-platform	Install toolchain and Linux runtime dependencies	2026-10-05T15:47:38.0087933Z Get:67 http://azure.archive.ubuntu.com/ubuntu noble/universe amd64 libpostproc57 amd64 7:6.1.1-3ubuntu5 [49.9 kB]
conformance-and-platform	Install toolchain and Linux runtime dependencies	2026-10-05T15:47:38.0859340Z Get:68 http://azure.archive.ubuntu.com/ubuntu noble/main amd64 libsamplerate0 amd64 0.2.2-4build1 [1344 kB]
conformance-and-platform	Install toolchain and Linux runtime dependencies	2026-10-05T15:47:38.1943958Z Get:69 http://azure.archive.ubuntu.com/ubuntu noble/universe amd64 librubberband2 amd64 3.3.0+dfsg-2build1 [130 kB]
conformance-and-platform	Install toolchain and Linux runtime dependencies	2026-10-05T15:47:38.2736661Z Get:70 http://azure.archive.ubuntu.com/ubuntu noble/universe amd64 libswscale7 amd64 7:6.1.1-3ubuntu5 [193 kB]
conformance-and-platform	Install toolchain and Linux runtime dependencies	2026-10-05T15:47:38.3553869Z Get:71 http://azure.archive.ubuntu.com/ubuntu noble/universe amd64 libvidstab1.1 amd64 1.1.0-2build1 [38.5 kB]
conformance-and-platform	Install toolchain and Linux runtime dependencies	2026-10-05T15:47:38.4320373Z Get:72 http://azure.archive.ubuntu.com/ubuntu noble/universe amd64 libzimg2 amd64 3.0.5+ds1-1build1 [254 kB]
conformance-and-platform	Install toolchain and Linux runtime dependencies	2026-10-05T15:47:38.5143534Z Get:73 http://azure.archive.ubuntu.com/ubuntu noble/universe amd64 libavfilter9 amd64 7:6.1.1-3ubuntu5 [4235 kB]
conformance-and-platform	Install toolchain and Linux runtime dependencies	2026-10-05T15:47:38.6947024Z Get:74 http://azure.archive.ubuntu.com/ubuntu noble/main amd64 libbrotli-dev amd64 1.1.0-2build2 [353 kB]
conformance-and-platform	Install toolchain and Linux runtime dependencies	2026-10-05T15:47:38.7811777Z Get:75 http://azure.archive.ubuntu.com/ubuntu noble-updates/main amd64 libbz2-dev amd64 1.0.8-5.1ubuntu0.1 [33.6 kB]
conformance-and-platform	Install toolchain and Linux runtime dependencies	2026-10-05T15:47:38.8576135Z Get:76 http://azure.archive.ubuntu.com/ubuntu noble-updates/universe amd64 libclang-18-dev amd64 1:18.1.3-1ubuntu1 [28.8 MB]
conformance-and-platform	Install toolchain and Linux runtime dependencies	2026-10-05T15:47:39.7588927Z Get:77 http://azure.archive.ubuntu.com/ubuntu noble/main amd64 libdecor-0-0 amd64 0.2.2-1build2 [16.5 kB]
conformance-and-platform	Install toolchain and Linux runtime dependencies	2026-10-05T15:47:39.8354412Z Get:78 http://azure.archive.ubuntu.com/ubuntu noble-updates/main amd64 libgl1-mesa-dri amd64 25.2.8-0ubuntu0.24.04.4 [38.0 kB]
conformance-and-platform	Install toolchain and Linux runtime dependencies	2026-10-05T15:47:39.9122111Z Get:79 http://azure.archive.ubuntu.com/ubuntu noble-updates/main amd64 libglx-mesa0 amd64 25.2.8-0ubuntu0.24.04.4 [110 kB]
conformance-and-platform	Install toolchain and Linux runtime dependencies	2026-10-05T15:47:39.9901880Z Get:80 http://azure.archive.ubuntu.com/ubuntu noble-updates/main amd64 libgbm1 amd64 25.2.8-0ubuntu0.24.04.4 [34.2 kB]
conformance-and-platform	Install toolchain and Linux runtime dependencies	2026-10-05T15:47:40.0671739Z Get:81 http://azure.archive.ubuntu.com/ubuntu noble-updates/main amd64 mesa-libgallium amd64 25.2.8-0ubuntu0.24.04.4 [10.8 MB]
conformance-and-platform	Install toolchain and Linux runtime dependencies	2026-10-05T15:47:40.6996410Z Get:82 http://azure.archive.ubuntu.com/ubuntu noble-updates/main amd64 libegl-mesa0 amd64 25.2.8-0ubuntu0.24.04.4 [117 kB]
conformance-and-platform	Install toolchain and Linux runtime dependencies	2026-10-05T15:47:40.7776846Z Get:83 http://azure.archive.ubuntu.com/ubuntu noble/main amd64 libegl1 amd64 1.7.0-1build1 [28.7 kB]
conformance-and-platform	Install toolchain and Linux runtime dependencies	2026-10-05T15:47:40.8543451Z Get:84 http://azure.archive.ubuntu.com/ubuntu noble/main amd64 xorg-sgml-doctools all 1:1.11-1.1 [10.9 kB]
conformance-and-platform	Install toolchain and Linux runtime dependencies	2026-10-05T15:47:40.9316809Z Get:85 http://azure.archive.ubuntu.com/ubuntu noble/main amd64 x11proto-dev all 2023.2-1 [602 kB]
conformance-and-platform	Install toolchain and Linux runtime dependencies	2026-10-05T15:47:41.0219772Z Get:86 http://azure.archive.ubuntu.com/ubuntu noble/main amd64 libxau-dev amd64 1:1.0.9-1build6 [9570 B]
conformance-and-platform	Install toolchain and Linux runtime dependencies	2026-10-05T15:47:41.0985530Z Get:87 http://azure.archive.ubuntu.com/ubuntu noble/main amd64 libxdmcp-dev amd64 1:1.1.3-0ubuntu6 [26.5 kB]
conformance-and-platform	Install toolchain and Linux runtime dependencies	2026-10-05T15:47:41.1807688Z Get:88 http://azure.archive.ubuntu.com/ubuntu noble/main amd64 xtrans-dev all 1.4.0-1 [68.9 kB]
conformance-and-platform	Install toolchain and Linux runtime dependencies	2026-10-05T15:47:41.2640038Z Get:89 http://azure.archive.ubuntu.com/ubuntu noble/main amd64 libpthread-stubs0-dev amd64 0.4-1build3 [4746 B]
conformance-and-platform	Install toolchain and Linux runtime dependencies	2026-10-05T15:47:41.3436960Z Get:90 http://azure.archive.ubuntu.com/ubuntu noble/main amd64 libxcb1-dev amd64 1.15-1ubuntu2 [85.8 kB]
conformance-and-platform	Install toolchain and Linux runtime dependencies	2026-10-05T15:47:41.4260807Z Get:91 http://azure.archive.ubuntu.com/ubuntu noble/main amd64 libx11-dev amd64 2:1.8.7-1build1 [732 kB]
conformance-and-platform	Install toolchain and Linux runtime dependencies	2026-10-05T15:47:41.5306368Z Get:92 http://azure.archive.ubuntu.com/ubuntu noble/main amd64 libglx-dev amd64 1.7.0-1build1 [14.2 kB]
conformance-and-platform	Install toolchain and Linux runtime dependencies	2026-10-05T15:47:41.6130735Z Get:93 http://azure.archive.ubuntu.com/ubuntu noble/main amd64 libgl-dev amd64 1.7.0-1build1 [102 kB]
conformance-and-platform	Install toolchain and Linux runtime dependencies	2026-10-05T15:47:41.6955102Z Get:94 http://azure.archive.ubuntu.com/ubuntu noble/main amd64 libegl-dev amd64 1.7.0-1build1 [18.2 kB]
conformance-and-platform	Install toolchain and Linux runtime dependencies	2026-10-05T15:47:41.7783342Z Get:95 http://azure.archive.ubuntu.com/ubuntu noble-updates/main amd64 libpng-dev amd64 1.6.43-5ubuntu0.6 [265 kB]
conformance-and-platform	Install toolchain and Linux runtime dependencies	2026-10-05T15:47:41.8629812Z Get:96 http://azure.archive.ubuntu.com/ubuntu noble-updates/main amd64 libfreetype-dev amd64 2.13.2+dfsg-1ubuntu0.1 [575 kB]
conformance-and-platform	Install toolchain and Linux runtime dependencies	2026-10-05T15:47:41.9492565Z Get:97 http://azure.archive.ubuntu.com/ubuntu noble-updates/main amd64 uuid-dev amd64 2.39.3-9ubuntu6.6 [33.5 kB]
conformance-and-platform	Install toolchain and Linux runtime dependencies	2026-10-05T15:47:42.0570223Z Get:98 http://azure.archive.ubuntu.com/ubuntu noble/main amd64 libfontconfig-dev amd64 2.15.0-1.1ubuntu2 [161 kB]
conformance-and-platform	Install toolchain and Linux runtime dependencies	2026-10-05T15:47:42.1381504Z Get:99 http://azure.archive.ubuntu.com/ubuntu noble/main amd64 libfontconfig1-dev amd64 2.15.0-1.1ubuntu2 [1840 B]
conformance-and-platform	Install toolchain and Linux runtime dependencies	2026-10-05T15:47:42.2155894Z Get:100 http://azure.archive.ubuntu.com/ubuntu noble/universe amd64 libwinpr2-2t64 amd64 2.11.5+dfsg1-1build2 [350 kB]
conformance-and-platform	Install toolchain and Linux runtime dependencies	2026-10-05T15:47:42.2951692Z Get:101 http://azure.archive.ubuntu.com/ubuntu noble/universe amd64 libfreerdp2-2t64 amd64 2.11.5+dfsg1-1build2 [559 kB]
conformance-and-platform	Install toolchain and Linux runtime dependencies	2026-10-05T15:47:42.3900385Z Get:102 http://azure.archive.ubuntu.com/ubuntu noble/universe amd64 libfreerdp-server2-2t64 amd64 2.11.5+dfsg1-1build2 [108 kB]
conformance-and-platform	Install toolchain and Linux runtime dependencies	2026-10-05T15:47:42.5907142Z Get:103 http://azure.archive.ubuntu.com/ubuntu noble/main amd64 libgles1 amd64 1.7.0-1build1 [11.6 kB]
conformance-and-platform	Install toolchain and Linux runtime dependencies	2026-10-05T15:47:42.6063805Z Get:104 http://azure.archive.ubuntu.com/ubuntu noble/main amd64 libgles2 amd64 1.7.0-1build1 [17.1 kB]
conformance-and-platform	Install toolchain and Linux runtime dependencies	2026-10-05T15:47:42.6213025Z Get:105 http://azure.archive.ubuntu.com/ubuntu noble/main amd64 libgles-dev amd64 1.7.0-1build1 [50.5 kB]
conformance-and-platform	Install toolchain and Linux runtime dependencies	2026-10-05T15:47:42.6539561Z Get:106 http://azure.archive.ubuntu.com/ubuntu noble-updates/main amd64 liborc-0.4-0t64 amd64 1:0.4.38-1ubuntu0.1 [207 kB]
conformance-and-platform	Install toolchain and Linux runtime dependencies	2026-10-05T15:47:42.7242328Z Get:107 http://azure.archive.ubuntu.com/ubuntu noble-updates/main amd64 libgstreamer-plugins-base1.0-0 amd64 1.24.2-1ubuntu0.5 [862 kB]
conformance-and-platform	Install toolchain and Linux runtime dependencies	2026-10-05T15:47:42.7487087Z Get:108 http://azure.archive.ubuntu.com/ubuntu noble/main amd64 libwacom-common all 2.10.0-2 [63.4 kB]
conformance-and-platform	Install toolchain and Linux runtime dependencies	2026-10-05T15:47:42.7637675Z Get:109 http://azure.archive.ubuntu.com/ubuntu noble/main amd64 libwacom9 amd64 2.10.0-2 [23.9 kB]
conformance-and-platform	Install toolchain and Linux runtime dependencies	2026-10-05T15:47:42.7797306Z Get:110 http://azure.archive.ubuntu.com/ubuntu noble-updates/main amd64 libinput-bin amd64 1.25.0-1ubuntu3.7 [23.6 kB]
conformance-and-platform	Install toolchain and Linux runtime dependencies	2026-10-05T15:47:42.7944818Z Get:111 http://azure.archive.ubuntu.com/ubuntu noble/main amd64 libmtdev1t64 amd64 1.1.6-1.1build1 [14.4 kB]
conformance-and-platform	Install toolchain and Linux runtime dependencies	2026-10-05T15:47:42.8097987Z Get:112 http://azure.archive.ubuntu.com/ubuntu noble-updates/main amd64 libinput10 amd64 1.25.0-1ubuntu3.7 [133 kB]
conformance-and-platform	Install toolchain and Linux runtime dependencies	2026-10-05T15:47:42.8253794Z Get:113 http://azure.archive.ubuntu.com/ubuntu noble/universe amd64 libturbojpeg amd64 1:2.1.5-2ubuntu2 [192 kB]
conformance-and-platform	Install toolchain and Linux runtime dependencies	2026-10-05T15:47:42.8416710Z Get:114 http://azure.archive.ubuntu.com/ubuntu noble/universe amd64 libneatvnc0 amd64 0.7.1+dfsg-2build3 [55.7 kB]
conformance-and-platform	Install toolchain and Linux runtime dependencies	2026-10-05T15:47:42.8566977Z Get:115 http://azure.archive.ubuntu.com/ubuntu noble/main amd64 libopengl0 amd64 1.7.0-1build1 [32.8 kB]
conformance-and-platform	Install toolchain and Linux runtime dependencies	2026-10-05T15:47:42.8715216Z Get:116 http://azure.archive.ubuntu.com/ubuntu noble/main amd64 libopengl-dev amd64 1.7.0-1build1 [3454 B]
conformance-and-platform	Install toolchain and Linux runtime dependencies	2026-10-05T15:47:42.8862974Z Get:117 http://azure.archive.ubuntu.com/ubuntu noble/main amd64 libwebrtc-audio-processing1 amd64 0.3.1-0ubuntu6 [290 kB]
conformance-and-platform	Install toolchain and Linux runtime dependencies	2026-10-05T15:47:42.9033796Z Get:118 http://azure.archive.ubuntu.com/ubuntu noble-updates/main amd64 libspa-0.2-modules amd64 1.0.5-1ubuntu3.3 [628 kB]
conformance-and-platform	Install toolchain and Linux runtime dependencies	2026-10-05T15:47:42.9233398Z Get:119 http://azure.archive.ubuntu.com/ubuntu noble-updates/main amd64 libpipewire-0.3-0t64 amd64 1.0.5-1ubuntu3.3 [252 kB]
conformance-and-platform	Install toolchain and Linux runtime dependencies	2026-10-05T15:47:42.9393945Z Get:120 http://azure.archive.ubuntu.com/ubuntu noble/universe amd64 libseat1 amd64 0.8.0-1 [28.3 kB]
conformance-and-platform	Install toolchain and Linux runtime dependencies	2026-10-05T15:47:43.0012427Z Get:121 http://azure.archive.ubuntu.com/ubuntu noble/main amd64 libwayland-server0 amd64 1.22.0-2.1build1 [33.9 kB]
conformance-and-platform	Install toolchain and Linux runtime dependencies	2026-10-05T15:47:43.0162265Z Get:122 http://azure.archive.ubuntu.com/ubuntu noble/main amd64 libxcb-composite0 amd64 1.15-1ubuntu2 [5304 B]
conformance-and-platform	Install toolchain and Linux runtime dependencies	2026-10-05T15:47:43.0311803Z Get:123 http://azure.archive.ubuntu.com/ubuntu noble/main amd64 libxcb-xkb1 amd64 1.15-1ubuntu2 [32.3 kB]
conformance-and-platform	Install toolchain and Linux runtime dependencies	2026-10-05T15:47:43.0461796Z Get:124 http://azure.archive.ubuntu.com/ubuntu noble/universe amd64 libweston-13-0 amd64 13.0.0-4build3 [415 kB]
conformance-and-platform	Install toolchain and Linux runtime dependencies	2026-10-05T15:47:43.0631457Z Get:125 http://azure.archive.ubuntu.com/ubuntu noble/main amd64 libx11-xcb-dev amd64 2:1.8.7-1build1 [9950 B]
conformance-and-platform	Install toolchain and Linux runtime dependencies	2026-10-05T15:47:43.0778818Z Get:126 http://azure.archive.ubuntu.com/ubuntu noble/main amd64 libxkbcommon-dev amd64 1.6.0-1build1 [56.3 kB]
conformance-and-platform	Install toolchain and Linux runtime dependencies	2026-10-05T15:47:43.0933513Z Get:127 http://azure.archive.ubuntu.com/ubuntu noble/main amd64 libxkbcommon-x11-0 amd64 1.6.0-1build1 [14.5 kB]
conformance-and-platform	Install toolchain and Linux runtime dependencies	2026-10-05T15:47:43.1085025Z Get:128 http://azure.archive.ubuntu.com/ubuntu noble/universe amd64 mesa-utils-bin amd64 9.0.0-2 [164 kB]
conformance-and-platform	Install toolchain and Linux runtime dependencies	2026-10-05T15:47:43.1244079Z Get:129 http://azure.archive.ubuntu.com/ubuntu noble/universe amd64 ninja-build amd64 1.11.1-2 [129 kB]
conformance-and-platform	Install toolchain and Linux runtime dependencies	2026-10-05T15:47:43.1397133Z Get:130 http://azure.archive.ubuntu.com/ubuntu noble/universe amd64 weston amd64 13.0.0-4build3 [953 kB]
conformance-and-platform	Install toolchain and Linux runtime dependencies	2026-10-05T15:47:43.1604322Z Get:131 http://azure.archive.ubuntu.com/ubuntu noble/main amd64 libglvnd-core-dev amd64 1.7.0-1build1 [13.6 kB]
conformance-and-platform	Install toolchain and Linux runtime dependencies	2026-10-05T15:47:43.1753253Z Get:132 http://azure.archive.ubuntu.com/ubuntu noble/main amd64 libglvnd-dev amd64 1.7.0-1build1 [3198 B]
conformance-and-platform	Install toolchain and Linux runtime dependencies	2026-10-05T15:47:43.1901733Z Get:133 http://azure.archive.ubuntu.com/ubuntu noble-updates/main amd64 libgl1-mesa-dev amd64 25.2.8-0ubuntu0.24.04.4 [22.8 kB]
conformance-and-platform	Install toolchain and Linux runtime dependencies	2026-10-05T15:47:43.2098138Z Get:134 http://azure.archive.ubuntu.com/ubuntu noble/main amd64 libwayland-bin amd64 1.22.0-2.1build1 [20.6 kB]
conformance-and-platform	Install toolchain and Linux runtime dependencies	2026-10-05T15:47:43.2247008Z Get:135 http://azure.archive.ubuntu.com/ubuntu noble/main amd64 libwayland-dev amd64 1.22.0-2.1build1 [71.3 kB]
conformance-and-platform	Install toolchain and Linux runtime dependencies	2026-10-05T15:47:43.2408914Z Get:136 http://azure.archive.ubuntu.com/ubuntu noble/universe amd64 mesa-utils amd64 9.0.0-2 [1051 kB]
conformance-and-platform	Install toolchain and Linux runtime dependencies	2026-10-05T15:47:43.5532135Z Fetched 109 MB in 12s (9272 kB/s)
conformance-and-platform	Install toolchain and Linux runtime dependencies	2026-10-05T15:47:43.5935425Z Selecting previously unselected package build-essential.
conformance-and-platform	Install toolchain and Linux runtime dependencies	2026-10-05T15:47:43.6133684Z (Reading database ... 
conformance-and-platform	Install toolchain and Linux runtime dependencies	2026-10-05T15:47:43.6133997Z (Reading database ... 5%
conformance-and-platform	Install toolchain and Linux runtime dependencies	2026-10-05T15:47:43.6134348Z (Reading database ... 10%
conformance-and-platform	Install toolchain and Linux runtime dependencies	2026-10-05T15:47:43.6134556Z (Reading database ... 15%
conformance-and-platform	Install toolchain and Linux runtime dependencies	2026-10-05T15:47:43.6134782Z (Reading database ... 20%
conformance-and-platform	Install toolchain and Linux runtime dependencies	2026-10-05T15:47:43.6134979Z (Reading database ... 25%
conformance-and-platform	Install toolchain and Linux runtime dependencies	2026-10-05T15:47:43.6135522Z (Reading database ... 30%
conformance-and-platform	Install toolchain and Linux runtime dependencies	2026-10-05T15:47:43.6135791Z (Reading database ... 35%
conformance-and-platform	Install toolchain and Linux runtime dependencies	2026-10-05T15:47:43.6136064Z (Reading database ... 40%
conformance-and-platform	Install toolchain and Linux runtime dependencies	2026-10-05T15:47:43.6136338Z (Reading database ... 45%
conformance-and-platform	Install toolchain and Linux runtime dependencies	2026-10-05T15:47:43.6136569Z (Reading database ... 50%
conformance-and-platform	Install toolchain and Linux runtime dependencies	2026-10-05T15:47:43.6367135Z (Reading database ... 55%
conformance-and-platform	Install toolchain and Linux runtime dependencies	2026-10-05T15:47:44.0271009Z (Reading database ... 60%
conformance-and-platform	Install toolchain and Linux runtime dependencies	2026-10-05T15:47:44.5002084Z (Reading database ... 65%
conformance-and-platform	Install toolchain and Linux runtime dependencies	2026-10-05T15:47:44.8185682Z (Reading database ... 70%
conformance-and-platform	Install toolchain and Linux runtime dependencies	2026-10-05T15:47:45.0233063Z (Reading database ... 75%
conformance-and-platform	Install toolchain and Linux runtime dependencies	2026-10-05T15:47:45.1222387Z (Reading database ... 80%
conformance-and-platform	Install toolchain and Linux runtime dependencies	2026-10-05T15:47:45.2810213Z (Reading database ... 85%
conformance-and-platform	Install toolchain and Linux runtime dependencies	2026-10-05T15:47:45.4180038Z (Reading database ... 90%
conformance-and-platform	Install toolchain and Linux runtime dependencies	2026-10-05T15:47:45.5341255Z (Reading database ... 95%
conformance-and-platform	Install toolchain and Linux runtime dependencies	2026-10-05T15:47:45.5341702Z (Reading database ... 100%
conformance-and-platform	Install toolchain and Linux runtime dependencies	2026-10-05T15:47:45.5342107Z (Reading database ... 202296 files and directories currently installed.)
conformance-and-platform	Install toolchain and Linux runtime dependencies	2026-10-05T15:47:45.5383679Z Preparing to unpack .../000-build-essential_12.10ubuntu1_amd64.deb ...
conformance-and-platform	Install toolchain and Linux runtime dependencies	2026-10-05T15:47:45.5444960Z Unpacking build-essential (12.10ubuntu1) ...
conformance-and-platform	Install toolchain and Linux runtime dependencies	2026-10-05T15:47:45.5734726Z Selecting previously unselected package clang.
conformance-and-platform	Install toolchain and Linux runtime dependencies	2026-10-05T15:47:45.5843444Z Preparing to unpack .../001-clang_1%3a18.0-59~exp2_amd64.deb ...
conformance-and-platform	Install toolchain and Linux runtime dependencies	2026-10-05T15:47:45.5849240Z Unpacking clang (1:18.0-59~exp2) ...
conformance-and-platform	Install toolchain and Linux runtime dependencies	2026-10-05T15:47:45.6024281Z Selecting previously unselected package libaml0t64:amd64.
conformance-and-platform	Install toolchain and Linux runtime dependencies	2026-10-05T15:47:45.6131382Z Preparing to unpack .../002-libaml0t64_0.3.0-1.1build1_amd64.deb ...
conformance-and-platform	Install toolchain and Linux runtime dependencies	2026-10-05T15:47:45.6169454Z Unpacking libaml0t64:amd64 (0.3.0-1.1build1) ...
conformance-and-platform	Install toolchain and Linux runtime dependencies	2026-10-05T15:47:45.6341290Z Selecting previously unselected package libunibreak5:amd64.
conformance-and-platform	Install toolchain and Linux runtime dependencies	2026-10-05T15:47:45.6453259Z Preparing to unpack .../003-libunibreak5_5.1-2build1_amd64.deb ...
conformance-and-platform	Install toolchain and Linux runtime dependencies	2026-10-05T15:47:45.6459387Z Unpacking libunibreak5:amd64 (5.1-2build1) ...
conformance-and-platform	Install toolchain and Linux runtime dependencies	2026-10-05T15:47:45.6642237Z Selecting previously unselected package libass9:amd64.
conformance-and-platform	Install toolchain and Linux runtime dependencies	2026-10-05T15:47:45.6753892Z Preparing to unpack .../004-libass9_1%3a0.17.1-2build1_amd64.deb ...
conformance-and-platform	Install toolchain and Linux runtime dependencies	2026-10-05T15:47:45.6926456Z Unpacking libass9:amd64 (1:0.17.1-2build1) ...
conformance-and-platform	Install toolchain and Linux runtime dependencies	2026-10-05T15:47:45.7102625Z Selecting previously unselected package libasyncns0:amd64.
conformance-and-platform	Install toolchain and Linux runtime dependencies	2026-10-05T15:47:45.7214420Z Preparing to unpack .../005-libasyncns0_0.8-6build4_amd64.deb ...
conformance-and-platform	Install toolchain and Linux runtime dependencies	2026-10-05T15:47:45.7221112Z Unpacking libasyncns0:amd64 (0.8-6build4) ...
conformance-and-platform	Install toolchain and Linux runtime dependencies	2026-10-05T15:47:45.7389457Z Selecting previously unselected package libva2:amd64.
conformance-and-platform	Install toolchain and Linux runtime dependencies	2026-10-05T15:47:45.7500282Z Preparing to unpack .../006-libva2_2.20.0-2ubuntu0.2_amd64.deb ...
conformance-and-platform	Install toolchain and Linux runtime dependencies	2026-10-05T15:47:45.7526592Z Unpacking libva2:amd64 (2.20.0-2ubuntu0.2) ...
conformance-and-platform	Install toolchain and Linux runtime dependencies	2026-10-05T15:47:45.7880495Z Selecting previously unselected package libva-drm2:amd64.
conformance-and-platform	Install toolchain and Linux runtime dependencies	2026-10-05T15:47:45.7993527Z Preparing to unpack .../007-libva-drm2_2.20.0-2ubuntu0.2_amd64.deb ...
conformance-and-platform	Install toolchain and Linux runtime dependencies	2026-10-05T15:47:45.8083820Z Unpacking libva-drm2:amd64 (2.20.0-2ubuntu0.2) ...
conformance-and-platform	Install toolchain and Linux runtime dependencies	2026-10-05T15:47:45.8255729Z Selecting previously unselected package libva-x11-2:amd64.
conformance-and-platform	Install toolchain and Linux runtime dependencies	2026-10-05T15:47:45.8367133Z Preparing to unpack .../008-libva-x11-2_2.20.0-2ubuntu0.2_amd64.deb ...
conformance-and-platform	Install toolchain and Linux runtime dependencies	2026-10-05T15:47:45.8374651Z Unpacking libva-x11-2:amd64 (2.20.0-2ubuntu0.2) ...
conformance-and-platform	Install toolchain and Linux runtime dependencies	2026-10-05T15:47:45.8583217Z Selecting previously unselected package libvdpau1:amd64.
conformance-and-platform	Install toolchain and Linux runtime dependencies	2026-10-05T15:47:45.8694878Z Preparing to unpack .../009-libvdpau1_1.5-2build1_amd64.deb ...
conformance-and-platform	Install toolchain and Linux runtime dependencies	2026-10-05T15:47:45.8701660Z Unpacking libvdpau1:amd64 (1.5-2build1) ...
conformance-and-platform	Install toolchain and Linux runtime dependencies	2026-10-05T15:47:46.3855404Z Selecting previously unselected package libvpl2.
conformance-and-platform	Install toolchain and Linux runtime dependencies	2026-10-05T15:47:46.3968037Z Preparing to unpack .../010-libvpl2_2023.3.0-1build1_amd64.deb ...
conformance-and-platform	Install toolchain and Linux runtime dependencies	2026-10-05T15:47:46.3973868Z Unpacking libvpl2 (2023.3.0-1build1) ...
conformance-and-platform	Install toolchain and Linux runtime dependencies	2026-10-05T15:47:46.4166828Z Selecting previously unselected package ocl-icd-libopencl1:amd64.
conformance-and-platform	Install toolchain and Linux runtime dependencies	2026-10-05T15:47:46.4277455Z Preparing to unpack .../011-ocl-icd-libopencl1_2.3.2-1build1_amd64.deb ...
conformance-and-platform	Install toolchain and Linux runtime dependencies	2026-10-05T15:47:46.4284373Z Unpacking ocl-icd-libopencl1:amd64 (2.3.2-1build1) ...
conformance-and-platform	Install toolchain and Linux runtime dependencies	2026-10-05T15:47:46.4478018Z Selecting previously unselected package libavutil58:amd64.
conformance-and-platform	Install toolchain and Linux runtime dependencies	2026-10-05T15:47:46.4589622Z Preparing to unpack .../012-libavutil58_7%3a6.1.1-3ubuntu5_amd64.deb ...
conformance-and-platform	Install toolchain and Linux runtime dependencies	2026-10-05T15:47:46.4596047Z Unpacking libavutil58:amd64 (7:6.1.1-3ubuntu5) ...
conformance-and-platform	Install toolchain and Linux runtime dependencies	2026-10-05T15:47:46.4853399Z Selecting previously unselected package libcodec2-1.2:amd64.
conformance-and-platform	Install toolchain and Linux runtime dependencies	2026-10-05T15:47:46.4962907Z Preparing to unpack .../013-libcodec2-1.2_1.2.0-2build1_amd64.deb ...
conformance-and-platform	Install toolchain and Linux runtime dependencies	2026-10-05T15:47:46.5007115Z Unpacking libcodec2-1.2:amd64 (1.2.0-2build1) ...
conformance-and-platform	Install toolchain and Linux runtime dependencies	2026-10-05T15:47:46.6326706Z Selecting previously unselected package libdav1d7:amd64.
conformance-and-platform	Install toolchain and Linux runtime dependencies	2026-10-05T15:47:46.6439024Z Preparing to unpack .../014-libdav1d7_1.4.1-1build1_amd64.deb ...
conformance-and-platform	Install toolchain and Linux runtime dependencies	2026-10-05T15:47:46.6446327Z Unpacking libdav1d7:amd64 (1.4.1-1build1) ...
conformance-and-platform	Install toolchain and Linux runtime dependencies	2026-10-05T15:47:46.6751323Z Selecting previously unselected package libgsm1:amd64.
conformance-and-platform	Install toolchain and Linux runtime dependencies	2026-10-05T15:47:46.6861908Z Preparing to unpack .../015-libgsm1_1.0.22-1build1_amd64.deb ...
conformance-and-platform	Install toolchain and Linux runtime dependencies	2026-10-05T15:47:46.6868842Z Unpacking libgsm1:amd64 (1.0.22-1build1) ...
conformance-and-platform	Install toolchain and Linux runtime dependencies	2026-10-05T15:47:46.7045282Z Selecting previously unselected package libhwy1t64:amd64.
conformance-and-platform	Install toolchain and Linux runtime dependencies	2026-10-05T15:47:46.7158503Z Preparing to unpack .../016-libhwy1t64_1.0.7-8.1build1_amd64.deb ...
conformance-and-platform	Install toolchain and Linux runtime dependencies	2026-10-05T15:47:46.7166005Z Unpacking libhwy1t64:amd64 (1.0.7-8.1build1) ...
conformance-and-platform	Install toolchain and Linux runtime dependencies	2026-10-05T15:47:46.7554148Z Selecting previously unselected package libjxl0.7:amd64.
conformance-and-platform	Install toolchain and Linux runtime dependencies	2026-10-05T15:47:46.7664723Z Preparing to unpack .../017-libjxl0.7_0.7.0-10.2ubuntu6.1_amd64.deb ...
conformance-and-platform	Install toolchain and Linux runtime dependencies	2026-10-05T15:47:46.7670924Z Unpacking libjxl0.7:amd64 (0.7.0-10.2ubuntu6.1) ...
conformance-and-platform	Install toolchain and Linux runtime dependencies	2026-10-05T15:47:46.8096125Z Selecting previously unselected package libmp3lame0:amd64.
conformance-and-platform	Install toolchain and Linux runtime dependencies	2026-10-05T15:47:46.8208238Z Preparing to unpack .../018-libmp3lame0_3.100-6build1_amd64.deb ...
conformance-and-platform	Install toolchain and Linux runtime dependencies	2026-10-05T15:47:46.8215143Z Unpacking libmp3lame0:amd64 (3.100-6build1) ...
conformance-and-platform	Install toolchain and Linux runtime dependencies	2026-10-05T15:47:46.8602583Z Selecting previously unselected package libopus0:amd64.
conformance-and-platform	Install toolchain and Linux runtime dependencies	2026-10-05T15:47:46.8717784Z Preparing to unpack .../019-libopus0_1.4-1build1_amd64.deb ...
conformance-and-platform	Install toolchain and Linux runtime dependencies	2026-10-05T15:47:46.8725274Z Unpacking libopus0:amd64 (1.4-1build1) ...
conformance-and-platform	Install toolchain and Linux runtime dependencies	2026-10-05T15:47:46.8919831Z Selecting previously unselected package librav1e0:amd64.
conformance-and-platform	Install toolchain and Linux runtime dependencies	2026-10-05T15:47:46.9031166Z Preparing to unpack .../020-librav1e0_0.7.1-2_amd64.deb ...
conformance-and-platform	Install toolchain and Linux runtime dependencies	2026-10-05T15:47:46.9038448Z Unpacking librav1e0:amd64 (0.7.1-2) ...
conformance-and-platform	Install toolchain and Linux runtime dependencies	2026-10-05T15:47:46.9443261Z Selecting previously unselected package librsvg2-2:amd64.
conformance-and-platform	Install toolchain and Linux runtime dependencies	2026-10-05T15:47:46.9554222Z Preparing to unpack .../021-librsvg2-2_2.58.0+dfsg-1build1_amd64.deb ...
conformance-and-platform	Install toolchain and Linux runtime dependencies	2026-10-05T15:47:46.9561345Z Unpacking librsvg2-2:amd64 (2.58.0+dfsg-1build1) ...
conformance-and-platform	Install toolchain and Linux runtime dependencies	2026-10-05T15:47:47.0222437Z Selecting previously unselected package libshine3:amd64.
conformance-and-platform	Install toolchain and Linux runtime dependencies	2026-10-05T15:47:47.0334029Z Preparing to unpack .../022-libshine3_3.1.1-2build1_amd64.deb ...
conformance-and-platform	Install toolchain and Linux runtime dependencies	2026-10-05T15:47:47.0340797Z Unpacking libshine3:amd64 (3.1.1-2build1) ...
conformance-and-platform	Install toolchain and Linux runtime dependencies	2026-10-05T15:47:47.0654086Z Selecting previously unselected package libspeex1:amd64.
conformance-and-platform	Install toolchain and Linux runtime dependencies	2026-10-05T15:47:47.0767794Z Preparing to unpack .../023-libspeex1_1.2.1-2ubuntu2.24.04.1_amd64.deb ...
conformance-and-platform	Install toolchain and Linux runtime dependencies	2026-10-05T15:47:47.0792825Z Unpacking libspeex1:amd64 (1.2.1-2ubuntu2.24.04.1) ...
conformance-and-platform	Install toolchain and Linux runtime dependencies	2026-10-05T15:47:47.1053657Z Selecting previously unselected package libsvtav1enc1d1:amd64.
conformance-and-platform	Install toolchain and Linux runtime dependencies	2026-10-05T15:47:47.1165042Z Preparing to unpack .../024-libsvtav1enc1d1_1.7.0+dfsg-2build1_amd64.deb ...
conformance-and-platform	Install toolchain and Linux runtime dependencies	2026-10-05T15:47:47.1172221Z Unpacking libsvtav1enc1d1:amd64 (1.7.0+dfsg-2build1) ...
conformance-and-platform	Install toolchain and Linux runtime dependencies	2026-10-05T15:47:47.1863113Z Selecting previously unselected package libsoxr0:amd64.
conformance-and-platform	Install toolchain and Linux runtime dependencies	2026-10-05T15:47:47.1974512Z Preparing to unpack .../025-libsoxr0_0.1.3-4build3_amd64.deb ...
conformance-and-platform	Install toolchain and Linux runtime dependencies	2026-10-05T15:47:47.1981446Z Unpacking libsoxr0:amd64 (0.1.3-4build3) ...
conformance-and-platform	Install toolchain and Linux runtime dependencies	2026-10-05T15:47:47.2162906Z Selecting previously unselected package libswresample4:amd64.
conformance-and-platform	Install toolchain and Linux runtime dependencies	2026-10-05T15:47:47.2275886Z Preparing to unpack .../026-libswresample4_7%3a6.1.1-3ubuntu5_amd64.deb ...
conformance-and-platform	Install toolchain and Linux runtime dependencies	2026-10-05T15:47:47.2302598Z Unpacking libswresample4:amd64 (7:6.1.1-3ubuntu5) ...
conformance-and-platform	Install toolchain and Linux runtime dependencies	2026-10-05T15:47:47.2551798Z Selecting previously unselected package libtheora0:amd64.
conformance-and-platform	Install toolchain and Linux runtime dependencies	2026-10-05T15:47:47.2667051Z Preparing to unpack .../027-libtheora0_1.1.1+dfsg.1-16.1build3_amd64.deb ...
conformance-and-platform	Install toolchain and Linux runtime dependencies	2026-10-05T15:47:47.2673822Z Unpacking libtheora0:amd64 (1.1.1+dfsg.1-16.1build3) ...
conformance-and-platform	Install toolchain and Linux runtime dependencies	2026-10-05T15:47:47.2943637Z Selecting previously unselected package libtwolame0:amd64.
conformance-and-platform	Install toolchain and Linux runtime dependencies	2026-10-05T15:47:47.3057549Z Preparing to unpack .../028-libtwolame0_0.4.0-2build3_amd64.deb ...
conformance-and-platform	Install toolchain and Linux runtime dependencies	2026-10-05T15:47:47.3246469Z Unpacking libtwolame0:amd64 (0.4.0-2build3) ...
conformance-and-platform	Install toolchain and Linux runtime dependencies	2026-10-05T15:47:47.3474647Z Selecting previously unselected package libvorbisenc2:amd64.
conformance-and-platform	Install toolchain and Linux runtime dependencies	2026-10-05T15:47:47.3586069Z Preparing to unpack .../029-libvorbisenc2_1.3.7-1build3_amd64.deb ...
conformance-and-platform	Install toolchain and Linux runtime dependencies	2026-10-05T15:47:47.3592585Z Unpacking libvorbisenc2:amd64 (1.3.7-1build3) ...
conformance-and-platform	Install toolchain and Linux runtime dependencies	2026-10-05T15:47:47.3795745Z Selecting previously unselected package libvpx9:amd64.
conformance-and-platform	Install toolchain and Linux runtime dependencies	2026-10-05T15:47:47.3907083Z Preparing to unpack .../030-libvpx9_1.14.0-1ubuntu2.3_amd64.deb ...
conformance-and-platform	Install toolchain and Linux runtime dependencies	2026-10-05T15:47:47.3913513Z Unpacking libvpx9:amd64 (1.14.0-1ubuntu2.3) ...
conformance-and-platform	Install toolchain and Linux runtime dependencies	2026-10-05T15:47:47.4369195Z Selecting previously unselected package libx264-164:amd64.
conformance-and-platform	Install toolchain and Linux runtime dependencies	2026-10-05T15:47:47.4479802Z Preparing to unpack .../031-libx264-164_2%3a0.164.3108+git31e19f9-1_amd64.deb ...
conformance-and-platform	Install toolchain and Linux runtime dependencies	2026-10-05T15:47:47.4486090Z Unpacking libx264-164:amd64 (2:0.164.3108+git31e19f9-1) ...
conformance-and-platform	Install toolchain and Linux runtime dependencies	2026-10-05T15:47:47.4845890Z Selecting previously unselected package libx265-199:amd64.
conformance-and-platform	Install toolchain and Linux runtime dependencies	2026-10-05T15:47:47.4958616Z Preparing to unpack .../032-libx265-199_3.5-2build1_amd64.deb ...
conformance-and-platform	Install toolchain and Linux runtime dependencies	2026-10-05T15:47:47.4964415Z Unpacking libx265-199:amd64 (3.5-2build1) ...
conformance-and-platform	Install toolchain and Linux runtime dependencies	2026-10-05T15:47:47.6187531Z Selecting previously unselected package libxvidcore4:amd64.
conformance-and-platform	Install toolchain and Linux runtime dependencies	2026-10-05T15:47:47.6298254Z Preparing to unpack .../033-libxvidcore4_2%3a1.3.7-1build1_amd64.deb ...
conformance-and-platform	Install toolchain and Linux runtime dependencies	2026-10-05T15:47:47.6304750Z Unpacking libxvidcore4:amd64 (2:1.3.7-1build1) ...
conformance-and-platform	Install toolchain and Linux runtime dependencies	2026-10-05T15:47:47.6489506Z Selecting previously unselected package libzvbi-common.
conformance-and-platform	Install toolchain and Linux runtime dependencies	2026-10-05T15:47:47.6601556Z Preparing to unpack .../034-libzvbi-common_0.2.42-2_all.deb ...
conformance-and-platform	Install toolchain and Linux runtime dependencies	2026-10-05T15:47:47.6634595Z Unpacking libzvbi-common (0.2.42-2) ...
conformance-and-platform	Install toolchain and Linux runtime dependencies	2026-10-05T15:47:47.6859330Z Selecting previously unselected package libzvbi0t64:amd64.
conformance-and-platform	Install toolchain and Linux runtime dependencies	2026-10-05T15:47:47.6969757Z Preparing to unpack .../035-libzvbi0t64_0.2.42-2_amd64.deb ...
conformance-and-platform	Install toolchain and Linux runtime dependencies	2026-10-05T15:47:47.6976052Z Unpacking libzvbi0t64:amd64 (0.2.42-2) ...
conformance-and-platform	Install toolchain and Linux runtime dependencies	2026-10-05T15:47:47.7199652Z Selecting previously unselected package libavcodec60:amd64.
conformance-and-platform	Install toolchain and Linux runtime dependencies	2026-10-05T15:47:47.7310600Z Preparing to unpack .../036-libavcodec60_7%3a6.1.1-3ubuntu5_amd64.deb ...
conformance-and-platform	Install toolchain and Linux runtime dependencies	2026-10-05T15:47:47.7316950Z Unpacking libavcodec60:amd64 (7:6.1.1-3ubuntu5) ...
conformance-and-platform	Install toolchain and Linux runtime dependencies	2026-10-05T15:47:47.8859576Z Selecting previously unselected package libudfread0:amd64.
conformance-and-platform	Install toolchain and Linux runtime dependencies	2026-10-05T15:47:47.8969567Z Preparing to unpack .../037-libudfread0_1.1.2-1build1_amd64.deb ...
conformance-and-platform	Install toolchain and Linux runtime dependencies	2026-10-05T15:47:47.8978346Z Unpacking libudfread0:amd64 (1.1.2-1build1) ...
conformance-and-platform	Install toolchain and Linux runtime dependencies	2026-10-05T15:47:47.9195980Z Selecting previously unselected package libbluray2:amd64.
conformance-and-platform	Install toolchain and Linux runtime dependencies	2026-10-05T15:47:47.9308031Z Preparing to unpack .../038-libbluray2_1%3a1.3.4-1build1_amd64.deb ...
conformance-and-platform	Install toolchain and Linux runtime dependencies	2026-10-05T15:47:47.9314972Z Unpacking libbluray2:amd64 (1:1.3.4-1build1) ...
conformance-and-platform	Install toolchain and Linux runtime dependencies	2026-10-05T15:47:47.9513334Z Selecting previously unselected package libchromaprint1:amd64.
conformance-and-platform	Install toolchain and Linux runtime dependencies	2026-10-05T15:47:47.9626807Z Preparing to unpack .../039-libchromaprint1_1.5.1-5_amd64.deb ...
conformance-and-platform	Install toolchain and Linux runtime dependencies	2026-10-05T15:47:47.9633050Z Unpacking libchromaprint1:amd64 (1.5.1-5) ...
conformance-and-platform	Install toolchain and Linux runtime dependencies	2026-10-05T15:47:47.9805377Z Selecting previously unselected package libgme0:amd64.
conformance-and-platform	Install toolchain and Linux runtime dependencies	2026-10-05T15:47:47.9917307Z Preparing to unpack .../040-libgme0_0.6.3-7build1_amd64.deb ...
conformance-and-platform	Install toolchain and Linux runtime dependencies	2026-10-05T15:47:47.9923445Z Unpacking libgme0:amd64 (0.6.3-7build1) ...
conformance-and-platform	Install toolchain and Linux runtime dependencies	2026-10-05T15:47:48.0901158Z Selecting previously unselected package libmpg123-0t64:amd64.
conformance-and-platform	Install toolchain and Linux runtime dependencies	2026-10-05T15:47:48.1014012Z Preparing to unpack .../041-libmpg123-0t64_1.32.5-1ubuntu1.1_amd64.deb ...
conformance-and-platform	Install toolchain and Linux runtime dependencies	2026-10-05T15:47:48.1020109Z Unpacking libmpg123-0t64:amd64 (1.32.5-1ubuntu1.1) ...
conformance-and-platform	Install toolchain and Linux runtime dependencies	2026-10-05T15:47:48.1217072Z Selecting previously unselected package libopenmpt0t64:amd64.
conformance-and-platform	Install toolchain and Linux runtime dependencies	2026-10-05T15:47:48.1328100Z Preparing to unpack .../042-libopenmpt0t64_0.7.3-1.1build3_amd64.deb ...
conformance-and-platform	Install toolchain and Linux runtime dependencies	2026-10-05T15:47:48.1334738Z Unpacking libopenmpt0t64:amd64 (0.7.3-1.1build3) ...
conformance-and-platform	Install toolchain and Linux runtime dependencies	2026-10-05T15:47:48.3473607Z Selecting previously unselected package libcjson1:amd64.
conformance-and-platform	Install toolchain and Linux runtime dependencies	2026-10-05T15:47:48.3586511Z Preparing to unpack .../043-libcjson1_1.7.17-1_amd64.deb ...
conformance-and-platform	Install toolchain and Linux runtime dependencies	2026-10-05T15:47:48.3592304Z Unpacking libcjson1:amd64 (1.7.17-1) ...
conformance-and-platform	Install toolchain and Linux runtime dependencies	2026-10-05T15:47:48.3762511Z Selecting previously unselected package libmbedcrypto7t64:amd64.
conformance-and-platform	Install toolchain and Linux runtime dependencies	2026-10-05T15:47:48.3873121Z Preparing to unpack .../044-libmbedcrypto7t64_2.28.8-1_amd64.deb ...
conformance-and-platform	Install toolchain and Linux runtime dependencies	2026-10-05T15:47:48.3879508Z Unpacking libmbedcrypto7t64:amd64 (2.28.8-1) ...
conformance-and-platform	Install toolchain and Linux runtime dependencies	2026-10-05T15:47:48.4072591Z Selecting previously unselected package librist4:amd64.
conformance-and-platform	Install toolchain and Linux runtime dependencies	2026-10-05T15:47:48.4183440Z Preparing to unpack .../045-librist4_0.2.10+dfsg-2_amd64.deb ...
conformance-and-platform	Install toolchain and Linux runtime dependencies	2026-10-05T15:47:48.4199276Z Unpacking librist4:amd64 (0.2.10+dfsg-2) ...
conformance-and-platform	Install toolchain and Linux runtime dependencies	2026-10-05T15:47:48.6087441Z Selecting previously unselected package libsrt1.5-gnutls:amd64.
conformance-and-platform	Install toolchain and Linux runtime dependencies	2026-10-05T15:47:48.6198007Z Preparing to unpack .../046-libsrt1.5-gnutls_1.5.3-1build2_amd64.deb ...
conformance-and-platform	Install toolchain and Linux runtime dependencies	2026-10-05T15:47:48.6205402Z Unpacking libsrt1.5-gnutls:amd64 (1.5.3-1build2) ...
conformance-and-platform	Install toolchain and Linux runtime dependencies	2026-10-05T15:47:48.6578726Z Selecting previously unselected package libssh-gcrypt-4:amd64.
conformance-and-platform	Install toolchain and Linux runtime dependencies	2026-10-05T15:47:48.6690420Z Preparing to unpack .../047-libssh-gcrypt-4_0.10.6-2ubuntu0.5_amd64.deb ...
conformance-and-platform	Install toolchain and Linux runtime dependencies	2026-10-05T15:47:48.6698186Z Unpacking libssh-gcrypt-4:amd64 (0.10.6-2ubuntu0.5) ...
conformance-and-platform	Install toolchain and Linux runtime dependencies	2026-10-05T15:47:48.7021352Z Selecting previously unselected package libavformat60:amd64.
conformance-and-platform	Install toolchain and Linux runtime dependencies	2026-10-05T15:47:48.7132164Z Preparing to unpack .../048-libavformat60_7%3a6.1.1-3ubuntu5_amd64.deb ...
conformance-and-platform	Install toolchain and Linux runtime dependencies	2026-10-05T15:47:48.7139333Z Unpacking libavformat60:amd64 (7:6.1.1-3ubuntu5) ...
conformance-and-platform	Install toolchain and Linux runtime dependencies	2026-10-05T15:47:48.7502604Z Selecting previously unselected package libbs2b0:amd64.
conformance-and-platform	Install toolchain and Linux runtime dependencies	2026-10-05T15:47:48.7612979Z Preparing to unpack .../049-libbs2b0_3.1.0+dfsg-7build1_amd64.deb ...
conformance-and-platform	Install toolchain and Linux runtime dependencies	2026-10-05T15:47:48.7619903Z Unpacking libbs2b0:amd64 (3.1.0+dfsg-7build1) ...
conformance-and-platform	Install toolchain and Linux runtime dependencies	2026-10-05T15:47:48.7879414Z Selecting previously unselected package libflite1:amd64.
conformance-and-platform	Install toolchain and Linux runtime dependencies	2026-10-05T15:47:48.7990859Z Preparing to unpack .../050-libflite1_2.2-6build3_amd64.deb ...
conformance-and-platform	Install toolchain and Linux runtime dependencies	2026-10-05T15:47:48.7997608Z Unpacking libflite1:amd64 (2.2-6build3) ...
conformance-and-platform	Install toolchain and Linux runtime dependencies	2026-10-05T15:47:48.9544181Z Selecting previously unselected package libserd-0-0:amd64.
conformance-and-platform	Install toolchain and Linux runtime dependencies	2026-10-05T15:47:48.9655229Z Preparing to unpack .../051-libserd-0-0_0.32.2-1_amd64.deb ...
conformance-and-platform	Install toolchain and Linux runtime dependencies	2026-10-05T15:47:48.9663220Z Unpacking libserd-0-0:amd64 (0.32.2-1) ...
conformance-and-platform	Install toolchain and Linux runtime dependencies	2026-10-05T15:47:48.9939976Z Selecting previously unselected package libzix-0-0:amd64.
conformance-and-platform	Install toolchain and Linux runtime dependencies	2026-10-05T15:47:49.0053261Z Preparing to unpack .../052-libzix-0-0_0.4.2-2build1_amd64.deb ...
conformance-and-platform	Install toolchain and Linux runtime dependencies	2026-10-05T15:47:49.0067404Z Unpacking libzix-0-0:amd64 (0.4.2-2build1) ...
conformance-and-platform	Install toolchain and Linux runtime dependencies	2026-10-05T15:47:49.3326804Z Selecting previously unselected package libsord-0-0:amd64.
conformance-and-platform	Install toolchain and Linux runtime dependencies	2026-10-05T15:47:49.3440214Z Preparing to unpack .../053-libsord-0-0_0.16.16-2build1_amd64.deb ...
conformance-and-platform	Install toolchain and Linux runtime dependencies	2026-10-05T15:47:49.3447608Z Unpacking libsord-0-0:amd64 (0.16.16-2build1) ...
conformance-and-platform	Install toolchain and Linux runtime dependencies	2026-10-05T15:47:49.3617807Z Selecting previously unselected package libsratom-0-0:amd64.
conformance-and-platform	Install toolchain and Linux runtime dependencies	2026-10-05T15:47:49.3728810Z Preparing to unpack .../054-libsratom-0-0_0.6.16-1build1_amd64.deb ...
conformance-and-platform	Install toolchain and Linux runtime dependencies	2026-10-05T15:47:49.3736029Z Unpacking libsratom-0-0:amd64 (0.6.16-1build1) ...
conformance-and-platform	Install toolchain and Linux runtime dependencies	2026-10-05T15:47:49.3910961Z Selecting previously unselected package liblilv-0-0:amd64.
conformance-and-platform	Install toolchain and Linux runtime dependencies	2026-10-05T15:47:49.4022193Z Preparing to unpack .../055-liblilv-0-0_0.24.22-1build1_amd64.deb ...
conformance-and-platform	Install toolchain and Linux runtime dependencies	2026-10-05T15:47:49.4030136Z Unpacking liblilv-0-0:amd64 (0.24.22-1build1) ...
conformance-and-platform	Install toolchain and Linux runtime dependencies	2026-10-05T15:47:49.4208123Z Selecting previously unselected package libmysofa1:amd64.
conformance-and-platform	Install toolchain and Linux runtime dependencies	2026-10-05T15:47:49.4319965Z Preparing to unpack .../056-libmysofa1_1.3.2+dfsg-2ubuntu2_amd64.deb ...
conformance-and-platform	Install toolchain and Linux runtime dependencies	2026-10-05T15:47:49.4327783Z Unpacking libmysofa1:amd64 (1.3.2+dfsg-2ubuntu2) ...
conformance-and-platform	Install toolchain and Linux runtime dependencies	2026-10-05T15:47:49.4592149Z Selecting previously unselected package libplacebo338:amd64.
conformance-and-platform	Install toolchain and Linux runtime dependencies	2026-10-05T15:47:49.4706546Z Preparing to unpack .../057-libplacebo338_6.338.2-2build1_amd64.deb ...
conformance-and-platform	Install toolchain and Linux runtime dependencies	2026-10-05T15:47:49.4713167Z Unpacking libplacebo338:amd64 (6.338.2-2build1) ...
conformance-and-platform	Install toolchain and Linux runtime dependencies	2026-10-05T15:47:49.6304192Z Selecting previously unselected package libblas3:amd64.
conformance-and-platform	Install toolchain and Linux runtime dependencies	2026-10-05T15:47:49.6415129Z Preparing to unpack .../058-libblas3_3.12.0-3build1.1_amd64.deb ...
conformance-and-platform	Install toolchain and Linux runtime dependencies	2026-10-05T15:47:49.6443045Z Unpacking libblas3:amd64 (3.12.0-3build1.1) ...
conformance-and-platform	Install toolchain and Linux runtime dependencies	2026-10-05T15:47:49.6666813Z Selecting previously unselected package liblapack3:amd64.
conformance-and-platform	Install toolchain and Linux runtime dependencies	2026-10-05T15:47:49.6779890Z Preparing to unpack .../059-liblapack3_3.12.0-3build1.1_amd64.deb ...
conformance-and-platform	Install toolchain and Linux runtime dependencies	2026-10-05T15:47:49.6807475Z Unpacking liblapack3:amd64 (3.12.0-3build1.1) ...
conformance-and-platform	Install toolchain and Linux runtime dependencies	2026-10-05T15:47:49.7502074Z Selecting previously unselected package libflac12t64:amd64.
conformance-and-platform	Install toolchain and Linux runtime dependencies	2026-10-05T15:47:49.7614808Z Preparing to unpack .../060-libflac12t64_1.4.3+ds-2.1ubuntu2_amd64.deb ...
conformance-and-platform	Install toolchain and Linux runtime dependencies	2026-10-05T15:47:49.7631500Z Unpacking libflac12t64:amd64 (1.4.3+ds-2.1ubuntu2) ...
conformance-and-platform	Install toolchain and Linux runtime dependencies	2026-10-05T15:47:49.7822816Z Selecting previously unselected package libsndfile1:amd64.
conformance-and-platform	Install toolchain and Linux runtime dependencies	2026-10-05T15:47:49.7934980Z Preparing to unpack .../061-libsndfile1_1.2.2-1ubuntu5.24.04.1_amd64.deb ...
conformance-and-platform	Install toolchain and Linux runtime dependencies	2026-10-05T15:47:49.8047816Z Unpacking libsndfile1:amd64 (1.2.2-1ubuntu5.24.04.1) ...
conformance-and-platform	Install toolchain and Linux runtime dependencies	2026-10-05T15:47:49.8261710Z Selecting previously unselected package libpulse0:amd64.
conformance-and-platform	Install toolchain and Linux runtime dependencies	2026-10-05T15:47:49.8373435Z Preparing to unpack .../062-libpulse0_1%3a16.1+dfsg1-2ubuntu10.1_amd64.deb ...
conformance-and-platform	Install toolchain and Linux runtime dependencies	2026-10-05T15:47:49.8430741Z Unpacking libpulse0:amd64 (1:16.1+dfsg1-2ubuntu10.1) ...
conformance-and-platform	Install toolchain and Linux runtime dependencies	2026-10-05T15:47:49.8656703Z Selecting previously unselected package libsphinxbase3t64:amd64.
conformance-and-platform	Install toolchain and Linux runtime dependencies	2026-10-05T15:47:49.8768832Z Preparing to unpack .../063-libsphinxbase3t64_0.8+5prealpha+1-17build2_amd64.deb ...
conformance-and-platform	Install toolchain and Linux runtime dependencies	2026-10-05T15:47:49.8775640Z Unpacking libsphinxbase3t64:amd64 (0.8+5prealpha+1-17build2) ...
conformance-and-platform	Install toolchain and Linux runtime dependencies	2026-10-05T15:47:49.8960832Z Selecting previously unselected package libpocketsphinx3:amd64.
conformance-and-platform	Install toolchain and Linux runtime dependencies	2026-10-05T15:47:49.9084006Z Preparing to unpack .../064-libpocketsphinx3_0.8.0+real5prealpha+1-15ubuntu5_amd64.deb ...
conformance-and-platform	Install toolchain and Linux runtime dependencies	2026-10-05T15:47:49.9093712Z Unpacking libpocketsphinx3:amd64 (0.8.0+real5prealpha+1-15ubuntu5) ...
conformance-and-platform	Install toolchain and Linux runtime dependencies	2026-10-05T15:47:49.9309291Z Selecting previously unselected package libpostproc57:amd64.
conformance-and-platform	Install toolchain and Linux runtime dependencies	2026-10-05T15:47:49.9421261Z Preparing to unpack .../065-libpostproc57_7%3a6.1.1-3ubuntu5_amd64.deb ...
conformance-and-platform	Install toolchain and Linux runtime dependencies	2026-10-05T15:47:49.9428011Z Unpacking libpostproc57:amd64 (7:6.1.1-3ubuntu5) ...
conformance-and-platform	Install toolchain and Linux runtime dependencies	2026-10-05T15:47:49.9750057Z Selecting previously unselected package libsamplerate0:amd64.
conformance-and-platform	Install toolchain and Linux runtime dependencies	2026-10-05T15:47:49.9862297Z Preparing to unpack .../066-libsamplerate0_0.2.2-4build1_amd64.deb ...
conformance-and-platform	Install toolchain and Linux runtime dependencies	2026-10-05T15:47:49.9869402Z Unpacking libsamplerate0:amd64 (0.2.2-4build1) ...
conformance-and-platform	Install toolchain and Linux runtime dependencies	2026-10-05T15:47:50.0133832Z Selecting previously unselected package librubberband2:amd64.
conformance-and-platform	Install toolchain and Linux runtime dependencies	2026-10-05T15:47:50.0244201Z Preparing to unpack .../067-librubberband2_3.3.0+dfsg-2build1_amd64.deb ...
conformance-and-platform	Install toolchain and Linux runtime dependencies	2026-10-05T15:47:50.0253558Z Unpacking librubberband2:amd64 (3.3.0+dfsg-2build1) ...
conformance-and-platform	Install toolchain and Linux runtime dependencies	2026-10-05T15:47:50.0438289Z Selecting previously unselected package libswscale7:amd64.
conformance-and-platform	Install toolchain and Linux runtime dependencies	2026-10-05T15:47:50.0549138Z Preparing to unpack .../068-libswscale7_7%3a6.1.1-3ubuntu5_amd64.deb ...
conformance-and-platform	Install toolchain and Linux runtime dependencies	2026-10-05T15:47:50.0555820Z Unpacking libswscale7:amd64 (7:6.1.1-3ubuntu5) ...
conformance-and-platform	Install toolchain and Linux runtime dependencies	2026-10-05T15:47:50.0756657Z Selecting previously unselected package libvidstab1.1:amd64.
conformance-and-platform	Install toolchain and Linux runtime dependencies	2026-10-05T15:47:50.0868111Z Preparing to unpack .../069-libvidstab1.1_1.1.0-2build1_amd64.deb ...
conformance-and-platform	Install toolchain and Linux runtime dependencies	2026-10-05T15:47:50.0894583Z Unpacking libvidstab1.1:amd64 (1.1.0-2build1) ...
conformance-and-platform	Install toolchain and Linux runtime dependencies	2026-10-05T15:47:50.1067599Z Selecting previously unselected package libzimg2:amd64.
conformance-and-platform	Install toolchain and Linux runtime dependencies	2026-10-05T15:47:50.1178606Z Preparing to unpack .../070-libzimg2_3.0.5+ds1-1build1_amd64.deb ...
conformance-and-platform	Install toolchain and Linux runtime dependencies	2026-10-05T15:47:50.1185090Z Unpacking libzimg2:amd64 (3.0.5+ds1-1build1) ...
conformance-and-platform	Install toolchain and Linux runtime dependencies	2026-10-05T15:47:50.1397214Z Selecting previously unselected package libavfilter9:amd64.
conformance-and-platform	Install toolchain and Linux runtime dependencies	2026-10-05T15:47:50.1509115Z Preparing to unpack .../071-libavfilter9_7%3a6.1.1-3ubuntu5_amd64.deb ...
conformance-and-platform	Install toolchain and Linux runtime dependencies	2026-10-05T15:47:50.1515792Z Unpacking libavfilter9:amd64 (7:6.1.1-3ubuntu5) ...
conformance-and-platform	Install toolchain and Linux runtime dependencies	2026-10-05T15:47:50.2911905Z Selecting previously unselected package libbrotli-dev:amd64.
conformance-and-platform	Install toolchain and Linux runtime dependencies	2026-10-05T15:47:50.3023179Z Preparing to unpack .../072-libbrotli-dev_1.1.0-2build2_amd64.deb ...
conformance-and-platform	Install toolchain and Linux runtime dependencies	2026-10-05T15:47:50.3029700Z Unpacking libbrotli-dev:amd64 (1.1.0-2build2) ...
conformance-and-platform	Install toolchain and Linux runtime dependencies	2026-10-05T15:47:50.3246954Z Selecting previously unselected package libbz2-dev:amd64.
conformance-and-platform	Install toolchain and Linux runtime dependencies	2026-10-05T15:47:50.3357557Z Preparing to unpack .../073-libbz2-dev_1.0.8-5.1ubuntu0.1_amd64.deb ...
conformance-and-platform	Install toolchain and Linux runtime dependencies	2026-10-05T15:47:50.3364692Z Unpacking libbz2-dev:amd64 (1.0.8-5.1ubuntu0.1) ...
conformance-and-platform	Install toolchain and Linux runtime dependencies	2026-10-05T15:47:50.3693988Z Selecting previously unselected package libclang-18-dev.
conformance-and-platform	Install toolchain and Linux runtime dependencies	2026-10-05T15:47:50.3831265Z Preparing to unpack .../074-libclang-18-dev_1%3a18.1.3-1ubuntu1_amd64.deb ...
conformance-and-platform	Install toolchain and Linux runtime dependencies	2026-10-05T15:47:50.3837892Z Unpacking libclang-18-dev (1:18.1.3-1ubuntu1) ...
conformance-and-platform	Install toolchain and Linux runtime dependencies	2026-10-05T15:47:54.5547733Z Selecting previously unselected package libdecor-0-0:amd64.
conformance-and-platform	Install toolchain and Linux runtime dependencies	2026-10-05T15:47:54.5671165Z Preparing to unpack .../075-libdecor-0-0_0.2.2-1build2_amd64.deb ...
conformance-and-platform	Install toolchain and Linux runtime dependencies	2026-10-05T15:47:54.5721284Z Unpacking libdecor-0-0:amd64 (0.2.2-1build2) ...
conformance-and-platform	Install toolchain and Linux runtime dependencies	2026-10-05T15:47:54.6308478Z Preparing to unpack .../076-libgl1-mesa-dri_25.2.8-0ubuntu0.24.04.4_amd64.deb ...
conformance-and-platform	Install toolchain and Linux runtime dependencies	2026-10-05T15:47:54.6568019Z Unpacking libgl1-mesa-dri:amd64 (25.2.8-0ubuntu0.24.04.4) over (25.2.8-0ubuntu0.24.04.2) ...
conformance-and-platform	Install toolchain and Linux runtime dependencies	2026-10-05T15:47:55.4727060Z Preparing to unpack .../077-libglx-mesa0_25.2.8-0ubuntu0.24.04.4_amd64.deb ...
conformance-and-platform	Install toolchain and Linux runtime dependencies	2026-10-05T15:47:55.4758922Z Unpacking libglx-mesa0:amd64 (25.2.8-0ubuntu0.24.04.4) over (25.2.8-0ubuntu0.24.04.2) ...
conformance-and-platform	Install toolchain and Linux runtime dependencies	2026-10-05T15:47:55.5104427Z Preparing to unpack .../078-libgbm1_25.2.8-0ubuntu0.24.04.4_amd64.deb ...
conformance-and-platform	Install toolchain and Linux runtime dependencies	2026-10-05T15:47:55.5128955Z Unpacking libgbm1:amd64 (25.2.8-0ubuntu0.24.04.4) over (25.2.8-0ubuntu0.24.04.2) ...
conformance-and-platform	Install toolchain and Linux runtime dependencies	2026-10-05T15:47:55.5451261Z Preparing to unpack .../079-mesa-libgallium_25.2.8-0ubuntu0.24.04.4_amd64.deb ...
conformance-and-platform	Install toolchain and Linux runtime dependencies	2026-10-05T15:47:55.5878740Z Unpacking mesa-libgallium:amd64 (25.2.8-0ubuntu0.24.04.4) over (25.2.8-0ubuntu0.24.04.2) ...
conformance-and-platform	Install toolchain and Linux runtime dependencies	2026-10-05T15:47:56.2271800Z Selecting previously unselected package libegl-mesa0:amd64.
conformance-and-platform	Install toolchain and Linux runtime dependencies	2026-10-05T15:47:56.2385711Z Preparing to unpack .../080-libegl-mesa0_25.2.8-0ubuntu0.24.04.4_amd64.deb ...
conformance-and-platform	Install toolchain and Linux runtime dependencies	2026-10-05T15:47:56.2394532Z Unpacking libegl-mesa0:amd64 (25.2.8-0ubuntu0.24.04.4) ...
conformance-and-platform	Install toolchain and Linux runtime dependencies	2026-10-05T15:47:56.4294974Z Selecting previously unselected package libegl1:amd64.
conformance-and-platform	Install toolchain and Linux runtime dependencies	2026-10-05T15:47:56.4405691Z Preparing to unpack .../081-libegl1_1.7.0-1build1_amd64.deb ...
conformance-and-platform	Install toolchain and Linux runtime dependencies	2026-10-05T15:47:56.4411942Z Unpacking libegl1:amd64 (1.7.0-1build1) ...
conformance-and-platform	Install toolchain and Linux runtime dependencies	2026-10-05T15:47:56.4591287Z Selecting previously unselected package xorg-sgml-doctools.
conformance-and-platform	Install toolchain and Linux runtime dependencies	2026-10-05T15:47:56.4701049Z Preparing to unpack .../082-xorg-sgml-doctools_1%3a1.11-1.1_all.deb ...
conformance-and-platform	Install toolchain and Linux runtime dependencies	2026-10-05T15:47:56.4732117Z Unpacking xorg-sgml-doctools (1:1.11-1.1) ...
conformance-and-platform	Install toolchain and Linux runtime dependencies	2026-10-05T15:47:56.4934523Z Selecting previously unselected package x11proto-dev.
conformance-and-platform	Install toolchain and Linux runtime dependencies	2026-10-05T15:47:56.5042767Z Preparing to unpack .../083-x11proto-dev_2023.2-1_all.deb ...
conformance-and-platform	Install toolchain and Linux runtime dependencies	2026-10-05T15:47:56.5047725Z Unpacking x11proto-dev (2023.2-1) ...
conformance-and-platform	Install toolchain and Linux runtime dependencies	2026-10-05T15:47:56.5708956Z Selecting previously unselected package libxau-dev:amd64.
conformance-and-platform	Install toolchain and Linux runtime dependencies	2026-10-05T15:47:56.5820328Z Preparing to unpack .../084-libxau-dev_1%3a1.0.9-1build6_amd64.deb ...
conformance-and-platform	Install toolchain and Linux runtime dependencies	2026-10-05T15:47:56.5826216Z Unpacking libxau-dev:amd64 (1:1.0.9-1build6) ...
conformance-and-platform	Install toolchain and Linux runtime dependencies	2026-10-05T15:47:56.6452047Z Selecting previously unselected package libxdmcp-dev:amd64.
conformance-and-platform	Install toolchain and Linux runtime dependencies	2026-10-05T15:47:56.6562349Z Preparing to unpack .../085-libxdmcp-dev_1%3a1.1.3-0ubuntu6_amd64.deb ...
conformance-and-platform	Install toolchain and Linux runtime dependencies	2026-10-05T15:47:56.6577692Z Unpacking libxdmcp-dev:amd64 (1:1.1.3-0ubuntu6) ...
conformance-and-platform	Install toolchain and Linux runtime dependencies	2026-10-05T15:47:56.6734631Z Selecting previously unselected package xtrans-dev.
conformance-and-platform	Install toolchain and Linux runtime dependencies	2026-10-05T15:47:56.6843186Z Preparing to unpack .../086-xtrans-dev_1.4.0-1_all.deb ...
conformance-and-platform	Install toolchain and Linux runtime dependencies	2026-10-05T15:47:56.6849504Z Unpacking xtrans-dev (1.4.0-1) ...
conformance-and-platform	Install toolchain and Linux runtime dependencies	2026-10-05T15:47:56.7044791Z Selecting previously unselected package libpthread-stubs0-dev:amd64.
conformance-and-platform	Install toolchain and Linux runtime dependencies	2026-10-05T15:47:56.7154408Z Preparing to unpack .../087-libpthread-stubs0-dev_0.4-1build3_amd64.deb ...
conformance-and-platform	Install toolchain and Linux runtime dependencies	2026-10-05T15:47:56.7160492Z Unpacking libpthread-stubs0-dev:amd64 (0.4-1build3) ...
conformance-and-platform	Install toolchain and Linux runtime dependencies	2026-10-05T15:47:56.7316514Z Selecting previously unselected package libxcb1-dev:amd64.
conformance-and-platform	Install toolchain and Linux runtime dependencies	2026-10-05T15:47:56.7426199Z Preparing to unpack .../088-libxcb1-dev_1.15-1ubuntu2_amd64.deb ...
conformance-and-platform	Install toolchain and Linux runtime dependencies	2026-10-05T15:47:56.7432427Z Unpacking libxcb1-dev:amd64 (1.15-1ubuntu2) ...
conformance-and-platform	Install toolchain and Linux runtime dependencies	2026-10-05T15:47:56.7624494Z Selecting previously unselected package libx11-dev:amd64.
conformance-and-platform	Install toolchain and Linux runtime dependencies	2026-10-05T15:47:56.7734804Z Preparing to unpack .../089-libx11-dev_2%3a1.8.7-1build1_amd64.deb ...
conformance-and-platform	Install toolchain and Linux runtime dependencies	2026-10-05T15:47:56.7740325Z Unpacking libx11-dev:amd64 (2:1.8.7-1build1) ...
conformance-and-platform	Install toolchain and Linux runtime dependencies	2026-10-05T15:47:56.8068984Z Selecting previously unselected package libglx-dev:amd64.
conformance-and-platform	Install toolchain and Linux runtime dependencies	2026-10-05T15:47:56.8180339Z Preparing to unpack .../090-libglx-dev_1.7.0-1build1_amd64.deb ...
conformance-and-platform	Install toolchain and Linux runtime dependencies	2026-10-05T15:47:56.8186221Z Unpacking libglx-dev:amd64 (1.7.0-1build1) ...
conformance-and-platform	Install toolchain and Linux runtime dependencies	2026-10-05T15:47:56.8677965Z Selecting previously unselected package libgl-dev:amd64.
conformance-and-platform	Install toolchain and Linux runtime dependencies	2026-10-05T15:47:56.8784403Z Preparing to unpack .../091-libgl-dev_1.7.0-1build1_amd64.deb ...
conformance-and-platform	Install toolchain and Linux runtime dependencies	2026-10-05T15:47:56.8790316Z Unpacking libgl-dev:amd64 (1.7.0-1build1) ...
conformance-and-platform	Install toolchain and Linux runtime dependencies	2026-10-05T15:47:56.9284271Z Selecting previously unselected package libegl-dev:amd64.
conformance-and-platform	Install toolchain and Linux runtime dependencies	2026-10-05T15:47:56.9391731Z Preparing to unpack .../092-libegl-dev_1.7.0-1build1_amd64.deb ...
conformance-and-platform	Install toolchain and Linux runtime dependencies	2026-10-05T15:47:56.9397806Z Unpacking libegl-dev:amd64 (1.7.0-1build1) ...
conformance-and-platform	Install toolchain and Linux runtime dependencies	2026-10-05T15:47:56.9568993Z Selecting previously unselected package libpng-dev:amd64.
conformance-and-platform	Install toolchain and Linux runtime dependencies	2026-10-05T15:47:56.9672202Z Preparing to unpack .../093-libpng-dev_1.6.43-5ubuntu0.6_amd64.deb ...
conformance-and-platform	Install toolchain and Linux runtime dependencies	2026-10-05T15:47:56.9677906Z Unpacking libpng-dev:amd64 (1.6.43-5ubuntu0.6) ...
conformance-and-platform	Install toolchain and Linux runtime dependencies	2026-10-05T15:47:56.9899226Z Selecting previously unselected package libfreetype-dev:amd64.
conformance-and-platform	Install toolchain and Linux runtime dependencies	2026-10-05T15:47:57.0006441Z Preparing to unpack .../094-libfreetype-dev_2.13.2+dfsg-1ubuntu0.1_amd64.deb ...
conformance-and-platform	Install toolchain and Linux runtime dependencies	2026-10-05T15:47:57.0107102Z Unpacking libfreetype-dev:amd64 (2.13.2+dfsg-1ubuntu0.1) ...
conformance-and-platform	Install toolchain and Linux runtime dependencies	2026-10-05T15:47:57.0451840Z Selecting previously unselected package uuid-dev:amd64.
conformance-and-platform	Install toolchain and Linux runtime dependencies	2026-10-05T15:47:57.0561729Z Preparing to unpack .../095-uuid-dev_2.39.3-9ubuntu6.6_amd64.deb ...
conformance-and-platform	Install toolchain and Linux runtime dependencies	2026-10-05T15:47:57.0567090Z Unpacking uuid-dev:amd64 (2.39.3-9ubuntu6.6) ...
conformance-and-platform	Install toolchain and Linux runtime dependencies	2026-10-05T15:47:57.0768459Z Selecting previously unselected package libfontconfig-dev:amd64.
conformance-and-platform	Install toolchain and Linux runtime dependencies	2026-10-05T15:47:57.0878379Z Preparing to unpack .../096-libfontconfig-dev_2.15.0-1.1ubuntu2_amd64.deb ...
conformance-and-platform	Install toolchain and Linux runtime dependencies	2026-10-05T15:47:57.0885046Z Unpacking libfontconfig-dev:amd64 (2.15.0-1.1ubuntu2) ...
conformance-and-platform	Install toolchain and Linux runtime dependencies	2026-10-05T15:47:57.1075198Z Selecting previously unselected package libfontconfig1-dev:amd64.
conformance-and-platform	Install toolchain and Linux runtime dependencies	2026-10-05T15:47:57.1186383Z Preparing to unpack .../097-libfontconfig1-dev_2.15.0-1.1ubuntu2_amd64.deb ...
conformance-and-platform	Install toolchain and Linux runtime dependencies	2026-10-05T15:47:57.1193073Z Unpacking libfontconfig1-dev:amd64 (2.15.0-1.1ubuntu2) ...
conformance-and-platform	Install toolchain and Linux runtime dependencies	2026-10-05T15:47:57.1411806Z Selecting previously unselected package libwinpr2-2t64:amd64.
conformance-and-platform	Install toolchain and Linux runtime dependencies	2026-10-05T15:47:57.1521880Z Preparing to unpack .../098-libwinpr2-2t64_2.11.5+dfsg1-1build2_amd64.deb ...
conformance-and-platform	Install toolchain and Linux runtime dependencies	2026-10-05T15:47:57.1528225Z Unpacking libwinpr2-2t64:amd64 (2.11.5+dfsg1-1build2) ...
conformance-and-platform	Install toolchain and Linux runtime dependencies	2026-10-05T15:47:57.1925319Z Selecting previously unselected package libfreerdp2-2t64:amd64.
conformance-and-platform	Install toolchain and Linux runtime dependencies	2026-10-05T15:47:57.2034801Z Preparing to unpack .../099-libfreerdp2-2t64_2.11.5+dfsg1-1build2_amd64.deb ...
conformance-and-platform	Install toolchain and Linux runtime dependencies	2026-10-05T15:47:57.2078533Z Unpacking libfreerdp2-2t64:amd64 (2.11.5+dfsg1-1build2) ...
conformance-and-platform	Install toolchain and Linux runtime dependencies	2026-10-05T15:47:57.2335114Z Selecting previously unselected package libfreerdp-server2-2t64:amd64.
conformance-and-platform	Install toolchain and Linux runtime dependencies	2026-10-05T15:47:57.2442571Z Preparing to unpack .../100-libfreerdp-server2-2t64_2.11.5+dfsg1-1build2_amd64.deb ...
conformance-and-platform	Install toolchain and Linux runtime dependencies	2026-10-05T15:47:57.2448690Z Unpacking libfreerdp-server2-2t64:amd64 (2.11.5+dfsg1-1build2) ...
conformance-and-platform	Install toolchain and Linux runtime dependencies	2026-10-05T15:47:57.2625222Z Selecting previously unselected package libgles1:amd64.
conformance-and-platform	Install toolchain and Linux runtime dependencies	2026-10-05T15:47:57.2730868Z Preparing to unpack .../101-libgles1_1.7.0-1build1_amd64.deb ...
conformance-and-platform	Install toolchain and Linux runtime dependencies	2026-10-05T15:47:57.2737749Z Unpacking libgles1:amd64 (1.7.0-1build1) ...
conformance-and-platform	Install toolchain and Linux runtime dependencies	2026-10-05T15:47:57.3039321Z Selecting previously unselected package libgles2:amd64.
conformance-and-platform	Install toolchain and Linux runtime dependencies	2026-10-05T15:47:57.3148295Z Preparing to unpack .../102-libgles2_1.7.0-1build1_amd64.deb ...
conformance-and-platform	Install toolchain and Linux runtime dependencies	2026-10-05T15:47:57.3164310Z Unpacking libgles2:amd64 (1.7.0-1build1) ...
conformance-and-platform	Install toolchain and Linux runtime dependencies	2026-10-05T15:47:57.3798453Z Selecting previously unselected package libgles-dev:amd64.
conformance-and-platform	Install toolchain and Linux runtime dependencies	2026-10-05T15:47:57.3987647Z Preparing to unpack .../103-libgles-dev_1.7.0-1build1_amd64.deb ...
conformance-and-platform	Install toolchain and Linux runtime dependencies	2026-10-05T15:47:57.3995931Z Unpacking libgles-dev:amd64 (1.7.0-1build1) ...
conformance-and-platform	Install toolchain and Linux runtime dependencies	2026-10-05T15:47:57.4410731Z Selecting previously unselected package liborc-0.4-0t64:amd64.
conformance-and-platform	Install toolchain and Linux runtime dependencies	2026-10-05T15:47:57.4522882Z Preparing to unpack .../104-liborc-0.4-0t64_1%3a0.4.38-1ubuntu0.1_amd64.deb ...
conformance-and-platform	Install toolchain and Linux runtime dependencies	2026-10-05T15:47:57.4529505Z Unpacking liborc-0.4-0t64:amd64 (1:0.4.38-1ubuntu0.1) ...
conformance-and-platform	Install toolchain and Linux runtime dependencies	2026-10-05T15:47:57.4853414Z Selecting previously unselected package libgstreamer-plugins-base1.0-0:amd64.
conformance-and-platform	Install toolchain and Linux runtime dependencies	2026-10-05T15:47:57.4967176Z Preparing to unpack .../105-libgstreamer-plugins-base1.0-0_1.24.2-1ubuntu0.5_amd64.deb ...
conformance-and-platform	Install toolchain and Linux runtime dependencies	2026-10-05T15:47:57.4972260Z Unpacking libgstreamer-plugins-base1.0-0:amd64 (1.24.2-1ubuntu0.5) ...
conformance-and-platform	Install toolchain and Linux runtime dependencies	2026-10-05T15:47:57.5266779Z Selecting previously unselected package libwacom-common.
conformance-and-platform	Install toolchain and Linux runtime dependencies	2026-10-05T15:47:57.5378183Z Preparing to unpack .../106-libwacom-common_2.10.0-2_all.deb ...
conformance-and-platform	Install toolchain and Linux runtime dependencies	2026-10-05T15:47:57.5383326Z Unpacking libwacom-common (2.10.0-2) ...
conformance-and-platform	Install toolchain and Linux runtime dependencies	2026-10-05T15:47:57.6049952Z Selecting previously unselected package libwacom9:amd64.
conformance-and-platform	Install toolchain and Linux runtime dependencies	2026-10-05T15:47:57.6160448Z Preparing to unpack .../107-libwacom9_2.10.0-2_amd64.deb ...
conformance-and-platform	Install toolchain and Linux runtime dependencies	2026-10-05T15:47:57.6166407Z Unpacking libwacom9:amd64 (2.10.0-2) ...
conformance-and-platform	Install toolchain and Linux runtime dependencies	2026-10-05T15:47:57.6324841Z Selecting previously unselected package libinput-bin.
conformance-and-platform	Install toolchain and Linux runtime dependencies	2026-10-05T15:47:57.6432285Z Preparing to unpack .../108-libinput-bin_1.25.0-1ubuntu3.7_amd64.deb ...
conformance-and-platform	Install toolchain and Linux runtime dependencies	2026-10-05T15:47:57.6438135Z Unpacking libinput-bin (1.25.0-1ubuntu3.7) ...
conformance-and-platform	Install toolchain and Linux runtime dependencies	2026-10-05T15:47:57.6856368Z Selecting previously unselected package libmtdev1t64:amd64.
conformance-and-platform	Install toolchain and Linux runtime dependencies	2026-10-05T15:47:57.6963201Z Preparing to unpack .../109-libmtdev1t64_1.1.6-1.1build1_amd64.deb ...
conformance-and-platform	Install toolchain and Linux runtime dependencies	2026-10-05T15:47:57.6969160Z Unpacking libmtdev1t64:amd64 (1.1.6-1.1build1) ...
conformance-and-platform	Install toolchain and Linux runtime dependencies	2026-10-05T15:47:57.7149443Z Selecting previously unselected package libinput10:amd64.
conformance-and-platform	Install toolchain and Linux runtime dependencies	2026-10-05T15:47:57.7254901Z Preparing to unpack .../110-libinput10_1.25.0-1ubuntu3.7_amd64.deb ...
conformance-and-platform	Install toolchain and Linux runtime dependencies	2026-10-05T15:47:57.7260997Z Unpacking libinput10:amd64 (1.25.0-1ubuntu3.7) ...
conformance-and-platform	Install toolchain and Linux runtime dependencies	2026-10-05T15:47:57.7439735Z Selecting previously unselected package libturbojpeg:amd64.
conformance-and-platform	Install toolchain and Linux runtime dependencies	2026-10-05T15:47:57.7544904Z Preparing to unpack .../111-libturbojpeg_1%3a2.1.5-2ubuntu2_amd64.deb ...
conformance-and-platform	Install toolchain and Linux runtime dependencies	2026-10-05T15:47:57.7550699Z Unpacking libturbojpeg:amd64 (1:2.1.5-2ubuntu2) ...
conformance-and-platform	Install toolchain and Linux runtime dependencies	2026-10-05T15:47:57.7769540Z Selecting previously unselected package libneatvnc0:amd64.
conformance-and-platform	Install toolchain and Linux runtime dependencies	2026-10-05T15:47:57.7874981Z Preparing to unpack .../112-libneatvnc0_0.7.1+dfsg-2build3_amd64.deb ...
conformance-and-platform	Install toolchain and Linux runtime dependencies	2026-10-05T15:47:57.7880941Z Unpacking libneatvnc0:amd64 (0.7.1+dfsg-2build3) ...
conformance-and-platform	Install toolchain and Linux runtime dependencies	2026-10-05T15:47:57.8140294Z Selecting previously unselected package libopengl0:amd64.
conformance-and-platform	Install toolchain and Linux runtime dependencies	2026-10-05T15:47:57.8264701Z Preparing to unpack .../113-libopengl0_1.7.0-1build1_amd64.deb ...
conformance-and-platform	Install toolchain and Linux runtime dependencies	2026-10-05T15:47:57.8271242Z Unpacking libopengl0:amd64 (1.7.0-1build1) ...
conformance-and-platform	Install toolchain and Linux runtime dependencies	2026-10-05T15:47:57.8541310Z Selecting previously unselected package libopengl-dev:amd64.
conformance-and-platform	Install toolchain and Linux runtime dependencies	2026-10-05T15:47:57.8658874Z Preparing to unpack .../114-libopengl-dev_1.7.0-1build1_amd64.deb ...
conformance-and-platform	Install toolchain and Linux runtime dependencies	2026-10-05T15:47:57.8664890Z Unpacking libopengl-dev:amd64 (1.7.0-1build1) ...
conformance-and-platform	Install toolchain and Linux runtime dependencies	2026-10-05T15:47:57.8829482Z Selecting previously unselected package libwebrtc-audio-processing1:amd64.
conformance-and-platform	Install toolchain and Linux runtime dependencies	2026-10-05T15:47:57.8937049Z Preparing to unpack .../115-libwebrtc-audio-processing1_0.3.1-0ubuntu6_amd64.deb ...
conformance-and-platform	Install toolchain and Linux runtime dependencies	2026-10-05T15:47:57.8943089Z Unpacking libwebrtc-audio-processing1:amd64 (0.3.1-0ubuntu6) ...
conformance-and-platform	Install toolchain and Linux runtime dependencies	2026-10-05T15:47:57.9133852Z Selecting previously unselected package libspa-0.2-modules:amd64.
conformance-and-platform	Install toolchain and Linux runtime dependencies	2026-10-05T15:47:57.9242549Z Preparing to unpack .../116-libspa-0.2-modules_1.0.5-1ubuntu3.3_amd64.deb ...
conformance-and-platform	Install toolchain and Linux runtime dependencies	2026-10-05T15:47:57.9248035Z Unpacking libspa-0.2-modules:amd64 (1.0.5-1ubuntu3.3) ...
conformance-and-platform	Install toolchain and Linux runtime dependencies	2026-10-05T15:47:57.9758402Z Selecting previously unselected package libpipewire-0.3-0t64:amd64.
conformance-and-platform	Install toolchain and Linux runtime dependencies	2026-10-05T15:47:57.9871493Z Preparing to unpack .../117-libpipewire-0.3-0t64_1.0.5-1ubuntu3.3_amd64.deb ...
conformance-and-platform	Install toolchain and Linux runtime dependencies	2026-10-05T15:47:57.9877643Z Unpacking libpipewire-0.3-0t64:amd64 (1.0.5-1ubuntu3.3) ...
conformance-and-platform	Install toolchain and Linux runtime dependencies	2026-10-05T15:47:58.0101230Z Selecting previously unselected package libseat1:amd64.
conformance-and-platform	Install toolchain and Linux runtime dependencies	2026-10-05T15:47:58.0205946Z Preparing to unpack .../118-libseat1_0.8.0-1_amd64.deb ...
conformance-and-platform	Install toolchain and Linux runtime dependencies	2026-10-05T15:47:58.0212546Z Unpacking libseat1:amd64 (0.8.0-1) ...
conformance-and-platform	Install toolchain and Linux runtime dependencies	2026-10-05T15:47:58.0382512Z Selecting previously unselected package libwayland-server0:amd64.
conformance-and-platform	Install toolchain and Linux runtime dependencies	2026-10-05T15:47:58.0486458Z Preparing to unpack .../119-libwayland-server0_1.22.0-2.1build1_amd64.deb ...
conformance-and-platform	Install toolchain and Linux runtime dependencies	2026-10-05T15:47:58.0496731Z Unpacking libwayland-server0:amd64 (1.22.0-2.1build1) ...
conformance-and-platform	Install toolchain and Linux runtime dependencies	2026-10-05T15:47:58.0720784Z Selecting previously unselected package libxcb-composite0:amd64.
conformance-and-platform	Install toolchain and Linux runtime dependencies	2026-10-05T15:47:58.0828010Z Preparing to unpack .../120-libxcb-composite0_1.15-1ubuntu2_amd64.deb ...
conformance-and-platform	Install toolchain and Linux runtime dependencies	2026-10-05T15:47:58.0833306Z Unpacking libxcb-composite0:amd64 (1.15-1ubuntu2) ...
conformance-and-platform	Install toolchain and Linux runtime dependencies	2026-10-05T15:47:58.0995474Z Selecting previously unselected package libxcb-xkb1:amd64.
conformance-and-platform	Install toolchain and Linux runtime dependencies	2026-10-05T15:47:58.1100915Z Preparing to unpack .../121-libxcb-xkb1_1.15-1ubuntu2_amd64.deb ...
conformance-and-platform	Install toolchain and Linux runtime dependencies	2026-10-05T15:47:58.1106811Z Unpacking libxcb-xkb1:amd64 (1.15-1ubuntu2) ...
conformance-and-platform	Install toolchain and Linux runtime dependencies	2026-10-05T15:47:58.1271895Z Selecting previously unselected package libweston-13-0:amd64.
conformance-and-platform	Install toolchain and Linux runtime dependencies	2026-10-05T15:47:58.1376947Z Preparing to unpack .../122-libweston-13-0_13.0.0-4build3_amd64.deb ...
conformance-and-platform	Install toolchain and Linux runtime dependencies	2026-10-05T15:47:58.1383313Z Unpacking libweston-13-0:amd64 (13.0.0-4build3) ...
conformance-and-platform	Install toolchain and Linux runtime dependencies	2026-10-05T15:47:58.1625764Z Selecting previously unselected package libx11-xcb-dev:amd64.
conformance-and-platform	Install toolchain and Linux runtime dependencies	2026-10-05T15:47:58.1731765Z Preparing to unpack .../123-libx11-xcb-dev_2%3a1.8.7-1build1_amd64.deb ...
conformance-and-platform	Install toolchain and Linux runtime dependencies	2026-10-05T15:47:58.1737228Z Unpacking libx11-xcb-dev:amd64 (2:1.8.7-1build1) ...
conformance-and-platform	Install toolchain and Linux runtime dependencies	2026-10-05T15:47:58.1894553Z Selecting previously unselected package libxkbcommon-dev:amd64.
conformance-and-platform	Install toolchain and Linux runtime dependencies	2026-10-05T15:47:58.1997831Z Preparing to unpack .../124-libxkbcommon-dev_1.6.0-1build1_amd64.deb ...
conformance-and-platform	Install toolchain and Linux runtime dependencies	2026-10-05T15:47:58.2003643Z Unpacking libxkbcommon-dev:amd64 (1.6.0-1build1) ...
conformance-and-platform	Install toolchain and Linux runtime dependencies	2026-10-05T15:47:58.2321608Z Selecting previously unselected package libxkbcommon-x11-0:amd64.
conformance-and-platform	Install toolchain and Linux runtime dependencies	2026-10-05T15:47:58.2428113Z Preparing to unpack .../125-libxkbcommon-x11-0_1.6.0-1build1_amd64.deb ...
conformance-and-platform	Install toolchain and Linux runtime dependencies	2026-10-05T15:47:58.2433987Z Unpacking libxkbcommon-x11-0:amd64 (1.6.0-1build1) ...
conformance-and-platform	Install toolchain and Linux runtime dependencies	2026-10-05T15:47:58.2589709Z Selecting previously unselected package mesa-utils-bin:amd64.
conformance-and-platform	Install toolchain and Linux runtime dependencies	2026-10-05T15:47:58.2693346Z Preparing to unpack .../126-mesa-utils-bin_9.0.0-2_amd64.deb ...
conformance-and-platform	Install toolchain and Linux runtime dependencies	2026-10-05T15:47:58.2698531Z Unpacking mesa-utils-bin:amd64 (9.0.0-2) ...
conformance-and-platform	Install toolchain and Linux runtime dependencies	2026-10-05T15:47:58.2907628Z Selecting previously unselected package ninja-build.
conformance-and-platform	Install toolchain and Linux runtime dependencies	2026-10-05T15:47:58.3013649Z Preparing to unpack .../127-ninja-build_1.11.1-2_amd64.deb ...
conformance-and-platform	Install toolchain and Linux runtime dependencies	2026-10-05T15:47:58.3036192Z Unpacking ninja-build (1.11.1-2) ...
conformance-and-platform	Install toolchain and Linux runtime dependencies	2026-10-05T15:47:58.3307721Z Selecting previously unselected package weston.
conformance-and-platform	Install toolchain and Linux runtime dependencies	2026-10-05T15:47:58.3416818Z Preparing to unpack .../128-weston_13.0.0-4build3_amd64.deb ...
conformance-and-platform	Install toolchain and Linux runtime dependencies	2026-10-05T15:47:58.3427300Z Unpacking weston (13.0.0-4build3) ...
conformance-and-platform	Install toolchain and Linux runtime dependencies	2026-10-05T15:47:58.3933567Z Selecting previously unselected package libglvnd-core-dev:amd64.
conformance-and-platform	Install toolchain and Linux runtime dependencies	2026-10-05T15:47:58.4043390Z Preparing to unpack .../129-libglvnd-core-dev_1.7.0-1build1_amd64.deb ...
conformance-and-platform	Install toolchain and Linux runtime dependencies	2026-10-05T15:47:58.4049548Z Unpacking libglvnd-core-dev:amd64 (1.7.0-1build1) ...
conformance-and-platform	Install toolchain and Linux runtime dependencies	2026-10-05T15:47:58.4365588Z Selecting previously unselected package libglvnd-dev:amd64.
conformance-and-platform	Install toolchain and Linux runtime dependencies	2026-10-05T15:47:58.4470525Z Preparing to unpack .../130-libglvnd-dev_1.7.0-1build1_amd64.deb ...
conformance-and-platform	Install toolchain and Linux runtime dependencies	2026-10-05T15:47:58.4482120Z Unpacking libglvnd-dev:amd64 (1.7.0-1build1) ...
conformance-and-platform	Install toolchain and Linux runtime dependencies	2026-10-05T15:47:58.4655235Z Selecting previously unselected package libgl1-mesa-dev:amd64.
conformance-and-platform	Install toolchain and Linux runtime dependencies	2026-10-05T15:47:58.4758609Z Preparing to unpack .../131-libgl1-mesa-dev_25.2.8-0ubuntu0.24.04.4_amd64.deb ...
conformance-and-platform	Install toolchain and Linux runtime dependencies	2026-10-05T15:47:58.4764799Z Unpacking libgl1-mesa-dev:amd64 (25.2.8-0ubuntu0.24.04.4) ...
conformance-and-platform	Install toolchain and Linux runtime dependencies	2026-10-05T15:47:58.4918582Z Selecting previously unselected package libwayland-bin.
conformance-and-platform	Install toolchain and Linux runtime dependencies	2026-10-05T15:47:58.5020370Z Preparing to unpack .../132-libwayland-bin_1.22.0-2.1build1_amd64.deb ...
conformance-and-platform	Install toolchain and Linux runtime dependencies	2026-10-05T15:47:58.5026583Z Unpacking libwayland-bin (1.22.0-2.1build1) ...
conformance-and-platform	Install toolchain and Linux runtime dependencies	2026-10-05T15:47:58.5185760Z Selecting previously unselected package libwayland-dev:amd64.
conformance-and-platform	Install toolchain and Linux runtime dependencies	2026-10-05T15:47:58.5288668Z Preparing to unpack .../133-libwayland-dev_1.22.0-2.1build1_amd64.deb ...
conformance-and-platform	Install toolchain and Linux runtime dependencies	2026-10-05T15:47:58.5296276Z Unpacking libwayland-dev:amd64 (1.22.0-2.1build1) ...
conformance-and-platform	Install toolchain and Linux runtime dependencies	2026-10-05T15:47:58.5484242Z Selecting previously unselected package mesa-utils.
conformance-and-platform	Install toolchain and Linux runtime dependencies	2026-10-05T15:47:58.5587960Z Preparing to unpack .../134-mesa-utils_9.0.0-2_amd64.deb ...
conformance-and-platform	Install toolchain and Linux runtime dependencies	2026-10-05T15:47:58.5593240Z Unpacking mesa-utils (9.0.0-2) ...
conformance-and-platform	Install toolchain and Linux runtime dependencies	2026-10-05T15:47:58.6351506Z Setting up libgme0:amd64 (0.6.3-7build1) ...
conformance-and-platform	Install toolchain and Linux runtime dependencies	2026-10-05T15:47:58.6369085Z Setting up libchromaprint1:amd64 (1.5.1-5) ...
conformance-and-platform	Install toolchain and Linux runtime dependencies	2026-10-05T15:47:58.6383776Z Setting up libssh-gcrypt-4:amd64 (0.10.6-2ubuntu0.5) ...
conformance-and-platform	Install toolchain and Linux runtime dependencies	2026-10-05T15:47:58.6397830Z Setting up libhwy1t64:amd64 (1.0.7-8.1build1) ...
conformance-and-platform	Install toolchain and Linux runtime dependencies	2026-10-05T15:47:58.6417079Z Setting up libudfread0:amd64 (1.1.2-1build1) ...
conformance-and-platform	Install toolchain and Linux runtime dependencies	2026-10-05T15:47:58.6434541Z Setting up libwayland-server0:amd64 (1.22.0-2.1build1) ...
conformance-and-platform	Install toolchain and Linux runtime dependencies	2026-10-05T15:47:58.6452284Z Setting up mesa-libgallium:amd64 (25.2.8-0ubuntu0.24.04.4) ...
conformance-and-platform	Install toolchain and Linux runtime dependencies	2026-10-05T15:47:58.6467140Z Setting up libspeex1:amd64 (1.2.1-2ubuntu2.24.04.1) ...
conformance-and-platform	Install toolchain and Linux runtime dependencies	2026-10-05T15:47:58.6482066Z Setting up libshine3:amd64 (3.1.1-2build1) ...
conformance-and-platform	Install toolchain and Linux runtime dependencies	2026-10-05T15:47:58.6496050Z Setting up libvpl2 (2023.3.0-1build1) ...
conformance-and-platform	Install toolchain and Linux runtime dependencies	2026-10-05T15:47:58.6509878Z Setting up libglvnd-core-dev:amd64 (1.7.0-1build1) ...
conformance-and-platform	Install toolchain and Linux runtime dependencies	2026-10-05T15:47:58.6524097Z Setting up libx264-164:amd64 (2:0.164.3108+git31e19f9-1) ...
conformance-and-platform	Install toolchain and Linux runtime dependencies	2026-10-05T15:47:58.6537724Z Setting up libtwolame0:amd64 (0.4.0-2build3) ...
conformance-and-platform	Install toolchain and Linux runtime dependencies	2026-10-05T15:47:58.6552043Z Setting up libmbedcrypto7t64:amd64 (2.28.8-1) ...
conformance-and-platform	Install toolchain and Linux runtime dependencies	2026-10-05T15:47:58.6566753Z Setting up libgbm1:amd64 (25.2.8-0ubuntu0.24.04.4) ...
conformance-and-platform	Install toolchain and Linux runtime dependencies	2026-10-05T15:47:58.6735175Z Setting up libgsm1:amd64 (1.0.22-1build1) ...
conformance-and-platform	Install toolchain and Linux runtime dependencies	2026-10-05T15:47:58.6760409Z Setting up libaml0t64:amd64 (0.3.0-1.1build1) ...
conformance-and-platform	Install toolchain and Linux runtime dependencies	2026-10-05T15:47:58.6775405Z Setting up libsoxr0:amd64 (0.1.3-4build3) ...
conformance-and-platform	Install toolchain and Linux runtime dependencies	2026-10-05T15:47:58.6789969Z Setting up libzix-0-0:amd64 (0.4.2-2build1) ...
conformance-and-platform	Install toolchain and Linux runtime dependencies	2026-10-05T15:47:58.6804908Z Setting up libcodec2-1.2:amd64 (1.2.0-2build1) ...
conformance-and-platform	Install toolchain and Linux runtime dependencies	2026-10-05T15:47:58.6818833Z Setting up libwinpr2-2t64:amd64 (2.11.5+dfsg1-1build2) ...
conformance-and-platform	Install toolchain and Linux runtime dependencies	2026-10-05T15:47:58.6832258Z Setting up libxkbcommon-dev:amd64 (1.6.0-1build1) ...
conformance-and-platform	Install toolchain and Linux runtime dependencies	2026-10-05T15:47:58.6846313Z Setting up libgl1-mesa-dri:amd64 (25.2.8-0ubuntu0.24.04.4) ...
conformance-and-platform	Install toolchain and Linux runtime dependencies	2026-10-05T15:47:58.6910859Z Setting up libpng-dev:amd64 (1.6.43-5ubuntu0.6) ...
conformance-and-platform	Install toolchain and Linux runtime dependencies	2026-10-05T15:47:58.6929973Z Setting up libmysofa1:amd64 (1.3.2+dfsg-2ubuntu2) ...
conformance-and-platform	Install toolchain and Linux runtime dependencies	2026-10-05T15:47:58.6944557Z Setting up libwebrtc-audio-processing1:amd64 (0.3.1-0ubuntu6) ...
conformance-and-platform	Install toolchain and Linux runtime dependencies	2026-10-05T15:47:58.6958089Z Setting up libsvtav1enc1d1:amd64 (1.7.0+dfsg-2build1) ...
conformance-and-platform	Install toolchain and Linux runtime dependencies	2026-10-05T15:47:58.6972019Z Setting up libmpg123-0t64:amd64 (1.32.5-1ubuntu1.1) ...
conformance-and-platform	Install toolchain and Linux runtime dependencies	2026-10-05T15:47:58.6989130Z Setting up libcjson1:amd64 (1.7.17-1) ...
conformance-and-platform	Install toolchain and Linux runtime dependencies	2026-10-05T15:47:58.7006921Z Setting up libxvidcore4:amd64 (2:1.3.7-1build1) ...
conformance-and-platform	Install toolchain and Linux runtime dependencies	2026-10-05T15:47:58.7024091Z Setting up libpthread-stubs0-dev:amd64 (0.4-1build3) ...
conformance-and-platform	Install toolchain and Linux runtime dependencies	2026-10-05T15:47:58.7039830Z Setting up librav1e0:amd64 (0.7.1-2) ...
conformance-and-platform	Install toolchain and Linux runtime dependencies	2026-10-05T15:47:58.7059265Z Setting up libopengl0:amd64 (1.7.0-1build1) ...
conformance-and-platform	Install toolchain and Linux runtime dependencies	2026-10-05T15:47:58.7078463Z Setting up ninja-build (1.11.1-2) ...
conformance-and-platform	Install toolchain and Linux runtime dependencies	2026-10-05T15:47:58.7102256Z Setting up liborc-0.4-0t64:amd64 (1:0.4.38-1ubuntu0.1) ...
conformance-and-platform	Install toolchain and Linux runtime dependencies	2026-10-05T15:47:58.7116934Z Setting up libxcb-xkb1:amd64 (1.15-1ubuntu2) ...
conformance-and-platform	Install toolchain and Linux runtime dependencies	2026-10-05T15:47:58.7132790Z Setting up librist4:amd64 (0.2.10+dfsg-2) ...
conformance-and-platform	Install toolchain and Linux runtime dependencies	2026-10-05T15:47:58.7154359Z Setting up librsvg2-2:amd64 (2.58.0+dfsg-1build1) ...
conformance-and-platform	Install toolchain and Linux runtime dependencies	2026-10-05T15:47:58.7168935Z Setting up libclang-18-dev (1:18.1.3-1ubuntu1) ...
conformance-and-platform	Install toolchain and Linux runtime dependencies	2026-10-05T15:47:58.7188033Z Setting up xtrans-dev (1.4.0-1) ...
conformance-and-platform	Install toolchain and Linux runtime dependencies	2026-10-05T15:47:58.7202433Z Setting up libwayland-bin (1.22.0-2.1build1) ...
conformance-and-platform	Install toolchain and Linux runtime dependencies	2026-10-05T15:47:58.7221072Z Setting up libblas3:amd64 (3.12.0-3build1.1) ...
conformance-and-platform	Install toolchain and Linux runtime dependencies	2026-10-05T15:47:58.7274009Z update-alternatives: using /usr/lib/x86_64-linux-gnu/blas/libblas.so.3 to provide /usr/lib/x86_64-linux-gnu/libblas.so.3 (libblas.so.3-x86_64-linux-gnu) in auto mode
conformance-and-platform	Install toolchain and Linux runtime dependencies	2026-10-05T15:47:58.7290471Z Setting up libegl-mesa0:amd64 (25.2.8-0ubuntu0.24.04.4) ...
conformance-and-platform	Install toolchain and Linux runtime dependencies	2026-10-05T15:47:58.7306974Z Setting up libplacebo338:amd64 (6.338.2-2build1) ...
conformance-and-platform	Install toolchain and Linux runtime dependencies	2026-10-05T15:47:58.7324138Z Setting up libgles2:amd64 (1.7.0-1build1) ...
conformance-and-platform	Install toolchain and Linux runtime dependencies	2026-10-05T15:47:58.7342380Z Setting up libva2:amd64 (2.20.0-2ubuntu0.2) ...
conformance-and-platform	Install toolchain and Linux runtime dependencies	2026-10-05T15:47:58.7363016Z Setting up libspa-0.2-modules:amd64 (1.0.5-1ubuntu3.3) ...
conformance-and-platform	Install toolchain and Linux runtime dependencies	2026-10-05T15:47:58.7384923Z Setting up uuid-dev:amd64 (2.39.3-9ubuntu6.6) ...
conformance-and-platform	Install toolchain and Linux runtime dependencies	2026-10-05T15:47:58.7402311Z Setting up clang (1:18.0-59~exp2) ...
conformance-and-platform	Install toolchain and Linux runtime dependencies	2026-10-05T15:47:58.8054012Z Setting up libgles1:amd64 (1.7.0-1build1) ...
conformance-and-platform	Install toolchain and Linux runtime dependencies	2026-10-05T15:47:58.8067556Z Setting up libopus0:amd64 (1.4-1build1) ...
conformance-and-platform	Install toolchain and Linux runtime dependencies	2026-10-05T15:47:58.8086090Z Setting up libxkbcommon-x11-0:amd64 (1.6.0-1build1) ...
conformance-and-platform	Install toolchain and Linux runtime dependencies	2026-10-05T15:47:58.8122619Z Setting up libunibreak5:amd64 (5.1-2build1) ...
conformance-and-platform	Install toolchain and Linux runtime dependencies	2026-10-05T15:47:58.8138410Z Setting up libjxl0.7:amd64 (0.7.0-10.2ubuntu6.1) ...
conformance-and-platform	Install toolchain and Linux runtime dependencies	2026-10-05T15:47:58.8153361Z Setting up libx265-199:amd64 (3.5-2build1) ...
conformance-and-platform	Install toolchain and Linux runtime dependencies	2026-10-05T15:47:58.8348250Z Setting up libturbojpeg:amd64 (1:2.1.5-2ubuntu2) ...
conformance-and-platform	Install toolchain and Linux runtime dependencies	2026-10-05T15:47:58.8368414Z Setting up libvidstab1.1:amd64 (1.1.0-2build1) ...
conformance-and-platform	Install toolchain and Linux runtime dependencies	2026-10-05T15:47:58.8382538Z Setting up libvpx9:amd64 (1.14.0-1ubuntu2.3) ...
conformance-and-platform	Install toolchain and Linux runtime dependencies	2026-10-05T15:47:58.8398709Z Setting up libsrt1.5-gnutls:amd64 (1.5.3-1build2) ...
conformance-and-platform	Install toolchain and Linux runtime dependencies	2026-10-05T15:47:58.8417415Z Setting up libxcb-composite0:amd64 (1.15-1ubuntu2) ...
conformance-and-platform	Install toolchain and Linux runtime dependencies	2026-10-05T15:47:58.8451188Z Setting up libflite1:amd64 (2.2-6build3) ...
conformance-and-platform	Install toolchain and Linux runtime dependencies	2026-10-05T15:47:58.8471317Z Setting up libdav1d7:amd64 (1.4.1-1build1) ...
conformance-and-platform	Install toolchain and Linux runtime dependencies	2026-10-05T15:47:58.8489128Z Setting up libmtdev1t64:amd64 (1.1.6-1.1build1) ...
conformance-and-platform	Install toolchain and Linux runtime dependencies	2026-10-05T15:47:58.8508725Z Setting up libva-drm2:amd64 (2.20.0-2ubuntu0.2) ...
conformance-and-platform	Install toolchain and Linux runtime dependencies	2026-10-05T15:47:58.8524312Z Setting up ocl-icd-libopencl1:amd64 (2.3.2-1build1) ...
conformance-and-platform	Install toolchain and Linux runtime dependencies	2026-10-05T15:47:58.8614997Z Setting up libasyncns0:amd64 (0.8-6build4) ...
conformance-and-platform	Install toolchain and Linux runtime dependencies	2026-10-05T15:47:58.8635581Z Setting up libvdpau1:amd64 (1.5-2build1) ...
conformance-and-platform	Install toolchain and Linux runtime dependencies	2026-10-05T15:47:58.8657469Z Setting up libbs2b0:amd64 (3.1.0+dfsg-7build1) ...
conformance-and-platform	Install toolchain and Linux runtime dependencies	2026-10-05T15:47:58.8678746Z Setting up libtheora0:amd64 (1.1.1+dfsg.1-16.1build3) ...
conformance-and-platform	Install toolchain and Linux runtime dependencies	2026-10-05T15:47:58.8696135Z Setting up libegl1:amd64 (1.7.0-1build1) ...
conformance-and-platform	Install toolchain and Linux runtime dependencies	2026-10-05T15:47:58.8714989Z Setting up libfreerdp2-2t64:amd64 (2.11.5+dfsg1-1build2) ...
conformance-and-platform	Install toolchain and Linux runtime dependencies	2026-10-05T15:47:58.8746980Z Setting up libdecor-0-0:amd64 (0.2.2-1build2) ...
conformance-and-platform	Install toolchain and Linux runtime dependencies	2026-10-05T15:47:58.9113472Z Setting up libzimg2:amd64 (3.0.5+ds1-1build1) ...
conformance-and-platform	Install toolchain and Linux runtime dependencies	2026-10-05T15:47:58.9135628Z Setting up build-essential (12.10ubuntu1) ...
conformance-and-platform	Install toolchain and Linux runtime dependencies	2026-10-05T15:47:58.9151060Z Setting up xorg-sgml-doctools (1:1.11-1.1) ...
conformance-and-platform	Install toolchain and Linux runtime dependencies	2026-10-05T15:47:58.9170053Z Setting up libflac12t64:amd64 (1.4.3+ds-2.1ubuntu2) ...
conformance-and-platform	Install toolchain and Linux runtime dependencies	2026-10-05T15:47:58.9187472Z Setting up libseat1:amd64 (0.8.0-1) ...
conformance-and-platform	Install toolchain and Linux runtime dependencies	2026-10-05T15:47:58.9203870Z Setting up libopengl-dev:amd64 (1.7.0-1build1) ...
conformance-and-platform	Install toolchain and Linux runtime dependencies	2026-10-05T15:47:58.9218317Z Setting up libbluray2:amd64 (1:1.3.4-1build1) ...
conformance-and-platform	Install toolchain and Linux runtime dependencies	2026-10-05T15:47:58.9231312Z Setting up libsamplerate0:amd64 (0.2.2-4build1) ...
conformance-and-platform	Install toolchain and Linux runtime dependencies	2026-10-05T15:47:58.9250770Z Setting up libva-x11-2:amd64 (2.20.0-2ubuntu0.2) ...
conformance-and-platform	Install toolchain and Linux runtime dependencies	2026-10-05T15:47:58.9264931Z Setting up libpipewire-0.3-0t64:amd64 (1.0.5-1ubuntu3.3) ...
conformance-and-platform	Install toolchain and Linux runtime dependencies	2026-10-05T15:47:58.9296160Z Setting up libopenmpt0t64:amd64 (0.7.3-1.1build3) ...
conformance-and-platform	Install toolchain and Linux runtime dependencies	2026-10-05T15:47:58.9316597Z Setting up libbrotli-dev:amd64 (1.1.0-2build2) ...
conformance-and-platform	Install toolchain and Linux runtime dependencies	2026-10-05T15:47:59.0438664Z Setting up libzvbi-common (0.2.42-2) ...
conformance-and-platform	Install toolchain and Linux runtime dependencies	2026-10-05T15:47:59.0465592Z Setting up libmp3lame0:amd64 (3.100-6build1) ...
conformance-and-platform	Install toolchain and Linux runtime dependencies	2026-10-05T15:47:59.0488942Z Setting up libvorbisenc2:amd64 (1.3.7-1build3) ...
conformance-and-platform	Install toolchain and Linux runtime dependencies	2026-10-05T15:47:59.0507983Z Setting up libserd-0-0:amd64 (0.32.2-1) ...
conformance-and-platform	Install toolchain and Linux runtime dependencies	2026-10-05T15:47:59.0833421Z Setting up libwacom-common (2.10.0-2) ...
conformance-and-platform	Install toolchain and Linux runtime dependencies	2026-10-05T15:47:59.0850976Z Setting up libbz2-dev:amd64 (1.0.8-5.1ubuntu0.1) ...
conformance-and-platform	Install toolchain and Linux runtime dependencies	2026-10-05T15:47:59.0867885Z Setting up liblapack3:amd64 (3.12.0-3build1.1) ...
conformance-and-platform	Install toolchain and Linux runtime dependencies	2026-10-05T15:47:59.0919800Z update-alternatives: using /usr/lib/x86_64-linux-gnu/lapack/liblapack.so.3 to provide /usr/lib/x86_64-linux-gnu/liblapack.so.3 (liblapack.so.3-x86_64-linux-gnu) in auto mode
conformance-and-platform	Install toolchain and Linux runtime dependencies	2026-10-05T15:47:59.0953914Z Setting up libglx-mesa0:amd64 (25.2.8-0ubuntu0.24.04.4) ...
conformance-and-platform	Install toolchain and Linux runtime dependencies	2026-10-05T15:47:59.0970534Z Setting up libzvbi0t64:amd64 (0.2.42-2) ...
conformance-and-platform	Install toolchain and Linux runtime dependencies	2026-10-05T15:47:59.0996780Z Setting up libwacom9:amd64 (2.10.0-2) ...
conformance-and-platform	Install toolchain and Linux runtime dependencies	2026-10-05T15:47:59.1022222Z Setting up libgstreamer-plugins-base1.0-0:amd64 (1.24.2-1ubuntu0.5) ...
conformance-and-platform	Install toolchain and Linux runtime dependencies	2026-10-05T15:47:59.1043011Z Setting up libavutil58:amd64 (7:6.1.1-3ubuntu5) ...
conformance-and-platform	Install toolchain and Linux runtime dependencies	2026-10-05T15:47:59.1057851Z Setting up libwayland-dev:amd64 (1.22.0-2.1build1) ...
conformance-and-platform	Install toolchain and Linux runtime dependencies	2026-10-05T15:47:59.1077895Z Setting up libinput-bin (1.25.0-1ubuntu3.7) ...
conformance-and-platform	Install toolchain and Linux runtime dependencies	2026-10-05T15:47:59.1103056Z Setting up libfreetype-dev:amd64 (2.13.2+dfsg-1ubuntu0.1) ...
conformance-and-platform	Install toolchain and Linux runtime dependencies	2026-10-05T15:47:59.1120185Z Setting up libass9:amd64 (1:0.17.1-2build1) ...
conformance-and-platform	Install toolchain and Linux runtime dependencies	2026-10-05T15:47:59.1151315Z Setting up mesa-utils-bin:amd64 (9.0.0-2) ...
conformance-and-platform	Install toolchain and Linux runtime dependencies	2026-10-05T15:47:59.1200305Z Setting up libswresample4:amd64 (7:6.1.1-3ubuntu5) ...
conformance-and-platform	Install toolchain and Linux runtime dependencies	2026-10-05T15:47:59.1230435Z Setting up libfreerdp-server2-2t64:amd64 (2.11.5+dfsg1-1build2) ...
conformance-and-platform	Install toolchain and Linux runtime dependencies	2026-10-05T15:47:59.1249592Z Setting up libavcodec60:amd64 (7:6.1.1-3ubuntu5) ...
conformance-and-platform	Install toolchain and Linux runtime dependencies	2026-10-05T15:47:59.1413084Z Setting up librubberband2:amd64 (3.3.0+dfsg-2build1) ...
conformance-and-platform	Install toolchain and Linux runtime dependencies	2026-10-05T15:47:59.1537591Z Setting up libsord-0-0:amd64 (0.16.16-2build1) ...
conformance-and-platform	Install toolchain and Linux runtime dependencies	2026-10-05T15:47:59.1552939Z Setting up libpostproc57:amd64 (7:6.1.1-3ubuntu5) ...
conformance-and-platform	Install toolchain and Linux runtime dependencies	2026-10-05T15:47:59.1571942Z Setting up libsratom-0-0:amd64 (0.6.16-1build1) ...
conformance-and-platform	Install toolchain and Linux runtime dependencies	2026-10-05T15:47:59.1586674Z Setting up libsndfile1:amd64 (1.2.2-1ubuntu5.24.04.1) ...
conformance-and-platform	Install toolchain and Linux runtime dependencies	2026-10-05T15:47:59.1606900Z Setting up liblilv-0-0:amd64 (0.24.22-1build1) ...
conformance-and-platform	Install toolchain and Linux runtime dependencies	2026-10-05T15:47:59.1624444Z Setting up libswscale7:amd64 (7:6.1.1-3ubuntu5) ...
conformance-and-platform	Install toolchain and Linux runtime dependencies	2026-10-05T15:47:59.1643168Z Setting up libinput10:amd64 (1.25.0-1ubuntu3.7) ...
conformance-and-platform	Install toolchain and Linux runtime dependencies	2026-10-05T15:47:59.1727878Z Setting up libpulse0:amd64 (1:16.1+dfsg1-2ubuntu10.1) ...
conformance-and-platform	Install toolchain and Linux runtime dependencies	2026-10-05T15:47:59.1788781Z Setting up libfontconfig-dev:amd64 (2.15.0-1.1ubuntu2) ...
conformance-and-platform	Install toolchain and Linux runtime dependencies	2026-10-05T15:47:59.1804182Z Setting up libavformat60:amd64 (7:6.1.1-3ubuntu5) ...
conformance-and-platform	Install toolchain and Linux runtime dependencies	2026-10-05T15:47:59.1821312Z Setting up libsphinxbase3t64:amd64 (0.8+5prealpha+1-17build2) ...
conformance-and-platform	Install toolchain and Linux runtime dependencies	2026-10-05T15:47:59.1837706Z Setting up mesa-utils (9.0.0-2) ...
conformance-and-platform	Install toolchain and Linux runtime dependencies	2026-10-05T15:47:59.1854367Z Setting up libfontconfig1-dev:amd64 (2.15.0-1.1ubuntu2) ...
conformance-and-platform	Install toolchain and Linux runtime dependencies	2026-10-05T15:47:59.1878324Z Setting up libpocketsphinx3:amd64 (0.8.0+real5prealpha+1-15ubuntu5) ...
conformance-and-platform	Install toolchain and Linux runtime dependencies	2026-10-05T15:47:59.1893293Z Setting up libavfilter9:amd64 (7:6.1.1-3ubuntu5) ...
conformance-and-platform	Install toolchain and Linux runtime dependencies	2026-10-05T15:47:59.1916937Z Setting up libneatvnc0:amd64 (0.7.1+dfsg-2build3) ...
conformance-and-platform	Install toolchain and Linux runtime dependencies	2026-10-05T15:47:59.1932938Z Setting up libweston-13-0:amd64 (13.0.0-4build3) ...
conformance-and-platform	Install toolchain and Linux runtime dependencies	2026-10-05T15:47:59.1953088Z Setting up weston (13.0.0-4build3) ...
conformance-and-platform	Install toolchain and Linux runtime dependencies	2026-10-05T15:47:59.2039235Z Processing triggers for libc-bin (2.39-0ubuntu8.9) ...
conformance-and-platform	Install toolchain and Linux runtime dependencies	2026-10-05T15:47:59.4276973Z Processing triggers for man-db (2.12.0-4build2) ...
conformance-and-platform	Install toolchain and Linux runtime dependencies	2026-10-05T15:47:59.4299044Z Not building database; man-db/auto-update is not 'true'.
conformance-and-platform	Install toolchain and Linux runtime dependencies	2026-10-05T15:47:59.4311251Z Processing triggers for udev (255.4-1ubuntu8.17) ...
conformance-and-platform	Install toolchain and Linux runtime dependencies	2026-10-05T15:47:59.9080448Z Processing triggers for sgml-base (1.31) ...
conformance-and-platform	Install toolchain and Linux runtime dependencies	2026-10-05T15:47:59.9176752Z Setting up x11proto-dev (2023.2-1) ...
conformance-and-platform	Install toolchain and Linux runtime dependencies	2026-10-05T15:47:59.9267287Z Setting up libxau-dev:amd64 (1:1.0.9-1build6) ...
conformance-and-platform	Install toolchain and Linux runtime dependencies	2026-10-05T15:47:59.9293095Z Setting up libxdmcp-dev:amd64 (1:1.1.3-0ubuntu6) ...
conformance-and-platform	Install toolchain and Linux runtime dependencies	2026-10-05T15:47:59.9342937Z Setting up libxcb1-dev:amd64 (1.15-1ubuntu2) ...
conformance-and-platform	Install toolchain and Linux runtime dependencies	2026-10-05T15:47:59.9370724Z Setting up libx11-dev:amd64 (2:1.8.7-1build1) ...
conformance-and-platform	Install toolchain and Linux runtime dependencies	2026-10-05T15:47:59.9413626Z Setting up libglx-dev:amd64 (1.7.0-1build1) ...
conformance-and-platform	Install toolchain and Linux runtime dependencies	2026-10-05T15:47:59.9436318Z Setting up libgl-dev:amd64 (1.7.0-1build1) ...
conformance-and-platform	Install toolchain and Linux runtime dependencies	2026-10-05T15:47:59.9579225Z Setting up libx11-xcb-dev:amd64 (2:1.8.7-1build1) ...
conformance-and-platform	Install toolchain and Linux runtime dependencies	2026-10-05T15:47:59.9608633Z Setting up libegl-dev:amd64 (1.7.0-1build1) ...
conformance-and-platform	Install toolchain and Linux runtime dependencies	2026-10-05T15:47:59.9640993Z Setting up libgles-dev:amd64 (1.7.0-1build1) ...
conformance-and-platform	Install toolchain and Linux runtime dependencies	2026-10-05T15:47:59.9682515Z Setting up libglvnd-dev:amd64 (1.7.0-1build1) ...
conformance-and-platform	Install toolchain and Linux runtime dependencies	2026-10-05T15:47:59.9722269Z Setting up libgl1-mesa-dev:amd64 (25.2.8-0ubuntu0.24.04.4) ...
conformance-and-platform	Install toolchain and Linux runtime dependencies	2026-10-05T15:48:00.5188917Z 
conformance-and-platform	Install toolchain and Linux runtime dependencies	2026-10-05T15:48:00.5190674Z Running kernel seems to be up-to-date.
conformance-and-platform	Install toolchain and Linux runtime dependencies	2026-10-05T15:48:00.5191183Z 
conformance-and-platform	Install toolchain and Linux runtime dependencies	2026-10-05T15:48:00.5191321Z No services need to be restarted.
conformance-and-platform	Install toolchain and Linux runtime dependencies	2026-10-05T15:48:00.5191544Z 
conformance-and-platform	Install toolchain and Linux runtime dependencies	2026-10-05T15:48:00.5191733Z No containers need to be restarted.
conformance-and-platform	Install toolchain and Linux runtime dependencies	2026-10-05T15:48:00.5191963Z 
conformance-and-platform	Install toolchain and Linux runtime dependencies	2026-10-05T15:48:00.5192109Z No user sessions are running outdated binaries.
conformance-and-platform	Install toolchain and Linux runtime dependencies	2026-10-05T15:48:00.5192390Z 
conformance-and-platform	Install toolchain and Linux runtime dependencies	2026-10-05T15:48:00.5192572Z No VM guests are running outdated hypervisor (qemu) binaries on this host.
conformance-and-platform	Install toolchain and Linux runtime dependencies	2026-10-05T15:48:01.4189245Z info: syncing channel updates for 1.94.1-x86_64-unknown-linux-gnu
conformance-and-platform	Install toolchain and Linux runtime dependencies	2026-10-05T15:48:01.5432397Z info: latest update on 2026-03-26 for version 1.94.1 (e408947bf 2026-03-25)
conformance-and-platform	Install toolchain and Linux runtime dependencies	2026-10-05T15:48:01.5433027Z info: downloading 4 components
conformance-and-platform	Install toolchain and Linux runtime dependencies	2026-10-05T15:48:08.2626990Z 
conformance-and-platform	Install toolchain and Linux runtime dependencies	2026-10-05T15:48:08.2694281Z   1.94.1-x86_64-unknown-linux-gnu installed - rustc 1.94.1 (e408947bf 2026-03-25)
conformance-and-platform	Install toolchain and Linux runtime dependencies	2026-10-05T15:48:08.2694661Z 
conformance-and-platform	Install toolchain and Linux runtime dependencies	2026-10-05T15:48:08.2767507Z info: using existing install for 1.94.1-x86_64-unknown-linux-gnu
conformance-and-platform	Install toolchain and Linux runtime dependencies	2026-10-05T15:48:08.2781290Z info: default toolchain set to 1.94.1-x86_64-unknown-linux-gnu
conformance-and-platform	Install toolchain and Linux runtime dependencies	2026-10-05T15:48:08.2781661Z 
conformance-and-platform	Install toolchain and Linux runtime dependencies	2026-10-05T15:48:08.2840237Z   1.94.1-x86_64-unknown-linux-gnu unchanged - rustc 1.94.1 (e408947bf 2026-03-25)
conformance-and-platform	Install toolchain and Linux runtime dependencies	2026-10-05T15:48:08.2840689Z 
conformance-and-platform	Run actions/cache@v5	﻿2026-10-05T15:48:08.4054829Z ##[group]Run actions/cache@v5
conformance-and-platform	Run actions/cache@v5	2026-10-05T15:48:08.4055070Z with:
conformance-and-platform	Run actions/cache@v5	2026-10-05T15:48:08.4055319Z   path: ~/.cargo/git
conformance-and-platform	Run actions/cache@v5	~/.cargo/registry
conformance-and-platform	Run actions/cache@v5	bindings/rust/target
conformance-and-platform	Run actions/cache@v5	
conformance-and-platform	Run actions/cache@v5	2026-10-05T15:48:08.4055780Z   key: v02-hardening-Linux-1.94.1-fb34f7045b13690422332ca00f8747395dca2fa1d8a8e28868ee97a1a1a44b75
conformance-and-platform	Run actions/cache@v5	2026-10-05T15:48:08.4056197Z   enableCrossOsArchive: false
conformance-and-platform	Run actions/cache@v5	2026-10-05T15:48:08.4056413Z   fail-on-cache-miss: false
conformance-and-platform	Run actions/cache@v5	2026-10-05T15:48:08.4056608Z   lookup-only: false
conformance-and-platform	Run actions/cache@v5	2026-10-05T15:48:08.4056787Z   save-always: false
conformance-and-platform	Run actions/cache@v5	2026-10-05T15:48:08.4056954Z env:
conformance-and-platform	Run actions/cache@v5	2026-10-05T15:48:08.4057117Z   BINDGEN_EXTRA_CLANG_ARGS: 
conformance-and-platform	Run actions/cache@v5	2026-10-05T15:48:08.4057340Z   CARGO_TARGET_X86_64_UNKNOWN_LINUX_GNU_RUSTFLAGS: 
conformance-and-platform	Run actions/cache@v5	2026-10-05T15:48:08.4057579Z   CC: clang
conformance-and-platform	Run actions/cache@v5	2026-10-05T15:48:08.4057742Z   CXX: clang++
conformance-and-platform	Run actions/cache@v5	2026-10-05T15:48:08.4057901Z   CXXFLAGS: 
conformance-and-platform	Run actions/cache@v5	2026-10-05T15:48:08.4058063Z   CARGO_TERM_COLOR: always
conformance-and-platform	Run actions/cache@v5	2026-10-05T15:48:08.4058250Z   FORCE_SKIA_BUILD: 1
conformance-and-platform	Run actions/cache@v5	2026-10-05T15:48:08.4058432Z   PKG_CONFIG_SYSROOT_DIR: 
conformance-and-platform	Run actions/cache@v5	2026-10-05T15:48:08.4058955Z   SKIA_GN_ARGS: extra_cflags += [ "-DSK_SUPPORT_LEGACY_CONIC_CHOP", "-DSK_USE_FREETYPE_EMBOLDEN", "-DSK_GAMMA_EXPONENT=1.2", "-DSK_GAMMA_CONTRAST=0.2", "-fno-strict-aliasing", "-msse3" ]
conformance-and-platform	Run actions/cache@v5	2026-10-05T15:48:08.4059620Z   SKIA_NINJA_COMMAND: ninja
conformance-and-platform	Run actions/cache@v5	2026-10-05T15:48:08.4059825Z ##[endgroup]
conformance-and-platform	Run actions/cache@v5	2026-10-05T15:48:08.5787857Z Cache hit for: v02-hardening-Linux-1.94.1-fb34f7045b13690422332ca00f8747395dca2fa1d8a8e28868ee97a1a1a44b75
conformance-and-platform	Run actions/cache@v5	2026-10-05T15:48:09.6193325Z Received 272629760 of 2696292356 (10.1%), 259.5 MBs/sec
conformance-and-platform	Run actions/cache@v5	2026-10-05T15:48:10.6245830Z Received 616562688 of 2696292356 (22.9%), 293.0 MBs/sec
conformance-and-platform	Run actions/cache@v5	2026-10-05T15:48:11.6247962Z Received 939524096 of 2696292356 (34.8%), 298.0 MBs/sec
conformance-and-platform	Run actions/cache@v5	2026-10-05T15:48:12.6303872Z Received 1304428544 of 2696292356 (48.4%), 310.4 MBs/sec
conformance-and-platform	Run actions/cache@v5	2026-10-05T15:48:13.6254883Z Received 1639972864 of 2696292356 (60.8%), 312.3 MBs/sec
conformance-and-platform	Run actions/cache@v5	2026-10-05T15:48:14.6284401Z Received 1975517184 of 2696292356 (73.3%), 313.5 MBs/sec
conformance-and-platform	Run actions/cache@v5	2026-10-05T15:48:15.6273303Z Received 2315255808 of 2696292356 (85.9%), 315.0 MBs/sec
conformance-and-platform	Run actions/cache@v5	2026-10-05T15:48:16.6303714Z Received 2680160256 of 2696292356 (99.4%), 319.1 MBs/sec
conformance-and-platform	Run actions/cache@v5	2026-10-05T15:48:16.9376776Z Received 2696292356 of 2696292356 (100.0%), 309.1 MBs/sec
conformance-and-platform	Run actions/cache@v5	2026-10-05T15:48:16.9378752Z Cache Size: ~2571 MB (2696292356 B)
conformance-and-platform	Run actions/cache@v5	2026-10-05T15:48:16.9469021Z [command]/usr/bin/tar -xf /home/runner/work/_temp/5b437740-02f7-4f39-9135-7f3847f66214/cache.tzst -P -C /home/runner/work/open-ui/open-ui --use-compress-program unzstd
conformance-and-platform	Run actions/cache@v5	2026-10-05T15:48:59.3293713Z Cache restored successfully
conformance-and-platform	Run actions/cache@v5	2026-10-05T15:48:59.9472593Z Cache restored from key: v02-hardening-Linux-1.94.1-fb34f7045b13690422332ca00f8747395dca2fa1d8a8e28868ee97a1a1a44b75
conformance-and-platform	Verify scenario and performance schemas	﻿2026-10-05T15:48:59.9611567Z ##[group]Run python3 tools/conformance/verify_v02.py
conformance-and-platform	Verify scenario and performance schemas	2026-10-05T15:48:59.9611908Z [36;1mpython3 tools/conformance/verify_v02.py[0m
conformance-and-platform	Verify scenario and performance schemas	2026-10-05T15:48:59.9612172Z [36;1mpython3 tools/performance/verify_v02.py[0m
conformance-and-platform	Verify scenario and performance schemas	2026-10-05T15:48:59.9612435Z [36;1mpython3 tools/performance/verify_v02.py \[0m
conformance-and-platform	Verify scenario and performance schemas	2026-10-05T15:48:59.9612967Z [36;1m  tools/performance/results/local-wsl2-2026-09-13.json[0m
conformance-and-platform	Verify scenario and performance schemas	2026-10-05T15:49:00.2945039Z shell: /usr/bin/bash -e {0}
conformance-and-platform	Verify scenario and performance schemas	2026-10-05T15:49:00.2945286Z env:
conformance-and-platform	Verify scenario and performance schemas	2026-10-05T15:49:00.2945468Z   BINDGEN_EXTRA_CLANG_ARGS: 
conformance-and-platform	Verify scenario and performance schemas	2026-10-05T15:49:00.2945716Z   CARGO_TARGET_X86_64_UNKNOWN_LINUX_GNU_RUSTFLAGS: 
conformance-and-platform	Verify scenario and performance schemas	2026-10-05T15:49:00.2945960Z   CC: clang
conformance-and-platform	Verify scenario and performance schemas	2026-10-05T15:49:00.2946118Z   CXX: clang++
conformance-and-platform	Verify scenario and performance schemas	2026-10-05T15:49:00.2946278Z   CXXFLAGS: 
conformance-and-platform	Verify scenario and performance schemas	2026-10-05T15:49:00.2946451Z   CARGO_TERM_COLOR: always
conformance-and-platform	Verify scenario and performance schemas	2026-10-05T15:49:00.2946639Z   FORCE_SKIA_BUILD: 1
conformance-and-platform	Verify scenario and performance schemas	2026-10-05T15:49:00.2946818Z   PKG_CONFIG_SYSROOT_DIR: 
conformance-and-platform	Verify scenario and performance schemas	2026-10-05T15:49:00.2947343Z   SKIA_GN_ARGS: extra_cflags += [ "-DSK_SUPPORT_LEGACY_CONIC_CHOP", "-DSK_USE_FREETYPE_EMBOLDEN", "-DSK_GAMMA_EXPONENT=1.2", "-DSK_GAMMA_CONTRAST=0.2", "-fno-strict-aliasing", "-msse3" ]
conformance-and-platform	Verify scenario and performance schemas	2026-10-05T15:49:00.2947929Z   SKIA_NINJA_COMMAND: ninja
conformance-and-platform	Verify scenario and performance schemas	2026-10-05T15:49:00.2948123Z ##[endgroup]
conformance-and-platform	Verify scenario and performance schemas	2026-10-05T15:49:00.3270041Z v0.2 conformance manifest: 58 scenarios, 10 domains, exact test parity
conformance-and-platform	Verify scenario and performance schemas	2026-10-05T15:49:00.3546989Z v0.2 performance profile: schema valid; qualification still required
conformance-and-platform	Verify scenario and performance schemas	2026-10-05T15:49:00.3812068Z v0.2 local performance smoke gates passed
conformance-and-platform	Run application conformance suite	﻿2026-10-05T15:49:00.3877973Z ##[group]Run cargo test --locked --package openui --test v02_conformance -- --test-threads=1
conformance-and-platform	Run application conformance suite	2026-10-05T15:49:00.3878532Z [36;1mcargo test --locked --package openui --test v02_conformance -- --test-threads=1[0m
conformance-and-platform	Run application conformance suite	2026-10-05T15:49:00.3933668Z shell: /usr/bin/bash -e {0}
conformance-and-platform	Run application conformance suite	2026-10-05T15:49:00.3933886Z env:
conformance-and-platform	Run application conformance suite	2026-10-05T15:49:00.3934059Z   BINDGEN_EXTRA_CLANG_ARGS: 
conformance-and-platform	Run application conformance suite	2026-10-05T15:49:00.3934292Z   CARGO_TARGET_X86_64_UNKNOWN_LINUX_GNU_RUSTFLAGS: 
conformance-and-platform	Run application conformance suite	2026-10-05T15:49:00.3934533Z   CC: clang
conformance-and-platform	Run application conformance suite	2026-10-05T15:49:00.3934686Z   CXX: clang++
conformance-and-platform	Run application conformance suite	2026-10-05T15:49:00.3934850Z   CXXFLAGS: 
conformance-and-platform	Run application conformance suite	2026-10-05T15:49:00.3935009Z   CARGO_TERM_COLOR: always
conformance-and-platform	Run application conformance suite	2026-10-05T15:49:00.3935196Z   FORCE_SKIA_BUILD: 1
conformance-and-platform	Run application conformance suite	2026-10-05T15:49:00.3935375Z   PKG_CONFIG_SYSROOT_DIR: 
conformance-and-platform	Run application conformance suite	2026-10-05T15:49:00.3935902Z   SKIA_GN_ARGS: extra_cflags += [ "-DSK_SUPPORT_LEGACY_CONIC_CHOP", "-DSK_USE_FREETYPE_EMBOLDEN", "-DSK_GAMMA_EXPONENT=1.2", "-DSK_GAMMA_CONTRAST=0.2", "-fno-strict-aliasing", "-msse3" ]
conformance-and-platform	Run application conformance suite	2026-10-05T15:49:00.3936435Z   SKIA_NINJA_COMMAND: ninja
conformance-and-platform	Run application conformance suite	2026-10-05T15:49:00.3936676Z ##[endgroup]
conformance-and-platform	Run application conformance suite	2026-10-05T15:49:01.3442889Z [1m[92m   Compiling[0m bytemuck_derive v1.10.2 (/home/runner/work/open-ui/open-ui/bindings/rust/vendor/bytemuck_derive-v1)
conformance-and-platform	Run application conformance suite	2026-10-05T15:49:01.3444036Z [1m[92m   Compiling[0m openui-geometry v0.2.0 (/home/runner/work/open-ui/open-ui/bindings/rust/openui-geometry)
conformance-and-platform	Run application conformance suite	2026-10-05T15:49:01.4879927Z [1m[92m   Compiling[0m openui-style v0.2.0 (/home/runner/work/open-ui/open-ui/bindings/rust/openui-style)
conformance-and-platform	Run application conformance suite	2026-10-05T15:49:01.7944572Z [1m[92m   Compiling[0m bytemuck v1.25.0 (/home/runner/work/open-ui/open-ui/bindings/rust/vendor/bytemuck-v1)
conformance-and-platform	Run application conformance suite	2026-10-05T15:49:01.8381247Z [1m[92m   Compiling[0m font-types v0.11.0 (/home/runner/work/open-ui/open-ui/bindings/rust/vendor/font-types-v0_11)
conformance-and-platform	Run application conformance suite	2026-10-05T15:49:01.9220934Z [1m[92m   Compiling[0m read-fonts v0.37.0 (/home/runner/work/open-ui/open-ui/bindings/rust/vendor/read-fonts-v0_37)
conformance-and-platform	Run application conformance suite	2026-10-05T15:49:02.1034362Z [1m[92m   Compiling[0m openui-macros v0.2.0 (/home/runner/work/open-ui/open-ui/bindings/rust/openui-macros)
conformance-and-platform	Run application conformance suite	2026-10-05T15:49:02.8364946Z [1m[92m   Compiling[0m skrifa v0.40.0 (/home/runner/work/open-ui/open-ui/bindings/rust/vendor/skrifa-v0_40)
conformance-and-platform	Run application conformance suite	2026-10-05T15:49:03.3180926Z [1m[92m   Compiling[0m openui-text v0.2.0 (/home/runner/work/open-ui/open-ui/bindings/rust/openui-text)
conformance-and-platform	Run application conformance suite	2026-10-05T15:49:03.6576846Z [1m[92m   Compiling[0m openui-dom v0.2.0 (/home/runner/work/open-ui/open-ui/bindings/rust/openui-dom)
conformance-and-platform	Run application conformance suite	2026-10-05T15:49:03.9564258Z [1m[92m   Compiling[0m openui-layout v0.2.0 (/home/runner/work/open-ui/open-ui/bindings/rust/openui-layout)
conformance-and-platform	Run application conformance suite	2026-10-05T15:49:04.3505587Z [1m[33mwarning[0m[1m: unused import: `BfcOffset`[0m
conformance-and-platform	Run application conformance suite	2026-10-05T15:49:04.3506247Z   [1m[94m--> [0mopenui-layout/src/bfc_resolution.rs:17:23
conformance-and-platform	Run application conformance suite	2026-10-05T15:49:04.3506678Z    [1m[94m|[0m
conformance-and-platform	Run application conformance suite	2026-10-05T15:49:04.3514073Z [1m[94m17[0m [1m[94m|[0m use openui_geometry::{BfcOffset, BoxStrut, LayoutUnit, MarginStrut};
conformance-and-platform	Run application conformance suite	2026-10-05T15:49:04.3514795Z    [1m[94m|[0m                       [1m[33m^^^^^^^^^[0m
conformance-and-platform	Run application conformance suite	2026-10-05T15:49:04.3515253Z    [1m[94m|[0m
conformance-and-platform	Run application conformance suite	2026-10-05T15:49:04.3515776Z    [1m[94m= [0m[1mnote[0m: `#[warn(unused_imports)]` (part of `#[warn(unused)]`) on by default
conformance-and-platform	Run application conformance suite	2026-10-05T15:49:04.3516201Z 
conformance-and-platform	Run application conformance suite	2026-10-05T15:49:04.3542199Z [1m[33mwarning[0m[1m: unused import: `balance_columns`[0m
conformance-and-platform	Run application conformance suite	2026-10-05T15:49:04.3543011Z      [1m[94m--> [0mopenui-layout/src/block.rs:19571:9
conformance-and-platform	Run application conformance suite	2026-10-05T15:49:04.3543443Z       [1m[94m|[0m
conformance-and-platform	Run application conformance suite	2026-10-05T15:49:04.3544067Z [1m[94m19571[0m [1m[94m|[0m         balance_columns, balance_columns_with_margins, compute_column_positions,
conformance-and-platform	Run application conformance suite	2026-10-05T15:49:04.3544749Z       [1m[94m|[0m         [1m[33m^^^^^^^^^^^^^^^[0m
conformance-and-platform	Run application conformance suite	2026-10-05T15:49:04.3545002Z 
conformance-and-platform	Run application conformance suite	2026-10-05T15:49:04.3620147Z [1m[33mwarning[0m[1m: unused import: `super::*`[0m
conformance-and-platform	Run application conformance suite	2026-10-05T15:49:04.3620720Z     [1m[94m--> [0mopenui-layout/src/intrinsic_sizing.rs:3974:9
conformance-and-platform	Run application conformance suite	2026-10-05T15:49:04.3621143Z      [1m[94m|[0m
conformance-and-platform	Run application conformance suite	2026-10-05T15:49:04.3621522Z [1m[94m3974[0m [1m[94m|[0m     use super::*;
conformance-and-platform	Run application conformance suite	2026-10-05T15:49:04.3621962Z      [1m[94m|[0m         [1m[33m^^^^^^^^[0m
conformance-and-platform	Run application conformance suite	2026-10-05T15:49:04.3622774Z 
conformance-and-platform	Run application conformance suite	2026-10-05T15:49:04.3626296Z [1m[33mwarning[0m[1m: unused import: `std::sync::Arc`[0m
conformance-and-platform	Run application conformance suite	2026-10-05T15:49:04.3626937Z   [1m[94m--> [0mopenui-layout/src/new_formatting_context.rs:17:5
conformance-and-platform	Run application conformance suite	2026-10-05T15:49:04.3627388Z    [1m[94m|[0m
conformance-and-platform	Run application conformance suite	2026-10-05T15:49:04.3627749Z [1m[94m17[0m [1m[94m|[0m use std::sync::Arc;
conformance-and-platform	Run application conformance suite	2026-10-05T15:49:04.3628162Z    [1m[94m|[0m     [1m[33m^^^^^^^^^^^^^^[0m
conformance-and-platform	Run application conformance suite	2026-10-05T15:49:04.3628399Z 
conformance-and-platform	Run application conformance suite	2026-10-05T15:49:04.3628643Z [1m[33mwarning[0m[1m: unused import: `ClearType`[0m
conformance-and-platform	Run application conformance suite	2026-10-05T15:49:04.3629194Z   [1m[94m--> [0mopenui-layout/src/new_formatting_context.rs:24:25
conformance-and-platform	Run application conformance suite	2026-10-05T15:49:04.3629638Z    [1m[94m|[0m
conformance-and-platform	Run application conformance suite	2026-10-05T15:49:04.3630139Z [1m[94m24[0m [1m[94m|[0m use crate::exclusions::{ClearType, ExclusionSpace};
conformance-and-platform	Run application conformance suite	2026-10-05T15:49:04.3630709Z    [1m[94m|[0m                         [1m[33m^^^^^^^^^[0m
conformance-and-platform	Run application conformance suite	2026-10-05T15:49:04.3630971Z 
conformance-and-platform	Run application conformance suite	2026-10-05T15:49:04.3631364Z [1m[33mwarning[0m[1m: unused import: `crate::layout_result::LayoutResult`[0m
conformance-and-platform	Run application conformance suite	2026-10-05T15:49:04.3631985Z   [1m[94m--> [0mopenui-layout/src/new_formatting_context.rs:26:5
conformance-and-platform	Run application conformance suite	2026-10-05T15:49:04.3632400Z    [1m[94m|[0m
conformance-and-platform	Run application conformance suite	2026-10-05T15:49:04.3632965Z [1m[94m26[0m [1m[94m|[0m use crate::layout_result::LayoutResult;
conformance-and-platform	Run application conformance suite	2026-10-05T15:49:04.3633498Z    [1m[94m|[0m     [1m[33m^^^^^^^^^^^^^^^^^^^^^^^^^^^^^^^^^^[0m
conformance-and-platform	Run application conformance suite	2026-10-05T15:49:04.3633777Z 
conformance-and-platform	Run application conformance suite	2026-10-05T15:49:04.4895850Z [1m[33mwarning[0m[1m: variable `reconstructed_block_in_inline` is assigned to, but never used[0m
conformance-and-platform	Run application conformance suite	2026-10-05T15:49:04.4896402Z     [1m[94m--> [0mopenui-layout/src/block.rs:2104:9
conformance-and-platform	Run application conformance suite	2026-10-05T15:49:04.4896699Z      [1m[94m|[0m
conformance-and-platform	Run application conformance suite	2026-10-05T15:49:04.4897004Z [1m[94m2104[0m [1m[94m|[0m     let mut reconstructed_block_in_inline = false;
conformance-and-platform	Run application conformance suite	2026-10-05T15:49:04.4897384Z      [1m[94m|[0m         [1m[33m^^^^^^^^^^^^^^^^^^^^^^^^^^^^^^^^^[0m
conformance-and-platform	Run application conformance suite	2026-10-05T15:49:04.4897679Z      [1m[94m|[0m
conformance-and-platform	Run application conformance suite	2026-10-05T15:49:04.4898003Z      [1m[94m= [0m[1mnote[0m: consider using `_reconstructed_block_in_inline` instead
conformance-and-platform	Run application conformance suite	2026-10-05T15:49:04.4898835Z      [1m[94m= [0m[1mnote[0m: `#[warn(unused_variables)]` (part of `#[warn(unused)]`) on by default
conformance-and-platform	Run application conformance suite	2026-10-05T15:49:04.4899097Z 
conformance-and-platform	Run application conformance suite	2026-10-05T15:49:04.4901320Z [1m[33mwarning[0m[1m: variable does not need to be mutable[0m
conformance-and-platform	Run application conformance suite	2026-10-05T15:49:04.4901858Z     [1m[94m--> [0mopenui-layout/src/block.rs:6781:9
conformance-and-platform	Run application conformance suite	2026-10-05T15:49:04.4902251Z      [1m[94m|[0m
conformance-and-platform	Run application conformance suite	2026-10-05T15:49:04.4902885Z [1m[94m6781[0m [1m[94m|[0m     let mut child_margin = resolve_margins_in_parent_axes(
conformance-and-platform	Run application conformance suite	2026-10-05T15:49:04.4903504Z      [1m[94m|[0m         [1m[94m----[0m[1m[33m^^^^^^^^^^^^[0m
conformance-and-platform	Run application conformance suite	2026-10-05T15:49:04.4903936Z      [1m[94m|[0m         [1m[94m|[0m
conformance-and-platform	Run application conformance suite	2026-10-05T15:49:04.4904370Z      [1m[94m|[0m         [1m[94mhelp: remove this `mut`[0m
conformance-and-platform	Run application conformance suite	2026-10-05T15:49:04.4904741Z      [1m[94m|[0m
conformance-and-platform	Run application conformance suite	2026-10-05T15:49:04.4905072Z      [1m[94m= [0m[1mnote[0m: `#[warn(unused_mut)]` (part of `#[warn(unused)]`) on by default
conformance-and-platform	Run application conformance suite	2026-10-05T15:49:04.4905331Z 
conformance-and-platform	Run application conformance suite	2026-10-05T15:49:04.5098370Z [1m[33mwarning[0m[1m: field `source_caption_end` is never read[0m
conformance-and-platform	Run application conformance suite	2026-10-05T15:49:04.5098998Z     [1m[94m--> [0mopenui-layout/src/block.rs:9551:5
conformance-and-platform	Run application conformance suite	2026-10-05T15:49:04.5099418Z      [1m[94m|[0m
conformance-and-platform	Run application conformance suite	2026-10-05T15:49:04.5099847Z [1m[94m9550[0m [1m[94m|[0m struct CaptionedRepeatedTableFlow {
conformance-and-platform	Run application conformance suite	2026-10-05T15:49:04.5100507Z      [1m[94m|[0m        [1m[94m--------------------------[0m [1m[94mfield in this struct[0m
conformance-and-platform	Run application conformance suite	2026-10-05T15:49:04.5101077Z [1m[94m9551[0m [1m[94m|[0m     source_caption_end: LayoutUnit,
conformance-and-platform	Run application conformance suite	2026-10-05T15:49:04.5101403Z      [1m[94m|[0m     [1m[33m^^^^^^^^^^^^^^^^^^[0m
conformance-and-platform	Run application conformance suite	2026-10-05T15:49:04.5101654Z      [1m[94m|[0m
conformance-and-platform	Run application conformance suite	2026-10-05T15:49:04.5102229Z      [1m[94m= [0m[1mnote[0m: `CaptionedRepeatedTableFlow` has derived impls for the traits `Debug` and `Clone`, but these are intentionally ignored during dead code analysis
conformance-and-platform	Run application conformance suite	2026-10-05T15:49:04.5103104Z      [1m[94m= [0m[1mnote[0m: `#[warn(dead_code)]` (part of `#[warn(unused)]`) on by default
conformance-and-platform	Run application conformance suite	2026-10-05T15:49:04.5103579Z 
conformance-and-platform	Run application conformance suite	2026-10-05T15:49:04.5103794Z [1m[33mwarning[0m[1m: function `columns_needed_for_height` is never used[0m
conformance-and-platform	Run application conformance suite	2026-10-05T15:49:04.5104175Z    [1m[94m--> [0mopenui-layout/src/multicol/mod.rs:705:4
conformance-and-platform	Run application conformance suite	2026-10-05T15:49:04.5104441Z     [1m[94m|[0m
conformance-and-platform	Run application conformance suite	2026-10-05T15:49:04.5104689Z [1m[94m705[0m [1m[94m|[0m fn columns_needed_for_height(
conformance-and-platform	Run application conformance suite	2026-10-05T15:49:04.5105001Z     [1m[94m|[0m    [1m[33m^^^^^^^^^^^^^^^^^^^^^^^^^[0m
conformance-and-platform	Run application conformance suite	2026-10-05T15:49:04.5105162Z 
conformance-and-platform	Run application conformance suite	2026-10-05T15:49:04.6016649Z [1m[92m   Compiling[0m openui-paint v0.2.0 (/home/runner/work/open-ui/open-ui/bindings/rust/openui-paint)
conformance-and-platform	Run application conformance suite	2026-10-05T15:49:04.7801201Z [1m[33mwarning[0m[1m: use of deprecated module `skia_safe::gradient_shader`: Use the skia_safe::gradient module[0m
conformance-and-platform	Run application conformance suite	2026-10-05T15:49:04.7802314Z   [1m[94m--> [0mopenui-paint/src/painter.rs:39:20
conformance-and-platform	Run application conformance suite	2026-10-05T15:49:04.7803153Z    [1m[94m|[0m
conformance-and-platform	Run application conformance suite	2026-10-05T15:49:04.7803722Z [1m[94m39[0m [1m[94m|[0m     color_filters, gradient_shader, image_filters, surfaces, AlphaType, BlendMode, ClipOp, Color4f,
conformance-and-platform	Run application conformance suite	2026-10-05T15:49:04.7804352Z    [1m[94m|[0m                    [1m[33m^^^^^^^^^^^^^^^[0m
conformance-and-platform	Run application conformance suite	2026-10-05T15:49:04.7804622Z    [1m[94m|[0m
conformance-and-platform	Run application conformance suite	2026-10-05T15:49:04.7804890Z    [1m[94m= [0m[1mnote[0m: `#[warn(deprecated)]` on by default
conformance-and-platform	Run application conformance suite	2026-10-05T15:49:04.7805079Z 
conformance-and-platform	Run application conformance suite	2026-10-05T15:49:04.7805958Z [1m[33mwarning[0m[1m: use of deprecated function `skia_safe::gradient_shader::linear_with_interpolation`: Use the skia_safe::gradient module[0m
conformance-and-platform	Run application conformance suite	2026-10-05T15:49:04.7806723Z     [1m[94m--> [0mopenui-paint/src/painter.rs:1860:45
conformance-and-platform	Run application conformance suite	2026-10-05T15:49:04.7807087Z      [1m[94m|[0m
conformance-and-platform	Run application conformance suite	2026-10-05T15:49:04.7807659Z [1m[94m1860[0m [1m[94m|[0m     scrim_paint.set_shader(gradient_shader::linear_with_interpolation(
conformance-and-platform	Run application conformance suite	2026-10-05T15:49:04.7808305Z      [1m[94m|[0m                                             [1m[33m^^^^^^^^^^^^^^^^^^^^^^^^^[0m
conformance-and-platform	Run application conformance suite	2026-10-05T15:49:04.7808615Z 
conformance-and-platform	Run application conformance suite	2026-10-05T15:49:04.7809266Z [1m[33mwarning[0m[1m: use of deprecated function `skia_safe::gradient_shader::linear_with_interpolation`: Use the skia_safe::gradient module[0m
conformance-and-platform	Run application conformance suite	2026-10-05T15:49:04.7810384Z      [1m[94m--> [0mopenui-paint/src/painter.rs:14056:51
conformance-and-platform	Run application conformance suite	2026-10-05T15:49:04.7810777Z       [1m[94m|[0m
conformance-and-platform	Run application conformance suite	2026-10-05T15:49:04.7811397Z [1m[94m14056[0m [1m[94m|[0m                 paint.set_shader(gradient_shader::linear_with_interpolation(
conformance-and-platform	Run application conformance suite	2026-10-05T15:49:04.7812097Z       [1m[94m|[0m                                                   [1m[33m^^^^^^^^^^^^^^^^^^^^^^^^^[0m
conformance-and-platform	Run application conformance suite	2026-10-05T15:49:04.7812426Z 
conformance-and-platform	Run application conformance suite	2026-10-05T15:49:04.7813187Z [1m[33mwarning[0m[1m: use of deprecated function `skia_safe::gradient_shader::linear`: Use the skia_safe::gradient module[0m
conformance-and-platform	Run application conformance suite	2026-10-05T15:49:04.7814012Z      [1m[94m--> [0mopenui-paint/src/painter.rs:14069:51
conformance-and-platform	Run application conformance suite	2026-10-05T15:49:04.7814442Z       [1m[94m|[0m
conformance-and-platform	Run application conformance suite	2026-10-05T15:49:04.7814982Z [1m[94m14069[0m [1m[94m|[0m                 paint.set_shader(gradient_shader::linear(
conformance-and-platform	Run application conformance suite	2026-10-05T15:49:04.7815605Z       [1m[94m|[0m                                                   [1m[33m^^^^^^[0m
conformance-and-platform	Run application conformance suite	2026-10-05T15:49:04.7815924Z 
conformance-and-platform	Run application conformance suite	2026-10-05T15:49:04.7816619Z [1m[33mwarning[0m[1m: use of deprecated function `skia_safe::gradient_shader::linear_with_interpolation`: Use the skia_safe::gradient module[0m
conformance-and-platform	Run application conformance suite	2026-10-05T15:49:04.7817452Z      [1m[94m--> [0mopenui-paint/src/painter.rs:14082:51
conformance-and-platform	Run application conformance suite	2026-10-05T15:49:04.7817860Z       [1m[94m|[0m
conformance-and-platform	Run application conformance suite	2026-10-05T15:49:04.7818473Z [1m[94m14082[0m [1m[94m|[0m                 paint.set_shader(gradient_shader::linear_with_interpolation(
conformance-and-platform	Run application conformance suite	2026-10-05T15:49:04.7819219Z       [1m[94m|[0m                                                   [1m[33m^^^^^^^^^^^^^^^^^^^^^^^^^[0m
conformance-and-platform	Run application conformance suite	2026-10-05T15:49:04.7819551Z 
conformance-and-platform	Run application conformance suite	2026-10-05T15:49:04.7820257Z [1m[33mwarning[0m[1m: use of deprecated function `skia_safe::gradient_shader::two_point_conical_with_interpolation`: Use the skia_safe::gradient module[0m
conformance-and-platform	Run application conformance suite	2026-10-05T15:49:04.7821172Z      [1m[94m--> [0mopenui-paint/src/painter.rs:14178:55
conformance-and-platform	Run application conformance suite	2026-10-05T15:49:04.7821591Z       [1m[94m|[0m
conformance-and-platform	Run application conformance suite	2026-10-05T15:49:04.7822535Z [1m[94m14178[0m [1m[94m|[0m                     paint.set_shader(gradient_shader::two_point_conical_with_interpolation(
conformance-and-platform	Run application conformance suite	2026-10-05T15:49:04.7823588Z       [1m[94m|[0m                                                       [1m[33m^^^^^^^^^^^^^^^^^^^^^^^^^^^^^^^^^^^^[0m
conformance-and-platform	Run application conformance suite	2026-10-05T15:49:04.7823990Z 
conformance-and-platform	Run application conformance suite	2026-10-05T15:49:04.7824673Z [1m[33mwarning[0m[1m: use of deprecated function `skia_safe::gradient_shader::two_point_conical`: Use the skia_safe::gradient module[0m
conformance-and-platform	Run application conformance suite	2026-10-05T15:49:04.7825463Z      [1m[94m--> [0mopenui-paint/src/painter.rs:14192:55
conformance-and-platform	Run application conformance suite	2026-10-05T15:49:04.7825890Z       [1m[94m|[0m
conformance-and-platform	Run application conformance suite	2026-10-05T15:49:04.7826499Z [1m[94m14192[0m [1m[94m|[0m                     paint.set_shader(gradient_shader::two_point_conical(
conformance-and-platform	Run application conformance suite	2026-10-05T15:49:04.7827215Z       [1m[94m|[0m                                                       [1m[33m^^^^^^^^^^^^^^^^^[0m
conformance-and-platform	Run application conformance suite	2026-10-05T15:49:04.7827544Z 
conformance-and-platform	Run application conformance suite	2026-10-05T15:49:04.7828334Z [1m[33mwarning[0m[1m: use of deprecated function `skia_safe::gradient_shader::two_point_conical_with_interpolation`: Use the skia_safe::gradient module[0m
conformance-and-platform	Run application conformance suite	2026-10-05T15:49:04.7829486Z      [1m[94m--> [0mopenui-paint/src/painter.rs:14208:55
conformance-and-platform	Run application conformance suite	2026-10-05T15:49:04.7829942Z       [1m[94m|[0m
conformance-and-platform	Run application conformance suite	2026-10-05T15:49:04.7830651Z [1m[94m14208[0m [1m[94m|[0m                     paint.set_shader(gradient_shader::two_point_conical_with_interpolation(
conformance-and-platform	Run application conformance suite	2026-10-05T15:49:04.7831477Z       [1m[94m|[0m                                                       [1m[33m^^^^^^^^^^^^^^^^^^^^^^^^^^^^^^^^^^^^[0m
conformance-and-platform	Run application conformance suite	2026-10-05T15:49:04.7831825Z 
conformance-and-platform	Run application conformance suite	2026-10-05T15:49:04.7832924Z [1m[33mwarning[0m[1m: use of deprecated function `skia_safe::gradient_shader::two_point_conical_with_interpolation`: Use the skia_safe::gradient module[0m
conformance-and-platform	Run application conformance suite	2026-10-05T15:49:04.7833893Z      [1m[94m--> [0mopenui-paint/src/painter.rs:14228:51
conformance-and-platform	Run application conformance suite	2026-10-05T15:49:04.7834291Z       [1m[94m|[0m
conformance-and-platform	Run application conformance suite	2026-10-05T15:49:04.7835058Z [1m[94m14228[0m [1m[94m|[0m                 paint.set_shader(gradient_shader::two_point_conical_with_interpolation(
conformance-and-platform	Run application conformance suite	2026-10-05T15:49:04.7836080Z       [1m[94m|[0m                                                   [1m[33m^^^^^^^^^^^^^^^^^^^^^^^^^^^^^^^^^^^^[0m
conformance-and-platform	Run application conformance suite	2026-10-05T15:49:04.7836461Z 
conformance-and-platform	Run application conformance suite	2026-10-05T15:49:04.7837145Z [1m[33mwarning[0m[1m: use of deprecated function `skia_safe::gradient_shader::two_point_conical`: Use the skia_safe::gradient module[0m
conformance-and-platform	Run application conformance suite	2026-10-05T15:49:04.7837957Z      [1m[94m--> [0mopenui-paint/src/painter.rs:14242:51
conformance-and-platform	Run application conformance suite	2026-10-05T15:49:04.7838410Z       [1m[94m|[0m
conformance-and-platform	Run application conformance suite	2026-10-05T15:49:04.7838993Z [1m[94m14242[0m [1m[94m|[0m                 paint.set_shader(gradient_shader::two_point_conical(
conformance-and-platform	Run application conformance suite	2026-10-05T15:49:04.7839622Z       [1m[94m|[0m                                                   [1m[33m^^^^^^^^^^^^^^^^^[0m
conformance-and-platform	Run application conformance suite	2026-10-05T15:49:04.7839946Z 
conformance-and-platform	Run application conformance suite	2026-10-05T15:49:04.7840729Z [1m[33mwarning[0m[1m: use of deprecated function `skia_safe::gradient_shader::two_point_conical_with_interpolation`: Use the skia_safe::gradient module[0m
conformance-and-platform	Run application conformance suite	2026-10-05T15:49:04.7841663Z      [1m[94m--> [0mopenui-paint/src/painter.rs:14258:51
conformance-and-platform	Run application conformance suite	2026-10-05T15:49:04.7842072Z       [1m[94m|[0m
conformance-and-platform	Run application conformance suite	2026-10-05T15:49:04.7842917Z [1m[94m14258[0m [1m[94m|[0m                 paint.set_shader(gradient_shader::two_point_conical_with_interpolation(
conformance-and-platform	Run application conformance suite	2026-10-05T15:49:04.7843785Z       [1m[94m|[0m                                                   [1m[33m^^^^^^^^^^^^^^^^^^^^^^^^^^^^^^^^^^^^[0m
conformance-and-platform	Run application conformance suite	2026-10-05T15:49:04.7844152Z 
conformance-and-platform	Run application conformance suite	2026-10-05T15:49:04.7844863Z [1m[33mwarning[0m[1m: use of deprecated function `skia_safe::gradient_shader::sweep_with_interpolation`: Use the skia_safe::gradient module[0m
conformance-and-platform	Run application conformance suite	2026-10-05T15:49:04.7845769Z      [1m[94m--> [0mopenui-paint/src/painter.rs:14318:51
conformance-and-platform	Run application conformance suite	2026-10-05T15:49:04.7846185Z       [1m[94m|[0m
conformance-and-platform	Run application conformance suite	2026-10-05T15:49:04.7846801Z [1m[94m14318[0m [1m[94m|[0m                 paint.set_shader(gradient_shader::sweep_with_interpolation(
conformance-and-platform	Run application conformance suite	2026-10-05T15:49:04.7847581Z       [1m[94m|[0m                                                   [1m[33m^^^^^^^^^^^^^^^^^^^^^^^^[0m
conformance-and-platform	Run application conformance suite	2026-10-05T15:49:04.7848166Z 
conformance-and-platform	Run application conformance suite	2026-10-05T15:49:04.7848812Z [1m[33mwarning[0m[1m: use of deprecated function `skia_safe::gradient_shader::sweep`: Use the skia_safe::gradient module[0m
conformance-and-platform	Run application conformance suite	2026-10-05T15:49:04.7849639Z      [1m[94m--> [0mopenui-paint/src/painter.rs:14332:51
conformance-and-platform	Run application conformance suite	2026-10-05T15:49:04.7850061Z       [1m[94m|[0m
conformance-and-platform	Run application conformance suite	2026-10-05T15:49:04.7850601Z [1m[94m14332[0m [1m[94m|[0m                 paint.set_shader(gradient_shader::sweep(
conformance-and-platform	Run application conformance suite	2026-10-05T15:49:04.7851289Z       [1m[94m|[0m                                                   [1m[33m^^^^^[0m
conformance-and-platform	Run application conformance suite	2026-10-05T15:49:04.7851603Z 
conformance-and-platform	Run application conformance suite	2026-10-05T15:49:04.7852334Z [1m[33mwarning[0m[1m: use of deprecated function `skia_safe::gradient_shader::sweep_with_interpolation`: Use the skia_safe::gradient module[0m
conformance-and-platform	Run application conformance suite	2026-10-05T15:49:04.7853403Z      [1m[94m--> [0mopenui-paint/src/painter.rs:14346:51
conformance-and-platform	Run application conformance suite	2026-10-05T15:49:04.7853826Z       [1m[94m|[0m
conformance-and-platform	Run application conformance suite	2026-10-05T15:49:04.7854480Z [1m[94m14346[0m [1m[94m|[0m                 paint.set_shader(gradient_shader::sweep_with_interpolation(
conformance-and-platform	Run application conformance suite	2026-10-05T15:49:04.7855275Z       [1m[94m|[0m                                                   [1m[33m^^^^^^^^^^^^^^^^^^^^^^^^[0m
conformance-and-platform	Run application conformance suite	2026-10-05T15:49:04.7855639Z 
conformance-and-platform	Run application conformance suite	2026-10-05T15:49:04.7856263Z [1m[33mwarning[0m[1m: use of deprecated function `skia_safe::gradient_shader::linear`: Use the skia_safe::gradient module[0m
conformance-and-platform	Run application conformance suite	2026-10-05T15:49:04.7870619Z      [1m[94m--> [0mopenui-paint/src/painter.rs:17719:55
conformance-and-platform	Run application conformance suite	2026-10-05T15:49:04.7871164Z       [1m[94m|[0m
conformance-and-platform	Run application conformance suite	2026-10-05T15:49:04.7871691Z [1m[94m17719[0m [1m[94m|[0m                     paint.set_shader(gradient_shader::linear(
conformance-and-platform	Run application conformance suite	2026-10-05T15:49:04.7872121Z       [1m[94m|[0m                                                       [1m[33m^^^^^^[0m
conformance-and-platform	Run application conformance suite	2026-10-05T15:49:04.7872330Z 
conformance-and-platform	Run application conformance suite	2026-10-05T15:49:04.7961834Z [1m[33mwarning[0m[1m: variant `RestoreTo` is never constructed[0m
conformance-and-platform	Run application conformance suite	2026-10-05T15:49:04.7962441Z   [1m[94m--> [0mopenui-paint/src/paint_record.rs:16:5
conformance-and-platform	Run application conformance suite	2026-10-05T15:49:04.7963190Z    [1m[94m|[0m
conformance-and-platform	Run application conformance suite	2026-10-05T15:49:04.7963536Z [1m[94m13[0m [1m[94m|[0m enum Operation {
conformance-and-platform	Run application conformance suite	2026-10-05T15:49:04.7964048Z    [1m[94m|[0m      [1m[94m---------[0m [1m[94mvariant in this enum[0m
conformance-and-platform	Run application conformance suite	2026-10-05T15:49:04.7964502Z [1m[94m...[0m
conformance-and-platform	Run application conformance suite	2026-10-05T15:49:04.7964843Z [1m[94m16[0m [1m[94m|[0m     RestoreTo(usize),
conformance-and-platform	Run application conformance suite	2026-10-05T15:49:04.7965329Z    [1m[94m|[0m     [1m[33m^^^^^^^^^[0m
conformance-and-platform	Run application conformance suite	2026-10-05T15:49:04.7965721Z    [1m[94m|[0m
conformance-and-platform	Run application conformance suite	2026-10-05T15:49:04.7966490Z    [1m[94m= [0m[1mnote[0m: `Operation` has a derived impl for the trait `Clone`, but this is intentionally ignored during dead code analysis
conformance-and-platform	Run application conformance suite	2026-10-05T15:49:04.7967290Z    [1m[94m= [0m[1mnote[0m: `#[warn(dead_code)]` (part of `#[warn(unused)]`) on by default
conformance-and-platform	Run application conformance suite	2026-10-05T15:49:04.7967543Z 
conformance-and-platform	Run application conformance suite	2026-10-05T15:49:04.7967778Z [1m[33mwarning[0m[1m: methods `restore_to_count` and `save_count` are never used[0m
conformance-and-platform	Run application conformance suite	2026-10-05T15:49:04.7968203Z    [1m[94m--> [0mopenui-paint/src/paint_record.rs:131:19
conformance-and-platform	Run application conformance suite	2026-10-05T15:49:04.7968480Z     [1m[94m|[0m
conformance-and-platform	Run application conformance suite	2026-10-05T15:49:04.7968734Z [1m[94m119[0m [1m[94m|[0m impl dyn PaintCanvas + '_ {
conformance-and-platform	Run application conformance suite	2026-10-05T15:49:04.7969143Z     [1m[94m|[0m [1m[94m-------------------------[0m [1m[94mmethods in this implementation[0m
conformance-and-platform	Run application conformance suite	2026-10-05T15:49:04.7969477Z [1m[94m...[0m
conformance-and-platform	Run application conformance suite	2026-10-05T15:49:04.7969856Z [1m[94m131[0m [1m[94m|[0m     pub(crate) fn restore_to_count(&self, count: usize) -> &Self {
conformance-and-platform	Run application conformance suite	2026-10-05T15:49:04.7970248Z     [1m[94m|[0m                   [1m[33m^^^^^^^^^^^^^^^^[0m
conformance-and-platform	Run application conformance suite	2026-10-05T15:49:04.7970498Z [1m[94m...[0m
conformance-and-platform	Run application conformance suite	2026-10-05T15:49:04.7970777Z [1m[94m137[0m [1m[94m|[0m     pub(crate) fn save_count(&self) -> usize {
conformance-and-platform	Run application conformance suite	2026-10-05T15:49:04.7971138Z     [1m[94m|[0m                   [1m[33m^^^^^^^^^^[0m
conformance-and-platform	Run application conformance suite	2026-10-05T15:49:04.7971311Z 
conformance-and-platform	Run application conformance suite	2026-10-05T15:49:04.8497604Z [1m[92m   Compiling[0m openui-compositor v0.2.0 (/home/runner/work/open-ui/open-ui/bindings/rust/openui-compositor)
conformance-and-platform	Run application conformance suite	2026-10-05T15:49:04.9785078Z [1m[92m   Compiling[0m openui-engine v0.2.0 (/home/runner/work/open-ui/open-ui/bindings/rust/openui-engine)
conformance-and-platform	Run application conformance suite	2026-10-05T15:49:05.1378993Z [1m[33mwarning[0m: `openui-layout` (lib) generated 10 warnings (run `cargo fix --lib -p openui-layout` to apply 7 suggestions)
conformance-and-platform	Run application conformance suite	2026-10-05T15:49:05.1918909Z [1m[92m   Compiling[0m openui v0.2.0 (/home/runner/work/open-ui/open-ui/bindings/rust/openui)
conformance-and-platform	Run application conformance suite	2026-10-05T15:49:05.3573618Z [1m[33mwarning[0m: `openui-paint` (lib) generated 17 warnings
conformance-and-platform	Run application conformance suite	2026-10-05T15:49:06.6722174Z [1m[92m    Finished[0m `test` profile [unoptimized + debuginfo] target(s) in 6.25s
conformance-and-platform	Run application conformance suite	2026-10-05T15:49:06.7365572Z [1m[92m     Running[0m tests/v02_conformance.rs (target/debug/deps/v02_conformance-0be5af0020391855)
conformance-and-platform	Run application conformance suite	2026-10-05T15:49:06.7396252Z 
conformance-and-platform	Run application conformance suite	2026-10-05T15:49:06.7396528Z running 58 tests
conformance-and-platform	Run application conformance suite	2026-10-05T15:49:06.9274208Z test accessibility_action_uses_control_pipeline ... ok
conformance-and-platform	Run application conformance suite	2026-10-05T15:49:06.9341991Z test accessibility_relations_reject_cross_document_targets ... ok
conformance-and-platform	Run application conformance suite	2026-10-05T15:49:07.1011211Z test accessibility_tree_has_stable_nodes ... ok
conformance-and-platform	Run application conformance suite	2026-10-05T15:49:07.1049975Z test animation_cancel_restores_underlying_value ... ok
conformance-and-platform	Run application conformance suite	2026-10-05T15:49:07.1303188Z test batched_tree_transaction ... ok
conformance-and-platform	Run application conformance suite	2026-10-05T15:49:07.1343889Z test button_pointer_activation_dispatches_click ... ok
conformance-and-platform	Run application conformance suite	2026-10-05T15:49:07.1379341Z test checkbox_keyboard_activation_toggles ... ok
conformance-and-platform	Run application conformance suite	2026-10-05T15:49:07.1414624Z test clipboard_copy_and_paste ... ok
conformance-and-platform	Run application conformance suite	2026-10-05T15:49:07.1450079Z test computed_style_is_an_owned_native_snapshot ... ok
conformance-and-platform	Run application conformance suite	2026-10-05T15:49:07.1517617Z test cross_document_ownership_is_rejected ... ok
conformance-and-platform	Run application conformance suite	2026-10-05T15:49:07.1553929Z test editing_undo_and_redo ... ok
conformance-and-platform	Run application conformance suite	2026-10-05T15:49:07.1796798Z test emoji_and_bidi_text_render_without_loss ... ok
conformance-and-platform	Run application conformance suite	2026-10-05T15:49:07.1840433Z test flex_dashboard_layout_has_geometry ... ok
conformance-and-platform	Run application conformance suite	2026-10-05T15:49:07.1879867Z test hover_and_active_state_follow_pointer ... ok
conformance-and-platform	Run application conformance suite	2026-10-05T15:49:07.1916368Z test ime_callback_restarting_the_same_control_keeps_the_new_edit ... ok
conformance-and-platform	Run application conformance suite	2026-10-05T15:49:07.1953742Z test ime_callbacks_cannot_redirect_an_edit_to_a_different_focused_control ... ok
conformance-and-platform	Run application conformance suite	2026-10-05T15:49:07.1989237Z test ime_callbacks_may_remove_the_target_without_terminating_input_dispatch ... ok
conformance-and-platform	Run application conformance suite	2026-10-05T15:49:07.2111571Z test ime_cancel_restores_selection_pixels_and_existing_redo ... ok
conformance-and-platform	Run application conformance suite	2026-10-05T15:49:07.2148824Z test ime_commit_can_be_canceled_by_a_native_beforeinput_callback ... ok
conformance-and-platform	Run application conformance suite	2026-10-05T15:49:07.2185419Z test ime_commits_final_text_after_platform_clears_preview_as_one_undo_step ... ok
conformance-and-platform	Run application conformance suite	2026-10-05T15:49:07.2220568Z test ime_composition_commits_once ... ok
conformance-and-platform	Run application conformance suite	2026-10-05T15:49:07.2255205Z test ime_ignores_noneditable_controls_and_cancels_when_disabled ... ok
conformance-and-platform	Run application conformance suite	2026-10-05T15:49:07.2323163Z test independent_documents_keep_focus_isolated ... ok
conformance-and-platform	Run application conformance suite	2026-10-05T15:49:07.2359091Z test keyframe_animation_dispatches_end ... ok
conformance-and-platform	Run application conformance suite	2026-10-05T15:49:07.2443512Z test large_list_updates_remain_mutable ... ok
conformance-and-platform	Run application conformance suite	2026-10-05T15:49:07.2484215Z test modal_focus_is_contained_and_restored ... ok
conformance-and-platform	Run application conformance suite	2026-10-05T15:49:07.2520202Z test named_radio_group_is_exclusive ... ok
conformance-and-platform	Run application conformance suite	2026-10-05T15:49:07.2554643Z test native_class_lookup_tracks_event_driven_updates_and_detachment ... ok
conformance-and-platform	Run application conformance suite	2026-10-05T15:49:07.2588555Z test native_detach_preserves_subtree_handles_and_listeners_for_reattachment ... ok
conformance-and-platform	Run application conformance suite	2026-10-05T15:49:07.2838317Z test native_geometry_includes_all_column_fragments ... ok
conformance-and-platform	Run application conformance suite	2026-10-05T15:49:07.2876503Z test native_geometry_is_independent_of_pointer_and_visibility ... ok
conformance-and-platform	Run application conformance suite	2026-10-05T15:49:07.2914643Z test native_geometry_preserves_empty_and_singular_boxes ... ok
conformance-and-platform	Run application conformance suite	2026-10-05T15:49:07.3154119Z test native_geometry_updates_after_scroll_transform_and_detachment ... ok
conformance-and-platform	Run application conformance suite	2026-10-05T15:49:07.3188135Z test native_id_lookup_follows_attached_document_order ... ok
conformance-and-platform	Run application conformance suite	2026-10-05T15:49:07.3222384Z test native_kind_lookup_tracks_tree_order_and_detachment ... ok
conformance-and-platform	Run application conformance suite	2026-10-05T15:49:07.3261038Z test native_layout_read_then_id_style_mutation_updates_the_same_document ... ok
conformance-and-platform	Run application conformance suite	2026-10-05T15:49:07.3401715Z test native_text_nodes_attach_move_and_keep_element_traversal_typed ... ok
conformance-and-platform	Run application conformance suite	2026-10-05T15:49:07.3440571Z test nested_scroll_container_consumes_wheel ... ok
conformance-and-platform	Run application conformance suite	2026-10-05T15:49:07.3475371Z test pointer_capture_lifecycle_is_validated ... ok
conformance-and-platform	Run application conformance suite	2026-10-05T15:49:07.3646872Z test read_only_text_controls_keep_selection_and_reject_native_edits ... ok
conformance-and-platform	Run application conformance suite	2026-10-05T15:49:07.3681414Z test reduced_motion_finishes_animation ... ok
conformance-and-platform	Run application conformance suite	2026-10-05T15:49:07.3715788Z test removed_weak_handle_expires ... ok
conformance-and-platform	Run application conformance suite	2026-10-05T15:49:07.3762314Z test repeated_headless_frames_are_byte_identical ... ok
conformance-and-platform	Run application conformance suite	2026-10-05T15:49:07.3800556Z test responsive_viewport_reflows_geometry ... ok
conformance-and-platform	Run application conformance suite	2026-10-05T15:49:07.3841088Z test scroll_snap_selects_nearest_point ... ok
conformance-and-platform	Run application conformance suite	2026-10-05T15:49:07.3883487Z test scroll_timeline_samples_from_offset ... ok
conformance-and-platform	Run application conformance suite	2026-10-05T15:49:07.3922783Z test smooth_scroll_uses_manual_clock ... ok
conformance-and-platform	Run application conformance suite	2026-10-05T15:49:07.3965201Z test static_headless_scene ... ok
conformance-and-platform	Run application conformance suite	2026-10-05T15:49:07.3999386Z test synchronous_resource_provider_is_deterministic ... ok
conformance-and-platform	Run application conformance suite	2026-10-05T15:49:07.4033553Z test tab_focus_order_skips_disabled ... ok
conformance-and-platform	Run application conformance suite	2026-10-05T15:49:07.4118105Z test table_application_fixture_lays_out ... ok
conformance-and-platform	Run application conformance suite	2026-10-05T15:49:07.4154223Z test textarea_accepts_multiline_text ... ok
conformance-and-platform	Run application conformance suite	2026-10-05T15:49:07.4188740Z test typed_transition_retains_target ... ok
conformance-and-platform	Run application conformance suite	2026-10-05T15:49:07.4223117Z test unicode_grapheme_editing ... ok
conformance-and-platform	Run application conformance suite	2026-10-05T15:49:07.4261633Z test view_timeline_uses_retained_geometry ... ok
conformance-and-platform	Run application conformance suite	2026-10-05T15:49:07.4309859Z test viewport_native_scroll_clamps_extremes_and_resolves_pending_layout ... ok
conformance-and-platform	Run application conformance suite	2026-10-05T15:49:07.4356486Z test viewport_smooth_scroll_clamps_its_target_and_tracks_content_shrink ... ok
conformance-and-platform	Run application conformance suite	2026-10-05T15:49:07.4472348Z test viewport_wheel_uses_the_same_limits_and_respects_cancelation ... ok
conformance-and-platform	Run application conformance suite	2026-10-05T15:49:07.4472984Z 
conformance-and-platform	Run application conformance suite	2026-10-05T15:49:07.4473244Z test result: ok. 58 passed; 0 failed; 0 ignored; 0 measured; 0 filtered out; finished in 0.71s
conformance-and-platform	Run application conformance suite	2026-10-05T15:49:07.4473550Z 
conformance-and-platform	Build Linux example	﻿2026-10-05T15:49:07.4778248Z ##[group]Run cargo build --locked --package hello --features linux
conformance-and-platform	Build Linux example	2026-10-05T15:49:07.4778660Z [36;1mcargo build --locked --package hello --features linux[0m
conformance-and-platform	Build Linux example	2026-10-05T15:49:07.4832826Z shell: /usr/bin/bash -e {0}
conformance-and-platform	Build Linux example	2026-10-05T15:49:07.4833035Z env:
conformance-and-platform	Build Linux example	2026-10-05T15:49:07.4833212Z   BINDGEN_EXTRA_CLANG_ARGS: 
conformance-and-platform	Build Linux example	2026-10-05T15:49:07.4833444Z   CARGO_TARGET_X86_64_UNKNOWN_LINUX_GNU_RUSTFLAGS: 
conformance-and-platform	Build Linux example	2026-10-05T15:49:07.4833690Z   CC: clang
conformance-and-platform	Build Linux example	2026-10-05T15:49:07.4833844Z   CXX: clang++
conformance-and-platform	Build Linux example	2026-10-05T15:49:07.4834004Z   CXXFLAGS: 
conformance-and-platform	Build Linux example	2026-10-05T15:49:07.4834167Z   CARGO_TERM_COLOR: always
conformance-and-platform	Build Linux example	2026-10-05T15:49:07.4834356Z   FORCE_SKIA_BUILD: 1
conformance-and-platform	Build Linux example	2026-10-05T15:49:07.4834537Z   PKG_CONFIG_SYSROOT_DIR: 
conformance-and-platform	Build Linux example	2026-10-05T15:49:07.4835059Z   SKIA_GN_ARGS: extra_cflags += [ "-DSK_SUPPORT_LEGACY_CONIC_CHOP", "-DSK_USE_FREETYPE_EMBOLDEN", "-DSK_GAMMA_EXPONENT=1.2", "-DSK_GAMMA_CONTRAST=0.2", "-fno-strict-aliasing", "-msse3" ]
conformance-and-platform	Build Linux example	2026-10-05T15:49:07.4835592Z   SKIA_NINJA_COMMAND: ninja
conformance-and-platform	Build Linux example	2026-10-05T15:49:07.4835791Z ##[endgroup]
conformance-and-platform	Build Linux example	2026-10-05T15:49:08.0725165Z [1m[92m   Compiling[0m bytemuck_derive v1.10.2 (/home/runner/work/open-ui/open-ui/bindings/rust/vendor/bytemuck_derive-v1)
conformance-and-platform	Build Linux example	2026-10-05T15:49:08.0760000Z [1m[92m   Compiling[0m openui-macros v0.2.0 (/home/runner/work/open-ui/open-ui/bindings/rust/openui-macros)
conformance-and-platform	Build Linux example	2026-10-05T15:49:08.6057351Z [1m[92m   Compiling[0m bytemuck v1.25.0 (/home/runner/work/open-ui/open-ui/bindings/rust/vendor/bytemuck-v1)
conformance-and-platform	Build Linux example	2026-10-05T15:49:08.7324510Z [1m[92m   Compiling[0m font-types v0.11.0 (/home/runner/work/open-ui/open-ui/bindings/rust/vendor/font-types-v0_11)
conformance-and-platform	Build Linux example	2026-10-05T15:49:08.7325671Z [1m[92m   Compiling[0m winit v0.30.13
conformance-and-platform	Build Linux example	2026-10-05T15:49:08.7326502Z [1m[92m   Compiling[0m softbuffer v0.4.8
conformance-and-platform	Build Linux example	2026-10-05T15:49:09.0684745Z [1m[92m   Compiling[0m read-fonts v0.37.0 (/home/runner/work/open-ui/open-ui/bindings/rust/vendor/read-fonts-v0_37)
conformance-and-platform	Build Linux example	2026-10-05T15:49:09.9926241Z [1m[92m   Compiling[0m skrifa v0.40.0 (/home/runner/work/open-ui/open-ui/bindings/rust/vendor/skrifa-v0_40)
conformance-and-platform	Build Linux example	2026-10-05T15:49:10.3067150Z [1m[92m   Compiling[0m openui-text v0.2.0 (/home/runner/work/open-ui/open-ui/bindings/rust/openui-text)
conformance-and-platform	Build Linux example	2026-10-05T15:49:10.5731823Z [1m[92m   Compiling[0m openui-dom v0.2.0 (/home/runner/work/open-ui/open-ui/bindings/rust/openui-dom)
conformance-and-platform	Build Linux example	2026-10-05T15:49:10.6469849Z [1m[92m   Compiling[0m openui-layout v0.2.0 (/home/runner/work/open-ui/open-ui/bindings/rust/openui-layout)
conformance-and-platform	Build Linux example	2026-10-05T15:49:10.9005422Z [1m[33mwarning[0m[1m: unused import: `BfcOffset`[0m
conformance-and-platform	Build Linux example	2026-10-05T15:49:10.9006579Z   [1m[94m--> [0mopenui-layout/src/bfc_resolution.rs:17:23
conformance-and-platform	Build Linux example	2026-10-05T15:49:10.9007323Z    [1m[94m|[0m
conformance-and-platform	Build Linux example	2026-10-05T15:49:10.9008290Z [1m[94m17[0m [1m[94m|[0m use openui_geometry::{BfcOffset, BoxStrut, LayoutUnit, MarginStrut};
conformance-and-platform	Build Linux example	2026-10-05T15:49:10.9008940Z    [1m[94m|[0m                       [1m[33m^^^^^^^^^[0m
conformance-and-platform	Build Linux example	2026-10-05T15:49:10.9009333Z    [1m[94m|[0m
conformance-and-platform	Build Linux example	2026-10-05T15:49:10.9009838Z    [1m[94m= [0m[1mnote[0m: `#[warn(unused_imports)]` (part of `#[warn(unused)]`) on by default
conformance-and-platform	Build Linux example	2026-10-05T15:49:10.9010298Z 
conformance-and-platform	Build Linux example	2026-10-05T15:49:10.9043389Z [1m[33mwarning[0m[1m: unused import: `balance_columns`[0m
conformance-and-platform	Build Linux example	2026-10-05T15:49:10.9044116Z      [1m[94m--> [0mopenui-layout/src/block.rs:19571:9
conformance-and-platform	Build Linux example	2026-10-05T15:49:10.9044768Z       [1m[94m|[0m
conformance-and-platform	Build Linux example	2026-10-05T15:49:10.9045434Z [1m[94m19571[0m [1m[94m|[0m         balance_columns, balance_columns_with_margins, compute_column_positions,
conformance-and-platform	Build Linux example	2026-10-05T15:49:10.9046116Z       [1m[94m|[0m         [1m[33m^^^^^^^^^^^^^^^[0m
conformance-and-platform	Build Linux example	2026-10-05T15:49:10.9046374Z 
conformance-and-platform	Build Linux example	2026-10-05T15:49:10.9124650Z [1m[33mwarning[0m[1m: unused import: `super::*`[0m
conformance-and-platform	Build Linux example	2026-10-05T15:49:10.9125227Z     [1m[94m--> [0mopenui-layout/src/intrinsic_sizing.rs:3974:9
conformance-and-platform	Build Linux example	2026-10-05T15:49:10.9125668Z      [1m[94m|[0m
conformance-and-platform	Build Linux example	2026-10-05T15:49:10.9126069Z [1m[94m3974[0m [1m[94m|[0m     use super::*;
conformance-and-platform	Build Linux example	2026-10-05T15:49:10.9126495Z      [1m[94m|[0m         [1m[33m^^^^^^^^[0m
conformance-and-platform	Build Linux example	2026-10-05T15:49:10.9126732Z 
conformance-and-platform	Build Linux example	2026-10-05T15:49:10.9134175Z [1m[33mwarning[0m[1m: unused import: `std::sync::Arc`[0m
conformance-and-platform	Build Linux example	2026-10-05T15:49:10.9135387Z   [1m[94m--> [0mopenui-layout/src/new_formatting_context.rs:17:5
conformance-and-platform	Build Linux example	2026-10-05T15:49:10.9136025Z    [1m[94m|[0m
conformance-and-platform	Build Linux example	2026-10-05T15:49:10.9136486Z [1m[94m17[0m [1m[94m|[0m use std::sync::Arc;
conformance-and-platform	Build Linux example	2026-10-05T15:49:10.9137199Z    [1m[94m|[0m     [1m[33m^^^^^^^^^^^^^^[0m
conformance-and-platform	Build Linux example	2026-10-05T15:49:10.9137440Z 
conformance-and-platform	Build Linux example	2026-10-05T15:49:10.9137667Z [1m[33mwarning[0m[1m: unused import: `ClearType`[0m
conformance-and-platform	Build Linux example	2026-10-05T15:49:10.9138225Z   [1m[94m--> [0mopenui-layout/src/new_formatting_context.rs:24:25
conformance-and-platform	Build Linux example	2026-10-05T15:49:10.9138656Z    [1m[94m|[0m
conformance-and-platform	Build Linux example	2026-10-05T15:49:10.9139158Z [1m[94m24[0m [1m[94m|[0m use crate::exclusions::{ClearType, ExclusionSpace};
conformance-and-platform	Build Linux example	2026-10-05T15:49:10.9139719Z    [1m[94m|[0m                         [1m[33m^^^^^^^^^[0m
conformance-and-platform	Build Linux example	2026-10-05T15:49:10.9139984Z 
conformance-and-platform	Build Linux example	2026-10-05T15:49:10.9140353Z [1m[33mwarning[0m[1m: unused import: `crate::layout_result::LayoutResult`[0m
conformance-and-platform	Build Linux example	2026-10-05T15:49:10.9140981Z   [1m[94m--> [0mopenui-layout/src/new_formatting_context.rs:26:5
conformance-and-platform	Build Linux example	2026-10-05T15:49:10.9141416Z    [1m[94m|[0m
conformance-and-platform	Build Linux example	2026-10-05T15:49:10.9141871Z [1m[94m26[0m [1m[94m|[0m use crate::layout_result::LayoutResult;
conformance-and-platform	Build Linux example	2026-10-05T15:49:10.9142407Z    [1m[94m|[0m     [1m[33m^^^^^^^^^^^^^^^^^^^^^^^^^^^^^^^^^^[0m
conformance-and-platform	Build Linux example	2026-10-05T15:49:10.9142832Z 
conformance-and-platform	Build Linux example	2026-10-05T15:49:11.0073584Z [1m[92m   Compiling[0m glutin-winit v0.5.0
conformance-and-platform	Build Linux example	2026-10-05T15:49:11.0074458Z [1m[92m   Compiling[0m accesskit_winit v0.34.0
conformance-and-platform	Build Linux example	2026-10-05T15:49:11.0618797Z [1m[33mwarning[0m[1m: variable `reconstructed_block_in_inline` is assigned to, but never used[0m
conformance-and-platform	Build Linux example	2026-10-05T15:49:11.0643627Z     [1m[94m--> [0mopenui-layout/src/block.rs:2104:9
conformance-and-platform	Build Linux example	2026-10-05T15:49:11.0673302Z      [1m[94m|[0m
conformance-and-platform	Build Linux example	2026-10-05T15:49:11.0703350Z [1m[94m2104[0m [1m[94m|[0m     let mut reconstructed_block_in_inline = false;
conformance-and-platform	Build Linux example	2026-10-05T15:49:11.0704226Z      [1m[94m|[0m         [1m[33m^^^^^^^^^^^^^^^^^^^^^^^^^^^^^^^^^[0m
conformance-and-platform	Build Linux example	2026-10-05T15:49:11.0733330Z      [1m[94m|[0m
conformance-and-platform	Build Linux example	2026-10-05T15:49:11.0763407Z      [1m[94m= [0m[1mnote[0m: consider using `_reconstructed_block_in_inline` instead
conformance-and-platform	Build Linux example	2026-10-05T15:49:11.0793502Z      [1m[94m= [0m[1mnote[0m: `#[warn(unused_variables)]` (part of `#[warn(unused)]`) on by default
conformance-and-platform	Build Linux example	2026-10-05T15:49:11.0794286Z 
conformance-and-platform	Build Linux example	2026-10-05T15:49:11.0823574Z [1m[33mwarning[0m[1m: variable does not need to be mutable[0m
conformance-and-platform	Build Linux example	2026-10-05T15:49:11.0853266Z     [1m[94m--> [0mopenui-layout/src/block.rs:6781:9
conformance-and-platform	Build Linux example	2026-10-05T15:49:11.0853907Z      [1m[94m|[0m
conformance-and-platform	Build Linux example	2026-10-05T15:49:11.0854466Z [1m[94m6781[0m [1m[94m|[0m     let mut child_margin = resolve_margins_in_parent_axes(
conformance-and-platform	Build Linux example	2026-10-05T15:49:11.0855167Z      [1m[94m|[0m         [1m[94m----[0m[1m[33m^^^^^^^^^^^^[0m
conformance-and-platform	Build Linux example	2026-10-05T15:49:11.0855685Z      [1m[94m|[0m         [1m[94m|[0m
conformance-and-platform	Build Linux example	2026-10-05T15:49:11.0856192Z      [1m[94m|[0m         [1m[94mhelp: remove this `mut`[0m
conformance-and-platform	Build Linux example	2026-10-05T15:49:11.0856651Z      [1m[94m|[0m
conformance-and-platform	Build Linux example	2026-10-05T15:49:11.0857190Z      [1m[94m= [0m[1mnote[0m: `#[warn(unused_mut)]` (part of `#[warn(unused)]`) on by default
conformance-and-platform	Build Linux example	2026-10-05T15:49:11.0857675Z 
conformance-and-platform	Build Linux example	2026-10-05T15:49:11.0943824Z [1m[33mwarning[0m[1m: field `source_caption_end` is never read[0m
conformance-and-platform	Build Linux example	2026-10-05T15:49:11.0973357Z     [1m[94m--> [0mopenui-layout/src/block.rs:9551:5
conformance-and-platform	Build Linux example	2026-10-05T15:49:11.1003182Z      [1m[94m|[0m
conformance-and-platform	Build Linux example	2026-10-05T15:49:11.1033346Z [1m[94m9550[0m [1m[94m|[0m struct CaptionedRepeatedTableFlow {
conformance-and-platform	Build Linux example	2026-10-05T15:49:11.1053589Z      [1m[94m|[0m        [1m[94m--------------------------[0m [1m[94mfield in this struct[0m
conformance-and-platform	Build Linux example	2026-10-05T15:49:11.1093325Z [1m[94m9551[0m [1m[94m|[0m     source_caption_end: LayoutUnit,
conformance-and-platform	Build Linux example	2026-10-05T15:49:11.1123192Z      [1m[94m|[0m     [1m[33m^^^^^^^^^^^^^^^^^^[0m
conformance-and-platform	Build Linux example	2026-10-05T15:49:11.1143230Z      [1m[94m|[0m
conformance-and-platform	Build Linux example	2026-10-05T15:49:11.1144226Z      [1m[94m= [0m[1mnote[0m: `CaptionedRepeatedTableFlow` has derived impls for the traits `Debug` and `Clone`, but these are intentionally ignored during dead code analysis
conformance-and-platform	Build Linux example	2026-10-05T15:49:11.1145322Z      [1m[94m= [0m[1mnote[0m: `#[warn(dead_code)]` (part of `#[warn(unused)]`) on by default
conformance-and-platform	Build Linux example	2026-10-05T15:49:11.1145994Z 
conformance-and-platform	Build Linux example	2026-10-05T15:49:11.1146330Z [1m[33mwarning[0m[1m: function `columns_needed_for_height` is never used[0m
conformance-and-platform	Build Linux example	2026-10-05T15:49:11.1146920Z    [1m[94m--> [0mopenui-layout/src/multicol/mod.rs:705:4
conformance-and-platform	Build Linux example	2026-10-05T15:49:11.1147512Z     [1m[94m|[0m
conformance-and-platform	Build Linux example	2026-10-05T15:49:11.1147884Z [1m[94m705[0m [1m[94m|[0m fn columns_needed_for_height(
conformance-and-platform	Build Linux example	2026-10-05T15:49:11.1148360Z     [1m[94m|[0m    [1m[33m^^^^^^^^^^^^^^^^^^^^^^^^^[0m
conformance-and-platform	Build Linux example	2026-10-05T15:49:11.1148622Z 
conformance-and-platform	Build Linux example	2026-10-05T15:49:11.1838016Z [1m[92m   Compiling[0m openui-platform v0.2.0 (/home/runner/work/open-ui/open-ui/bindings/rust/openui-platform)
conformance-and-platform	Build Linux example	2026-10-05T15:49:11.3584472Z [1m[92m   Compiling[0m openui-paint v0.2.0 (/home/runner/work/open-ui/open-ui/bindings/rust/openui-paint)
conformance-and-platform	Build Linux example	2026-10-05T15:49:11.6794499Z [1m[33mwarning[0m[1m: use of deprecated module `skia_safe::gradient_shader`: Use the skia_safe::gradient module[0m
conformance-and-platform	Build Linux example	2026-10-05T15:49:11.6823507Z   [1m[94m--> [0mopenui-paint/src/painter.rs:39:20
conformance-and-platform	Build Linux example	2026-10-05T15:49:11.6853486Z    [1m[94m|[0m
conformance-and-platform	Build Linux example	2026-10-05T15:49:11.6883756Z [1m[94m39[0m [1m[94m|[0m     color_filters, gradient_shader, image_filters, surfaces, AlphaType, BlendMode, ClipOp, Color4f,
conformance-and-platform	Build Linux example	2026-10-05T15:49:11.6913340Z    [1m[94m|[0m                    [1m[33m^^^^^^^^^^^^^^^[0m
conformance-and-platform	Build Linux example	2026-10-05T15:49:11.6943191Z    [1m[94m|[0m
conformance-and-platform	Build Linux example	2026-10-05T15:49:11.6967493Z    [1m[94m= [0m[1mnote[0m: `#[warn(deprecated)]` on by default
conformance-and-platform	Build Linux example	2026-10-05T15:49:11.6992891Z 
conformance-and-platform	Build Linux example	2026-10-05T15:49:11.7024147Z [1m[33mwarning[0m[1m: use of deprecated function `skia_safe::gradient_shader::linear_with_interpolation`: Use the skia_safe::gradient module[0m
conformance-and-platform	Build Linux example	2026-10-05T15:49:11.7025165Z     [1m[94m--> [0mopenui-paint/src/painter.rs:1860:45
conformance-and-platform	Build Linux example	2026-10-05T15:49:11.7025609Z      [1m[94m|[0m
conformance-and-platform	Build Linux example	2026-10-05T15:49:11.7026274Z [1m[94m1860[0m [1m[94m|[0m     scrim_paint.set_shader(gradient_shader::linear_with_interpolation(
conformance-and-platform	Build Linux example	2026-10-05T15:49:11.7027056Z      [1m[94m|[0m                                             [1m[33m^^^^^^^^^^^^^^^^^^^^^^^^^[0m
conformance-and-platform	Build Linux example	2026-10-05T15:49:11.7027444Z 
conformance-and-platform	Build Linux example	2026-10-05T15:49:11.7028204Z [1m[33mwarning[0m[1m: use of deprecated function `skia_safe::gradient_shader::linear_with_interpolation`: Use the skia_safe::gradient module[0m
conformance-and-platform	Build Linux example	2026-10-05T15:49:11.7029143Z      [1m[94m--> [0mopenui-paint/src/painter.rs:14056:51
conformance-and-platform	Build Linux example	2026-10-05T15:49:11.7029577Z       [1m[94m|[0m
conformance-and-platform	Build Linux example	2026-10-05T15:49:11.7030248Z [1m[94m14056[0m [1m[94m|[0m                 paint.set_shader(gradient_shader::linear_with_interpolation(
conformance-and-platform	Build Linux example	2026-10-05T15:49:11.7031022Z       [1m[94m|[0m                                                   [1m[33m^^^^^^^^^^^^^^^^^^^^^^^^^[0m
conformance-and-platform	Build Linux example	2026-10-05T15:49:11.7031373Z 
conformance-and-platform	Build Linux example	2026-10-05T15:49:11.7031987Z [1m[33mwarning[0m[1m: use of deprecated function `skia_safe::gradient_shader::linear`: Use the skia_safe::gradient module[0m
conformance-and-platform	Build Linux example	2026-10-05T15:49:11.7051009Z      [1m[94m--> [0mopenui-paint/src/painter.rs:14069:51
conformance-and-platform	Build Linux example	2026-10-05T15:49:11.7051556Z       [1m[94m|[0m
conformance-and-platform	Build Linux example	2026-10-05T15:49:11.7052124Z [1m[94m14069[0m [1m[94m|[0m                 paint.set_shader(gradient_shader::linear(
conformance-and-platform	Build Linux example	2026-10-05T15:49:11.7052972Z       [1m[94m|[0m                                                   [1m[33m^^^^^^[0m
conformance-and-platform	Build Linux example	2026-10-05T15:49:11.7053292Z 
conformance-and-platform	Build Linux example	2026-10-05T15:49:11.7054067Z [1m[33mwarning[0m[1m: use of deprecated function `skia_safe::gradient_shader::linear_with_interpolation`: Use the skia_safe::gradient module[0m
conformance-and-platform	Build Linux example	2026-10-05T15:49:11.7054942Z      [1m[94m--> [0mopenui-paint/src/painter.rs:14082:51
conformance-and-platform	Build Linux example	2026-10-05T15:49:11.7055355Z       [1m[94m|[0m
conformance-and-platform	Build Linux example	2026-10-05T15:49:11.7056005Z [1m[94m14082[0m [1m[94m|[0m                 paint.set_shader(gradient_shader::linear_with_interpolation(
conformance-and-platform	Build Linux example	2026-10-05T15:49:11.7056748Z       [1m[94m|[0m                                                   [1m[33m^^^^^^^^^^^^^^^^^^^^^^^^^[0m
conformance-and-platform	Build Linux example	2026-10-05T15:49:11.7057086Z 
conformance-and-platform	Build Linux example	2026-10-05T15:49:11.7057885Z [1m[33mwarning[0m[1m: use of deprecated function `skia_safe::gradient_shader::two_point_conical_with_interpolation`: Use the skia_safe::gradient module[0m
conformance-and-platform	Build Linux example	2026-10-05T15:49:11.7059116Z      [1m[94m--> [0mopenui-paint/src/painter.rs:14178:55
conformance-and-platform	Build Linux example	2026-10-05T15:49:11.7059535Z       [1m[94m|[0m
conformance-and-platform	Build Linux example	2026-10-05T15:49:11.7060243Z [1m[94m14178[0m [1m[94m|[0m                     paint.set_shader(gradient_shader::two_point_conical_with_interpolation(
conformance-and-platform	Build Linux example	2026-10-05T15:49:11.7074609Z       [1m[94m|[0m                                                       [1m[33m^^^^^^^^^^^^^^^^^^^^^^^^^^^^^^^^^^^^[0m
conformance-and-platform	Build Linux example	2026-10-05T15:49:11.7107084Z 
conformance-and-platform	Build Linux example	2026-10-05T15:49:11.7144240Z [1m[33mwarning[0m[1m: use of deprecated function `skia_safe::gradient_shader::two_point_conical`: Use the skia_safe::gradient module[0m
conformance-and-platform	Build Linux example	2026-10-05T15:49:11.7174530Z      [1m[94m--> [0mopenui-paint/src/painter.rs:14192:55
conformance-and-platform	Build Linux example	2026-10-05T15:49:11.7203749Z       [1m[94m|[0m
conformance-and-platform	Build Linux example	2026-10-05T15:49:11.7233769Z [1m[94m14192[0m [1m[94m|[0m                     paint.set_shader(gradient_shader::two_point_conical(
conformance-and-platform	Build Linux example	2026-10-05T15:49:11.7263422Z       [1m[94m|[0m                                                       [1m[33m^^^^^^^^^^^^^^^^^[0m
conformance-and-platform	Build Linux example	2026-10-05T15:49:11.7292939Z 
conformance-and-platform	Build Linux example	2026-10-05T15:49:11.7324165Z [1m[33mwarning[0m[1m: use of deprecated function `skia_safe::gradient_shader::two_point_conical_with_interpolation`: Use the skia_safe::gradient module[0m
conformance-and-platform	Build Linux example	2026-10-05T15:49:11.7325236Z      [1m[94m--> [0mopenui-paint/src/painter.rs:14208:55
conformance-and-platform	Build Linux example	2026-10-05T15:49:11.7325648Z       [1m[94m|[0m
conformance-and-platform	Build Linux example	2026-10-05T15:49:11.7326330Z [1m[94m14208[0m [1m[94m|[0m                     paint.set_shader(gradient_shader::two_point_conical_with_interpolation(
conformance-and-platform	Build Linux example	2026-10-05T15:49:11.7327169Z       [1m[94m|[0m                                                       [1m[33m^^^^^^^^^^^^^^^^^^^^^^^^^^^^^^^^^^^^[0m
conformance-and-platform	Build Linux example	2026-10-05T15:49:11.7327526Z 
conformance-and-platform	Build Linux example	2026-10-05T15:49:11.7328274Z [1m[33mwarning[0m[1m: use of deprecated function `skia_safe::gradient_shader::two_point_conical_with_interpolation`: Use the skia_safe::gradient module[0m
conformance-and-platform	Build Linux example	2026-10-05T15:49:11.7329178Z      [1m[94m--> [0mopenui-paint/src/painter.rs:14228:51
conformance-and-platform	Build Linux example	2026-10-05T15:49:11.7329561Z       [1m[94m|[0m
conformance-and-platform	Build Linux example	2026-10-05T15:49:11.7330226Z [1m[94m14228[0m [1m[94m|[0m                 paint.set_shader(gradient_shader::two_point_conical_with_interpolation(
conformance-and-platform	Build Linux example	2026-10-05T15:49:11.7331004Z       [1m[94m|[0m                                                   [1m[33m^^^^^^^^^^^^^^^^^^^^^^^^^^^^^^^^^^^^[0m
conformance-and-platform	Build Linux example	2026-10-05T15:49:11.7331350Z 
conformance-and-platform	Build Linux example	2026-10-05T15:49:11.7331986Z [1m[33mwarning[0m[1m: use of deprecated function `skia_safe::gradient_shader::two_point_conical`: Use the skia_safe::gradient module[0m
conformance-and-platform	Build Linux example	2026-10-05T15:49:11.7332907Z      [1m[94m--> [0mopenui-paint/src/painter.rs:14242:51
conformance-and-platform	Build Linux example	2026-10-05T15:49:11.7333301Z       [1m[94m|[0m
conformance-and-platform	Build Linux example	2026-10-05T15:49:11.7333848Z [1m[94m14242[0m [1m[94m|[0m                 paint.set_shader(gradient_shader::two_point_conical(
conformance-and-platform	Build Linux example	2026-10-05T15:49:11.7334486Z       [1m[94m|[0m                                                   [1m[33m^^^^^^^^^^^^^^^^^[0m
conformance-and-platform	Build Linux example	2026-10-05T15:49:11.7334798Z 
conformance-and-platform	Build Linux example	2026-10-05T15:49:11.7335498Z [1m[33mwarning[0m[1m: use of deprecated function `skia_safe::gradient_shader::two_point_conical_with_interpolation`: Use the skia_safe::gradient module[0m
conformance-and-platform	Build Linux example	2026-10-05T15:49:11.7336386Z      [1m[94m--> [0mopenui-paint/src/painter.rs:14258:51
conformance-and-platform	Build Linux example	2026-10-05T15:49:11.7336776Z       [1m[94m|[0m
conformance-and-platform	Build Linux example	2026-10-05T15:49:11.7337423Z [1m[94m14258[0m [1m[94m|[0m                 paint.set_shader(gradient_shader::two_point_conical_with_interpolation(
conformance-and-platform	Build Linux example	2026-10-05T15:49:11.7338198Z       [1m[94m|[0m                                                   [1m[33m^^^^^^^^^^^^^^^^^^^^^^^^^^^^^^^^^^^^[0m
conformance-and-platform	Build Linux example	2026-10-05T15:49:11.7338539Z 
conformance-and-platform	Build Linux example	2026-10-05T15:49:11.7339223Z [1m[33mwarning[0m[1m: use of deprecated function `skia_safe::gradient_shader::sweep_with_interpolation`: Use the skia_safe::gradient module[0m
conformance-and-platform	Build Linux example	2026-10-05T15:49:11.7340061Z      [1m[94m--> [0mopenui-paint/src/painter.rs:14318:51
conformance-and-platform	Build Linux example	2026-10-05T15:49:11.7340453Z       [1m[94m|[0m
conformance-and-platform	Build Linux example	2026-10-05T15:49:11.7341211Z [1m[94m14318[0m [1m[94m|[0m                 paint.set_shader(gradient_shader::sweep_with_interpolation(
conformance-and-platform	Build Linux example	2026-10-05T15:49:11.7342386Z       [1m[94m|[0m                                                   [1m[33m^^^^^^^^^^^^^^^^^^^^^^^^[0m
conformance-and-platform	Build Linux example	2026-10-05T15:49:11.7342861Z 
conformance-and-platform	Build Linux example	2026-10-05T15:49:11.7343668Z [1m[33mwarning[0m[1m: use of deprecated function `skia_safe::gradient_shader::sweep`: Use the skia_safe::gradient module[0m
conformance-and-platform	Build Linux example	2026-10-05T15:49:11.7344437Z      [1m[94m--> [0mopenui-paint/src/painter.rs:14332:51
conformance-and-platform	Build Linux example	2026-10-05T15:49:11.7344831Z       [1m[94m|[0m
conformance-and-platform	Build Linux example	2026-10-05T15:49:11.7345329Z [1m[94m14332[0m [1m[94m|[0m                 paint.set_shader(gradient_shader::sweep(
conformance-and-platform	Build Linux example	2026-10-05T15:49:11.7345914Z       [1m[94m|[0m                                                   [1m[33m^^^^^[0m
conformance-and-platform	Build Linux example	2026-10-05T15:49:11.7346215Z 
conformance-and-platform	Build Linux example	2026-10-05T15:49:11.7346884Z [1m[33mwarning[0m[1m: use of deprecated function `skia_safe::gradient_shader::sweep_with_interpolation`: Use the skia_safe::gradient module[0m
conformance-and-platform	Build Linux example	2026-10-05T15:49:11.7347724Z      [1m[94m--> [0mopenui-paint/src/painter.rs:14346:51
conformance-and-platform	Build Linux example	2026-10-05T15:49:11.7348111Z       [1m[94m|[0m
conformance-and-platform	Build Linux example	2026-10-05T15:49:11.7348694Z [1m[94m14346[0m [1m[94m|[0m                 paint.set_shader(gradient_shader::sweep_with_interpolation(
conformance-and-platform	Build Linux example	2026-10-05T15:49:11.7349394Z       [1m[94m|[0m                                                   [1m[33m^^^^^^^^^^^^^^^^^^^^^^^^[0m
conformance-and-platform	Build Linux example	2026-10-05T15:49:11.7349712Z 
conformance-and-platform	Build Linux example	2026-10-05T15:49:11.7350277Z [1m[33mwarning[0m[1m: use of deprecated function `skia_safe::gradient_shader::linear`: Use the skia_safe::gradient module[0m
conformance-and-platform	Build Linux example	2026-10-05T15:49:11.7350977Z      [1m[94m--> [0mopenui-paint/src/painter.rs:17719:55
conformance-and-platform	Build Linux example	2026-10-05T15:49:11.7351342Z       [1m[94m|[0m
conformance-and-platform	Build Linux example	2026-10-05T15:49:11.7351845Z [1m[94m17719[0m [1m[94m|[0m                     paint.set_shader(gradient_shader::linear(
conformance-and-platform	Build Linux example	2026-10-05T15:49:11.7352444Z       [1m[94m|[0m                                                       [1m[33m^^^^^^[0m
conformance-and-platform	Build Linux example	2026-10-05T15:49:11.7353121Z 
conformance-and-platform	Build Linux example	2026-10-05T15:49:11.7353396Z [1m[33mwarning[0m[1m: variant `RestoreTo` is never constructed[0m
conformance-and-platform	Build Linux example	2026-10-05T15:49:11.7353906Z   [1m[94m--> [0mopenui-paint/src/paint_record.rs:16:5
conformance-and-platform	Build Linux example	2026-10-05T15:49:11.7354282Z    [1m[94m|[0m
conformance-and-platform	Build Linux example	2026-10-05T15:49:11.7354584Z [1m[94m13[0m [1m[94m|[0m enum Operation {
conformance-and-platform	Build Linux example	2026-10-05T15:49:11.7355059Z    [1m[94m|[0m      [1m[94m---------[0m [1m[94mvariant in this enum[0m
conformance-and-platform	Build Linux example	2026-10-05T15:49:11.7355458Z [1m[94m...[0m
conformance-and-platform	Build Linux example	2026-10-05T15:49:11.7355773Z [1m[94m16[0m [1m[94m|[0m     RestoreTo(usize),
conformance-and-platform	Build Linux example	2026-10-05T15:49:11.7356161Z    [1m[94m|[0m     [1m[33m^^^^^^^^^[0m
conformance-and-platform	Build Linux example	2026-10-05T15:49:11.7356484Z    [1m[94m|[0m
conformance-and-platform	Build Linux example	2026-10-05T15:49:11.7357181Z    [1m[94m= [0m[1mnote[0m: `Operation` has a derived impl for the trait `Clone`, but this is intentionally ignored during dead code analysis
conformance-and-platform	Build Linux example	2026-10-05T15:49:11.7358044Z    [1m[94m= [0m[1mnote[0m: `#[warn(dead_code)]` (part of `#[warn(unused)]`) on by default
conformance-and-platform	Build Linux example	2026-10-05T15:49:11.7358394Z 
conformance-and-platform	Build Linux example	2026-10-05T15:49:11.7358719Z [1m[33mwarning[0m[1m: methods `restore_to_count` and `save_count` are never used[0m
conformance-and-platform	Build Linux example	2026-10-05T15:49:11.7359269Z    [1m[94m--> [0mopenui-paint/src/paint_record.rs:131:19
conformance-and-platform	Build Linux example	2026-10-05T15:49:11.7359638Z     [1m[94m|[0m
conformance-and-platform	Build Linux example	2026-10-05T15:49:11.7359986Z [1m[94m119[0m [1m[94m|[0m impl dyn PaintCanvas + '_ {
conformance-and-platform	Build Linux example	2026-10-05T15:49:11.7360578Z     [1m[94m|[0m [1m[94m-------------------------[0m [1m[94mmethods in this implementation[0m
conformance-and-platform	Build Linux example	2026-10-05T15:49:11.7361048Z [1m[94m...[0m
conformance-and-platform	Build Linux example	2026-10-05T15:49:11.7361541Z [1m[94m131[0m [1m[94m|[0m     pub(crate) fn restore_to_count(&self, count: usize) -> &Self {
conformance-and-platform	Build Linux example	2026-10-05T15:49:11.7362108Z     [1m[94m|[0m                   [1m[33m^^^^^^^^^^^^^^^^[0m
conformance-and-platform	Build Linux example	2026-10-05T15:49:11.7362474Z [1m[94m...[0m
conformance-and-platform	Build Linux example	2026-10-05T15:49:11.7363030Z [1m[94m137[0m [1m[94m|[0m     pub(crate) fn save_count(&self) -> usize {
conformance-and-platform	Build Linux example	2026-10-05T15:49:11.7363549Z     [1m[94m|[0m                   [1m[33m^^^^^^^^^^[0m
conformance-and-platform	Build Linux example	2026-10-05T15:49:11.7363801Z 
conformance-and-platform	Build Linux example	2026-10-05T15:49:11.7364353Z [1m[33mwarning[0m: `openui-layout` (lib) generated 10 warnings (run `cargo fix --lib -p openui-layout` to apply 7 suggestions)
conformance-and-platform	Build Linux example	2026-10-05T15:49:11.7866180Z [1m[92m   Compiling[0m openui-compositor v0.2.0 (/home/runner/work/open-ui/open-ui/bindings/rust/openui-compositor)
conformance-and-platform	Build Linux example	2026-10-05T15:49:11.8575380Z [1m[92m   Compiling[0m openui-engine v0.2.0 (/home/runner/work/open-ui/open-ui/bindings/rust/openui-engine)
conformance-and-platform	Build Linux example	2026-10-05T15:49:12.0277632Z [1m[33mwarning[0m: `openui-paint` (lib) generated 17 warnings
conformance-and-platform	Build Linux example	2026-10-05T15:49:12.0293770Z [1m[92m   Compiling[0m openui v0.2.0 (/home/runner/work/open-ui/open-ui/bindings/rust/openui)
conformance-and-platform	Build Linux example	2026-10-05T15:49:12.6005482Z [1m[92m   Compiling[0m hello v0.2.0 (/home/runner/work/open-ui/open-ui/bindings/rust/examples/hello)
conformance-and-platform	Build Linux example	2026-10-05T15:49:13.6893327Z [1m[92m    Finished[0m `dev` profile [unoptimized + debuginfo] target(s) in 6.19s
conformance-and-platform	Build and test the C Linux application surface	﻿2026-10-05T15:49:13.7246526Z ##[group]Run RUST_MIN_STACK=4194304 cargo test --locked --package openui-ffi --features linux
conformance-and-platform	Build and test the C Linux application surface	2026-10-05T15:49:13.7247055Z [36;1mRUST_MIN_STACK=4194304 cargo test --locked --package openui-ffi --features linux[0m
conformance-and-platform	Build and test the C Linux application surface	2026-10-05T15:49:13.7247466Z [36;1mcargo build --locked --package openui-ffi --features linux[0m
conformance-and-platform	Build and test the C Linux application surface	2026-10-05T15:49:13.7301835Z shell: /usr/bin/bash -e {0}
conformance-and-platform	Build and test the C Linux application surface	2026-10-05T15:49:13.7302053Z env:
conformance-and-platform	Build and test the C Linux application surface	2026-10-05T15:49:13.7302247Z   BINDGEN_EXTRA_CLANG_ARGS: 
conformance-and-platform	Build and test the C Linux application surface	2026-10-05T15:49:13.7302480Z   CARGO_TARGET_X86_64_UNKNOWN_LINUX_GNU_RUSTFLAGS: 
conformance-and-platform	Build and test the C Linux application surface	2026-10-05T15:49:13.7302925Z   CC: clang
conformance-and-platform	Build and test the C Linux application surface	2026-10-05T15:49:13.7303146Z   CXX: clang++
conformance-and-platform	Build and test the C Linux application surface	2026-10-05T15:49:13.7303342Z   CXXFLAGS: 
conformance-and-platform	Build and test the C Linux application surface	2026-10-05T15:49:13.7303507Z   CARGO_TERM_COLOR: always
conformance-and-platform	Build and test the C Linux application surface	2026-10-05T15:49:13.7303699Z   FORCE_SKIA_BUILD: 1
conformance-and-platform	Build and test the C Linux application surface	2026-10-05T15:49:13.7303881Z   PKG_CONFIG_SYSROOT_DIR: 
conformance-and-platform	Build and test the C Linux application surface	2026-10-05T15:49:13.7304401Z   SKIA_GN_ARGS: extra_cflags += [ "-DSK_SUPPORT_LEGACY_CONIC_CHOP", "-DSK_USE_FREETYPE_EMBOLDEN", "-DSK_GAMMA_EXPONENT=1.2", "-DSK_GAMMA_CONTRAST=0.2", "-fno-strict-aliasing", "-msse3" ]
conformance-and-platform	Build and test the C Linux application surface	2026-10-05T15:49:13.7304978Z   SKIA_NINJA_COMMAND: ninja
conformance-and-platform	Build and test the C Linux application surface	2026-10-05T15:49:13.7305171Z ##[endgroup]
conformance-and-platform	Build and test the C Linux application surface	2026-10-05T15:49:13.8720914Z [1m[33mwarning[0m[1m: unused import: `BfcOffset`[0m
conformance-and-platform	Build and test the C Linux application surface	2026-10-05T15:49:13.8721538Z   [1m[94m--> [0mopenui-layout/src/bfc_resolution.rs:17:23
conformance-and-platform	Build and test the C Linux application surface	2026-10-05T15:49:13.8721960Z    [1m[94m|[0m
conformance-and-platform	Build and test the C Linux application surface	2026-10-05T15:49:13.8722551Z [1m[94m17[0m [1m[94m|[0m use openui_geometry::{BfcOffset, BoxStrut, LayoutUnit, MarginStrut};
conformance-and-platform	Build and test the C Linux application surface	2026-10-05T15:49:13.8723235Z    [1m[94m|[0m                       [1m[33m^^^^^^^^^[0m
conformance-and-platform	Build and test the C Linux application surface	2026-10-05T15:49:13.8723493Z    [1m[94m|[0m
conformance-and-platform	Build and test the C Linux application surface	2026-10-05T15:49:13.8723828Z    [1m[94m= [0m[1mnote[0m: `#[warn(unused_imports)]` (part of `#[warn(unused)]`) on by default
conformance-and-platform	Build and test the C Linux application surface	2026-10-05T15:49:13.8724099Z 
conformance-and-platform	Build and test the C Linux application surface	2026-10-05T15:49:13.8724267Z [1m[33mwarning[0m[1m: unused import: `balance_columns`[0m
conformance-and-platform	Build and test the C Linux application surface	2026-10-05T15:49:13.8724714Z      [1m[94m--> [0mopenui-layout/src/block.rs:19571:9
conformance-and-platform	Build and test the C Linux application surface	2026-10-05T15:49:13.8725108Z       [1m[94m|[0m
conformance-and-platform	Build and test the C Linux application surface	2026-10-05T15:49:13.8725719Z [1m[94m19571[0m [1m[94m|[0m         balance_columns, balance_columns_with_margins, compute_column_positions,
conformance-and-platform	Build and test the C Linux application surface	2026-10-05T15:49:13.8726379Z       [1m[94m|[0m         [1m[33m^^^^^^^^^^^^^^^[0m
conformance-and-platform	Build and test the C Linux application surface	2026-10-05T15:49:13.8726669Z 
conformance-and-platform	Build and test the C Linux application surface	2026-10-05T15:49:13.8726928Z [1m[33mwarning[0m[1m: unused import: `super::*`[0m
conformance-and-platform	Build and test the C Linux application surface	2026-10-05T15:49:13.8727425Z     [1m[94m--> [0mopenui-layout/src/intrinsic_sizing.rs:3974:9
conformance-and-platform	Build and test the C Linux application surface	2026-10-05T15:49:13.8727710Z      [1m[94m|[0m
conformance-and-platform	Build and test the C Linux application surface	2026-10-05T15:49:13.8727969Z [1m[94m3974[0m [1m[94m|[0m     use super::*;
conformance-and-platform	Build and test the C Linux application surface	2026-10-05T15:49:13.8728255Z      [1m[94m|[0m         [1m[33m^^^^^^^^[0m
conformance-and-platform	Build and test the C Linux application surface	2026-10-05T15:49:13.8728508Z 
conformance-and-platform	Build and test the C Linux application surface	2026-10-05T15:49:13.8728782Z [1m[33mwarning[0m[1m: unused import: `std::sync::Arc`[0m
conformance-and-platform	Build and test the C Linux application surface	2026-10-05T15:49:13.8729325Z   [1m[94m--> [0mopenui-layout/src/new_formatting_context.rs:17:5
conformance-and-platform	Build and test the C Linux application surface	2026-10-05T15:49:13.8729751Z    [1m[94m|[0m
conformance-and-platform	Build and test the C Linux application surface	2026-10-05T15:49:13.8730094Z [1m[94m17[0m [1m[94m|[0m use std::sync::Arc;
conformance-and-platform	Build and test the C Linux application surface	2026-10-05T15:49:13.8730557Z    [1m[94m|[0m     [1m[33m^^^^^^^^^^^^^^[0m
conformance-and-platform	Build and test the C Linux application surface	2026-10-05T15:49:13.8730838Z 
conformance-and-platform	Build and test the C Linux application surface	2026-10-05T15:49:13.8731095Z [1m[33mwarning[0m[1m: unused import: `ClearType`[0m
conformance-and-platform	Build and test the C Linux application surface	2026-10-05T15:49:13.8731591Z   [1m[94m--> [0mopenui-layout/src/new_formatting_context.rs:24:25
conformance-and-platform	Build and test the C Linux application surface	2026-10-05T15:49:13.8731880Z    [1m[94m|[0m
conformance-and-platform	Build and test the C Linux application surface	2026-10-05T15:49:13.8732202Z [1m[94m24[0m [1m[94m|[0m use crate::exclusions::{ClearType, ExclusionSpace};
conformance-and-platform	Build and test the C Linux application surface	2026-10-05T15:49:13.8733069Z    [1m[94m|[0m                         [1m[33m^^^^^^^^^[0m
conformance-and-platform	Build and test the C Linux application surface	2026-10-05T15:49:13.8733386Z 
conformance-and-platform	Build and test the C Linux application surface	2026-10-05T15:49:13.8733772Z [1m[33mwarning[0m[1m: unused import: `crate::layout_result::LayoutResult`[0m
conformance-and-platform	Build and test the C Linux application surface	2026-10-05T15:49:13.8734499Z   [1m[94m--> [0mopenui-layout/src/new_formatting_context.rs:26:5
conformance-and-platform	Build and test the C Linux application surface	2026-10-05T15:49:13.8734883Z    [1m[94m|[0m
conformance-and-platform	Build and test the C Linux application surface	2026-10-05T15:49:13.8735170Z [1m[94m26[0m [1m[94m|[0m use crate::layout_result::LayoutResult;
conformance-and-platform	Build and test the C Linux application surface	2026-10-05T15:49:13.8735507Z    [1m[94m|[0m     [1m[33m^^^^^^^^^^^^^^^^^^^^^^^^^^^^^^^^^^[0m
conformance-and-platform	Build and test the C Linux application surface	2026-10-05T15:49:13.8735686Z 
conformance-and-platform	Build and test the C Linux application surface	2026-10-05T15:49:13.8736153Z [1m[33mwarning[0m[1m: variable `reconstructed_block_in_inline` is assigned to, but never used[0m
conformance-and-platform	Build and test the C Linux application surface	2026-10-05T15:49:13.8736585Z     [1m[94m--> [0mopenui-layout/src/block.rs:2104:9
conformance-and-platform	Build and test the C Linux application surface	2026-10-05T15:49:13.8736840Z      [1m[94m|[0m
conformance-and-platform	Build and test the C Linux application surface	2026-10-05T15:49:13.8737130Z [1m[94m2104[0m [1m[94m|[0m     let mut reconstructed_block_in_inline = false;
conformance-and-platform	Build and test the C Linux application surface	2026-10-05T15:49:13.8737498Z      [1m[94m|[0m         [1m[33m^^^^^^^^^^^^^^^^^^^^^^^^^^^^^^^^^[0m
conformance-and-platform	Build and test the C Linux application surface	2026-10-05T15:49:13.8737769Z      [1m[94m|[0m
conformance-and-platform	Build and test the C Linux application surface	2026-10-05T15:49:13.8738068Z      [1m[94m= [0m[1mnote[0m: consider using `_reconstructed_block_in_inline` instead
conformance-and-platform	Build and test the C Linux application surface	2026-10-05T15:49:13.8738532Z      [1m[94m= [0m[1mnote[0m: `#[warn(unused_variables)]` (part of `#[warn(unused)]`) on by default
conformance-and-platform	Build and test the C Linux application surface	2026-10-05T15:49:13.8738784Z 
conformance-and-platform	Build and test the C Linux application surface	2026-10-05T15:49:13.8738959Z [1m[33mwarning[0m[1m: variable does not need to be mutable[0m
conformance-and-platform	Build and test the C Linux application surface	2026-10-05T15:49:13.8739285Z     [1m[94m--> [0mopenui-layout/src/block.rs:6781:9
conformance-and-platform	Build and test the C Linux application surface	2026-10-05T15:49:13.8739531Z      [1m[94m|[0m
conformance-and-platform	Build and test the C Linux application surface	2026-10-05T15:49:13.8739844Z [1m[94m6781[0m [1m[94m|[0m     let mut child_margin = resolve_margins_in_parent_axes(
conformance-and-platform	Build and test the C Linux application surface	2026-10-05T15:49:13.8740219Z      [1m[94m|[0m         [1m[94m----[0m[1m[33m^^^^^^^^^^^^[0m
conformance-and-platform	Build and test the C Linux application surface	2026-10-05T15:49:13.8740492Z      [1m[94m|[0m         [1m[94m|[0m
conformance-and-platform	Build and test the C Linux application surface	2026-10-05T15:49:13.8740769Z      [1m[94m|[0m         [1m[94mhelp: remove this `mut`[0m
conformance-and-platform	Build and test the C Linux application surface	2026-10-05T15:49:13.8741025Z      [1m[94m|[0m
conformance-and-platform	Build and test the C Linux application surface	2026-10-05T15:49:13.8741336Z      [1m[94m= [0m[1mnote[0m: `#[warn(unused_mut)]` (part of `#[warn(unused)]`) on by default
conformance-and-platform	Build and test the C Linux application surface	2026-10-05T15:49:13.8741572Z 
conformance-and-platform	Build and test the C Linux application surface	2026-10-05T15:49:13.8741742Z [1m[33mwarning[0m[1m: field `source_caption_end` is never read[0m
conformance-and-platform	Build and test the C Linux application surface	2026-10-05T15:49:13.8742063Z     [1m[94m--> [0mopenui-layout/src/block.rs:9551:5
conformance-and-platform	Build and test the C Linux application surface	2026-10-05T15:49:13.8742307Z      [1m[94m|[0m
conformance-and-platform	Build and test the C Linux application surface	2026-10-05T15:49:13.8742566Z [1m[94m9550[0m [1m[94m|[0m struct CaptionedRepeatedTableFlow {
conformance-and-platform	Build and test the C Linux application surface	2026-10-05T15:49:13.8743147Z      [1m[94m|[0m        [1m[94m--------------------------[0m [1m[94mfield in this struct[0m
conformance-and-platform	Build and test the C Linux application surface	2026-10-05T15:49:13.8743562Z [1m[94m9551[0m [1m[94m|[0m     source_caption_end: LayoutUnit,
conformance-and-platform	Build and test the C Linux application surface	2026-10-05T15:49:13.8743881Z      [1m[94m|[0m     [1m[33m^^^^^^^^^^^^^^^^^^[0m
conformance-and-platform	Build and test the C Linux application surface	2026-10-05T15:49:13.8744122Z      [1m[94m|[0m
conformance-and-platform	Build and test the C Linux application surface	2026-10-05T15:49:13.8744685Z      [1m[94m= [0m[1mnote[0m: `CaptionedRepeatedTableFlow` has derived impls for the traits `Debug` and `Clone`, but these are intentionally ignored during dead code analysis
conformance-and-platform	Build and test the C Linux application surface	2026-10-05T15:49:13.8745351Z      [1m[94m= [0m[1mnote[0m: `#[warn(dead_code)]` (part of `#[warn(unused)]`) on by default
conformance-and-platform	Build and test the C Linux application surface	2026-10-05T15:49:13.8745588Z 
conformance-and-platform	Build and test the C Linux application surface	2026-10-05T15:49:13.8745797Z [1m[33mwarning[0m[1m: function `columns_needed_for_height` is never used[0m
conformance-and-platform	Build and test the C Linux application surface	2026-10-05T15:49:13.8746168Z    [1m[94m--> [0mopenui-layout/src/multicol/mod.rs:705:4
conformance-and-platform	Build and test the C Linux application surface	2026-10-05T15:49:13.8746426Z     [1m[94m|[0m
conformance-and-platform	Build and test the C Linux application surface	2026-10-05T15:49:13.8746821Z [1m[94m705[0m [1m[94m|[0m fn columns_needed_for_height(
conformance-and-platform	Build and test the C Linux application surface	2026-10-05T15:49:13.8747312Z     [1m[94m|[0m    [1m[33m^^^^^^^^^^^^^^^^^^^^^^^^^[0m
conformance-and-platform	Build and test the C Linux application surface	2026-10-05T15:49:13.8747568Z 
conformance-and-platform	Build and test the C Linux application surface	2026-10-05T15:49:13.8748131Z [1m[33mwarning[0m: `openui-layout` (lib) generated 10 warnings (run `cargo fix --lib -p openui-layout` to apply 7 suggestions)
conformance-and-platform	Build and test the C Linux application surface	2026-10-05T15:49:13.8749252Z [1m[33mwarning[0m[1m: use of deprecated module `skia_safe::gradient_shader`: Use the skia_safe::gradient module[0m
conformance-and-platform	Build and test the C Linux application surface	2026-10-05T15:49:13.8749986Z   [1m[94m--> [0mopenui-paint/src/painter.rs:39:20
conformance-and-platform	Build and test the C Linux application surface	2026-10-05T15:49:13.8750532Z    [1m[94m|[0m
conformance-and-platform	Build and test the C Linux application surface	2026-10-05T15:49:13.8751219Z [1m[94m39[0m [1m[94m|[0m     color_filters, gradient_shader, image_filters, surfaces, AlphaType, BlendMode, ClipOp, Color4f,
conformance-and-platform	Build and test the C Linux application surface	2026-10-05T15:49:13.8751977Z    [1m[94m|[0m                    [1m[33m^^^^^^^^^^^^^^^[0m
conformance-and-platform	Build and test the C Linux application surface	2026-10-05T15:49:13.8752368Z    [1m[94m|[0m
conformance-and-platform	Build and test the C Linux application surface	2026-10-05T15:49:13.8752878Z    [1m[94m= [0m[1mnote[0m: `#[warn(deprecated)]` on by default
conformance-and-platform	Build and test the C Linux application surface	2026-10-05T15:49:13.8753174Z 
conformance-and-platform	Build and test the C Linux application surface	2026-10-05T15:49:13.8753877Z [1m[33mwarning[0m[1m: use of deprecated function `skia_safe::gradient_shader::linear_with_interpolation`: Use the skia_safe::gradient module[0m
conformance-and-platform	Build and test the C Linux application surface	2026-10-05T15:49:13.8754897Z     [1m[94m--> [0mopenui-paint/src/painter.rs:1860:45
conformance-and-platform	Build and test the C Linux application surface	2026-10-05T15:49:13.8755293Z      [1m[94m|[0m
conformance-and-platform	Build and test the C Linux application surface	2026-10-05T15:49:13.8755896Z [1m[94m1860[0m [1m[94m|[0m     scrim_paint.set_shader(gradient_shader::linear_with_interpolation(
conformance-and-platform	Build and test the C Linux application surface	2026-10-05T15:49:13.8756617Z      [1m[94m|[0m                                             [1m[33m^^^^^^^^^^^^^^^^^^^^^^^^^[0m
conformance-and-platform	Build and test the C Linux application surface	2026-10-05T15:49:13.8756950Z 
conformance-and-platform	Build and test the C Linux application surface	2026-10-05T15:49:13.8757636Z [1m[33mwarning[0m[1m: use of deprecated function `skia_safe::gradient_shader::linear_with_interpolation`: Use the skia_safe::gradient module[0m
conformance-and-platform	Build and test the C Linux application surface	2026-10-05T15:49:13.8758492Z      [1m[94m--> [0mopenui-paint/src/painter.rs:14056:51
conformance-and-platform	Build and test the C Linux application surface	2026-10-05T15:49:13.8758891Z       [1m[94m|[0m
conformance-and-platform	Build and test the C Linux application surface	2026-10-05T15:49:13.8759499Z [1m[94m14056[0m [1m[94m|[0m                 paint.set_shader(gradient_shader::linear_with_interpolation(
conformance-and-platform	Build and test the C Linux application surface	2026-10-05T15:49:13.8760233Z       [1m[94m|[0m                                                   [1m[33m^^^^^^^^^^^^^^^^^^^^^^^^^[0m
conformance-and-platform	Build and test the C Linux application surface	2026-10-05T15:49:13.8760563Z 
conformance-and-platform	Build and test the C Linux application surface	2026-10-05T15:49:13.8761156Z [1m[33mwarning[0m[1m: use of deprecated function `skia_safe::gradient_shader::linear`: Use the skia_safe::gradient module[0m
conformance-and-platform	Build and test the C Linux application surface	2026-10-05T15:49:13.8761932Z      [1m[94m--> [0mopenui-paint/src/painter.rs:14069:51
conformance-and-platform	Build and test the C Linux application surface	2026-10-05T15:49:13.8762334Z       [1m[94m|[0m
conformance-and-platform	Build and test the C Linux application surface	2026-10-05T15:49:13.8762951Z [1m[94m14069[0m [1m[94m|[0m                 paint.set_shader(gradient_shader::linear(
conformance-and-platform	Build and test the C Linux application surface	2026-10-05T15:49:13.8763560Z       [1m[94m|[0m                                                   [1m[33m^^^^^^[0m
conformance-and-platform	Build and test the C Linux application surface	2026-10-05T15:49:13.8763865Z 
conformance-and-platform	Build and test the C Linux application surface	2026-10-05T15:49:13.8764547Z [1m[33mwarning[0m[1m: use of deprecated function `skia_safe::gradient_shader::linear_with_interpolation`: Use the skia_safe::gradient module[0m
conformance-and-platform	Build and test the C Linux application surface	2026-10-05T15:49:13.8765402Z      [1m[94m--> [0mopenui-paint/src/painter.rs:14082:51
conformance-and-platform	Build and test the C Linux application surface	2026-10-05T15:49:13.8765790Z       [1m[94m|[0m
conformance-and-platform	Build and test the C Linux application surface	2026-10-05T15:49:13.8766283Z [1m[94m14082[0m [1m[94m|[0m                 paint.set_shader(gradient_shader::linear_with_interpolation(
conformance-and-platform	Build and test the C Linux application surface	2026-10-05T15:49:13.8766737Z       [1m[94m|[0m                                                   [1m[33m^^^^^^^^^^^^^^^^^^^^^^^^^[0m
conformance-and-platform	Build and test the C Linux application surface	2026-10-05T15:49:13.8766936Z 
conformance-and-platform	Build and test the C Linux application surface	2026-10-05T15:49:13.8767385Z [1m[33mwarning[0m[1m: use of deprecated function `skia_safe::gradient_shader::two_point_conical_with_interpolation`: Use the skia_safe::gradient module[0m
conformance-and-platform	Build and test the C Linux application surface	2026-10-05T15:49:13.8767935Z      [1m[94m--> [0mopenui-paint/src/painter.rs:14178:55
conformance-and-platform	Build and test the C Linux application surface	2026-10-05T15:49:13.8768183Z       [1m[94m|[0m
conformance-and-platform	Build and test the C Linux application surface	2026-10-05T15:49:13.8768605Z [1m[94m14178[0m [1m[94m|[0m                     paint.set_shader(gradient_shader::two_point_conical_with_interpolation(
conformance-and-platform	Build and test the C Linux application surface	2026-10-05T15:49:13.8769106Z       [1m[94m|[0m                                                       [1m[33m^^^^^^^^^^^^^^^^^^^^^^^^^^^^^^^^^^^^[0m
conformance-and-platform	Build and test the C Linux application surface	2026-10-05T15:49:13.8769325Z 
conformance-and-platform	Build and test the C Linux application surface	2026-10-05T15:49:13.8769704Z [1m[33mwarning[0m[1m: use of deprecated function `skia_safe::gradient_shader::two_point_conical`: Use the skia_safe::gradient module[0m
conformance-and-platform	Build and test the C Linux application surface	2026-10-05T15:49:13.8770209Z      [1m[94m--> [0mopenui-paint/src/painter.rs:14192:55
conformance-and-platform	Build and test the C Linux application surface	2026-10-05T15:49:13.8770459Z       [1m[94m|[0m
conformance-and-platform	Build and test the C Linux application surface	2026-10-05T15:49:13.8770818Z [1m[94m14192[0m [1m[94m|[0m                     paint.set_shader(gradient_shader::two_point_conical(
conformance-and-platform	Build and test the C Linux application surface	2026-10-05T15:49:13.8771243Z       [1m[94m|[0m                                                       [1m[33m^^^^^^^^^^^^^^^^^[0m
conformance-and-platform	Build and test the C Linux application surface	2026-10-05T15:49:13.8771559Z 
conformance-and-platform	Build and test the C Linux application surface	2026-10-05T15:49:13.8772001Z [1m[33mwarning[0m[1m: use of deprecated function `skia_safe::gradient_shader::two_point_conical_with_interpolation`: Use the skia_safe::gradient module[0m
conformance-and-platform	Build and test the C Linux application surface	2026-10-05T15:49:13.8772546Z      [1m[94m--> [0mopenui-paint/src/painter.rs:14208:55
conformance-and-platform	Build and test the C Linux application surface	2026-10-05T15:49:13.8772970Z       [1m[94m|[0m
conformance-and-platform	Build and test the C Linux application surface	2026-10-05T15:49:13.8773407Z [1m[94m14208[0m [1m[94m|[0m                     paint.set_shader(gradient_shader::two_point_conical_with_interpolation(
conformance-and-platform	Build and test the C Linux application surface	2026-10-05T15:49:13.8774010Z       [1m[94m|[0m                                                       [1m[33m^^^^^^^^^^^^^^^^^^^^^^^^^^^^^^^^^^^^[0m
conformance-and-platform	Build and test the C Linux application surface	2026-10-05T15:49:13.8774228Z 
conformance-and-platform	Build and test the C Linux application surface	2026-10-05T15:49:13.8774672Z [1m[33mwarning[0m[1m: use of deprecated function `skia_safe::gradient_shader::two_point_conical_with_interpolation`: Use the skia_safe::gradient module[0m
conformance-and-platform	Build and test the C Linux application surface	2026-10-05T15:49:13.8775219Z      [1m[94m--> [0mopenui-paint/src/painter.rs:14228:51
conformance-and-platform	Build and test the C Linux application surface	2026-10-05T15:49:13.8775482Z       [1m[94m|[0m
conformance-and-platform	Build and test the C Linux application surface	2026-10-05T15:49:13.8775890Z [1m[94m14228[0m [1m[94m|[0m                 paint.set_shader(gradient_shader::two_point_conical_with_interpolation(
conformance-and-platform	Build and test the C Linux application surface	2026-10-05T15:49:13.8776412Z       [1m[94m|[0m                                                   [1m[33m^^^^^^^^^^^^^^^^^^^^^^^^^^^^^^^^^^^^[0m
conformance-and-platform	Build and test the C Linux application surface	2026-10-05T15:49:13.8776817Z 
conformance-and-platform	Build and test the C Linux application surface	2026-10-05T15:49:13.8777202Z [1m[33mwarning[0m[1m: use of deprecated function `skia_safe::gradient_shader::two_point_conical`: Use the skia_safe::gradient module[0m
conformance-and-platform	Build and test the C Linux application surface	2026-10-05T15:49:13.8777731Z      [1m[94m--> [0mopenui-paint/src/painter.rs:14242:51
conformance-and-platform	Build and test the C Linux application surface	2026-10-05T15:49:13.8777989Z       [1m[94m|[0m
conformance-and-platform	Build and test the C Linux application surface	2026-10-05T15:49:13.8778342Z [1m[94m14242[0m [1m[94m|[0m                 paint.set_shader(gradient_shader::two_point_conical(
conformance-and-platform	Build and test the C Linux application surface	2026-10-05T15:49:13.8778759Z       [1m[94m|[0m                                                   [1m[33m^^^^^^^^^^^^^^^^^[0m
conformance-and-platform	Build and test the C Linux application surface	2026-10-05T15:49:13.8778962Z 
conformance-and-platform	Build and test the C Linux application surface	2026-10-05T15:49:13.8779422Z [1m[33mwarning[0m[1m: use of deprecated function `skia_safe::gradient_shader::two_point_conical_with_interpolation`: Use the skia_safe::gradient module[0m
conformance-and-platform	Build and test the C Linux application surface	2026-10-05T15:49:13.8779969Z      [1m[94m--> [0mopenui-paint/src/painter.rs:14258:51
conformance-and-platform	Build and test the C Linux application surface	2026-10-05T15:49:13.8780221Z       [1m[94m|[0m
conformance-and-platform	Build and test the C Linux application surface	2026-10-05T15:49:13.8780635Z [1m[94m14258[0m [1m[94m|[0m                 paint.set_shader(gradient_shader::two_point_conical_with_interpolation(
conformance-and-platform	Build and test the C Linux application surface	2026-10-05T15:49:13.8781124Z       [1m[94m|[0m                                                   [1m[33m^^^^^^^^^^^^^^^^^^^^^^^^^^^^^^^^^^^^[0m
conformance-and-platform	Build and test the C Linux application surface	2026-10-05T15:49:13.8781346Z 
conformance-and-platform	Build and test the C Linux application surface	2026-10-05T15:49:13.8781750Z [1m[33mwarning[0m[1m: use of deprecated function `skia_safe::gradient_shader::sweep_with_interpolation`: Use the skia_safe::gradient module[0m
conformance-and-platform	Build and test the C Linux application surface	2026-10-05T15:49:13.8782609Z      [1m[94m--> [0mopenui-paint/src/painter.rs:14318:51
conformance-and-platform	Build and test the C Linux application surface	2026-10-05T15:49:13.8783082Z       [1m[94m|[0m
conformance-and-platform	Build and test the C Linux application surface	2026-10-05T15:49:13.8783631Z [1m[94m14318[0m [1m[94m|[0m                 paint.set_shader(gradient_shader::sweep_with_interpolation(
conformance-and-platform	Build and test the C Linux application surface	2026-10-05T15:49:13.8784281Z       [1m[94m|[0m                                                   [1m[33m^^^^^^^^^^^^^^^^^^^^^^^^[0m
conformance-and-platform	Build and test the C Linux application surface	2026-10-05T15:49:13.8784582Z 
conformance-and-platform	Build and test the C Linux application surface	2026-10-05T15:49:13.8785110Z [1m[33mwarning[0m[1m: use of deprecated function `skia_safe::gradient_shader::sweep`: Use the skia_safe::gradient module[0m
conformance-and-platform	Build and test the C Linux application surface	2026-10-05T15:49:13.8785924Z      [1m[94m--> [0mopenui-paint/src/painter.rs:14332:51
conformance-and-platform	Build and test the C Linux application surface	2026-10-05T15:49:13.8786283Z       [1m[94m|[0m
conformance-and-platform	Build and test the C Linux application surface	2026-10-05T15:49:13.8786960Z [1m[94m14332[0m [1m[94m|[0m                 paint.set_shader(gradient_shader::sweep(
conformance-and-platform	Build and test the C Linux application surface	2026-10-05T15:49:13.8787459Z       [1m[94m|[0m                                                   [1m[33m^^^^^[0m
conformance-and-platform	Build and test the C Linux application surface	2026-10-05T15:49:13.8787719Z 
conformance-and-platform	Build and test the C Linux application surface	2026-10-05T15:49:13.8788235Z [1m[33mwarning[0m[1m: use of deprecated function `skia_safe::gradient_shader::sweep_with_interpolation`: Use the skia_safe::gradient module[0m
conformance-and-platform	Build and test the C Linux application surface	2026-10-05T15:49:13.8788878Z      [1m[94m--> [0mopenui-paint/src/painter.rs:14346:51
conformance-and-platform	Build and test the C Linux application surface	2026-10-05T15:49:13.8789376Z       [1m[94m|[0m
conformance-and-platform	Build and test the C Linux application surface	2026-10-05T15:49:13.8789947Z [1m[94m14346[0m [1m[94m|[0m                 paint.set_shader(gradient_shader::sweep_with_interpolation(
conformance-and-platform	Build and test the C Linux application surface	2026-10-05T15:49:13.8790488Z       [1m[94m|[0m                                                   [1m[33m^^^^^^^^^^^^^^^^^^^^^^^^[0m
conformance-and-platform	Build and test the C Linux application surface	2026-10-05T15:49:13.8790760Z 
conformance-and-platform	Build and test the C Linux application surface	2026-10-05T15:49:13.8791206Z [1m[33mwarning[0m[1m: use of deprecated function `skia_safe::gradient_shader::linear`: Use the skia_safe::gradient module[0m
conformance-and-platform	Build and test the C Linux application surface	2026-10-05T15:49:13.8805145Z      [1m[94m--> [0mopenui-paint/src/painter.rs:17719:55
conformance-and-platform	Build and test the C Linux application surface	2026-10-05T15:49:13.8805726Z       [1m[94m|[0m
conformance-and-platform	Build and test the C Linux application surface	2026-10-05T15:49:13.8806278Z [1m[94m17719[0m [1m[94m|[0m                     paint.set_shader(gradient_shader::linear(
conformance-and-platform	Build and test the C Linux application surface	2026-10-05T15:49:13.8806939Z       [1m[94m|[0m                                                       [1m[33m^^^^^^[0m
conformance-and-platform	Build and test the C Linux application surface	2026-10-05T15:49:13.8807226Z 
conformance-and-platform	Build and test the C Linux application surface	2026-10-05T15:49:13.8807517Z [1m[33mwarning[0m[1m: variant `RestoreTo` is never constructed[0m
conformance-and-platform	Build and test the C Linux application surface	2026-10-05T15:49:13.8808090Z   [1m[94m--> [0mopenui-paint/src/paint_record.rs:16:5
conformance-and-platform	Build and test the C Linux application surface	2026-10-05T15:49:13.8808465Z    [1m[94m|[0m
conformance-and-platform	Build and test the C Linux application surface	2026-10-05T15:49:13.8808819Z [1m[94m13[0m [1m[94m|[0m enum Operation {
conformance-and-platform	Build and test the C Linux application surface	2026-10-05T15:49:13.8809317Z    [1m[94m|[0m      [1m[94m---------[0m [1m[94mvariant in this enum[0m
conformance-and-platform	Build and test the C Linux application surface	2026-10-05T15:49:13.8809736Z [1m[94m...[0m
conformance-and-platform	Build and test the C Linux application surface	2026-10-05T15:49:13.8810066Z [1m[94m16[0m [1m[94m|[0m     RestoreTo(usize),
conformance-and-platform	Build and test the C Linux application surface	2026-10-05T15:49:13.8810468Z    [1m[94m|[0m     [1m[33m^^^^^^^^^[0m
conformance-and-platform	Build and test the C Linux application surface	2026-10-05T15:49:13.8810802Z    [1m[94m|[0m
conformance-and-platform	Build and test the C Linux application surface	2026-10-05T15:49:13.8811481Z    [1m[94m= [0m[1mnote[0m: `Operation` has a derived impl for the trait `Clone`, but this is intentionally ignored during dead code analysis
conformance-and-platform	Build and test the C Linux application surface	2026-10-05T15:49:13.8812429Z    [1m[94m= [0m[1mnote[0m: `#[warn(dead_code)]` (part of `#[warn(unused)]`) on by default
conformance-and-platform	Build and test the C Linux application surface	2026-10-05T15:49:13.8812999Z 
conformance-and-platform	Build and test the C Linux application surface	2026-10-05T15:49:13.8813369Z [1m[33mwarning[0m[1m: methods `restore_to_count` and `save_count` are never used[0m
conformance-and-platform	Build and test the C Linux application surface	2026-10-05T15:49:13.8814011Z    [1m[94m--> [0mopenui-paint/src/paint_record.rs:131:19
conformance-and-platform	Build and test the C Linux application surface	2026-10-05T15:49:13.8814425Z     [1m[94m|[0m
conformance-and-platform	Build and test the C Linux application surface	2026-10-05T15:49:13.8814808Z [1m[94m119[0m [1m[94m|[0m impl dyn PaintCanvas + '_ {
conformance-and-platform	Build and test the C Linux application surface	2026-10-05T15:49:13.8815470Z     [1m[94m|[0m [1m[94m-------------------------[0m [1m[94mmethods in this implementation[0m
conformance-and-platform	Build and test the C Linux application surface	2026-10-05T15:49:13.8816003Z [1m[94m...[0m
conformance-and-platform	Build and test the C Linux application surface	2026-10-05T15:49:13.8816518Z [1m[94m131[0m [1m[94m|[0m     pub(crate) fn restore_to_count(&self, count: usize) -> &Self {
conformance-and-platform	Build and test the C Linux application surface	2026-10-05T15:49:13.8817165Z     [1m[94m|[0m                   [1m[33m^^^^^^^^^^^^^^^^[0m
conformance-and-platform	Build and test the C Linux application surface	2026-10-05T15:49:13.8817559Z [1m[94m...[0m
conformance-and-platform	Build and test the C Linux application surface	2026-10-05T15:49:13.8817983Z [1m[94m137[0m [1m[94m|[0m     pub(crate) fn save_count(&self) -> usize {
conformance-and-platform	Build and test the C Linux application surface	2026-10-05T15:49:13.8818523Z     [1m[94m|[0m                   [1m[33m^^^^^^^^^^[0m
conformance-and-platform	Build and test the C Linux application surface	2026-10-05T15:49:13.8818776Z 
conformance-and-platform	Build and test the C Linux application surface	2026-10-05T15:49:13.8818955Z [1m[33mwarning[0m: `openui-paint` (lib) generated 17 warnings
conformance-and-platform	Build and test the C Linux application surface	2026-10-05T15:49:13.8819463Z [1m[92m   Compiling[0m openui-ffi v0.2.0 (/home/runner/work/open-ui/open-ui/bindings/rust/openui-ffi)
conformance-and-platform	Build and test the C Linux application surface	2026-10-05T15:49:13.8819982Z [1m[92m   Compiling[0m openui v0.2.0 (/home/runner/work/open-ui/open-ui/bindings/rust/openui)
conformance-and-platform	Build and test the C Linux application surface	2026-10-05T15:49:24.0680753Z [1m[92m    Finished[0m `test` profile [unoptimized + debuginfo] target(s) in 10.32s
conformance-and-platform	Build and test the C Linux application surface	2026-10-05T15:49:24.0816662Z [1m[92m     Running[0m unittests src/lib.rs (target/debug/deps/openui_ffi-23defc8c3772f92f)
conformance-and-platform	Build and test the C Linux application surface	2026-10-05T15:49:24.0860713Z 
conformance-and-platform	Build and test the C Linux application surface	2026-10-05T15:49:24.0861104Z running 32 tests
conformance-and-platform	Build and test the C Linux application surface	2026-10-05T15:49:24.0903542Z test registry::miri_handle_tests::opaque_handles_reject_wrong_kind_thread_and_reuse ... ok
conformance-and-platform	Build and test the C Linux application surface	2026-10-05T15:49:24.0923428Z test native_app_tests::native_run_config_and_lifecycle_reject_invalid_ownership ... ok
conformance-and-platform	Build and test the C Linux application surface	2026-10-05T15:49:24.0953272Z test tests::app_and_document_handles_have_independent_explicit_lifetimes ... ok
conformance-and-platform	Build and test the C Linux application surface	2026-10-05T15:49:24.0974060Z test native_app_tests::linux::native_accessibility_actions_reach_c_controls_and_c_listeners ... ok
conformance-and-platform	Build and test the C Linux application surface	2026-10-05T15:49:24.1026609Z test tests::c_accessibility_snapshot_rejects_wrong_document_and_outlives_its_document ... ok
conformance-and-platform	Build and test the C Linux application surface	2026-10-05T15:49:24.1027736Z test native_app_tests::linux::c_native_keyboard_uses_rust_editing_and_reentrant_cancellation ... ok
conformance-and-platform	Build and test the C Linux application surface	2026-10-05T15:49:24.1028673Z test tests::c_animation_api_samples_controls_and_reports_events ... ok
conformance-and-platform	Build and test the C Linux application surface	2026-10-05T15:49:24.1043436Z test tests::c_accessibility_updates_actions_and_validation_share_engine_state ... ok
conformance-and-platform	Build and test the C Linux application surface	2026-10-05T15:49:24.1066832Z test tests::c_composition_dispatch_commits_final_text_and_restores_canceled_edits ... ok
conformance-and-platform	Build and test the C Linux application surface	2026-10-05T15:49:24.1102381Z test tests::c_id_lookup_returns_owned_attached_element_handles ... ok
conformance-and-platform	Build and test the C Linux application surface	2026-10-05T15:49:24.1103442Z test tests::c_font_registration_queries_and_removal_validate_lifetimes ... ok
conformance-and-platform	Build and test the C Linux application surface	2026-10-05T15:49:24.1117139Z test tests::c_events_hit_testing_and_control_state_share_engine_defaults ... ok
conformance-and-platform	Build and test the C Linux application surface	2026-10-05T15:49:24.1173478Z test tests::c_scroll_metrics_validate_output_headers_and_ownership ... ok
conformance-and-platform	Build and test the C Linux application surface	2026-10-05T15:49:24.1183649Z test tests::c_typography_literal_values_are_typed_and_owned ... ok
conformance-and-platform	Build and test the C Linux application surface	2026-10-05T15:49:24.1184346Z test tests::c_scroll_metrics_preserve_larger_caller_storage_and_absent_boxes ... ok
conformance-and-platform	Build and test the C Linux application surface	2026-10-05T15:49:24.1204131Z test tests::frozen_layout_metadata_matches_rust ... ok
conformance-and-platform	Build and test the C Linux application surface	2026-10-05T15:49:24.1236564Z test tests::detached_c_nodes_keep_their_handles_until_explicit_removal ... ok
conformance-and-platform	Build and test the C Linux application surface	2026-10-05T15:49:24.1253656Z test tests::invalid_float_colors_leave_output_unchanged ... ok
conformance-and-platform	Build and test the C Linux application surface	2026-10-05T15:49:24.1254427Z test tests::event_order_is_deterministic_and_callbacks_can_reenter ... ok
conformance-and-platform	Build and test the C Linux application surface	2026-10-05T15:49:24.1255340Z test tests::invalid_native_literals_preserve_output_and_existing_scalar_encodings ... ok
conformance-and-platform	Build and test the C Linux application surface	2026-10-05T15:49:24.1256292Z test tests::malformed_inputs_report_structured_thread_local_errors ... ok
conformance-and-platform	Build and test the C Linux application surface	2026-10-05T15:49:24.1257160Z test tests::handles_are_thread_affine_without_dereferencing_foreign_tokens ... ok
conformance-and-platform	Build and test the C Linux application surface	2026-10-05T15:49:24.1306660Z test tests::normalized_c_input_validates_headers_utf8_and_thread_ownership ... ok
conformance-and-platform	Build and test the C Linux application surface	2026-10-05T15:49:24.1323406Z test tests::c_font_metadata_matches_pinned_multiformat_fixtures ... ok
conformance-and-platform	Build and test the C Linux application surface	2026-10-05T15:49:24.1353481Z test tests::native_float_colors_preserve_precision_property_identity_and_ownership ... ok
conformance-and-platform	Build and test the C Linux application surface	2026-10-05T15:49:24.1365077Z test tests::panics_are_contained ... ok
conformance-and-platform	Build and test the C Linux application surface	2026-10-05T15:49:24.1366017Z test tests::normalized_c_keyboard_and_text_share_cancelable_document_defaults ... ok
conformance-and-platform	Build and test the C Linux application surface	2026-10-05T15:49:24.1431806Z test tests::transactions_and_compound_types_are_checked ... ok
conformance-and-platform	Build and test the C Linux application surface	2026-10-05T15:49:24.1443957Z test tests::ownership_generation_and_value_tags_are_validated ... ok
conformance-and-platform	Build and test the C Linux application surface	2026-10-05T15:49:24.1444727Z test tests::rust_and_c_paths_produce_identical_headless_pixels ... ok
conformance-and-platform	Build and test the C Linux application surface	2026-10-05T15:49:24.1476993Z test tests::typed_tree_renders_and_buffers_have_explicit_lifetimes ... ok
conformance-and-platform	Build and test the C Linux application surface	2026-10-05T15:49:24.1530933Z test tests::native_scalar_extensions_keep_owned_property_identity_and_full_values ... ok
conformance-and-platform	Build and test the C Linux application surface	2026-10-05T15:49:24.1531251Z 
conformance-and-platform	Build and test the C Linux application surface	2026-10-05T15:49:24.1531478Z test result: ok. 32 passed; 0 failed; 0 ignored; 0 measured; 0 filtered out; finished in 0.07s
conformance-and-platform	Build and test the C Linux application surface	2026-10-05T15:49:24.1545112Z [1m[92m   Doc-tests[0m openui_ffi
conformance-and-platform	Build and test the C Linux application surface	2026-10-05T15:49:24.1545316Z 
conformance-and-platform	Build and test the C Linux application surface	2026-10-05T15:49:24.2162308Z 
conformance-and-platform	Build and test the C Linux application surface	2026-10-05T15:49:24.2162997Z running 0 tests
conformance-and-platform	Build and test the C Linux application surface	2026-10-05T15:49:24.2163207Z 
conformance-and-platform	Build and test the C Linux application surface	2026-10-05T15:49:24.2163502Z test result: ok. 0 passed; 0 failed; 0 ignored; 0 measured; 0 filtered out; finished in 0.00s
conformance-and-platform	Build and test the C Linux application surface	2026-10-05T15:49:24.2163781Z 
conformance-and-platform	Build and test the C Linux application surface	2026-10-05T15:49:24.3547534Z [1m[33mwarning[0m[1m: unused import: `BfcOffset`[0m
conformance-and-platform	Build and test the C Linux application surface	2026-10-05T15:49:24.3548180Z   [1m[94m--> [0mopenui-layout/src/bfc_resolution.rs:17:23
conformance-and-platform	Build and test the C Linux application surface	2026-10-05T15:49:24.3548638Z    [1m[94m|[0m
conformance-and-platform	Build and test the C Linux application surface	2026-10-05T15:49:24.3549357Z [1m[94m17[0m [1m[94m|[0m use openui_geometry::{BfcOffset, BoxStrut, LayoutUnit, MarginStrut};
conformance-and-platform	Build and test the C Linux application surface	2026-10-05T15:49:24.3550003Z    [1m[94m|[0m                       [1m[33m^^^^^^^^^[0m
conformance-and-platform	Build and test the C Linux application surface	2026-10-05T15:49:24.3550406Z    [1m[94m|[0m
conformance-and-platform	Build and test the C Linux application surface	2026-10-05T15:49:24.3550913Z    [1m[94m= [0m[1mnote[0m: `#[warn(unused_imports)]` (part of `#[warn(unused)]`) on by default
conformance-and-platform	Build and test the C Linux application surface	2026-10-05T15:49:24.3551705Z 
conformance-and-platform	Build and test the C Linux application surface	2026-10-05T15:49:24.3551973Z [1m[33mwarning[0m[1m: unused import: `balance_columns`[0m
conformance-and-platform	Build and test the C Linux application surface	2026-10-05T15:49:24.3552513Z      [1m[94m--> [0mopenui-layout/src/block.rs:19571:9
conformance-and-platform	Build and test the C Linux application surface	2026-10-05T15:49:24.3553108Z       [1m[94m|[0m
conformance-and-platform	Build and test the C Linux application surface	2026-10-05T15:49:24.3553682Z [1m[94m19571[0m [1m[94m|[0m         balance_columns, balance_columns_with_margins, compute_column_positions,
conformance-and-platform	Build and test the C Linux application surface	2026-10-05T15:49:24.3554330Z       [1m[94m|[0m         [1m[33m^^^^^^^^^^^^^^^[0m
conformance-and-platform	Build and test the C Linux application surface	2026-10-05T15:49:24.3554573Z 
conformance-and-platform	Build and test the C Linux application surface	2026-10-05T15:49:24.3554835Z [1m[33mwarning[0m[1m: unused import: `super::*`[0m
conformance-and-platform	Build and test the C Linux application surface	2026-10-05T15:49:24.3555510Z     [1m[94m--> [0mopenui-layout/src/intrinsic_sizing.rs:3974:9
conformance-and-platform	Build and test the C Linux application surface	2026-10-05T15:49:24.3555916Z      [1m[94m|[0m
conformance-and-platform	Build and test the C Linux application surface	2026-10-05T15:49:24.3556301Z [1m[94m3974[0m [1m[94m|[0m     use super::*;
conformance-and-platform	Build and test the C Linux application surface	2026-10-05T15:49:24.3556711Z      [1m[94m|[0m         [1m[33m^^^^^^^^[0m
conformance-and-platform	Build and test the C Linux application surface	2026-10-05T15:49:24.3556939Z 
conformance-and-platform	Build and test the C Linux application surface	2026-10-05T15:49:24.3557220Z [1m[33mwarning[0m[1m: unused import: `std::sync::Arc`[0m
conformance-and-platform	Build and test the C Linux application surface	2026-10-05T15:49:24.3557782Z   [1m[94m--> [0mopenui-layout/src/new_formatting_context.rs:17:5
conformance-and-platform	Build and test the C Linux application surface	2026-10-05T15:49:24.3558215Z    [1m[94m|[0m
conformance-and-platform	Build and test the C Linux application surface	2026-10-05T15:49:24.3558563Z [1m[94m17[0m [1m[94m|[0m use std::sync::Arc;
conformance-and-platform	Build and test the C Linux application surface	2026-10-05T15:49:24.3558976Z    [1m[94m|[0m     [1m[33m^^^^^^^^^^^^^^[0m
conformance-and-platform	Build and test the C Linux application surface	2026-10-05T15:49:24.3559214Z 
conformance-and-platform	Build and test the C Linux application surface	2026-10-05T15:49:24.3559431Z [1m[33mwarning[0m[1m: unused import: `ClearType`[0m
conformance-and-platform	Build and test the C Linux application surface	2026-10-05T15:49:24.3559969Z   [1m[94m--> [0mopenui-layout/src/new_formatting_context.rs:24:25
conformance-and-platform	Build and test the C Linux application surface	2026-10-05T15:49:24.3560393Z    [1m[94m|[0m
conformance-and-platform	Build and test the C Linux application surface	2026-10-05T15:49:24.3560871Z [1m[94m24[0m [1m[94m|[0m use crate::exclusions::{ClearType, ExclusionSpace};
conformance-and-platform	Build and test the C Linux application surface	2026-10-05T15:49:24.3561432Z    [1m[94m|[0m                         [1m[33m^^^^^^^^^[0m
conformance-and-platform	Build and test the C Linux application surface	2026-10-05T15:49:24.3561701Z 
conformance-and-platform	Build and test the C Linux application surface	2026-10-05T15:49:24.3562066Z [1m[33mwarning[0m[1m: unused import: `crate::layout_result::LayoutResult`[0m
conformance-and-platform	Build and test the C Linux application surface	2026-10-05T15:49:24.3562817Z   [1m[94m--> [0mopenui-layout/src/new_formatting_context.rs:26:5
conformance-and-platform	Build and test the C Linux application surface	2026-10-05T15:49:24.3563254Z    [1m[94m|[0m
conformance-and-platform	Build and test the C Linux application surface	2026-10-05T15:49:24.3563735Z [1m[94m26[0m [1m[94m|[0m use crate::layout_result::LayoutResult;
conformance-and-platform	Build and test the C Linux application surface	2026-10-05T15:49:24.3564263Z    [1m[94m|[0m     [1m[33m^^^^^^^^^^^^^^^^^^^^^^^^^^^^^^^^^^[0m
conformance-and-platform	Build and test the C Linux application surface	2026-10-05T15:49:24.3564538Z 
conformance-and-platform	Build and test the C Linux application surface	2026-10-05T15:49:24.3564962Z [1m[33mwarning[0m[1m: variable `reconstructed_block_in_inline` is assigned to, but never used[0m
conformance-and-platform	Build and test the C Linux application surface	2026-10-05T15:49:24.3565626Z     [1m[94m--> [0mopenui-layout/src/block.rs:2104:9
conformance-and-platform	Build and test the C Linux application surface	2026-10-05T15:49:24.3566007Z      [1m[94m|[0m
conformance-and-platform	Build and test the C Linux application surface	2026-10-05T15:49:24.3566456Z [1m[94m2104[0m [1m[94m|[0m     let mut reconstructed_block_in_inline = false;
conformance-and-platform	Build and test the C Linux application surface	2026-10-05T15:49:24.3567045Z      [1m[94m|[0m         [1m[33m^^^^^^^^^^^^^^^^^^^^^^^^^^^^^^^^^[0m
conformance-and-platform	Build and test the C Linux application surface	2026-10-05T15:49:24.3567443Z      [1m[94m|[0m
conformance-and-platform	Build and test the C Linux application surface	2026-10-05T15:49:24.3567913Z      [1m[94m= [0m[1mnote[0m: consider using `_reconstructed_block_in_inline` instead
conformance-and-platform	Build and test the C Linux application surface	2026-10-05T15:49:24.3568681Z      [1m[94m= [0m[1mnote[0m: `#[warn(unused_variables)]` (part of `#[warn(unused)]`) on by default
conformance-and-platform	Build and test the C Linux application surface	2026-10-05T15:49:24.3569093Z 
conformance-and-platform	Build and test the C Linux application surface	2026-10-05T15:49:24.3569361Z [1m[33mwarning[0m[1m: variable does not need to be mutable[0m
conformance-and-platform	Build and test the C Linux application surface	2026-10-05T15:49:24.3569867Z     [1m[94m--> [0mopenui-layout/src/block.rs:6781:9
conformance-and-platform	Build and test the C Linux application surface	2026-10-05T15:49:24.3570254Z      [1m[94m|[0m
conformance-and-platform	Build and test the C Linux application surface	2026-10-05T15:49:24.3570719Z [1m[94m6781[0m [1m[94m|[0m     let mut child_margin = resolve_margins_in_parent_axes(
conformance-and-platform	Build and test the C Linux application surface	2026-10-05T15:49:24.3571314Z      [1m[94m|[0m         [1m[94m----[0m[1m[33m^^^^^^^^^^^^[0m
conformance-and-platform	Build and test the C Linux application surface	2026-10-05T15:49:24.3571757Z      [1m[94m|[0m         [1m[94m|[0m
conformance-and-platform	Build and test the C Linux application surface	2026-10-05T15:49:24.3572206Z      [1m[94m|[0m         [1m[94mhelp: remove this `mut`[0m
conformance-and-platform	Build and test the C Linux application surface	2026-10-05T15:49:24.3572593Z      [1m[94m|[0m
conformance-and-platform	Build and test the C Linux application surface	2026-10-05T15:49:24.3573197Z      [1m[94m= [0m[1mnote[0m: `#[warn(unused_mut)]` (part of `#[warn(unused)]`) on by default
conformance-and-platform	Build and test the C Linux application surface	2026-10-05T15:49:24.3573586Z 
conformance-and-platform	Build and test the C Linux application surface	2026-10-05T15:49:24.3573856Z [1m[33mwarning[0m[1m: field `source_caption_end` is never read[0m
conformance-and-platform	Build and test the C Linux application surface	2026-10-05T15:49:24.3574551Z     [1m[94m--> [0mopenui-layout/src/block.rs:9551:5
conformance-and-platform	Build and test the C Linux application surface	2026-10-05T15:49:24.3574929Z      [1m[94m|[0m
conformance-and-platform	Build and test the C Linux application surface	2026-10-05T15:49:24.3575343Z [1m[94m9550[0m [1m[94m|[0m struct CaptionedRepeatedTableFlow {
conformance-and-platform	Build and test the C Linux application surface	2026-10-05T15:49:24.3575990Z      [1m[94m|[0m        [1m[94m--------------------------[0m [1m[94mfield in this struct[0m
conformance-and-platform	Build and test the C Linux application surface	2026-10-05T15:49:24.3576607Z [1m[94m9551[0m [1m[94m|[0m     source_caption_end: LayoutUnit,
conformance-and-platform	Build and test the C Linux application surface	2026-10-05T15:49:24.3577087Z      [1m[94m|[0m     [1m[33m^^^^^^^^^^^^^^^^^^[0m
conformance-and-platform	Build and test the C Linux application surface	2026-10-05T15:49:24.3577446Z      [1m[94m|[0m
conformance-and-platform	Build and test the C Linux application surface	2026-10-05T15:49:24.3578372Z      [1m[94m= [0m[1mnote[0m: `CaptionedRepeatedTableFlow` has derived impls for the traits `Debug` and `Clone`, but these are intentionally ignored during dead code analysis
conformance-and-platform	Build and test the C Linux application surface	2026-10-05T15:49:24.3579606Z      [1m[94m= [0m[1mnote[0m: `#[warn(dead_code)]` (part of `#[warn(unused)]`) on by default
conformance-and-platform	Build and test the C Linux application surface	2026-10-05T15:49:24.3579980Z 
conformance-and-platform	Build and test the C Linux application surface	2026-10-05T15:49:24.3580306Z [1m[33mwarning[0m[1m: function `columns_needed_for_height` is never used[0m
conformance-and-platform	Build and test the C Linux application surface	2026-10-05T15:49:24.3580904Z    [1m[94m--> [0mopenui-layout/src/multicol/mod.rs:705:4
conformance-and-platform	Build and test the C Linux application surface	2026-10-05T15:49:24.3581283Z     [1m[94m|[0m
conformance-and-platform	Build and test the C Linux application surface	2026-10-05T15:49:24.3581636Z [1m[94m705[0m [1m[94m|[0m fn columns_needed_for_height(
conformance-and-platform	Build and test the C Linux application surface	2026-10-05T15:49:24.3581956Z     [1m[94m|[0m    [1m[33m^^^^^^^^^^^^^^^^^^^^^^^^^[0m
conformance-and-platform	Build and test the C Linux application surface	2026-10-05T15:49:24.3582119Z 
conformance-and-platform	Build and test the C Linux application surface	2026-10-05T15:49:24.3582479Z [1m[33mwarning[0m: `openui-layout` (lib) generated 10 warnings (run `cargo fix --lib -p openui-layout` to apply 7 suggestions)
conformance-and-platform	Build and test the C Linux application surface	2026-10-05T15:49:24.3583381Z [1m[33mwarning[0m[1m: use of deprecated module `skia_safe::gradient_shader`: Use the skia_safe::gradient module[0m
conformance-and-platform	Build and test the C Linux application surface	2026-10-05T15:49:24.3583953Z   [1m[94m--> [0mopenui-paint/src/painter.rs:39:20
conformance-and-platform	Build and test the C Linux application surface	2026-10-05T15:49:24.3584290Z    [1m[94m|[0m
conformance-and-platform	Build and test the C Linux application surface	2026-10-05T15:49:24.3584723Z [1m[94m39[0m [1m[94m|[0m     color_filters, gradient_shader, image_filters, surfaces, AlphaType, BlendMode, ClipOp, Color4f,
conformance-and-platform	Build and test the C Linux application surface	2026-10-05T15:49:24.3585193Z    [1m[94m|[0m                    [1m[33m^^^^^^^^^^^^^^^[0m
conformance-and-platform	Build and test the C Linux application surface	2026-10-05T15:49:24.3585489Z    [1m[94m|[0m
conformance-and-platform	Build and test the C Linux application surface	2026-10-05T15:49:24.3585859Z    [1m[94m= [0m[1mnote[0m: `#[warn(deprecated)]` on by default
conformance-and-platform	Build and test the C Linux application surface	2026-10-05T15:49:24.3586155Z 
conformance-and-platform	Build and test the C Linux application surface	2026-10-05T15:49:24.3586856Z [1m[33mwarning[0m[1m: use of deprecated function `skia_safe::gradient_shader::linear_with_interpolation`: Use the skia_safe::gradient module[0m
conformance-and-platform	Build and test the C Linux application surface	2026-10-05T15:49:24.3587718Z     [1m[94m--> [0mopenui-paint/src/painter.rs:1860:45
conformance-and-platform	Build and test the C Linux application surface	2026-10-05T15:49:24.3588123Z      [1m[94m|[0m
conformance-and-platform	Build and test the C Linux application surface	2026-10-05T15:49:24.3588725Z [1m[94m1860[0m [1m[94m|[0m     scrim_paint.set_shader(gradient_shader::linear_with_interpolation(
conformance-and-platform	Build and test the C Linux application surface	2026-10-05T15:49:24.3589438Z      [1m[94m|[0m                                             [1m[33m^^^^^^^^^^^^^^^^^^^^^^^^^[0m
conformance-and-platform	Build and test the C Linux application surface	2026-10-05T15:49:24.3589762Z 
conformance-and-platform	Build and test the C Linux application surface	2026-10-05T15:49:24.3590451Z [1m[33mwarning[0m[1m: use of deprecated function `skia_safe::gradient_shader::linear_with_interpolation`: Use the skia_safe::gradient module[0m
conformance-and-platform	Build and test the C Linux application surface	2026-10-05T15:49:24.3591318Z      [1m[94m--> [0mopenui-paint/src/painter.rs:14056:51
conformance-and-platform	Build and test the C Linux application surface	2026-10-05T15:49:24.3591741Z       [1m[94m|[0m
conformance-and-platform	Build and test the C Linux application surface	2026-10-05T15:49:24.3592354Z [1m[94m14056[0m [1m[94m|[0m                 paint.set_shader(gradient_shader::linear_with_interpolation(
conformance-and-platform	Build and test the C Linux application surface	2026-10-05T15:49:24.3593219Z       [1m[94m|[0m                                                   [1m[33m^^^^^^^^^^^^^^^^^^^^^^^^^[0m
conformance-and-platform	Build and test the C Linux application surface	2026-10-05T15:49:24.3593549Z 
conformance-and-platform	Build and test the C Linux application surface	2026-10-05T15:49:24.3594152Z [1m[33mwarning[0m[1m: use of deprecated function `skia_safe::gradient_shader::linear`: Use the skia_safe::gradient module[0m
conformance-and-platform	Build and test the C Linux application surface	2026-10-05T15:49:24.3594929Z      [1m[94m--> [0mopenui-paint/src/painter.rs:14069:51
conformance-and-platform	Build and test the C Linux application surface	2026-10-05T15:49:24.3595323Z       [1m[94m|[0m
conformance-and-platform	Build and test the C Linux application surface	2026-10-05T15:49:24.3595828Z [1m[94m14069[0m [1m[94m|[0m                 paint.set_shader(gradient_shader::linear(
conformance-and-platform	Build and test the C Linux application surface	2026-10-05T15:49:24.3596455Z       [1m[94m|[0m                                                   [1m[33m^^^^^^[0m
conformance-and-platform	Build and test the C Linux application surface	2026-10-05T15:49:24.3596750Z 
conformance-and-platform	Build and test the C Linux application surface	2026-10-05T15:49:24.3597449Z [1m[33mwarning[0m[1m: use of deprecated function `skia_safe::gradient_shader::linear_with_interpolation`: Use the skia_safe::gradient module[0m
conformance-and-platform	Build and test the C Linux application surface	2026-10-05T15:49:24.3598470Z      [1m[94m--> [0mopenui-paint/src/painter.rs:14082:51
conformance-and-platform	Build and test the C Linux application surface	2026-10-05T15:49:24.3598859Z       [1m[94m|[0m
conformance-and-platform	Build and test the C Linux application surface	2026-10-05T15:49:24.3599447Z [1m[94m14082[0m [1m[94m|[0m                 paint.set_shader(gradient_shader::linear_with_interpolation(
conformance-and-platform	Build and test the C Linux application surface	2026-10-05T15:49:24.3600158Z       [1m[94m|[0m                                                   [1m[33m^^^^^^^^^^^^^^^^^^^^^^^^^[0m
conformance-and-platform	Build and test the C Linux application surface	2026-10-05T15:49:24.3600487Z 
conformance-and-platform	Build and test the C Linux application surface	2026-10-05T15:49:24.3601351Z [1m[33mwarning[0m[1m: use of deprecated function `skia_safe::gradient_shader::two_point_conical_with_interpolation`: Use the skia_safe::gradient module[0m
conformance-and-platform	Build and test the C Linux application surface	2026-10-05T15:49:24.3602259Z      [1m[94m--> [0mopenui-paint/src/painter.rs:14178:55
conformance-and-platform	Build and test the C Linux application surface	2026-10-05T15:49:24.3602773Z       [1m[94m|[0m
conformance-and-platform	Build and test the C Linux application surface	2026-10-05T15:49:24.3603435Z [1m[94m14178[0m [1m[94m|[0m                     paint.set_shader(gradient_shader::two_point_conical_with_interpolation(
conformance-and-platform	Build and test the C Linux application surface	2026-10-05T15:49:24.3604269Z       [1m[94m|[0m                                                       [1m[33m^^^^^^^^^^^^^^^^^^^^^^^^^^^^^^^^^^^^[0m
conformance-and-platform	Build and test the C Linux application surface	2026-10-05T15:49:24.3604617Z 
conformance-and-platform	Build and test the C Linux application surface	2026-10-05T15:49:24.3605264Z [1m[33mwarning[0m[1m: use of deprecated function `skia_safe::gradient_shader::two_point_conical`: Use the skia_safe::gradient module[0m
conformance-and-platform	Build and test the C Linux application surface	2026-10-05T15:49:24.3606076Z      [1m[94m--> [0mopenui-paint/src/painter.rs:14192:55
conformance-and-platform	Build and test the C Linux application surface	2026-10-05T15:49:24.3606466Z       [1m[94m|[0m
conformance-and-platform	Build and test the C Linux application surface	2026-10-05T15:49:24.3607040Z [1m[94m14192[0m [1m[94m|[0m                     paint.set_shader(gradient_shader::two_point_conical(
conformance-and-platform	Build and test the C Linux application surface	2026-10-05T15:49:24.3607731Z       [1m[94m|[0m                                                       [1m[33m^^^^^^^^^^^^^^^^^[0m
conformance-and-platform	Build and test the C Linux application surface	2026-10-05T15:49:24.3608057Z 
conformance-and-platform	Build and test the C Linux application surface	2026-10-05T15:49:24.3608787Z [1m[33mwarning[0m[1m: use of deprecated function `skia_safe::gradient_shader::two_point_conical_with_interpolation`: Use the skia_safe::gradient module[0m
conformance-and-platform	Build and test the C Linux application surface	2026-10-05T15:49:24.3609694Z      [1m[94m--> [0mopenui-paint/src/painter.rs:14208:55
conformance-and-platform	Build and test the C Linux application surface	2026-10-05T15:49:24.3610086Z       [1m[94m|[0m
conformance-and-platform	Build and test the C Linux application surface	2026-10-05T15:49:24.3610749Z [1m[94m14208[0m [1m[94m|[0m                     paint.set_shader(gradient_shader::two_point_conical_with_interpolation(
conformance-and-platform	Build and test the C Linux application surface	2026-10-05T15:49:24.3611560Z       [1m[94m|[0m                                                       [1m[33m^^^^^^^^^^^^^^^^^^^^^^^^^^^^^^^^^^^^[0m
conformance-and-platform	Build and test the C Linux application surface	2026-10-05T15:49:24.3611921Z 
conformance-and-platform	Build and test the C Linux application surface	2026-10-05T15:49:24.3612765Z [1m[33mwarning[0m[1m: use of deprecated function `skia_safe::gradient_shader::two_point_conical_with_interpolation`: Use the skia_safe::gradient module[0m
conformance-and-platform	Build and test the C Linux application surface	2026-10-05T15:49:24.3613667Z      [1m[94m--> [0mopenui-paint/src/painter.rs:14228:51
conformance-and-platform	Build and test the C Linux application surface	2026-10-05T15:49:24.3614048Z       [1m[94m|[0m
conformance-and-platform	Build and test the C Linux application surface	2026-10-05T15:49:24.3614705Z [1m[94m14228[0m [1m[94m|[0m                 paint.set_shader(gradient_shader::two_point_conical_with_interpolation(
conformance-and-platform	Build and test the C Linux application surface	2026-10-05T15:49:24.3615505Z       [1m[94m|[0m                                                   [1m[33m^^^^^^^^^^^^^^^^^^^^^^^^^^^^^^^^^^^^[0m
conformance-and-platform	Build and test the C Linux application surface	2026-10-05T15:49:24.3615863Z 
conformance-and-platform	Build and test the C Linux application surface	2026-10-05T15:49:24.3616498Z [1m[33mwarning[0m[1m: use of deprecated function `skia_safe::gradient_shader::two_point_conical`: Use the skia_safe::gradient module[0m
conformance-and-platform	Build and test the C Linux application surface	2026-10-05T15:49:24.3617329Z      [1m[94m--> [0mopenui-paint/src/painter.rs:14242:51
conformance-and-platform	Build and test the C Linux application surface	2026-10-05T15:49:24.3617718Z       [1m[94m|[0m
conformance-and-platform	Build and test the C Linux application surface	2026-10-05T15:49:24.3618264Z [1m[94m14242[0m [1m[94m|[0m                 paint.set_shader(gradient_shader::two_point_conical(
conformance-and-platform	Build and test the C Linux application surface	2026-10-05T15:49:24.3618937Z       [1m[94m|[0m                                                   [1m[33m^^^^^^^^^^^^^^^^^[0m
conformance-and-platform	Build and test the C Linux application surface	2026-10-05T15:49:24.3619268Z 
conformance-and-platform	Build and test the C Linux application surface	2026-10-05T15:49:24.3620010Z [1m[33mwarning[0m[1m: use of deprecated function `skia_safe::gradient_shader::two_point_conical_with_interpolation`: Use the skia_safe::gradient module[0m
conformance-and-platform	Build and test the C Linux application surface	2026-10-05T15:49:24.3620930Z      [1m[94m--> [0mopenui-paint/src/painter.rs:14258:51
conformance-and-platform	Build and test the C Linux application surface	2026-10-05T15:49:24.3621514Z       [1m[94m|[0m
conformance-and-platform	Build and test the C Linux application surface	2026-10-05T15:49:24.3622177Z [1m[94m14258[0m [1m[94m|[0m                 paint.set_shader(gradient_shader::two_point_conical_with_interpolation(
conformance-and-platform	Build and test the C Linux application surface	2026-10-05T15:49:24.3623093Z       [1m[94m|[0m                                                   [1m[33m^^^^^^^^^^^^^^^^^^^^^^^^^^^^^^^^^^^^[0m
conformance-and-platform	Build and test the C Linux application surface	2026-10-05T15:49:24.3623448Z 
conformance-and-platform	Build and test the C Linux application surface	2026-10-05T15:49:24.3624140Z [1m[33mwarning[0m[1m: use of deprecated function `skia_safe::gradient_shader::sweep_with_interpolation`: Use the skia_safe::gradient module[0m
conformance-and-platform	Build and test the C Linux application surface	2026-10-05T15:49:24.3625004Z      [1m[94m--> [0mopenui-paint/src/painter.rs:14318:51
conformance-and-platform	Build and test the C Linux application surface	2026-10-05T15:49:24.3625520Z       [1m[94m|[0m
conformance-and-platform	Build and test the C Linux application surface	2026-10-05T15:49:24.3626123Z [1m[94m14318[0m [1m[94m|[0m                 paint.set_shader(gradient_shader::sweep_with_interpolation(
conformance-and-platform	Build and test the C Linux application surface	2026-10-05T15:49:24.3626844Z       [1m[94m|[0m                                                   [1m[33m^^^^^^^^^^^^^^^^^^^^^^^^[0m
conformance-and-platform	Build and test the C Linux application surface	2026-10-05T15:49:24.3627173Z 
conformance-and-platform	Build and test the C Linux application surface	2026-10-05T15:49:24.3627755Z [1m[33mwarning[0m[1m: use of deprecated function `skia_safe::gradient_shader::sweep`: Use the skia_safe::gradient module[0m
conformance-and-platform	Build and test the C Linux application surface	2026-10-05T15:49:24.3628531Z      [1m[94m--> [0mopenui-paint/src/painter.rs:14332:51
conformance-and-platform	Build and test the C Linux application surface	2026-10-05T15:49:24.3628920Z       [1m[94m|[0m
conformance-and-platform	Build and test the C Linux application surface	2026-10-05T15:49:24.3629415Z [1m[94m14332[0m [1m[94m|[0m                 paint.set_shader(gradient_shader::sweep(
conformance-and-platform	Build and test the C Linux application surface	2026-10-05T15:49:24.3630016Z       [1m[94m|[0m                                                   [1m[33m^^^^^[0m
conformance-and-platform	Build and test the C Linux application surface	2026-10-05T15:49:24.3630309Z 
conformance-and-platform	Build and test the C Linux application surface	2026-10-05T15:49:24.3630994Z [1m[33mwarning[0m[1m: use of deprecated function `skia_safe::gradient_shader::sweep_with_interpolation`: Use the skia_safe::gradient module[0m
conformance-and-platform	Build and test the C Linux application surface	2026-10-05T15:49:24.3631854Z      [1m[94m--> [0mopenui-paint/src/painter.rs:14346:51
conformance-and-platform	Build and test the C Linux application surface	2026-10-05T15:49:24.3632237Z       [1m[94m|[0m
conformance-and-platform	Build and test the C Linux application surface	2026-10-05T15:49:24.3632945Z [1m[94m14346[0m [1m[94m|[0m                 paint.set_shader(gradient_shader::sweep_with_interpolation(
conformance-and-platform	Build and test the C Linux application surface	2026-10-05T15:49:24.3633667Z       [1m[94m|[0m                                                   [1m[33m^^^^^^^^^^^^^^^^^^^^^^^^[0m
conformance-and-platform	Build and test the C Linux application surface	2026-10-05T15:49:24.3634000Z 
conformance-and-platform	Build and test the C Linux application surface	2026-10-05T15:49:24.3634591Z [1m[33mwarning[0m[1m: use of deprecated function `skia_safe::gradient_shader::linear`: Use the skia_safe::gradient module[0m
conformance-and-platform	Build and test the C Linux application surface	2026-10-05T15:49:24.3635358Z      [1m[94m--> [0mopenui-paint/src/painter.rs:17719:55
conformance-and-platform	Build and test the C Linux application surface	2026-10-05T15:49:24.3635741Z       [1m[94m|[0m
conformance-and-platform	Build and test the C Linux application surface	2026-10-05T15:49:24.3636258Z [1m[94m17719[0m [1m[94m|[0m                     paint.set_shader(gradient_shader::linear(
conformance-and-platform	Build and test the C Linux application surface	2026-10-05T15:49:24.3636882Z       [1m[94m|[0m                                                       [1m[33m^^^^^^[0m
conformance-and-platform	Build and test the C Linux application surface	2026-10-05T15:49:24.3637197Z 
conformance-and-platform	Build and test the C Linux application surface	2026-10-05T15:49:24.3637475Z [1m[33mwarning[0m[1m: variant `RestoreTo` is never constructed[0m
conformance-and-platform	Build and test the C Linux application surface	2026-10-05T15:49:24.3638020Z   [1m[94m--> [0mopenui-paint/src/paint_record.rs:16:5
conformance-and-platform	Build and test the C Linux application surface	2026-10-05T15:49:24.3638409Z    [1m[94m|[0m
conformance-and-platform	Build and test the C Linux application surface	2026-10-05T15:49:24.3638727Z [1m[94m13[0m [1m[94m|[0m enum Operation {
conformance-and-platform	Build and test the C Linux application surface	2026-10-05T15:49:24.3639237Z    [1m[94m|[0m      [1m[94m---------[0m [1m[94mvariant in this enum[0m
conformance-and-platform	Build and test the C Linux application surface	2026-10-05T15:49:24.3639666Z [1m[94m...[0m
conformance-and-platform	Build and test the C Linux application surface	2026-10-05T15:49:24.3639994Z [1m[94m16[0m [1m[94m|[0m     RestoreTo(usize),
conformance-and-platform	Build and test the C Linux application surface	2026-10-05T15:49:24.3640402Z    [1m[94m|[0m     [1m[33m^^^^^^^^^[0m
conformance-and-platform	Build and test the C Linux application surface	2026-10-05T15:49:24.3640747Z    [1m[94m|[0m
conformance-and-platform	Build and test the C Linux application surface	2026-10-05T15:49:24.3641486Z    [1m[94m= [0m[1mnote[0m: `Operation` has a derived impl for the trait `Clone`, but this is intentionally ignored during dead code analysis
conformance-and-platform	Build and test the C Linux application surface	2026-10-05T15:49:24.3642414Z    [1m[94m= [0m[1mnote[0m: `#[warn(dead_code)]` (part of `#[warn(unused)]`) on by default
conformance-and-platform	Build and test the C Linux application surface	2026-10-05T15:49:24.3642916Z 
conformance-and-platform	Build and test the C Linux application surface	2026-10-05T15:49:24.3643261Z [1m[33mwarning[0m[1m: methods `restore_to_count` and `save_count` are never used[0m
conformance-and-platform	Build and test the C Linux application surface	2026-10-05T15:49:24.3643879Z    [1m[94m--> [0mopenui-paint/src/paint_record.rs:131:19
conformance-and-platform	Build and test the C Linux application surface	2026-10-05T15:49:24.3644280Z     [1m[94m|[0m
conformance-and-platform	Build and test the C Linux application surface	2026-10-05T15:49:24.3644641Z [1m[94m119[0m [1m[94m|[0m impl dyn PaintCanvas + '_ {
conformance-and-platform	Build and test the C Linux application surface	2026-10-05T15:49:24.3645394Z     [1m[94m|[0m [1m[94m-------------------------[0m [1m[94mmethods in this implementation[0m
conformance-and-platform	Build and test the C Linux application surface	2026-10-05T15:49:24.3645913Z [1m[94m...[0m
conformance-and-platform	Build and test the C Linux application surface	2026-10-05T15:49:24.3646419Z [1m[94m131[0m [1m[94m|[0m     pub(crate) fn restore_to_count(&self, count: usize) -> &Self {
conformance-and-platform	Build and test the C Linux application surface	2026-10-05T15:49:24.3646987Z     [1m[94m|[0m                   [1m[33m^^^^^^^^^^^^^^^^[0m
conformance-and-platform	Build and test the C Linux application surface	2026-10-05T15:49:24.3647367Z [1m[94m...[0m
conformance-and-platform	Build and test the C Linux application surface	2026-10-05T15:49:24.3647776Z [1m[94m137[0m [1m[94m|[0m     pub(crate) fn save_count(&self) -> usize {
conformance-and-platform	Build and test the C Linux application surface	2026-10-05T15:49:24.3648298Z     [1m[94m|[0m                   [1m[33m^^^^^^^^^^[0m
conformance-and-platform	Build and test the C Linux application surface	2026-10-05T15:49:24.3648673Z 
conformance-and-platform	Build and test the C Linux application surface	2026-10-05T15:49:24.3648929Z [1m[33mwarning[0m: `openui-paint` (lib) generated 17 warnings
conformance-and-platform	Build and test the C Linux application surface	2026-10-05T15:49:24.4871170Z [1m[92m    Finished[0m `dev` profile [unoptimized + debuginfo] target(s) in 0.25s
conformance-and-platform	Exercise native C and C++ windows on X11 with software and Mesa OpenGL	﻿2026-10-05T15:49:24.5045485Z ##[group]Run xvfb-run --auto-servernum python3 tools/ffi/verify_native_window.py \
conformance-and-platform	Exercise native C and C++ windows on X11 with software and Mesa OpenGL	2026-10-05T15:49:24.5045980Z [36;1mxvfb-run --auto-servernum python3 tools/ffi/verify_native_window.py \[0m
conformance-and-platform	Exercise native C and C++ windows on X11 with software and Mesa OpenGL	2026-10-05T15:49:24.5046455Z [36;1m  --protocol x11 --backend software --report "$RUNNER_TEMP/native-x11-software.json"[0m
conformance-and-platform	Exercise native C and C++ windows on X11 with software and Mesa OpenGL	2026-10-05T15:49:24.5046889Z [36;1mxvfb-run --auto-servernum python3 tools/ffi/verify_native_window.py \[0m
conformance-and-platform	Exercise native C and C++ windows on X11 with software and Mesa OpenGL	2026-10-05T15:49:24.5047301Z [36;1m  --protocol x11 --backend opengl --report "$RUNNER_TEMP/native-x11-opengl.json"[0m
conformance-and-platform	Exercise native C and C++ windows on X11 with software and Mesa OpenGL	2026-10-05T15:49:24.5100660Z shell: /usr/bin/bash -e {0}
conformance-and-platform	Exercise native C and C++ windows on X11 with software and Mesa OpenGL	2026-10-05T15:49:24.5100875Z env:
conformance-and-platform	Exercise native C and C++ windows on X11 with software and Mesa OpenGL	2026-10-05T15:49:24.5101044Z   BINDGEN_EXTRA_CLANG_ARGS: 
conformance-and-platform	Exercise native C and C++ windows on X11 with software and Mesa OpenGL	2026-10-05T15:49:24.5101283Z   CARGO_TARGET_X86_64_UNKNOWN_LINUX_GNU_RUSTFLAGS: 
conformance-and-platform	Exercise native C and C++ windows on X11 with software and Mesa OpenGL	2026-10-05T15:49:24.5101528Z   CC: clang
conformance-and-platform	Exercise native C and C++ windows on X11 with software and Mesa OpenGL	2026-10-05T15:49:24.5101685Z   CXX: clang++
conformance-and-platform	Exercise native C and C++ windows on X11 with software and Mesa OpenGL	2026-10-05T15:49:24.5101843Z   CXXFLAGS: 
conformance-and-platform	Exercise native C and C++ windows on X11 with software and Mesa OpenGL	2026-10-05T15:49:24.5102011Z   CARGO_TERM_COLOR: always
conformance-and-platform	Exercise native C and C++ windows on X11 with software and Mesa OpenGL	2026-10-05T15:49:24.5102200Z   FORCE_SKIA_BUILD: 1
conformance-and-platform	Exercise native C and C++ windows on X11 with software and Mesa OpenGL	2026-10-05T15:49:24.5102410Z   PKG_CONFIG_SYSROOT_DIR: 
conformance-and-platform	Exercise native C and C++ windows on X11 with software and Mesa OpenGL	2026-10-05T15:49:24.5103133Z   SKIA_GN_ARGS: extra_cflags += [ "-DSK_SUPPORT_LEGACY_CONIC_CHOP", "-DSK_USE_FREETYPE_EMBOLDEN", "-DSK_GAMMA_EXPONENT=1.2", "-DSK_GAMMA_CONTRAST=0.2", "-fno-strict-aliasing", "-msse3" ]
conformance-and-platform	Exercise native C and C++ windows on X11 with software and Mesa OpenGL	2026-10-05T15:49:24.5103697Z   SKIA_NINJA_COMMAND: ninja
conformance-and-platform	Exercise native C and C++ windows on X11 with software and Mesa OpenGL	2026-10-05T15:49:24.5103895Z ##[endgroup]
conformance-and-platform	Exercise native C and C++ windows on X11 with software and Mesa OpenGL	2026-10-05T15:49:33.5169404Z native C: backend=2 frames=2 resized=1 input=2
conformance-and-platform	Exercise native C and C++ windows on X11 with software and Mesa OpenGL	2026-10-05T15:49:33.5170035Z native C++: backend=2 frames=2
conformance-and-platform	Exercise native C and C++ windows on X11 with software and Mesa OpenGL	2026-10-05T15:49:33.5170543Z native C/C++ window consumers passed: protocol=x11 backend=software
conformance-and-platform	Exercise native C and C++ windows on X11 with software and Mesa OpenGL	2026-10-05T15:49:37.2326995Z native C: backend=1 frames=2 resized=1 input=2
conformance-and-platform	Exercise native C and C++ windows on X11 with software and Mesa OpenGL	2026-10-05T15:49:37.2327475Z native C++: backend=1 frames=2
conformance-and-platform	Exercise native C and C++ windows on X11 with software and Mesa OpenGL	2026-10-05T15:49:37.2327910Z native C/C++ window consumers passed: protocol=x11 backend=opengl
conformance-and-platform	Smoke-test X11 with Mesa OpenGL	﻿2026-10-05T15:49:37.2459091Z ##[group]Run xvfb-run --auto-servernum env OUI_BACKEND=opengl OUI_SMOKE_EXIT=1 target/debug/hello
conformance-and-platform	Smoke-test X11 with Mesa OpenGL	2026-10-05T15:49:37.2459998Z [36;1mxvfb-run --auto-servernum env OUI_BACKEND=opengl OUI_SMOKE_EXIT=1 target/debug/hello[0m
conformance-and-platform	Smoke-test X11 with Mesa OpenGL	2026-10-05T15:49:37.2520706Z shell: /usr/bin/bash -e {0}
conformance-and-platform	Smoke-test X11 with Mesa OpenGL	2026-10-05T15:49:37.2520953Z env:
conformance-and-platform	Smoke-test X11 with Mesa OpenGL	2026-10-05T15:49:37.2521120Z   BINDGEN_EXTRA_CLANG_ARGS: 
conformance-and-platform	Smoke-test X11 with Mesa OpenGL	2026-10-05T15:49:37.2521368Z   CARGO_TARGET_X86_64_UNKNOWN_LINUX_GNU_RUSTFLAGS: 
conformance-and-platform	Smoke-test X11 with Mesa OpenGL	2026-10-05T15:49:37.2521620Z   CC: clang
conformance-and-platform	Smoke-test X11 with Mesa OpenGL	2026-10-05T15:49:37.2521782Z   CXX: clang++
conformance-and-platform	Smoke-test X11 with Mesa OpenGL	2026-10-05T15:49:37.2521964Z   CXXFLAGS: 
conformance-and-platform	Smoke-test X11 with Mesa OpenGL	2026-10-05T15:49:37.2522133Z   CARGO_TERM_COLOR: always
conformance-and-platform	Smoke-test X11 with Mesa OpenGL	2026-10-05T15:49:37.2522321Z   FORCE_SKIA_BUILD: 1
conformance-and-platform	Smoke-test X11 with Mesa OpenGL	2026-10-05T15:49:37.2522498Z   PKG_CONFIG_SYSROOT_DIR: 
conformance-and-platform	Smoke-test X11 with Mesa OpenGL	2026-10-05T15:49:37.2523222Z   SKIA_GN_ARGS: extra_cflags += [ "-DSK_SUPPORT_LEGACY_CONIC_CHOP", "-DSK_USE_FREETYPE_EMBOLDEN", "-DSK_GAMMA_EXPONENT=1.2", "-DSK_GAMMA_CONTRAST=0.2", "-fno-strict-aliasing", "-msse3" ]
conformance-and-platform	Smoke-test X11 with Mesa OpenGL	2026-10-05T15:49:37.2523781Z   SKIA_NINJA_COMMAND: ninja
conformance-and-platform	Smoke-test X11 with Mesa OpenGL	2026-10-05T15:49:37.2524008Z ##[endgroup]
conformance-and-platform	Smoke-test pure Wayland software presentation	﻿2026-10-05T15:49:37.4618411Z ##[group]Run export XDG_RUNTIME_DIR="$RUNNER_TEMP/openui-wayland"
conformance-and-platform	Smoke-test pure Wayland software presentation	2026-10-05T15:49:37.4618999Z [36;1mexport XDG_RUNTIME_DIR="$RUNNER_TEMP/openui-wayland"[0m
conformance-and-platform	Smoke-test pure Wayland software presentation	2026-10-05T15:49:37.4619425Z [36;1mmkdir -p "$XDG_RUNTIME_DIR"[0m
conformance-and-platform	Smoke-test pure Wayland software presentation	2026-10-05T15:49:37.4619968Z [36;1mchmod 700 "$XDG_RUNTIME_DIR"[0m
conformance-and-platform	Smoke-test pure Wayland software presentation	2026-10-05T15:49:37.4620663Z [36;1mweston --backend=headless-backend.so --socket=wayland-openui --idle-time=0 >"$RUNNER_TEMP/weston.log" 2>&1 &[0m
conformance-and-platform	Smoke-test pure Wayland software presentation	2026-10-05T15:49:37.4621377Z [36;1mweston_pid=$![0m
conformance-and-platform	Smoke-test pure Wayland software presentation	2026-10-05T15:49:37.4621702Z [36;1mtrap 'kill "$weston_pid" || true' EXIT[0m
conformance-and-platform	Smoke-test pure Wayland software presentation	2026-10-05T15:49:37.4622090Z [36;1mfor attempt in $(seq 1 50); do[0m
conformance-and-platform	Smoke-test pure Wayland software presentation	2026-10-05T15:49:37.4622513Z [36;1m  test -S "$XDG_RUNTIME_DIR/wayland-openui" && break[0m
conformance-and-platform	Smoke-test pure Wayland software presentation	2026-10-05T15:49:37.4623189Z [36;1m  sleep 0.1[0m
conformance-and-platform	Smoke-test pure Wayland software presentation	2026-10-05T15:49:37.4623453Z [36;1mdone[0m
conformance-and-platform	Smoke-test pure Wayland software presentation	2026-10-05T15:49:37.4624022Z [36;1menv -u DISPLAY WAYLAND_DISPLAY=wayland-openui OUI_BACKEND=software OUI_SMOKE_EXIT=1 target/debug/hello[0m
conformance-and-platform	Smoke-test pure Wayland software presentation	2026-10-05T15:49:37.4624763Z [36;1menv -u DISPLAY WAYLAND_DISPLAY=wayland-openui \[0m
conformance-and-platform	Smoke-test pure Wayland software presentation	2026-10-05T15:49:37.4625382Z [36;1m  python3 ../../tools/ffi/verify_native_window.py --protocol wayland \[0m
conformance-and-platform	Smoke-test pure Wayland software presentation	2026-10-05T15:49:37.4626026Z [36;1m    --backend software --report "$RUNNER_TEMP/native-wayland-software.json"[0m
conformance-and-platform	Smoke-test pure Wayland software presentation	2026-10-05T15:49:37.4697576Z shell: /usr/bin/bash -e {0}
conformance-and-platform	Smoke-test pure Wayland software presentation	2026-10-05T15:49:37.4697930Z env:
conformance-and-platform	Smoke-test pure Wayland software presentation	2026-10-05T15:49:37.4698193Z   BINDGEN_EXTRA_CLANG_ARGS: 
conformance-and-platform	Smoke-test pure Wayland software presentation	2026-10-05T15:49:37.4698563Z   CARGO_TARGET_X86_64_UNKNOWN_LINUX_GNU_RUSTFLAGS: 
conformance-and-platform	Smoke-test pure Wayland software presentation	2026-10-05T15:49:37.4698948Z   CC: clang
conformance-and-platform	Smoke-test pure Wayland software presentation	2026-10-05T15:49:37.4699186Z   CXX: clang++
conformance-and-platform	Smoke-test pure Wayland software presentation	2026-10-05T15:49:37.4699429Z   CXXFLAGS: 
conformance-and-platform	Smoke-test pure Wayland software presentation	2026-10-05T15:49:37.4699680Z   CARGO_TERM_COLOR: always
conformance-and-platform	Smoke-test pure Wayland software presentation	2026-10-05T15:49:37.4699972Z   FORCE_SKIA_BUILD: 1
conformance-and-platform	Smoke-test pure Wayland software presentation	2026-10-05T15:49:37.4700253Z   PKG_CONFIG_SYSROOT_DIR: 
conformance-and-platform	Smoke-test pure Wayland software presentation	2026-10-05T15:49:37.4701132Z   SKIA_GN_ARGS: extra_cflags += [ "-DSK_SUPPORT_LEGACY_CONIC_CHOP", "-DSK_USE_FREETYPE_EMBOLDEN", "-DSK_GAMMA_EXPONENT=1.2", "-DSK_GAMMA_CONTRAST=0.2", "-fno-strict-aliasing", "-msse3" ]
conformance-and-platform	Smoke-test pure Wayland software presentation	2026-10-05T15:49:37.4702074Z   SKIA_NINJA_COMMAND: ninja
conformance-and-platform	Smoke-test pure Wayland software presentation	2026-10-05T15:49:37.4702368Z ##[endgroup]
conformance-and-platform	Smoke-test pure Wayland software presentation	2026-10-05T15:49:38.4097963Z native C: backend=2 frames=2 resized=1 input=2
conformance-and-platform	Smoke-test pure Wayland software presentation	2026-10-05T15:49:38.4098448Z native C++: backend=2 frames=2
conformance-and-platform	Smoke-test pure Wayland software presentation	2026-10-05T15:49:38.4098937Z native C/C++ window consumers passed: protocol=wayland backend=software
conformance-and-platform	Preserve native C/C++ smoke reports	﻿2026-10-05T15:49:38.4247953Z ##[group]Run actions/upload-artifact@v7
conformance-and-platform	Preserve native C/C++ smoke reports	2026-10-05T15:49:38.4248198Z with:
conformance-and-platform	Preserve native C/C++ smoke reports	2026-10-05T15:49:38.4248401Z   name: native-c-cpp-window-smokes
conformance-and-platform	Preserve native C/C++ smoke reports	2026-10-05T15:49:38.4248643Z   path: /home/runner/work/_temp/native-*.json
conformance-and-platform	Preserve native C/C++ smoke reports	2026-10-05T15:49:38.4248895Z   if-no-files-found: ignore
conformance-and-platform	Preserve native C/C++ smoke reports	2026-10-05T15:49:38.4249095Z   compression-level: 6
conformance-and-platform	Preserve native C/C++ smoke reports	2026-10-05T15:49:38.4249279Z   overwrite: false
conformance-and-platform	Preserve native C/C++ smoke reports	2026-10-05T15:49:38.4249465Z   include-hidden-files: false
conformance-and-platform	Preserve native C/C++ smoke reports	2026-10-05T15:49:38.4249668Z   archive: true
conformance-and-platform	Preserve native C/C++ smoke reports	2026-10-05T15:49:38.4249833Z env:
conformance-and-platform	Preserve native C/C++ smoke reports	2026-10-05T15:49:38.4250000Z   BINDGEN_EXTRA_CLANG_ARGS: 
conformance-and-platform	Preserve native C/C++ smoke reports	2026-10-05T15:49:38.4250233Z   CARGO_TARGET_X86_64_UNKNOWN_LINUX_GNU_RUSTFLAGS: 
conformance-and-platform	Preserve native C/C++ smoke reports	2026-10-05T15:49:38.4250473Z   CC: clang
conformance-and-platform	Preserve native C/C++ smoke reports	2026-10-05T15:49:38.4250631Z   CXX: clang++
conformance-and-platform	Preserve native C/C++ smoke reports	2026-10-05T15:49:38.4250790Z   CXXFLAGS: 
conformance-and-platform	Preserve native C/C++ smoke reports	2026-10-05T15:49:38.4250961Z   CARGO_TERM_COLOR: always
conformance-and-platform	Preserve native C/C++ smoke reports	2026-10-05T15:49:38.4251150Z   FORCE_SKIA_BUILD: 1
conformance-and-platform	Preserve native C/C++ smoke reports	2026-10-05T15:49:38.4251344Z   PKG_CONFIG_SYSROOT_DIR: 
conformance-and-platform	Preserve native C/C++ smoke reports	2026-10-05T15:49:38.4251865Z   SKIA_GN_ARGS: extra_cflags += [ "-DSK_SUPPORT_LEGACY_CONIC_CHOP", "-DSK_USE_FREETYPE_EMBOLDEN", "-DSK_GAMMA_EXPONENT=1.2", "-DSK_GAMMA_CONTRAST=0.2", "-fno-strict-aliasing", "-msse3" ]
conformance-and-platform	Preserve native C/C++ smoke reports	2026-10-05T15:49:38.4252440Z   SKIA_NINJA_COMMAND: ninja
conformance-and-platform	Preserve native C/C++ smoke reports	2026-10-05T15:49:38.4252827Z ##[endgroup]
conformance-and-platform	Preserve native C/C++ smoke reports	2026-10-05T15:49:38.5351931Z With the provided path, there will be 3 files uploaded
conformance-and-platform	Preserve native C/C++ smoke reports	2026-10-05T15:49:38.5355938Z Artifact name is valid!
conformance-and-platform	Preserve native C/C++ smoke reports	2026-10-05T15:49:38.5356315Z Root directory input is valid!
conformance-and-platform	Preserve native C/C++ smoke reports	2026-10-05T15:49:38.7018627Z Uploading artifact: native-c-cpp-window-smokes.zip
conformance-and-platform	Preserve native C/C++ smoke reports	2026-10-05T15:49:38.7079786Z Beginning upload of artifact content to blob storage
conformance-and-platform	Preserve native C/C++ smoke reports	2026-10-05T15:49:38.7808430Z Uploaded bytes 2437
conformance-and-platform	Preserve native C/C++ smoke reports	2026-10-05T15:49:38.7932537Z Finished uploading artifact content to blob storage!
conformance-and-platform	Preserve native C/C++ smoke reports	2026-10-05T15:49:38.7933372Z SHA256 digest of uploaded artifact is 9db2b76d67753a028bac2ecd0ed60252a0f3524d3e27002013385ae1bcac83a3
conformance-and-platform	Preserve native C/C++ smoke reports	2026-10-05T15:49:38.7933864Z Finalizing artifact upload
conformance-and-platform	Preserve native C/C++ smoke reports	2026-10-05T15:49:39.0584098Z Artifact native-c-cpp-window-smokes successfully finalized. Artifact ID 11355588996
conformance-and-platform	Preserve native C/C++ smoke reports	2026-10-05T15:49:39.0585141Z Artifact native-c-cpp-window-smokes has been successfully uploaded! Final size is 2437 bytes. Artifact ID is 11355588996
conformance-and-platform	Preserve native C/C++ smoke reports	2026-10-05T15:49:39.0588179Z Artifact download URL: https://github.com/zhuowcui/open-ui/actions/runs/37335624045/artifacts/11355588996
conformance-and-platform	Post Run actions/cache@v5	﻿2026-10-05T15:49:39.8755011Z Post job cleanup.
conformance-and-platform	Post Run actions/cache@v5	2026-10-05T15:49:39.9842367Z Cache hit occurred on the primary key v02-hardening-Linux-1.94.1-fb34f7045b13690422332ca00f8747395dca2fa1d8a8e28868ee97a1a1a44b75, not saving cache.
conformance-and-platform	Post Run actions/checkout@v6	﻿2026-10-05T15:49:39.9988075Z Post job cleanup.
conformance-and-platform	Post Run actions/checkout@v6	2026-10-05T15:49:40.0677158Z [command]/usr/bin/git version
conformance-and-platform	Post Run actions/checkout@v6	2026-10-05T15:49:40.0708420Z git version 2.55.0
conformance-and-platform	Post Run actions/checkout@v6	2026-10-05T15:49:40.0738229Z Temporarily overriding HOME='/home/runner/work/_temp/27a00dfa-3e59-43c4-abe6-2dddbf0304d6' before making global git config changes
conformance-and-platform	Post Run actions/checkout@v6	2026-10-05T15:49:40.0739003Z Adding repository directory to the temporary git global config as a safe directory
conformance-and-platform	Post Run actions/checkout@v6	2026-10-05T15:49:40.0743037Z [command]/usr/bin/git config --global --add safe.directory /home/runner/work/open-ui/open-ui
conformance-and-platform	Post Run actions/checkout@v6	2026-10-05T15:49:40.0772132Z Removing SSH command configuration
conformance-and-platform	Post Run actions/checkout@v6	2026-10-05T15:49:40.0777257Z [command]/usr/bin/git config --local --name-only --get-regexp core\.sshCommand
conformance-and-platform	Post Run actions/checkout@v6	2026-10-05T15:49:40.0805308Z [command]/usr/bin/git submodule foreach --recursive sh -c "git config --local --name-only --get-regexp 'core\.sshCommand' && git config --local --unset-all 'core.sshCommand' || :"
conformance-and-platform	Post Run actions/checkout@v6	2026-10-05T15:49:40.1012122Z Removing HTTP extra header
conformance-and-platform	Post Run actions/checkout@v6	2026-10-05T15:49:40.1016584Z [command]/usr/bin/git config --local --name-only --get-regexp http\.https\:\/\/github\.com\/\.extraheader
conformance-and-platform	Post Run actions/checkout@v6	2026-10-05T15:49:40.1047555Z [command]/usr/bin/git submodule foreach --recursive sh -c "git config --local --name-only --get-regexp 'http\.https\:\/\/github\.com\/\.extraheader' && git config --local --unset-all 'http.https://github.com/.extraheader' || :"
conformance-and-platform	Post Run actions/checkout@v6	2026-10-05T15:49:40.1255479Z Removing includeIf entries pointing to credentials config files
conformance-and-platform	Post Run actions/checkout@v6	2026-10-05T15:49:40.1262350Z [command]/usr/bin/git config --local --name-only --get-regexp ^includeIf\.gitdir:
conformance-and-platform	Post Run actions/checkout@v6	2026-10-05T15:49:40.1288157Z includeif.gitdir:/home/runner/work/open-ui/open-ui/.git.path
conformance-and-platform	Post Run actions/checkout@v6	2026-10-05T15:49:40.1288659Z includeif.gitdir:/home/runner/work/open-ui/open-ui/.git/worktrees/*.path
conformance-and-platform	Post Run actions/checkout@v6	2026-10-05T15:49:40.1289024Z includeif.gitdir:/github/workspace/.git.path
conformance-and-platform	Post Run actions/checkout@v6	2026-10-05T15:49:40.1289329Z includeif.gitdir:/github/workspace/.git/worktrees/*.path
conformance-and-platform	Post Run actions/checkout@v6	2026-10-05T15:49:40.1295358Z [command]/usr/bin/git config --local --get-all includeif.gitdir:/home/runner/work/open-ui/open-ui/.git.path
conformance-and-platform	Post Run actions/checkout@v6	2026-10-05T15:49:40.1314834Z /home/runner/work/_temp/git-credentials-ed2ddaff-2f14-4743-a766-ce94461be13e.config
conformance-and-platform	Post Run actions/checkout@v6	2026-10-05T15:49:40.1323556Z [command]/usr/bin/git config --local --unset includeif.gitdir:/home/runner/work/open-ui/open-ui/.git.path /home/runner/work/_temp/git-credentials-ed2ddaff-2f14-4743-a766-ce94461be13e.config
conformance-and-platform	Post Run actions/checkout@v6	2026-10-05T15:49:40.1351825Z [command]/usr/bin/git config --local --get-all includeif.gitdir:/home/runner/work/open-ui/open-ui/.git/worktrees/*.path
conformance-and-platform	Post Run actions/checkout@v6	2026-10-05T15:49:40.1369972Z /home/runner/work/_temp/git-credentials-ed2ddaff-2f14-4743-a766-ce94461be13e.config
conformance-and-platform	Post Run actions/checkout@v6	2026-10-05T15:49:40.1377769Z [command]/usr/bin/git config --local --unset includeif.gitdir:/home/runner/work/open-ui/open-ui/.git/worktrees/*.path /home/runner/work/_temp/git-credentials-ed2ddaff-2f14-4743-a766-ce94461be13e.config
conformance-and-platform	Post Run actions/checkout@v6	2026-10-05T15:49:40.1406513Z [command]/usr/bin/git config --local --get-all includeif.gitdir:/github/workspace/.git.path
conformance-and-platform	Post Run actions/checkout@v6	2026-10-05T15:49:40.1425016Z /github/runner_temp/git-credentials-ed2ddaff-2f14-4743-a766-ce94461be13e.config
conformance-and-platform	Post Run actions/checkout@v6	2026-10-05T15:49:40.1431355Z [command]/usr/bin/git config --local --unset includeif.gitdir:/github/workspace/.git.path /github/runner_temp/git-credentials-ed2ddaff-2f14-4743-a766-ce94461be13e.config
conformance-and-platform	Post Run actions/checkout@v6	2026-10-05T15:49:40.2624549Z [command]/usr/bin/git config --local --get-all includeif.gitdir:/github/workspace/.git/worktrees/*.path
conformance-and-platform	Post Run actions/checkout@v6	2026-10-05T15:49:40.2648947Z /github/runner_temp/git-credentials-ed2ddaff-2f14-4743-a766-ce94461be13e.config
conformance-and-platform	Post Run actions/checkout@v6	2026-10-05T15:49:40.2655480Z [command]/usr/bin/git config --local --unset includeif.gitdir:/github/workspace/.git/worktrees/*.path /github/runner_temp/git-credentials-ed2ddaff-2f14-4743-a766-ce94461be13e.config
conformance-and-platform	Post Run actions/checkout@v6	2026-10-05T15:49:40.2686496Z [command]/usr/bin/git submodule foreach --recursive git config --local --show-origin --name-only --get-regexp remote.origin.url
conformance-and-platform	Post Run actions/checkout@v6	2026-10-05T15:49:40.2890141Z Removing credentials config '/home/runner/work/_temp/git-credentials-ed2ddaff-2f14-4743-a766-ce94461be13e.config'
conformance-and-platform	Complete job	﻿2026-10-05T15:49:40.3018102Z Cleaning up orphan processes
