conformance-and-platform	Set up job	﻿2026-10-05T13:48:03.2910382Z Current runner version: '2.337.0'
conformance-and-platform	Set up job	2026-10-05T13:48:03.2935539Z ##[group]Runner Image Provisioner
conformance-and-platform	Set up job	2026-10-05T13:48:03.2936622Z Hosted Compute Agent
conformance-and-platform	Set up job	2026-10-05T13:48:03.2937190Z Version: 20260901.588
conformance-and-platform	Set up job	2026-10-05T13:48:03.2937794Z Commit: f88ec8081b781fac6c440065ac7ff9e710ce3d0b
conformance-and-platform	Set up job	2026-10-05T13:48:03.2938542Z Build Date: 2026-09-01T19:56:44Z
conformance-and-platform	Set up job	2026-10-05T13:48:03.2939203Z Worker ID: {102e66d2-2e3e-45b8-81e1-03c699d1e305}
conformance-and-platform	Set up job	2026-10-05T13:48:03.2939897Z Azure Region: westcentralus
conformance-and-platform	Set up job	2026-10-05T13:48:03.2940513Z ##[endgroup]
conformance-and-platform	Set up job	2026-10-05T13:48:03.2942392Z ##[group]Operating System
conformance-and-platform	Set up job	2026-10-05T13:48:03.2943056Z Ubuntu
conformance-and-platform	Set up job	2026-10-05T13:48:03.2943590Z 24.04.5
conformance-and-platform	Set up job	2026-10-05T13:48:03.2944110Z LTS
conformance-and-platform	Set up job	2026-10-05T13:48:03.2944607Z ##[endgroup]
conformance-and-platform	Set up job	2026-10-05T13:48:03.2945135Z ##[group]Runner Image
conformance-and-platform	Set up job	2026-10-05T13:48:03.2945723Z Image: ubuntu-24.04
conformance-and-platform	Set up job	2026-10-05T13:48:03.2946260Z Version: 20260927.320.1
conformance-and-platform	Set up job	2026-10-05T13:48:03.2947286Z Included Software: https://github.com/actions/runner-images/blob/ubuntu24/20260927.320/images/ubuntu/Ubuntu2404-Readme.md
conformance-and-platform	Set up job	2026-10-05T13:48:03.2949253Z Image Release: https://github.com/actions/runner-images/releases/tag/ubuntu24%2F20260927.320
conformance-and-platform	Set up job	2026-10-05T13:48:03.2950289Z ##[endgroup]
conformance-and-platform	Set up job	2026-10-05T13:48:03.2951533Z ##[group]GITHUB_TOKEN Permissions
conformance-and-platform	Set up job	2026-10-05T13:48:03.2953755Z Contents: read
conformance-and-platform	Set up job	2026-10-05T13:48:03.2954325Z Metadata: read
conformance-and-platform	Set up job	2026-10-05T13:48:03.2954843Z ##[endgroup]
conformance-and-platform	Set up job	2026-10-05T13:48:03.2956861Z Secret source: Actions
conformance-and-platform	Set up job	2026-10-05T13:48:03.2957750Z Cache mode: write
conformance-and-platform	Set up job	2026-10-05T13:48:03.2958439Z Prepare workflow directory
conformance-and-platform	Set up job	2026-10-05T13:48:03.3451038Z Prepare all required actions
conformance-and-platform	Set up job	2026-10-05T13:48:03.3498010Z Getting action download info
conformance-and-platform	Set up job	2026-10-05T13:48:03.7010183Z Download action repository 'actions/checkout@v6' (SHA:d23441a48e516b6c34aea4fa41551a30e30af803)
conformance-and-platform	Set up job	2026-10-05T13:48:03.8309445Z Download action repository 'actions/cache@v5' (SHA:caa296126883cff596d87d8935842f9db880ef25)
conformance-and-platform	Set up job	2026-10-05T13:48:03.9457622Z Download action repository 'actions/upload-artifact@v7' (SHA:043fb46d1a93c77aae656e7c1c64a875d1fc6a0a)
conformance-and-platform	Set up job	2026-10-05T13:48:04.2016142Z Complete job name: conformance-and-platform
conformance-and-platform	Run actions/checkout@v6	﻿2026-10-05T13:48:04.2721090Z ##[group]Run actions/checkout@v6
conformance-and-platform	Run actions/checkout@v6	2026-10-05T13:48:04.2722560Z with:
conformance-and-platform	Run actions/checkout@v6	2026-10-05T13:48:04.2723090Z   repository: zhuowcui/open-ui
conformance-and-platform	Run actions/checkout@v6	2026-10-05T13:48:04.2727032Z   token: ***
conformance-and-platform	Run actions/checkout@v6	2026-10-05T13:48:04.2727550Z   ssh-strict: true
conformance-and-platform	Run actions/checkout@v6	2026-10-05T13:48:04.2728038Z   ssh-user: git
conformance-and-platform	Run actions/checkout@v6	2026-10-05T13:48:04.2728566Z   persist-credentials: true
conformance-and-platform	Run actions/checkout@v6	2026-10-05T13:48:04.2729120Z   clean: true
conformance-and-platform	Run actions/checkout@v6	2026-10-05T13:48:04.2729611Z   sparse-checkout-cone-mode: true
conformance-and-platform	Run actions/checkout@v6	2026-10-05T13:48:04.2730221Z   fetch-depth: 1
conformance-and-platform	Run actions/checkout@v6	2026-10-05T13:48:04.2730697Z   fetch-tags: false
conformance-and-platform	Run actions/checkout@v6	2026-10-05T13:48:04.2731209Z   show-progress: true
conformance-and-platform	Run actions/checkout@v6	2026-10-05T13:48:04.2731833Z   lfs: false
conformance-and-platform	Run actions/checkout@v6	2026-10-05T13:48:04.2732304Z   submodules: false
conformance-and-platform	Run actions/checkout@v6	2026-10-05T13:48:04.2732817Z   set-safe-directory: true
conformance-and-platform	Run actions/checkout@v6	2026-10-05T13:48:04.2733432Z   allow-unsafe-pr-checkout: false
conformance-and-platform	Run actions/checkout@v6	2026-10-05T13:48:04.2734188Z env:
conformance-and-platform	Run actions/checkout@v6	2026-10-05T13:48:04.2734684Z   BINDGEN_EXTRA_CLANG_ARGS: 
conformance-and-platform	Run actions/checkout@v6	2026-10-05T13:48:04.2735276Z   CARGO_TARGET_X86_64_UNKNOWN_LINUX_GNU_RUSTFLAGS: 
conformance-and-platform	Run actions/checkout@v6	2026-10-05T13:48:04.2736002Z   CC: clang
conformance-and-platform	Run actions/checkout@v6	2026-10-05T13:48:04.2736512Z   CXX: clang++
conformance-and-platform	Run actions/checkout@v6	2026-10-05T13:48:04.2737042Z   CXXFLAGS: 
conformance-and-platform	Run actions/checkout@v6	2026-10-05T13:48:04.2737502Z   CARGO_TERM_COLOR: always
conformance-and-platform	Run actions/checkout@v6	2026-10-05T13:48:04.2738008Z   FORCE_SKIA_BUILD: 1
conformance-and-platform	Run actions/checkout@v6	2026-10-05T13:48:04.2738540Z   PKG_CONFIG_SYSROOT_DIR: 
conformance-and-platform	Run actions/checkout@v6	2026-10-05T13:48:04.2739875Z   SKIA_GN_ARGS: extra_cflags += [ "-DSK_SUPPORT_LEGACY_CONIC_CHOP", "-DSK_USE_FREETYPE_EMBOLDEN", "-DSK_GAMMA_EXPONENT=1.2", "-DSK_GAMMA_CONTRAST=0.2", "-fno-strict-aliasing", "-msse3" ]
conformance-and-platform	Run actions/checkout@v6	2026-10-05T13:48:04.2741206Z   SKIA_NINJA_COMMAND: ninja
conformance-and-platform	Run actions/checkout@v6	2026-10-05T13:48:04.2742157Z ##[endgroup]
conformance-and-platform	Run actions/checkout@v6	2026-10-05T13:48:04.3800797Z Syncing repository: zhuowcui/open-ui
conformance-and-platform	Run actions/checkout@v6	2026-10-05T13:48:04.3809063Z ##[group]Getting Git version info
conformance-and-platform	Run actions/checkout@v6	2026-10-05T13:48:04.3810358Z Working directory is '/home/runner/work/open-ui/open-ui'
conformance-and-platform	Run actions/checkout@v6	2026-10-05T13:48:04.3812485Z [command]/usr/bin/git version
conformance-and-platform	Run actions/checkout@v6	2026-10-05T13:48:04.3838053Z git version 2.55.0
conformance-and-platform	Run actions/checkout@v6	2026-10-05T13:48:04.3858093Z ##[endgroup]
conformance-and-platform	Run actions/checkout@v6	2026-10-05T13:48:04.3872179Z Temporarily overriding HOME='/home/runner/work/_temp/70f203d4-5c5c-492f-aadb-3ce0cbe7f415' before making global git config changes
conformance-and-platform	Run actions/checkout@v6	2026-10-05T13:48:04.3873938Z Adding repository directory to the temporary git global config as a safe directory
conformance-and-platform	Run actions/checkout@v6	2026-10-05T13:48:04.3878365Z [command]/usr/bin/git config --global --add safe.directory /home/runner/work/open-ui/open-ui
conformance-and-platform	Run actions/checkout@v6	2026-10-05T13:48:04.3927230Z Deleting the contents of '/home/runner/work/open-ui/open-ui'
conformance-and-platform	Run actions/checkout@v6	2026-10-05T13:48:04.3931147Z ##[group]Determining repository object format
conformance-and-platform	Run actions/checkout@v6	2026-10-05T13:48:04.3933669Z ##[endgroup]
conformance-and-platform	Run actions/checkout@v6	2026-10-05T13:48:04.3934490Z ##[group]Initializing the repository
conformance-and-platform	Run actions/checkout@v6	2026-10-05T13:48:04.3937632Z [command]/usr/bin/git init /home/runner/work/open-ui/open-ui
conformance-and-platform	Run actions/checkout@v6	2026-10-05T13:48:04.4201843Z hint: Using 'master' as the name for the initial branch. This default branch name
conformance-and-platform	Run actions/checkout@v6	2026-10-05T13:48:04.4203751Z hint: will change to "main" in Git 3.0. To configure the initial branch name
conformance-and-platform	Run actions/checkout@v6	2026-10-05T13:48:04.4205132Z hint: to use in all of your new repositories, which will suppress this warning,
conformance-and-platform	Run actions/checkout@v6	2026-10-05T13:48:04.4206434Z hint: call:
conformance-and-platform	Run actions/checkout@v6	2026-10-05T13:48:04.4207239Z hint:
conformance-and-platform	Run actions/checkout@v6	2026-10-05T13:48:04.4208246Z hint: 	git config --global init.defaultBranch <name>
conformance-and-platform	Run actions/checkout@v6	2026-10-05T13:48:04.4209480Z hint:
conformance-and-platform	Run actions/checkout@v6	2026-10-05T13:48:04.4210465Z hint: Names commonly chosen instead of 'master' are 'main', 'trunk' and
conformance-and-platform	Run actions/checkout@v6	2026-10-05T13:48:04.4211828Z hint: 'development'. The just-created branch can be renamed via this command:
conformance-and-platform	Run actions/checkout@v6	2026-10-05T13:48:04.4212850Z hint:
conformance-and-platform	Run actions/checkout@v6	2026-10-05T13:48:04.4213526Z hint: 	git branch -m <name>
conformance-and-platform	Run actions/checkout@v6	2026-10-05T13:48:04.4214260Z hint:
conformance-and-platform	Run actions/checkout@v6	2026-10-05T13:48:04.4215123Z hint: Disable this message with "git config set advice.defaultBranchName false"
conformance-and-platform	Run actions/checkout@v6	2026-10-05T13:48:04.4216680Z Initialized empty Git repository in /home/runner/work/open-ui/open-ui/.git/
conformance-and-platform	Run actions/checkout@v6	2026-10-05T13:48:04.4220092Z [command]/usr/bin/git remote add origin https://github.com/zhuowcui/open-ui
conformance-and-platform	Run actions/checkout@v6	2026-10-05T13:48:04.4261176Z ##[endgroup]
conformance-and-platform	Run actions/checkout@v6	2026-10-05T13:48:04.4262308Z ##[group]Disabling automatic garbage collection
conformance-and-platform	Run actions/checkout@v6	2026-10-05T13:48:04.4264928Z [command]/usr/bin/git config --local gc.auto 0
conformance-and-platform	Run actions/checkout@v6	2026-10-05T13:48:04.4296353Z ##[endgroup]
conformance-and-platform	Run actions/checkout@v6	2026-10-05T13:48:04.4297951Z ##[group]Setting up auth
conformance-and-platform	Run actions/checkout@v6	2026-10-05T13:48:04.4298599Z Removing SSH command configuration
conformance-and-platform	Run actions/checkout@v6	2026-10-05T13:48:04.4304344Z [command]/usr/bin/git config --local --name-only --get-regexp core\.sshCommand
conformance-and-platform	Run actions/checkout@v6	2026-10-05T13:48:04.4332591Z [command]/usr/bin/git submodule foreach --recursive sh -c "git config --local --name-only --get-regexp 'core\.sshCommand' && git config --local --unset-all 'core.sshCommand' || :"
conformance-and-platform	Run actions/checkout@v6	2026-10-05T13:48:04.4638613Z Removing HTTP extra header
conformance-and-platform	Run actions/checkout@v6	2026-10-05T13:48:04.4644218Z [command]/usr/bin/git config --local --name-only --get-regexp http\.https\:\/\/github\.com\/\.extraheader
conformance-and-platform	Run actions/checkout@v6	2026-10-05T13:48:04.4671903Z [command]/usr/bin/git submodule foreach --recursive sh -c "git config --local --name-only --get-regexp 'http\.https\:\/\/github\.com\/\.extraheader' && git config --local --unset-all 'http.https://github.com/.extraheader' || :"
conformance-and-platform	Run actions/checkout@v6	2026-10-05T13:48:04.4845348Z Removing includeIf entries pointing to credentials config files
conformance-and-platform	Run actions/checkout@v6	2026-10-05T13:48:04.4852225Z [command]/usr/bin/git config --local --name-only --get-regexp ^includeIf\.gitdir:
conformance-and-platform	Run actions/checkout@v6	2026-10-05T13:48:04.4880383Z [command]/usr/bin/git submodule foreach --recursive git config --local --show-origin --name-only --get-regexp remote.origin.url
conformance-and-platform	Run actions/checkout@v6	2026-10-05T13:48:04.5062112Z [command]/usr/bin/git config --file /home/runner/work/_temp/git-credentials-c5c6fad1-659e-4840-af7f-68e0de8dbcc6.config http.https://github.com/.extraheader AUTHORIZATION: basic ***
conformance-and-platform	Run actions/checkout@v6	2026-10-05T13:48:04.5105682Z [command]/usr/bin/git config --local includeIf.gitdir:/home/runner/work/open-ui/open-ui/.git.path /home/runner/work/_temp/git-credentials-c5c6fad1-659e-4840-af7f-68e0de8dbcc6.config
conformance-and-platform	Run actions/checkout@v6	2026-10-05T13:48:04.5133806Z [command]/usr/bin/git config --local includeIf.gitdir:/home/runner/work/open-ui/open-ui/.git/worktrees/*.path /home/runner/work/_temp/git-credentials-c5c6fad1-659e-4840-af7f-68e0de8dbcc6.config
conformance-and-platform	Run actions/checkout@v6	2026-10-05T13:48:04.5165737Z [command]/usr/bin/git config --local includeIf.gitdir:/github/workspace/.git.path /github/runner_temp/git-credentials-c5c6fad1-659e-4840-af7f-68e0de8dbcc6.config
conformance-and-platform	Run actions/checkout@v6	2026-10-05T13:48:04.5194989Z [command]/usr/bin/git config --local includeIf.gitdir:/github/workspace/.git/worktrees/*.path /github/runner_temp/git-credentials-c5c6fad1-659e-4840-af7f-68e0de8dbcc6.config
conformance-and-platform	Run actions/checkout@v6	2026-10-05T13:48:04.5541730Z ##[endgroup]
conformance-and-platform	Run actions/checkout@v6	2026-10-05T13:48:04.5542935Z ##[group]Fetching the repository
conformance-and-platform	Run actions/checkout@v6	2026-10-05T13:48:04.5550734Z [command]/usr/bin/git -c protocol.version=2 fetch --no-tags --prune --no-recurse-submodules --depth=1 origin +e37ff6148cb0239fd31fd8bed1da9d2b6eb088d1:refs/remotes/pull/3/merge
conformance-and-platform	Run actions/checkout@v6	2026-10-05T13:48:08.3178494Z From https://github.com/zhuowcui/open-ui
conformance-and-platform	Run actions/checkout@v6	2026-10-05T13:48:08.3180968Z  * [new ref]         e37ff6148cb0239fd31fd8bed1da9d2b6eb088d1 -> pull/3/merge
conformance-and-platform	Run actions/checkout@v6	2026-10-05T13:48:08.3186025Z ##[endgroup]
conformance-and-platform	Run actions/checkout@v6	2026-10-05T13:48:08.3187899Z ##[group]Determining the checkout info
conformance-and-platform	Run actions/checkout@v6	2026-10-05T13:48:08.3190157Z ##[endgroup]
conformance-and-platform	Run actions/checkout@v6	2026-10-05T13:48:08.3191687Z [command]/usr/bin/git sparse-checkout disable
conformance-and-platform	Run actions/checkout@v6	2026-10-05T13:48:08.3246800Z [command]/usr/bin/git config --local --unset-all extensions.worktreeConfig
conformance-and-platform	Run actions/checkout@v6	2026-10-05T13:48:08.3279064Z ##[group]Checking out the ref
conformance-and-platform	Run actions/checkout@v6	2026-10-05T13:48:08.3281276Z [command]/usr/bin/git checkout --progress --force refs/remotes/pull/3/merge
conformance-and-platform	Run actions/checkout@v6	2026-10-05T13:48:09.3455085Z Updating files:  85% (9609/11207)
conformance-and-platform	Run actions/checkout@v6	2026-10-05T13:48:09.3486013Z Updating files:  86% (9639/11207)
conformance-and-platform	Run actions/checkout@v6	2026-10-05T13:48:09.3517973Z Updating files:  87% (9751/11207)
conformance-and-platform	Run actions/checkout@v6	2026-10-05T13:48:09.3552700Z Updating files:  88% (9863/11207)
conformance-and-platform	Run actions/checkout@v6	2026-10-05T13:48:09.3586423Z Updating files:  89% (9975/11207)
conformance-and-platform	Run actions/checkout@v6	2026-10-05T13:48:09.3620636Z Updating files:  90% (10087/11207)
conformance-and-platform	Run actions/checkout@v6	2026-10-05T13:48:09.3652222Z Updating files:  91% (10199/11207)
conformance-and-platform	Run actions/checkout@v6	2026-10-05T13:48:09.3682716Z Updating files:  92% (10311/11207)
conformance-and-platform	Run actions/checkout@v6	2026-10-05T13:48:09.3715295Z Updating files:  93% (10423/11207)
conformance-and-platform	Run actions/checkout@v6	2026-10-05T13:48:09.3747863Z Updating files:  94% (10535/11207)
conformance-and-platform	Run actions/checkout@v6	2026-10-05T13:48:09.3781547Z Updating files:  95% (10647/11207)
conformance-and-platform	Run actions/checkout@v6	2026-10-05T13:48:09.3814683Z Updating files:  96% (10759/11207)
conformance-and-platform	Run actions/checkout@v6	2026-10-05T13:48:09.3892888Z Updating files:  97% (10871/11207)
conformance-and-platform	Run actions/checkout@v6	2026-10-05T13:48:09.4535314Z Updating files:  98% (10983/11207)
conformance-and-platform	Run actions/checkout@v6	2026-10-05T13:48:09.4631148Z Updating files:  99% (11095/11207)
conformance-and-platform	Run actions/checkout@v6	2026-10-05T13:48:09.4632552Z Updating files: 100% (11207/11207)
conformance-and-platform	Run actions/checkout@v6	2026-10-05T13:48:09.4633294Z Updating files: 100% (11207/11207), done.
conformance-and-platform	Run actions/checkout@v6	2026-10-05T13:48:09.5413484Z Note: switching to 'refs/remotes/pull/3/merge'.
conformance-and-platform	Run actions/checkout@v6	2026-10-05T13:48:09.5414191Z 
conformance-and-platform	Run actions/checkout@v6	2026-10-05T13:48:09.5414472Z You are in 'detached HEAD' state. You can look around, make experimental
conformance-and-platform	Run actions/checkout@v6	2026-10-05T13:48:09.5415353Z changes and commit them, and you can discard any commits you make in this
conformance-and-platform	Run actions/checkout@v6	2026-10-05T13:48:09.5415995Z state without impacting any branches by switching back to a branch.
conformance-and-platform	Run actions/checkout@v6	2026-10-05T13:48:09.5416329Z 
conformance-and-platform	Run actions/checkout@v6	2026-10-05T13:48:09.5416597Z If you want to create a new branch to retain commits you create, you may
conformance-and-platform	Run actions/checkout@v6	2026-10-05T13:48:09.5417271Z do so (now or later) by using -c with the switch command. Example:
conformance-and-platform	Run actions/checkout@v6	2026-10-05T13:48:09.5417555Z 
conformance-and-platform	Run actions/checkout@v6	2026-10-05T13:48:09.5417830Z   git switch -c <new-branch-name>
conformance-and-platform	Run actions/checkout@v6	2026-10-05T13:48:09.5418085Z 
conformance-and-platform	Run actions/checkout@v6	2026-10-05T13:48:09.5418285Z Or undo this operation with:
conformance-and-platform	Run actions/checkout@v6	2026-10-05T13:48:09.5418534Z 
conformance-and-platform	Run actions/checkout@v6	2026-10-05T13:48:09.5418674Z   git switch -
conformance-and-platform	Run actions/checkout@v6	2026-10-05T13:48:09.5418881Z 
conformance-and-platform	Run actions/checkout@v6	2026-10-05T13:48:09.5419155Z Turn off this advice by setting config variable advice.detachedHead to false
conformance-and-platform	Run actions/checkout@v6	2026-10-05T13:48:09.5419518Z 
conformance-and-platform	Run actions/checkout@v6	2026-10-05T13:48:09.5419945Z HEAD is now at e37ff61 Merge b7e28e56800ec9a50726fbb1b47e79babee7131e into 1d7a4cc544b26f320266c298080c892efabad442
conformance-and-platform	Run actions/checkout@v6	2026-10-05T13:48:09.5618788Z ##[endgroup]
conformance-and-platform	Run actions/checkout@v6	2026-10-05T13:48:09.5659616Z [command]/usr/bin/git log -1 --format=%H
conformance-and-platform	Run actions/checkout@v6	2026-10-05T13:48:09.5681713Z e37ff6148cb0239fd31fd8bed1da9d2b6eb088d1
conformance-and-platform	Install toolchain and Linux runtime dependencies	﻿2026-10-05T13:48:09.6250686Z ##[group]Run sudo apt-get update
conformance-and-platform	Install toolchain and Linux runtime dependencies	2026-10-05T13:48:09.6251646Z [36;1msudo apt-get update[0m
conformance-and-platform	Install toolchain and Linux runtime dependencies	2026-10-05T13:48:09.6252166Z [36;1msudo apt-get install --yes --no-install-recommends \[0m
conformance-and-platform	Install toolchain and Linux runtime dependencies	2026-10-05T13:48:09.6252721Z [36;1m  build-essential clang libclang-18-dev libfontconfig1-dev \[0m
conformance-and-platform	Install toolchain and Linux runtime dependencies	2026-10-05T13:48:09.6253477Z [36;1m  libfreetype-dev libgl1-mesa-dev libwayland-dev libx11-dev \[0m
conformance-and-platform	Install toolchain and Linux runtime dependencies	2026-10-05T13:48:09.6254071Z [36;1m  libx11-xcb-dev libxcb1-dev libxkbcommon-dev mesa-utils \[0m
conformance-and-platform	Install toolchain and Linux runtime dependencies	2026-10-05T13:48:09.6254630Z [36;1m  ninja-build pkg-config python3 weston xvfb libxkbcommon-x11-0[0m
conformance-and-platform	Install toolchain and Linux runtime dependencies	2026-10-05T13:48:09.6255272Z [36;1mrustup toolchain install 1.94.1 --profile minimal --component rustfmt[0m
conformance-and-platform	Install toolchain and Linux runtime dependencies	2026-10-05T13:48:09.6255767Z [36;1mrustup default 1.94.1[0m
conformance-and-platform	Install toolchain and Linux runtime dependencies	2026-10-05T13:48:09.6456666Z shell: /usr/bin/bash -e {0}
conformance-and-platform	Install toolchain and Linux runtime dependencies	2026-10-05T13:48:09.6457304Z env:
conformance-and-platform	Install toolchain and Linux runtime dependencies	2026-10-05T13:48:09.6457693Z   BINDGEN_EXTRA_CLANG_ARGS: 
conformance-and-platform	Install toolchain and Linux runtime dependencies	2026-10-05T13:48:09.6458147Z   CARGO_TARGET_X86_64_UNKNOWN_LINUX_GNU_RUSTFLAGS: 
conformance-and-platform	Install toolchain and Linux runtime dependencies	2026-10-05T13:48:09.6458599Z   CC: clang
conformance-and-platform	Install toolchain and Linux runtime dependencies	2026-10-05T13:48:09.6459020Z   CXX: clang++
conformance-and-platform	Install toolchain and Linux runtime dependencies	2026-10-05T13:48:09.6459395Z   CXXFLAGS: 
conformance-and-platform	Install toolchain and Linux runtime dependencies	2026-10-05T13:48:09.6459728Z   CARGO_TERM_COLOR: always
conformance-and-platform	Install toolchain and Linux runtime dependencies	2026-10-05T13:48:09.6460076Z   FORCE_SKIA_BUILD: 1
conformance-and-platform	Install toolchain and Linux runtime dependencies	2026-10-05T13:48:09.6460430Z   PKG_CONFIG_SYSROOT_DIR: 
conformance-and-platform	Install toolchain and Linux runtime dependencies	2026-10-05T13:48:09.6461152Z   SKIA_GN_ARGS: extra_cflags += [ "-DSK_SUPPORT_LEGACY_CONIC_CHOP", "-DSK_USE_FREETYPE_EMBOLDEN", "-DSK_GAMMA_EXPONENT=1.2", "-DSK_GAMMA_CONTRAST=0.2", "-fno-strict-aliasing", "-msse3" ]
conformance-and-platform	Install toolchain and Linux runtime dependencies	2026-10-05T13:48:09.6462269Z   SKIA_NINJA_COMMAND: ninja
conformance-and-platform	Install toolchain and Linux runtime dependencies	2026-10-05T13:48:09.6462634Z ##[endgroup]
conformance-and-platform	Install toolchain and Linux runtime dependencies	2026-10-05T13:48:09.7260960Z Get:1 file:/etc/apt/apt-mirrors.txt Mirrorlist [144 B]
conformance-and-platform	Install toolchain and Linux runtime dependencies	2026-10-05T13:48:09.7652214Z Hit:2 http://azure.archive.ubuntu.com/ubuntu noble InRelease
conformance-and-platform	Install toolchain and Linux runtime dependencies	2026-10-05T13:48:09.7676739Z Get:3 http://azure.archive.ubuntu.com/ubuntu noble-updates InRelease [126 kB]
conformance-and-platform	Install toolchain and Linux runtime dependencies	2026-10-05T13:48:09.7685539Z Get:6 https://packages.microsoft.com/ubuntu/24.04/prod noble InRelease [3600 B]
conformance-and-platform	Install toolchain and Linux runtime dependencies	2026-10-05T13:48:09.7712827Z Get:4 http://azure.archive.ubuntu.com/ubuntu noble-backports InRelease [126 kB]
conformance-and-platform	Install toolchain and Linux runtime dependencies	2026-10-05T13:48:09.7752628Z Get:5 http://azure.archive.ubuntu.com/ubuntu noble-security InRelease [126 kB]
conformance-and-platform	Install toolchain and Linux runtime dependencies	2026-10-05T13:48:09.8708695Z Get:7 https://packages.microsoft.com/ubuntu/24.04/prod noble/main amd64 Packages [511 kB]
conformance-and-platform	Install toolchain and Linux runtime dependencies	2026-10-05T13:48:09.8853221Z Get:8 https://packages.microsoft.com/ubuntu/24.04/prod noble/main armhf Packages [12.6 kB]
conformance-and-platform	Install toolchain and Linux runtime dependencies	2026-10-05T13:48:09.8877926Z Get:9 https://packages.microsoft.com/ubuntu/24.04/prod noble/main arm64 Packages [458 kB]
conformance-and-platform	Install toolchain and Linux runtime dependencies	2026-10-05T13:48:09.9144286Z Get:10 http://azure.archive.ubuntu.com/ubuntu noble-updates/main amd64 Packages [1364 kB]
conformance-and-platform	Install toolchain and Linux runtime dependencies	2026-10-05T13:48:09.9229175Z Get:11 http://azure.archive.ubuntu.com/ubuntu noble-updates/main Translation-en [304 kB]
conformance-and-platform	Install toolchain and Linux runtime dependencies	2026-10-05T13:48:09.9236833Z Get:12 http://azure.archive.ubuntu.com/ubuntu noble-updates/main amd64 Components [181 kB]
conformance-and-platform	Install toolchain and Linux runtime dependencies	2026-10-05T13:48:09.9254797Z Get:13 http://azure.archive.ubuntu.com/ubuntu noble-updates/universe amd64 Packages [1699 kB]
conformance-and-platform	Install toolchain and Linux runtime dependencies	2026-10-05T13:48:09.9332709Z Get:14 http://azure.archive.ubuntu.com/ubuntu noble-updates/universe Translation-en [341 kB]
conformance-and-platform	Install toolchain and Linux runtime dependencies	2026-10-05T13:48:09.9357504Z Get:15 http://azure.archive.ubuntu.com/ubuntu noble-updates/universe amd64 Components [388 kB]
conformance-and-platform	Install toolchain and Linux runtime dependencies	2026-10-05T13:48:09.9412935Z Get:16 http://azure.archive.ubuntu.com/ubuntu noble-updates/restricted amd64 Packages [1720 kB]
conformance-and-platform	Install toolchain and Linux runtime dependencies	2026-10-05T13:48:09.9470730Z Get:17 http://azure.archive.ubuntu.com/ubuntu noble-updates/restricted Translation-en [394 kB]
conformance-and-platform	Install toolchain and Linux runtime dependencies	2026-10-05T13:48:09.9503337Z Get:18 http://azure.archive.ubuntu.com/ubuntu noble-updates/multiverse amd64 Components [940 B]
conformance-and-platform	Install toolchain and Linux runtime dependencies	2026-10-05T13:48:09.9653300Z Get:19 http://azure.archive.ubuntu.com/ubuntu noble-backports/main amd64 Components [5776 B]
conformance-and-platform	Install toolchain and Linux runtime dependencies	2026-10-05T13:48:10.0084419Z Get:20 http://azure.archive.ubuntu.com/ubuntu noble-backports/universe amd64 Components [12.6 kB]
conformance-and-platform	Install toolchain and Linux runtime dependencies	2026-10-05T13:48:10.0207117Z Get:21 http://azure.archive.ubuntu.com/ubuntu noble-security/main amd64 Packages [1069 kB]
conformance-and-platform	Install toolchain and Linux runtime dependencies	2026-10-05T13:48:10.0266273Z Get:22 http://azure.archive.ubuntu.com/ubuntu noble-security/main Translation-en [221 kB]
conformance-and-platform	Install toolchain and Linux runtime dependencies	2026-10-05T13:48:10.0292269Z Get:23 http://azure.archive.ubuntu.com/ubuntu noble-security/main amd64 Components [46.4 kB]
conformance-and-platform	Install toolchain and Linux runtime dependencies	2026-10-05T13:48:10.0304393Z Get:24 http://azure.archive.ubuntu.com/ubuntu noble-security/universe amd64 Packages [1216 kB]
conformance-and-platform	Install toolchain and Linux runtime dependencies	2026-10-05T13:48:10.0369676Z Get:25 http://azure.archive.ubuntu.com/ubuntu noble-security/universe Translation-en [244 kB]
conformance-and-platform	Install toolchain and Linux runtime dependencies	2026-10-05T13:48:10.0391798Z Get:26 http://azure.archive.ubuntu.com/ubuntu noble-security/universe amd64 Components [76.4 kB]
conformance-and-platform	Install toolchain and Linux runtime dependencies	2026-10-05T13:48:10.0405364Z Get:27 http://azure.archive.ubuntu.com/ubuntu noble-security/restricted amd64 Packages [1566 kB]
conformance-and-platform	Install toolchain and Linux runtime dependencies	2026-10-05T13:48:10.0486248Z Get:28 http://azure.archive.ubuntu.com/ubuntu noble-security/restricted Translation-en [361 kB]
conformance-and-platform	Install toolchain and Linux runtime dependencies	2026-10-05T13:48:14.7116373Z Fetched 12.6 MB in 1s (8749 kB/s)
conformance-and-platform	Install toolchain and Linux runtime dependencies	2026-10-05T13:48:15.6205944Z Reading package lists...
conformance-and-platform	Install toolchain and Linux runtime dependencies	2026-10-05T13:48:15.6540942Z Reading package lists...
conformance-and-platform	Install toolchain and Linux runtime dependencies	2026-10-05T13:48:15.8638644Z Building dependency tree...
conformance-and-platform	Install toolchain and Linux runtime dependencies	2026-10-05T13:48:15.8646525Z Reading state information...
conformance-and-platform	Install toolchain and Linux runtime dependencies	2026-10-05T13:48:16.0445692Z pkg-config is already the newest version (1.8.1-2build1).
conformance-and-platform	Install toolchain and Linux runtime dependencies	2026-10-05T13:48:16.0446733Z python3 is already the newest version (3.12.3-0ubuntu2.1).
conformance-and-platform	Install toolchain and Linux runtime dependencies	2026-10-05T13:48:16.0447575Z xvfb is already the newest version (2:21.1.12-1ubuntu1.8).
conformance-and-platform	Install toolchain and Linux runtime dependencies	2026-10-05T13:48:16.0448380Z The following additional packages will be installed:
conformance-and-platform	Install toolchain and Linux runtime dependencies	2026-10-05T13:48:16.0449147Z   libaml0t64 libass9 libasyncns0 libavcodec60 libavfilter9 libavformat60
conformance-and-platform	Install toolchain and Linux runtime dependencies	2026-10-05T13:48:16.0450127Z   libavutil58 libblas3 libbluray2 libbrotli-dev libbs2b0 libbz2-dev
conformance-and-platform	Install toolchain and Linux runtime dependencies	2026-10-05T13:48:16.0450910Z   libchromaprint1 libcjson1 libcodec2-1.2 libdav1d7 libdecor-0-0 libegl-dev
conformance-and-platform	Install toolchain and Linux runtime dependencies	2026-10-05T13:48:16.0451976Z   libegl-mesa0 libegl1 libflac12t64 libflite1 libfontconfig-dev
conformance-and-platform	Install toolchain and Linux runtime dependencies	2026-10-05T13:48:16.0452820Z   libfreerdp-server2-2t64 libfreerdp2-2t64 libgbm1 libgl-dev libgl1-mesa-dri
conformance-and-platform	Install toolchain and Linux runtime dependencies	2026-10-05T13:48:16.0453722Z   libgles-dev libgles1 libgles2 libglvnd-core-dev libglvnd-dev libglx-dev
conformance-and-platform	Install toolchain and Linux runtime dependencies	2026-10-05T13:48:16.0454741Z   libglx-mesa0 libgme0 libgsm1 libgstreamer-plugins-base1.0-0 libhwy1t64
conformance-and-platform	Install toolchain and Linux runtime dependencies	2026-10-05T13:48:16.0455764Z   libinput-bin libinput10 libjxl0.7 liblapack3 liblilv-0-0 libmbedcrypto7t64
conformance-and-platform	Install toolchain and Linux runtime dependencies	2026-10-05T13:48:16.0456935Z   libmp3lame0 libmpg123-0t64 libmtdev1t64 libmysofa1 libneatvnc0 libopengl-dev
conformance-and-platform	Install toolchain and Linux runtime dependencies	2026-10-05T13:48:16.0457989Z   libopengl0 libopenmpt0t64 libopus0 liborc-0.4-0t64 libpipewire-0.3-0t64
conformance-and-platform	Install toolchain and Linux runtime dependencies	2026-10-05T13:48:16.0458877Z   libplacebo338 libpng-dev libpocketsphinx3 libpostproc57
conformance-and-platform	Install toolchain and Linux runtime dependencies	2026-10-05T13:48:16.0459972Z   libpthread-stubs0-dev libpulse0 librav1e0 librist4 librsvg2-2 librubberband2
conformance-and-platform	Install toolchain and Linux runtime dependencies	2026-10-05T13:48:16.0461043Z   libsamplerate0 libseat1 libserd-0-0 libshine3 libsndfile1 libsord-0-0
conformance-and-platform	Install toolchain and Linux runtime dependencies	2026-10-05T13:48:16.0462206Z   libsoxr0 libspa-0.2-modules libspeex1 libsphinxbase3t64 libsratom-0-0
conformance-and-platform	Install toolchain and Linux runtime dependencies	2026-10-05T13:48:16.0463232Z   libsrt1.5-gnutls libssh-gcrypt-4 libsvtav1enc1d1 libswresample4 libswscale7
conformance-and-platform	Install toolchain and Linux runtime dependencies	2026-10-05T13:48:16.0464370Z   libtheora0 libturbojpeg libtwolame0 libudfread0 libunibreak5 libva-drm2
conformance-and-platform	Install toolchain and Linux runtime dependencies	2026-10-05T13:48:16.0465474Z   libva-x11-2 libva2 libvdpau1 libvidstab1.1 libvorbisenc2 libvpl2 libvpx9
conformance-and-platform	Install toolchain and Linux runtime dependencies	2026-10-05T13:48:16.0466167Z   libwacom-common libwacom9 libwayland-bin libwayland-server0
conformance-and-platform	Install toolchain and Linux runtime dependencies	2026-10-05T13:48:16.0466800Z   libwebrtc-audio-processing1 libweston-13-0 libwinpr2-2t64 libx264-164
conformance-and-platform	Install toolchain and Linux runtime dependencies	2026-10-05T13:48:16.0467497Z   libx265-199 libxau-dev libxcb-composite0 libxcb-xkb1 libxdmcp-dev
conformance-and-platform	Install toolchain and Linux runtime dependencies	2026-10-05T13:48:16.0468216Z   libxvidcore4 libzimg2 libzix-0-0 libzvbi-common libzvbi0t64 mesa-libgallium
conformance-and-platform	Install toolchain and Linux runtime dependencies	2026-10-05T13:48:16.0469053Z   mesa-utils-bin ocl-icd-libopencl1 uuid-dev x11proto-dev xorg-sgml-doctools
conformance-and-platform	Install toolchain and Linux runtime dependencies	2026-10-05T13:48:16.0469497Z   xtrans-dev
conformance-and-platform	Install toolchain and Linux runtime dependencies	2026-10-05T13:48:16.0470036Z Suggested packages:
conformance-and-platform	Install toolchain and Linux runtime dependencies	2026-10-05T13:48:16.0470565Z   libcuda1 libnvcuvid1 libnvidia-encode1 libbluray-bdj freerdp2-x11
conformance-and-platform	Install toolchain and Linux runtime dependencies	2026-10-05T13:48:16.0471149Z   freetype2-doc libvisual-0.4-plugins opus-tools pipewire pulseaudio
conformance-and-platform	Install toolchain and Linux runtime dependencies	2026-10-05T13:48:16.0471898Z   librsvg2-bin serdi sordi speex libwacom-bin libwayland-doc libx11-doc
conformance-and-platform	Install toolchain and Linux runtime dependencies	2026-10-05T13:48:16.0472503Z   libxcb-doc opencl-icd wayland-utils
conformance-and-platform	Install toolchain and Linux runtime dependencies	2026-10-05T13:48:16.0473392Z Recommended packages:
conformance-and-platform	Install toolchain and Linux runtime dependencies	2026-10-05T13:48:16.0473829Z   libaacs0 bzip2-doc default-libdecor-0-plugin-1 | libdecor-0-plugin-1
conformance-and-platform	Install toolchain and Linux runtime dependencies	2026-10-05T13:48:16.0474363Z   gstreamer1.0-plugins-base libpipewire-0.3-common libpng-tools
conformance-and-platform	Install toolchain and Linux runtime dependencies	2026-10-05T13:48:16.0475184Z   pocketsphinx-en-us librsvg2-common va-driver-all | va-driver
conformance-and-platform	Install toolchain and Linux runtime dependencies	2026-10-05T13:48:16.0475706Z   vdpau-driver-all | vdpau-driver
conformance-and-platform	Install toolchain and Linux runtime dependencies	2026-10-05T13:48:16.0861955Z The following NEW packages will be installed:
conformance-and-platform	Install toolchain and Linux runtime dependencies	2026-10-05T13:48:16.0863465Z   build-essential clang libaml0t64 libass9 libasyncns0 libavcodec60
conformance-and-platform	Install toolchain and Linux runtime dependencies	2026-10-05T13:48:16.0864291Z   libavfilter9 libavformat60 libavutil58 libblas3 libbluray2 libbrotli-dev
conformance-and-platform	Install toolchain and Linux runtime dependencies	2026-10-05T13:48:16.0865189Z   libbs2b0 libbz2-dev libchromaprint1 libcjson1 libclang-18-dev libcodec2-1.2
conformance-and-platform	Install toolchain and Linux runtime dependencies	2026-10-05T13:48:16.0865901Z   libdav1d7 libdecor-0-0 libegl-dev libegl-mesa0 libegl1 libflac12t64
conformance-and-platform	Install toolchain and Linux runtime dependencies	2026-10-05T13:48:16.0866640Z   libflite1 libfontconfig-dev libfontconfig1-dev libfreerdp-server2-2t64
conformance-and-platform	Install toolchain and Linux runtime dependencies	2026-10-05T13:48:16.0867523Z   libfreerdp2-2t64 libfreetype-dev libgl-dev libgl1-mesa-dev libgles-dev
conformance-and-platform	Install toolchain and Linux runtime dependencies	2026-10-05T13:48:16.0868369Z   libgles1 libgles2 libglvnd-core-dev libglvnd-dev libglx-dev libgme0 libgsm1
conformance-and-platform	Install toolchain and Linux runtime dependencies	2026-10-05T13:48:16.0873004Z   libgstreamer-plugins-base1.0-0 libhwy1t64 libinput-bin libinput10 libjxl0.7
conformance-and-platform	Install toolchain and Linux runtime dependencies	2026-10-05T13:48:16.0874053Z   liblapack3 liblilv-0-0 libmbedcrypto7t64 libmp3lame0 libmpg123-0t64
conformance-and-platform	Install toolchain and Linux runtime dependencies	2026-10-05T13:48:16.0874844Z   libmtdev1t64 libmysofa1 libneatvnc0 libopengl-dev libopengl0 libopenmpt0t64
conformance-and-platform	Install toolchain and Linux runtime dependencies	2026-10-05T13:48:16.0875691Z   libopus0 liborc-0.4-0t64 libpipewire-0.3-0t64 libplacebo338 libpng-dev
conformance-and-platform	Install toolchain and Linux runtime dependencies	2026-10-05T13:48:16.0876521Z   libpocketsphinx3 libpostproc57 libpthread-stubs0-dev libpulse0 librav1e0
conformance-and-platform	Install toolchain and Linux runtime dependencies	2026-10-05T13:48:16.0877323Z   librist4 librsvg2-2 librubberband2 libsamplerate0 libseat1 libserd-0-0
conformance-and-platform	Install toolchain and Linux runtime dependencies	2026-10-05T13:48:16.0878054Z   libshine3 libsndfile1 libsord-0-0 libsoxr0 libspa-0.2-modules libspeex1
conformance-and-platform	Install toolchain and Linux runtime dependencies	2026-10-05T13:48:16.0878763Z   libsphinxbase3t64 libsratom-0-0 libsrt1.5-gnutls libssh-gcrypt-4
conformance-and-platform	Install toolchain and Linux runtime dependencies	2026-10-05T13:48:16.0879399Z   libsvtav1enc1d1 libswresample4 libswscale7 libtheora0 libturbojpeg
conformance-and-platform	Install toolchain and Linux runtime dependencies	2026-10-05T13:48:16.0879944Z   libtwolame0 libudfread0 libunibreak5 libva-drm2 libva-x11-2 libva2 libvdpau1
conformance-and-platform	Install toolchain and Linux runtime dependencies	2026-10-05T13:48:16.0880477Z   libvidstab1.1 libvorbisenc2 libvpl2 libvpx9 libwacom-common libwacom9
conformance-and-platform	Install toolchain and Linux runtime dependencies	2026-10-05T13:48:16.0881032Z   libwayland-bin libwayland-dev libwayland-server0 libwebrtc-audio-processing1
conformance-and-platform	Install toolchain and Linux runtime dependencies	2026-10-05T13:48:16.0881732Z   libweston-13-0 libwinpr2-2t64 libx11-dev libx11-xcb-dev libx264-164
conformance-and-platform	Install toolchain and Linux runtime dependencies	2026-10-05T13:48:16.0882251Z   libx265-199 libxau-dev libxcb-composite0 libxcb-xkb1 libxcb1-dev
conformance-and-platform	Install toolchain and Linux runtime dependencies	2026-10-05T13:48:16.0882816Z   libxdmcp-dev libxkbcommon-dev libxkbcommon-x11-0 libxvidcore4 libzimg2
conformance-and-platform	Install toolchain and Linux runtime dependencies	2026-10-05T13:48:16.0883572Z   libzix-0-0 libzvbi-common libzvbi0t64 mesa-utils mesa-utils-bin ninja-build
conformance-and-platform	Install toolchain and Linux runtime dependencies	2026-10-05T13:48:16.0884153Z   ocl-icd-libopencl1 uuid-dev weston x11proto-dev xorg-sgml-doctools
conformance-and-platform	Install toolchain and Linux runtime dependencies	2026-10-05T13:48:16.0884560Z   xtrans-dev
conformance-and-platform	Install toolchain and Linux runtime dependencies	2026-10-05T13:48:16.0884909Z The following packages will be upgraded:
conformance-and-platform	Install toolchain and Linux runtime dependencies	2026-10-05T13:48:16.0889639Z   libgbm1 libgl1-mesa-dri libglx-mesa0 mesa-libgallium
conformance-and-platform	Install toolchain and Linux runtime dependencies	2026-10-05T13:48:16.1264046Z 4 upgraded, 131 newly installed, 0 to remove and 21 not upgraded.
conformance-and-platform	Install toolchain and Linux runtime dependencies	2026-10-05T13:48:16.1264789Z Need to get 109 MB of archives.
conformance-and-platform	Install toolchain and Linux runtime dependencies	2026-10-05T13:48:16.1265274Z After this operation, 494 MB of additional disk space will be used.
conformance-and-platform	Install toolchain and Linux runtime dependencies	2026-10-05T13:48:16.1265834Z Get:1 file:/etc/apt/apt-mirrors.txt Mirrorlist [144 B]
conformance-and-platform	Install toolchain and Linux runtime dependencies	2026-10-05T13:48:16.1955558Z Get:2 http://azure.archive.ubuntu.com/ubuntu noble/main amd64 build-essential amd64 12.10ubuntu1 [4928 B]
conformance-and-platform	Install toolchain and Linux runtime dependencies	2026-10-05T13:48:16.2485684Z Get:3 http://azure.archive.ubuntu.com/ubuntu noble/universe amd64 clang amd64 1:18.0-59~exp2 [5846 B]
conformance-and-platform	Install toolchain and Linux runtime dependencies	2026-10-05T13:48:16.3225867Z Get:4 http://azure.archive.ubuntu.com/ubuntu noble/universe amd64 libaml0t64 amd64 0.3.0-1.1build1 [11.6 kB]
conformance-and-platform	Install toolchain and Linux runtime dependencies	2026-10-05T13:48:16.4016554Z Get:5 http://azure.archive.ubuntu.com/ubuntu noble/universe amd64 libunibreak5 amd64 5.1-2build1 [25.0 kB]
conformance-and-platform	Install toolchain and Linux runtime dependencies	2026-10-05T13:48:16.4598872Z Get:6 http://azure.archive.ubuntu.com/ubuntu noble/universe amd64 libass9 amd64 1:0.17.1-2build1 [104 kB]
conformance-and-platform	Install toolchain and Linux runtime dependencies	2026-10-05T13:48:16.5208026Z Get:7 http://azure.archive.ubuntu.com/ubuntu noble/main amd64 libasyncns0 amd64 0.8-6build4 [11.3 kB]
conformance-and-platform	Install toolchain and Linux runtime dependencies	2026-10-05T13:48:16.5721675Z Get:8 http://azure.archive.ubuntu.com/ubuntu noble-updates/universe amd64 libva2 amd64 2.20.0-2ubuntu0.2 [66.4 kB]
conformance-and-platform	Install toolchain and Linux runtime dependencies	2026-10-05T13:48:16.6237251Z Get:9 http://azure.archive.ubuntu.com/ubuntu noble-updates/universe amd64 libva-drm2 amd64 2.20.0-2ubuntu0.2 [7124 B]
conformance-and-platform	Install toolchain and Linux runtime dependencies	2026-10-05T13:48:16.7057494Z Get:10 http://azure.archive.ubuntu.com/ubuntu noble-updates/universe amd64 libva-x11-2 amd64 2.20.0-2ubuntu0.2 [12.0 kB]
conformance-and-platform	Install toolchain and Linux runtime dependencies	2026-10-05T13:48:16.7774360Z Get:11 http://azure.archive.ubuntu.com/ubuntu noble/main amd64 libvdpau1 amd64 1.5-2build1 [27.8 kB]
conformance-and-platform	Install toolchain and Linux runtime dependencies	2026-10-05T13:48:16.8457532Z Get:12 http://azure.archive.ubuntu.com/ubuntu noble/universe amd64 libvpl2 amd64 2023.3.0-1build1 [99.8 kB]
conformance-and-platform	Install toolchain and Linux runtime dependencies	2026-10-05T13:48:16.9296077Z Get:13 http://azure.archive.ubuntu.com/ubuntu noble/universe amd64 ocl-icd-libopencl1 amd64 2.3.2-1build1 [38.5 kB]
conformance-and-platform	Install toolchain and Linux runtime dependencies	2026-10-05T13:48:17.0305788Z Get:14 http://azure.archive.ubuntu.com/ubuntu noble/universe amd64 libavutil58 amd64 7:6.1.1-3ubuntu5 [401 kB]
conformance-and-platform	Install toolchain and Linux runtime dependencies	2026-10-05T13:48:17.1121194Z Get:15 http://azure.archive.ubuntu.com/ubuntu noble/universe amd64 libcodec2-1.2 amd64 1.2.0-2build1 [8998 kB]
conformance-and-platform	Install toolchain and Linux runtime dependencies	2026-10-05T13:48:17.6589229Z Get:16 http://azure.archive.ubuntu.com/ubuntu noble/universe amd64 libdav1d7 amd64 1.4.1-1build1 [604 kB]
conformance-and-platform	Install toolchain and Linux runtime dependencies	2026-10-05T13:48:17.8222733Z Get:17 http://azure.archive.ubuntu.com/ubuntu noble/universe amd64 libgsm1 amd64 1.0.22-1build1 [27.8 kB]
conformance-and-platform	Install toolchain and Linux runtime dependencies	2026-10-05T13:48:17.9453211Z Get:18 http://azure.archive.ubuntu.com/ubuntu noble/universe amd64 libhwy1t64 amd64 1.0.7-8.1build1 [584 kB]
conformance-and-platform	Install toolchain and Linux runtime dependencies	2026-10-05T13:48:18.1205952Z Get:19 http://azure.archive.ubuntu.com/ubuntu noble-updates/universe amd64 libjxl0.7 amd64 0.7.0-10.2ubuntu6.1 [1001 kB]
conformance-and-platform	Install toolchain and Linux runtime dependencies	2026-10-05T13:48:18.4836037Z Get:20 http://azure.archive.ubuntu.com/ubuntu noble/main amd64 libmp3lame0 amd64 3.100-6build1 [142 kB]
conformance-and-platform	Install toolchain and Linux runtime dependencies	2026-10-05T13:48:18.5411932Z Get:21 http://azure.archive.ubuntu.com/ubuntu noble/main amd64 libopus0 amd64 1.4-1build1 [208 kB]
conformance-and-platform	Install toolchain and Linux runtime dependencies	2026-10-05T13:48:18.6296248Z Get:22 http://azure.archive.ubuntu.com/ubuntu noble/universe amd64 librav1e0 amd64 0.7.1-2 [1022 kB]
conformance-and-platform	Install toolchain and Linux runtime dependencies	2026-10-05T13:48:18.7462552Z Get:23 http://azure.archive.ubuntu.com/ubuntu noble/main amd64 librsvg2-2 amd64 2.58.0+dfsg-1build1 [2135 kB]
conformance-and-platform	Install toolchain and Linux runtime dependencies	2026-10-05T13:48:18.8487118Z Get:24 http://azure.archive.ubuntu.com/ubuntu noble/universe amd64 libshine3 amd64 3.1.1-2build1 [23.2 kB]
conformance-and-platform	Install toolchain and Linux runtime dependencies	2026-10-05T13:48:18.9495009Z Get:25 http://azure.archive.ubuntu.com/ubuntu noble-updates/main amd64 libspeex1 amd64 1.2.1-2ubuntu2.24.04.1 [59.6 kB]
conformance-and-platform	Install toolchain and Linux runtime dependencies	2026-10-05T13:48:19.0008998Z Get:26 http://azure.archive.ubuntu.com/ubuntu noble/universe amd64 libsvtav1enc1d1 amd64 1.7.0+dfsg-2build1 [2425 kB]
conformance-and-platform	Install toolchain and Linux runtime dependencies	2026-10-05T13:48:19.1340907Z Get:27 http://azure.archive.ubuntu.com/ubuntu noble/universe amd64 libsoxr0 amd64 0.1.3-4build3 [80.0 kB]
conformance-and-platform	Install toolchain and Linux runtime dependencies	2026-10-05T13:48:19.1905198Z Get:28 http://azure.archive.ubuntu.com/ubuntu noble/universe amd64 libswresample4 amd64 7:6.1.1-3ubuntu5 [63.8 kB]
conformance-and-platform	Install toolchain and Linux runtime dependencies	2026-10-05T13:48:19.3059069Z Get:29 http://azure.archive.ubuntu.com/ubuntu noble/main amd64 libtheora0 amd64 1.1.1+dfsg.1-16.1build3 [211 kB]
conformance-and-platform	Install toolchain and Linux runtime dependencies	2026-10-05T13:48:19.3966309Z Get:30 http://azure.archive.ubuntu.com/ubuntu noble/main amd64 libtwolame0 amd64 0.4.0-2build3 [52.3 kB]
conformance-and-platform	Install toolchain and Linux runtime dependencies	2026-10-05T13:48:19.4592319Z Get:31 http://azure.archive.ubuntu.com/ubuntu noble/main amd64 libvorbisenc2 amd64 1.3.7-1build3 [80.8 kB]
conformance-and-platform	Install toolchain and Linux runtime dependencies	2026-10-05T13:48:19.5502736Z Get:32 http://azure.archive.ubuntu.com/ubuntu noble-updates/main amd64 libvpx9 amd64 1.14.0-1ubuntu2.3 [1143 kB]
conformance-and-platform	Install toolchain and Linux runtime dependencies	2026-10-05T13:48:19.6534906Z Get:33 http://azure.archive.ubuntu.com/ubuntu noble/universe amd64 libx264-164 amd64 2:0.164.3108+git31e19f9-1 [604 kB]
conformance-and-platform	Install toolchain and Linux runtime dependencies	2026-10-05T13:48:19.7192516Z Get:34 http://azure.archive.ubuntu.com/ubuntu noble/universe amd64 libx265-199 amd64 3.5-2build1 [1226 kB]
conformance-and-platform	Install toolchain and Linux runtime dependencies	2026-10-05T13:48:19.8277852Z Get:35 http://azure.archive.ubuntu.com/ubuntu noble/universe amd64 libxvidcore4 amd64 2:1.3.7-1build1 [219 kB]
conformance-and-platform	Install toolchain and Linux runtime dependencies	2026-10-05T13:48:19.9926662Z Get:36 http://azure.archive.ubuntu.com/ubuntu noble/universe amd64 libzvbi-common all 0.2.42-2 [42.4 kB]
conformance-and-platform	Install toolchain and Linux runtime dependencies	2026-10-05T13:48:20.1361357Z Get:37 http://azure.archive.ubuntu.com/ubuntu noble/universe amd64 libzvbi0t64 amd64 0.2.42-2 [261 kB]
conformance-and-platform	Install toolchain and Linux runtime dependencies	2026-10-05T13:48:20.2274952Z Get:38 http://azure.archive.ubuntu.com/ubuntu noble/universe amd64 libavcodec60 amd64 7:6.1.1-3ubuntu5 [5851 kB]
conformance-and-platform	Install toolchain and Linux runtime dependencies	2026-10-05T13:48:20.3980409Z Get:39 http://azure.archive.ubuntu.com/ubuntu noble/universe amd64 libudfread0 amd64 1.1.2-1build1 [19.0 kB]
conformance-and-platform	Install toolchain and Linux runtime dependencies	2026-10-05T13:48:20.5116745Z Get:40 http://azure.archive.ubuntu.com/ubuntu noble/universe amd64 libbluray2 amd64 1:1.3.4-1build1 [159 kB]
conformance-and-platform	Install toolchain and Linux runtime dependencies	2026-10-05T13:48:20.6312741Z Get:41 http://azure.archive.ubuntu.com/ubuntu noble/universe amd64 libchromaprint1 amd64 1.5.1-5 [30.5 kB]
conformance-and-platform	Install toolchain and Linux runtime dependencies	2026-10-05T13:48:20.7774178Z Get:42 http://azure.archive.ubuntu.com/ubuntu noble/universe amd64 libgme0 amd64 0.6.3-7build1 [134 kB]
conformance-and-platform	Install toolchain and Linux runtime dependencies	2026-10-05T13:48:20.9149588Z Get:43 http://azure.archive.ubuntu.com/ubuntu noble-updates/main amd64 libmpg123-0t64 amd64 1.32.5-1ubuntu1.1 [169 kB]
conformance-and-platform	Install toolchain and Linux runtime dependencies	2026-10-05T13:48:20.9814027Z Get:44 http://azure.archive.ubuntu.com/ubuntu noble/universe amd64 libopenmpt0t64 amd64 0.7.3-1.1build3 [647 kB]
conformance-and-platform	Install toolchain and Linux runtime dependencies	2026-10-05T13:48:21.0390498Z Get:45 http://azure.archive.ubuntu.com/ubuntu noble/universe amd64 libcjson1 amd64 1.7.17-1 [24.8 kB]
conformance-and-platform	Install toolchain and Linux runtime dependencies	2026-10-05T13:48:21.1157414Z Get:46 http://azure.archive.ubuntu.com/ubuntu noble/universe amd64 libmbedcrypto7t64 amd64 2.28.8-1 [209 kB]
conformance-and-platform	Install toolchain and Linux runtime dependencies	2026-10-05T13:48:21.1666841Z Get:47 http://azure.archive.ubuntu.com/ubuntu noble/universe amd64 librist4 amd64 0.2.10+dfsg-2 [74.9 kB]
conformance-and-platform	Install toolchain and Linux runtime dependencies	2026-10-05T13:48:21.2149129Z Get:48 http://azure.archive.ubuntu.com/ubuntu noble/universe amd64 libsrt1.5-gnutls amd64 1.5.3-1build2 [316 kB]
conformance-and-platform	Install toolchain and Linux runtime dependencies	2026-10-05T13:48:21.3276557Z Get:49 http://azure.archive.ubuntu.com/ubuntu noble-updates/main amd64 libssh-gcrypt-4 amd64 0.10.6-2ubuntu0.5 [226 kB]
conformance-and-platform	Install toolchain and Linux runtime dependencies	2026-10-05T13:48:21.5718133Z Get:50 http://azure.archive.ubuntu.com/ubuntu noble/universe amd64 libavformat60 amd64 7:6.1.1-3ubuntu5 [1153 kB]
conformance-and-platform	Install toolchain and Linux runtime dependencies	2026-10-05T13:48:21.7768644Z Get:51 http://azure.archive.ubuntu.com/ubuntu noble/universe amd64 libbs2b0 amd64 3.1.0+dfsg-7build1 [10.6 kB]
conformance-and-platform	Install toolchain and Linux runtime dependencies	2026-10-05T13:48:21.8500771Z Get:52 http://azure.archive.ubuntu.com/ubuntu noble/universe amd64 libflite1 amd64 2.2-6build3 [13.6 MB]
conformance-and-platform	Install toolchain and Linux runtime dependencies	2026-10-05T13:48:22.2398423Z Get:53 http://azure.archive.ubuntu.com/ubuntu noble/universe amd64 libserd-0-0 amd64 0.32.2-1 [43.6 kB]
conformance-and-platform	Install toolchain and Linux runtime dependencies	2026-10-05T13:48:22.2886669Z Get:54 http://azure.archive.ubuntu.com/ubuntu noble/universe amd64 libzix-0-0 amd64 0.4.2-2build1 [23.6 kB]
conformance-and-platform	Install toolchain and Linux runtime dependencies	2026-10-05T13:48:22.3365480Z Get:55 http://azure.archive.ubuntu.com/ubuntu noble/universe amd64 libsord-0-0 amd64 0.16.16-2build1 [15.8 kB]
conformance-and-platform	Install toolchain and Linux runtime dependencies	2026-10-05T13:48:22.3849482Z Get:56 http://azure.archive.ubuntu.com/ubuntu noble/universe amd64 libsratom-0-0 amd64 0.6.16-1build1 [17.3 kB]
conformance-and-platform	Install toolchain and Linux runtime dependencies	2026-10-05T13:48:22.4326513Z Get:57 http://azure.archive.ubuntu.com/ubuntu noble/universe amd64 liblilv-0-0 amd64 0.24.22-1build1 [41.0 kB]
conformance-and-platform	Install toolchain and Linux runtime dependencies	2026-10-05T13:48:22.4833099Z Get:58 http://azure.archive.ubuntu.com/ubuntu noble/universe amd64 libmysofa1 amd64 1.3.2+dfsg-2ubuntu2 [1158 kB]
conformance-and-platform	Install toolchain and Linux runtime dependencies	2026-10-05T13:48:22.5754065Z Get:59 http://azure.archive.ubuntu.com/ubuntu noble/universe amd64 libplacebo338 amd64 6.338.2-2build1 [2654 kB]
conformance-and-platform	Install toolchain and Linux runtime dependencies	2026-10-05T13:48:22.6705141Z Get:60 http://azure.archive.ubuntu.com/ubuntu noble-updates/main amd64 libblas3 amd64 3.12.0-3build1.1 [238 kB]
conformance-and-platform	Install toolchain and Linux runtime dependencies	2026-10-05T13:48:22.7217433Z Get:61 http://azure.archive.ubuntu.com/ubuntu noble-updates/main amd64 liblapack3 amd64 3.12.0-3build1.1 [2646 kB]
conformance-and-platform	Install toolchain and Linux runtime dependencies	2026-10-05T13:48:22.8131156Z Get:62 http://azure.archive.ubuntu.com/ubuntu noble/main amd64 libflac12t64 amd64 1.4.3+ds-2.1ubuntu2 [197 kB]
conformance-and-platform	Install toolchain and Linux runtime dependencies	2026-10-05T13:48:22.8632754Z Get:63 http://azure.archive.ubuntu.com/ubuntu noble-updates/main amd64 libsndfile1 amd64 1.2.2-1ubuntu5.24.04.1 [209 kB]
conformance-and-platform	Install toolchain and Linux runtime dependencies	2026-10-05T13:48:22.9131638Z Get:64 http://azure.archive.ubuntu.com/ubuntu noble-updates/main amd64 libpulse0 amd64 1:16.1+dfsg1-2ubuntu10.1 [292 kB]
conformance-and-platform	Install toolchain and Linux runtime dependencies	2026-10-05T13:48:22.9646323Z Get:65 http://azure.archive.ubuntu.com/ubuntu noble/universe amd64 libsphinxbase3t64 amd64 0.8+5prealpha+1-17build2 [126 kB]
conformance-and-platform	Install toolchain and Linux runtime dependencies	2026-10-05T13:48:23.0130831Z Get:66 http://azure.archive.ubuntu.com/ubuntu noble/universe amd64 libpocketsphinx3 amd64 0.8.0+real5prealpha+1-15ubuntu5 [133 kB]
conformance-and-platform	Install toolchain and Linux runtime dependencies	2026-10-05T13:48:23.0614364Z Get:67 http://azure.archive.ubuntu.com/ubuntu noble/universe amd64 libpostproc57 amd64 7:6.1.1-3ubuntu5 [49.9 kB]
conformance-and-platform	Install toolchain and Linux runtime dependencies	2026-10-05T13:48:23.1091378Z Get:68 http://azure.archive.ubuntu.com/ubuntu noble/main amd64 libsamplerate0 amd64 0.2.2-4build1 [1344 kB]
conformance-and-platform	Install toolchain and Linux runtime dependencies	2026-10-05T13:48:23.1790285Z Get:69 http://azure.archive.ubuntu.com/ubuntu noble/universe amd64 librubberband2 amd64 3.3.0+dfsg-2build1 [130 kB]
conformance-and-platform	Install toolchain and Linux runtime dependencies	2026-10-05T13:48:23.2274442Z Get:70 http://azure.archive.ubuntu.com/ubuntu noble/universe amd64 libswscale7 amd64 7:6.1.1-3ubuntu5 [193 kB]
conformance-and-platform	Install toolchain and Linux runtime dependencies	2026-10-05T13:48:23.2787558Z Get:71 http://azure.archive.ubuntu.com/ubuntu noble/universe amd64 libvidstab1.1 amd64 1.1.0-2build1 [38.5 kB]
conformance-and-platform	Install toolchain and Linux runtime dependencies	2026-10-05T13:48:23.3261580Z Get:72 http://azure.archive.ubuntu.com/ubuntu noble/universe amd64 libzimg2 amd64 3.0.5+ds1-1build1 [254 kB]
conformance-and-platform	Install toolchain and Linux runtime dependencies	2026-10-05T13:48:23.3779605Z Get:73 http://azure.archive.ubuntu.com/ubuntu noble/universe amd64 libavfilter9 amd64 7:6.1.1-3ubuntu5 [4235 kB]
conformance-and-platform	Install toolchain and Linux runtime dependencies	2026-10-05T13:48:23.4980397Z Get:74 http://azure.archive.ubuntu.com/ubuntu noble/main amd64 libbrotli-dev amd64 1.1.0-2build2 [353 kB]
conformance-and-platform	Install toolchain and Linux runtime dependencies	2026-10-05T13:48:23.5499826Z Get:75 http://azure.archive.ubuntu.com/ubuntu noble-updates/main amd64 libbz2-dev amd64 1.0.8-5.1ubuntu0.1 [33.6 kB]
conformance-and-platform	Install toolchain and Linux runtime dependencies	2026-10-05T13:48:23.5975597Z Get:76 http://azure.archive.ubuntu.com/ubuntu noble-updates/universe amd64 libclang-18-dev amd64 1:18.1.3-1ubuntu1 [28.8 MB]
conformance-and-platform	Install toolchain and Linux runtime dependencies	2026-10-05T13:48:24.2569155Z Get:77 http://azure.archive.ubuntu.com/ubuntu noble/main amd64 libdecor-0-0 amd64 0.2.2-1build2 [16.5 kB]
conformance-and-platform	Install toolchain and Linux runtime dependencies	2026-10-05T13:48:24.3038361Z Get:78 http://azure.archive.ubuntu.com/ubuntu noble-updates/main amd64 libgl1-mesa-dri amd64 25.2.8-0ubuntu0.24.04.4 [38.0 kB]
conformance-and-platform	Install toolchain and Linux runtime dependencies	2026-10-05T13:48:24.3515632Z Get:79 http://azure.archive.ubuntu.com/ubuntu noble-updates/main amd64 libglx-mesa0 amd64 25.2.8-0ubuntu0.24.04.4 [110 kB]
conformance-and-platform	Install toolchain and Linux runtime dependencies	2026-10-05T13:48:24.3993157Z Get:80 http://azure.archive.ubuntu.com/ubuntu noble-updates/main amd64 libgbm1 amd64 25.2.8-0ubuntu0.24.04.4 [34.2 kB]
conformance-and-platform	Install toolchain and Linux runtime dependencies	2026-10-05T13:48:24.4470019Z Get:81 http://azure.archive.ubuntu.com/ubuntu noble-updates/main amd64 mesa-libgallium amd64 25.2.8-0ubuntu0.24.04.4 [10.8 MB]
conformance-and-platform	Install toolchain and Linux runtime dependencies	2026-10-05T13:48:24.6896857Z Get:82 http://azure.archive.ubuntu.com/ubuntu noble-updates/main amd64 libegl-mesa0 amd64 25.2.8-0ubuntu0.24.04.4 [117 kB]
conformance-and-platform	Install toolchain and Linux runtime dependencies	2026-10-05T13:48:24.7389375Z Get:83 http://azure.archive.ubuntu.com/ubuntu noble/main amd64 libegl1 amd64 1.7.0-1build1 [28.7 kB]
conformance-and-platform	Install toolchain and Linux runtime dependencies	2026-10-05T13:48:24.7868750Z Get:84 http://azure.archive.ubuntu.com/ubuntu noble/main amd64 xorg-sgml-doctools all 1:1.11-1.1 [10.9 kB]
conformance-and-platform	Install toolchain and Linux runtime dependencies	2026-10-05T13:48:24.8342197Z Get:85 http://azure.archive.ubuntu.com/ubuntu noble/main amd64 x11proto-dev all 2023.2-1 [602 kB]
conformance-and-platform	Install toolchain and Linux runtime dependencies	2026-10-05T13:48:24.8908858Z Get:86 http://azure.archive.ubuntu.com/ubuntu noble/main amd64 libxau-dev amd64 1:1.0.9-1build6 [9570 B]
conformance-and-platform	Install toolchain and Linux runtime dependencies	2026-10-05T13:48:24.9382774Z Get:87 http://azure.archive.ubuntu.com/ubuntu noble/main amd64 libxdmcp-dev amd64 1:1.1.3-0ubuntu6 [26.5 kB]
conformance-and-platform	Install toolchain and Linux runtime dependencies	2026-10-05T13:48:24.9857742Z Get:88 http://azure.archive.ubuntu.com/ubuntu noble/main amd64 xtrans-dev all 1.4.0-1 [68.9 kB]
conformance-and-platform	Install toolchain and Linux runtime dependencies	2026-10-05T13:48:25.0338401Z Get:89 http://azure.archive.ubuntu.com/ubuntu noble/main amd64 libpthread-stubs0-dev amd64 0.4-1build3 [4746 B]
conformance-and-platform	Install toolchain and Linux runtime dependencies	2026-10-05T13:48:25.0816598Z Get:90 http://azure.archive.ubuntu.com/ubuntu noble/main amd64 libxcb1-dev amd64 1.15-1ubuntu2 [85.8 kB]
conformance-and-platform	Install toolchain and Linux runtime dependencies	2026-10-05T13:48:25.1295797Z Get:91 http://azure.archive.ubuntu.com/ubuntu noble/main amd64 libx11-dev amd64 2:1.8.7-1build1 [732 kB]
conformance-and-platform	Install toolchain and Linux runtime dependencies	2026-10-05T13:48:25.1873724Z Get:92 http://azure.archive.ubuntu.com/ubuntu noble/main amd64 libglx-dev amd64 1.7.0-1build1 [14.2 kB]
conformance-and-platform	Install toolchain and Linux runtime dependencies	2026-10-05T13:48:25.2345381Z Get:93 http://azure.archive.ubuntu.com/ubuntu noble/main amd64 libgl-dev amd64 1.7.0-1build1 [102 kB]
conformance-and-platform	Install toolchain and Linux runtime dependencies	2026-10-05T13:48:25.2827930Z Get:94 http://azure.archive.ubuntu.com/ubuntu noble/main amd64 libegl-dev amd64 1.7.0-1build1 [18.2 kB]
conformance-and-platform	Install toolchain and Linux runtime dependencies	2026-10-05T13:48:25.3311034Z Get:95 http://azure.archive.ubuntu.com/ubuntu noble-updates/main amd64 libpng-dev amd64 1.6.43-5ubuntu0.6 [265 kB]
conformance-and-platform	Install toolchain and Linux runtime dependencies	2026-10-05T13:48:25.3816545Z Get:96 http://azure.archive.ubuntu.com/ubuntu noble-updates/main amd64 libfreetype-dev amd64 2.13.2+dfsg-1ubuntu0.1 [575 kB]
conformance-and-platform	Install toolchain and Linux runtime dependencies	2026-10-05T13:48:25.4328587Z Get:97 http://azure.archive.ubuntu.com/ubuntu noble-updates/main amd64 uuid-dev amd64 2.39.3-9ubuntu6.6 [33.5 kB]
conformance-and-platform	Install toolchain and Linux runtime dependencies	2026-10-05T13:48:25.4801984Z Get:98 http://azure.archive.ubuntu.com/ubuntu noble/main amd64 libfontconfig-dev amd64 2.15.0-1.1ubuntu2 [161 kB]
conformance-and-platform	Install toolchain and Linux runtime dependencies	2026-10-05T13:48:25.5282669Z Get:99 http://azure.archive.ubuntu.com/ubuntu noble/main amd64 libfontconfig1-dev amd64 2.15.0-1.1ubuntu2 [1840 B]
conformance-and-platform	Install toolchain and Linux runtime dependencies	2026-10-05T13:48:25.5752727Z Get:100 http://azure.archive.ubuntu.com/ubuntu noble/universe amd64 libwinpr2-2t64 amd64 2.11.5+dfsg1-1build2 [350 kB]
conformance-and-platform	Install toolchain and Linux runtime dependencies	2026-10-05T13:48:25.6248987Z Get:101 http://azure.archive.ubuntu.com/ubuntu noble/universe amd64 libfreerdp2-2t64 amd64 2.11.5+dfsg1-1build2 [559 kB]
conformance-and-platform	Install toolchain and Linux runtime dependencies	2026-10-05T13:48:25.6780359Z Get:102 http://azure.archive.ubuntu.com/ubuntu noble/universe amd64 libfreerdp-server2-2t64 amd64 2.11.5+dfsg1-1build2 [108 kB]
conformance-and-platform	Install toolchain and Linux runtime dependencies	2026-10-05T13:48:26.0707320Z Get:103 http://azure.archive.ubuntu.com/ubuntu noble/main amd64 libgles1 amd64 1.7.0-1build1 [11.6 kB]
conformance-and-platform	Install toolchain and Linux runtime dependencies	2026-10-05T13:48:26.5392607Z Get:104 http://azure.archive.ubuntu.com/ubuntu noble/main amd64 libgles2 amd64 1.7.0-1build1 [17.1 kB]
conformance-and-platform	Install toolchain and Linux runtime dependencies	2026-10-05T13:48:27.0984580Z Get:105 http://azure.archive.ubuntu.com/ubuntu noble/main amd64 libgles-dev amd64 1.7.0-1build1 [50.5 kB]
conformance-and-platform	Install toolchain and Linux runtime dependencies	2026-10-05T13:48:28.1597621Z Get:106 http://azure.archive.ubuntu.com/ubuntu noble-updates/main amd64 liborc-0.4-0t64 amd64 1:0.4.38-1ubuntu0.1 [207 kB]
conformance-and-platform	Install toolchain and Linux runtime dependencies	2026-10-05T13:48:32.1267777Z Get:107 http://azure.archive.ubuntu.com/ubuntu noble-updates/main amd64 libgstreamer-plugins-base1.0-0 amd64 1.24.2-1ubuntu0.5 [862 kB]
conformance-and-platform	Install toolchain and Linux runtime dependencies	2026-10-05T13:48:45.3704362Z Get:108 http://azure.archive.ubuntu.com/ubuntu noble/main amd64 libwacom-common all 2.10.0-2 [63.4 kB]
conformance-and-platform	Install toolchain and Linux runtime dependencies	2026-10-05T13:48:46.5889158Z Get:109 http://azure.archive.ubuntu.com/ubuntu noble/main amd64 libwacom9 amd64 2.10.0-2 [23.9 kB]
conformance-and-platform	Install toolchain and Linux runtime dependencies	2026-10-05T13:48:47.3940719Z Get:110 http://azure.archive.ubuntu.com/ubuntu noble-updates/main amd64 libinput-bin amd64 1.25.0-1ubuntu3.7 [23.6 kB]
conformance-and-platform	Install toolchain and Linux runtime dependencies	2026-10-05T13:48:48.0189786Z Get:111 http://azure.archive.ubuntu.com/ubuntu noble/main amd64 libmtdev1t64 amd64 1.1.6-1.1build1 [14.4 kB]
conformance-and-platform	Install toolchain and Linux runtime dependencies	2026-10-05T13:48:48.5299276Z Get:112 http://azure.archive.ubuntu.com/ubuntu noble-updates/main amd64 libinput10 amd64 1.25.0-1ubuntu3.7 [133 kB]
conformance-and-platform	Install toolchain and Linux runtime dependencies	2026-10-05T13:48:51.4363955Z Get:113 http://azure.archive.ubuntu.com/ubuntu noble/universe amd64 libturbojpeg amd64 1:2.1.5-2ubuntu2 [192 kB]
conformance-and-platform	Install toolchain and Linux runtime dependencies	2026-10-05T13:48:54.7421898Z Get:114 http://azure.archive.ubuntu.com/ubuntu noble/universe amd64 libneatvnc0 amd64 0.7.1+dfsg-2build3 [55.7 kB]
conformance-and-platform	Install toolchain and Linux runtime dependencies	2026-10-05T13:48:55.9176861Z Get:115 http://azure.archive.ubuntu.com/ubuntu noble/main amd64 libopengl0 amd64 1.7.0-1build1 [32.8 kB]
conformance-and-platform	Install toolchain and Linux runtime dependencies	2026-10-05T13:48:56.7488954Z Get:116 http://azure.archive.ubuntu.com/ubuntu noble/main amd64 libopengl-dev amd64 1.7.0-1build1 [3454 B]
conformance-and-platform	Install toolchain and Linux runtime dependencies	2026-10-05T13:48:57.1189467Z Get:117 http://azure.archive.ubuntu.com/ubuntu noble/main amd64 libwebrtc-audio-processing1 amd64 0.3.1-0ubuntu6 [290 kB]
conformance-and-platform	Install toolchain and Linux runtime dependencies	2026-10-05T13:49:01.8572434Z Get:118 http://azure.archive.ubuntu.com/ubuntu noble-updates/main amd64 libspa-0.2-modules amd64 1.0.5-1ubuntu3.3 [628 kB]
conformance-and-platform	Install toolchain and Linux runtime dependencies	2026-10-05T13:49:11.9858272Z Get:119 http://azure.archive.ubuntu.com/ubuntu noble-updates/main amd64 libpipewire-0.3-0t64 amd64 1.0.5-1ubuntu3.3 [252 kB]
conformance-and-platform	Install toolchain and Linux runtime dependencies	2026-10-05T13:49:16.6742228Z Get:120 http://azure.archive.ubuntu.com/ubuntu noble/universe amd64 libseat1 amd64 0.8.0-1 [28.3 kB]
conformance-and-platform	Install toolchain and Linux runtime dependencies	2026-10-05T13:49:17.4265872Z Get:121 http://azure.archive.ubuntu.com/ubuntu noble/main amd64 libwayland-server0 amd64 1.22.0-2.1build1 [33.9 kB]
conformance-and-platform	Install toolchain and Linux runtime dependencies	2026-10-05T13:49:18.3904241Z Get:122 http://azure.archive.ubuntu.com/ubuntu noble/main amd64 libxcb-composite0 amd64 1.15-1ubuntu2 [5304 B]
conformance-and-platform	Install toolchain and Linux runtime dependencies	2026-10-05T13:49:19.0066588Z Get:123 http://azure.archive.ubuntu.com/ubuntu noble/main amd64 libxcb-xkb1 amd64 1.15-1ubuntu2 [32.3 kB]
conformance-and-platform	Install toolchain and Linux runtime dependencies	2026-10-05T13:49:19.8877172Z Get:124 http://azure.archive.ubuntu.com/ubuntu noble/universe amd64 libweston-13-0 amd64 13.0.0-4build3 [415 kB]
conformance-and-platform	Install toolchain and Linux runtime dependencies	2026-10-05T13:49:26.9390424Z Get:125 http://azure.archive.ubuntu.com/ubuntu noble/main amd64 libx11-xcb-dev amd64 2:1.8.7-1build1 [9950 B]
conformance-and-platform	Install toolchain and Linux runtime dependencies	2026-10-05T13:49:27.4316974Z Get:126 http://azure.archive.ubuntu.com/ubuntu noble/main amd64 libxkbcommon-dev amd64 1.6.0-1build1 [56.3 kB]
conformance-and-platform	Install toolchain and Linux runtime dependencies	2026-10-05T13:49:28.6799026Z Get:127 http://azure.archive.ubuntu.com/ubuntu noble/main amd64 libxkbcommon-x11-0 amd64 1.6.0-1build1 [14.5 kB]
conformance-and-platform	Install toolchain and Linux runtime dependencies	2026-10-05T13:49:29.1511042Z Get:128 http://azure.archive.ubuntu.com/ubuntu noble/universe amd64 mesa-utils-bin amd64 9.0.0-2 [164 kB]
conformance-and-platform	Install toolchain and Linux runtime dependencies	2026-10-05T13:49:31.8453171Z Get:129 http://azure.archive.ubuntu.com/ubuntu noble/universe amd64 ninja-build amd64 1.11.1-2 [129 kB]
conformance-and-platform	Install toolchain and Linux runtime dependencies	2026-10-05T13:49:34.0737034Z Get:130 http://azure.archive.ubuntu.com/ubuntu noble/universe amd64 weston amd64 13.0.0-4build3 [953 kB]
conformance-and-platform	Install toolchain and Linux runtime dependencies	2026-10-05T13:49:48.6403693Z Get:131 http://azure.archive.ubuntu.com/ubuntu noble/main amd64 libglvnd-core-dev amd64 1.7.0-1build1 [13.6 kB]
conformance-and-platform	Install toolchain and Linux runtime dependencies	2026-10-05T13:49:49.2220772Z Get:132 http://azure.archive.ubuntu.com/ubuntu noble/main amd64 libglvnd-dev amd64 1.7.0-1build1 [3198 B]
conformance-and-platform	Install toolchain and Linux runtime dependencies	2026-10-05T13:49:49.5843438Z Get:133 http://azure.archive.ubuntu.com/ubuntu noble-updates/main amd64 libgl1-mesa-dev amd64 25.2.8-0ubuntu0.24.04.4 [22.8 kB]
conformance-and-platform	Install toolchain and Linux runtime dependencies	2026-10-05T13:49:50.2427463Z Get:134 http://azure.archive.ubuntu.com/ubuntu noble/main amd64 libwayland-bin amd64 1.22.0-2.1build1 [20.6 kB]
conformance-and-platform	Install toolchain and Linux runtime dependencies	2026-10-05T13:49:50.9636185Z Get:135 http://azure.archive.ubuntu.com/ubuntu noble/main amd64 libwayland-dev amd64 1.22.0-2.1build1 [71.3 kB]
conformance-and-platform	Install toolchain and Linux runtime dependencies	2026-10-05T13:49:52.2499678Z Get:136 http://azure.archive.ubuntu.com/ubuntu noble/universe amd64 mesa-utils amd64 9.0.0-2 [1051 kB]
conformance-and-platform	Install toolchain and Linux runtime dependencies	2026-10-05T13:50:07.9991722Z Fetched 109 MB in 1min 52s (974 kB/s)
conformance-and-platform	Install toolchain and Linux runtime dependencies	2026-10-05T13:50:08.0230368Z Selecting previously unselected package build-essential.
conformance-and-platform	Install toolchain and Linux runtime dependencies	2026-10-05T13:50:08.0424360Z (Reading database ... 
conformance-and-platform	Install toolchain and Linux runtime dependencies	2026-10-05T13:50:08.0425125Z (Reading database ... 5%
conformance-and-platform	Install toolchain and Linux runtime dependencies	2026-10-05T13:50:08.0425769Z (Reading database ... 10%
conformance-and-platform	Install toolchain and Linux runtime dependencies	2026-10-05T13:50:08.0426297Z (Reading database ... 15%
conformance-and-platform	Install toolchain and Linux runtime dependencies	2026-10-05T13:50:08.0426774Z (Reading database ... 20%
conformance-and-platform	Install toolchain and Linux runtime dependencies	2026-10-05T13:50:08.0427402Z (Reading database ... 25%
conformance-and-platform	Install toolchain and Linux runtime dependencies	2026-10-05T13:50:08.0428010Z (Reading database ... 30%
conformance-and-platform	Install toolchain and Linux runtime dependencies	2026-10-05T13:50:08.0428522Z (Reading database ... 35%
conformance-and-platform	Install toolchain and Linux runtime dependencies	2026-10-05T13:50:08.0429026Z (Reading database ... 40%
conformance-and-platform	Install toolchain and Linux runtime dependencies	2026-10-05T13:50:08.0429627Z (Reading database ... 45%
conformance-and-platform	Install toolchain and Linux runtime dependencies	2026-10-05T13:50:08.0430136Z (Reading database ... 50%
conformance-and-platform	Install toolchain and Linux runtime dependencies	2026-10-05T13:50:08.0477780Z (Reading database ... 55%
conformance-and-platform	Install toolchain and Linux runtime dependencies	2026-10-05T13:50:08.1592876Z (Reading database ... 60%
conformance-and-platform	Install toolchain and Linux runtime dependencies	2026-10-05T13:50:08.3070062Z (Reading database ... 65%
conformance-and-platform	Install toolchain and Linux runtime dependencies	2026-10-05T13:50:08.5101780Z (Reading database ... 70%
conformance-and-platform	Install toolchain and Linux runtime dependencies	2026-10-05T13:50:08.6631264Z (Reading database ... 75%
conformance-and-platform	Install toolchain and Linux runtime dependencies	2026-10-05T13:50:08.8018295Z (Reading database ... 80%
conformance-and-platform	Install toolchain and Linux runtime dependencies	2026-10-05T13:50:08.9607292Z (Reading database ... 85%
conformance-and-platform	Install toolchain and Linux runtime dependencies	2026-10-05T13:50:09.1057160Z (Reading database ... 90%
conformance-and-platform	Install toolchain and Linux runtime dependencies	2026-10-05T13:50:09.2673077Z (Reading database ... 95%
conformance-and-platform	Install toolchain and Linux runtime dependencies	2026-10-05T13:50:09.2673600Z (Reading database ... 100%
conformance-and-platform	Install toolchain and Linux runtime dependencies	2026-10-05T13:50:09.2674153Z (Reading database ... 202296 files and directories currently installed.)
conformance-and-platform	Install toolchain and Linux runtime dependencies	2026-10-05T13:50:09.2717154Z Preparing to unpack .../000-build-essential_12.10ubuntu1_amd64.deb ...
conformance-and-platform	Install toolchain and Linux runtime dependencies	2026-10-05T13:50:09.2803702Z Unpacking build-essential (12.10ubuntu1) ...
conformance-and-platform	Install toolchain and Linux runtime dependencies	2026-10-05T13:50:09.2989014Z Selecting previously unselected package clang.
conformance-and-platform	Install toolchain and Linux runtime dependencies	2026-10-05T13:50:09.3112524Z Preparing to unpack .../001-clang_1%3a18.0-59~exp2_amd64.deb ...
conformance-and-platform	Install toolchain and Linux runtime dependencies	2026-10-05T13:50:09.3121688Z Unpacking clang (1:18.0-59~exp2) ...
conformance-and-platform	Install toolchain and Linux runtime dependencies	2026-10-05T13:50:09.3322401Z Selecting previously unselected package libaml0t64:amd64.
conformance-and-platform	Install toolchain and Linux runtime dependencies	2026-10-05T13:50:09.3445265Z Preparing to unpack .../002-libaml0t64_0.3.0-1.1build1_amd64.deb ...
conformance-and-platform	Install toolchain and Linux runtime dependencies	2026-10-05T13:50:09.3622102Z Unpacking libaml0t64:amd64 (0.3.0-1.1build1) ...
conformance-and-platform	Install toolchain and Linux runtime dependencies	2026-10-05T13:50:09.3815465Z Selecting previously unselected package libunibreak5:amd64.
conformance-and-platform	Install toolchain and Linux runtime dependencies	2026-10-05T13:50:09.3937287Z Preparing to unpack .../003-libunibreak5_5.1-2build1_amd64.deb ...
conformance-and-platform	Install toolchain and Linux runtime dependencies	2026-10-05T13:50:09.3945933Z Unpacking libunibreak5:amd64 (5.1-2build1) ...
conformance-and-platform	Install toolchain and Linux runtime dependencies	2026-10-05T13:50:09.4134903Z Selecting previously unselected package libass9:amd64.
conformance-and-platform	Install toolchain and Linux runtime dependencies	2026-10-05T13:50:09.4259529Z Preparing to unpack .../004-libass9_1%3a0.17.1-2build1_amd64.deb ...
conformance-and-platform	Install toolchain and Linux runtime dependencies	2026-10-05T13:50:09.4269502Z Unpacking libass9:amd64 (1:0.17.1-2build1) ...
conformance-and-platform	Install toolchain and Linux runtime dependencies	2026-10-05T13:50:09.4459475Z Selecting previously unselected package libasyncns0:amd64.
conformance-and-platform	Install toolchain and Linux runtime dependencies	2026-10-05T13:50:09.4583944Z Preparing to unpack .../005-libasyncns0_0.8-6build4_amd64.deb ...
conformance-and-platform	Install toolchain and Linux runtime dependencies	2026-10-05T13:50:09.4606705Z Unpacking libasyncns0:amd64 (0.8-6build4) ...
conformance-and-platform	Install toolchain and Linux runtime dependencies	2026-10-05T13:50:09.4788849Z Selecting previously unselected package libva2:amd64.
conformance-and-platform	Install toolchain and Linux runtime dependencies	2026-10-05T13:50:09.4912254Z Preparing to unpack .../006-libva2_2.20.0-2ubuntu0.2_amd64.deb ...
conformance-and-platform	Install toolchain and Linux runtime dependencies	2026-10-05T13:50:09.4922972Z Unpacking libva2:amd64 (2.20.0-2ubuntu0.2) ...
conformance-and-platform	Install toolchain and Linux runtime dependencies	2026-10-05T13:50:09.5118392Z Selecting previously unselected package libva-drm2:amd64.
conformance-and-platform	Install toolchain and Linux runtime dependencies	2026-10-05T13:50:09.5240692Z Preparing to unpack .../007-libva-drm2_2.20.0-2ubuntu0.2_amd64.deb ...
conformance-and-platform	Install toolchain and Linux runtime dependencies	2026-10-05T13:50:09.5249642Z Unpacking libva-drm2:amd64 (2.20.0-2ubuntu0.2) ...
conformance-and-platform	Install toolchain and Linux runtime dependencies	2026-10-05T13:50:09.5430965Z Selecting previously unselected package libva-x11-2:amd64.
conformance-and-platform	Install toolchain and Linux runtime dependencies	2026-10-05T13:50:09.5554292Z Preparing to unpack .../008-libva-x11-2_2.20.0-2ubuntu0.2_amd64.deb ...
conformance-and-platform	Install toolchain and Linux runtime dependencies	2026-10-05T13:50:09.5565925Z Unpacking libva-x11-2:amd64 (2.20.0-2ubuntu0.2) ...
conformance-and-platform	Install toolchain and Linux runtime dependencies	2026-10-05T13:50:09.5747111Z Selecting previously unselected package libvdpau1:amd64.
conformance-and-platform	Install toolchain and Linux runtime dependencies	2026-10-05T13:50:09.5869708Z Preparing to unpack .../009-libvdpau1_1.5-2build1_amd64.deb ...
conformance-and-platform	Install toolchain and Linux runtime dependencies	2026-10-05T13:50:09.5882246Z Unpacking libvdpau1:amd64 (1.5-2build1) ...
conformance-and-platform	Install toolchain and Linux runtime dependencies	2026-10-05T13:50:09.6284539Z Selecting previously unselected package libvpl2.
conformance-and-platform	Install toolchain and Linux runtime dependencies	2026-10-05T13:50:09.6408660Z Preparing to unpack .../010-libvpl2_2023.3.0-1build1_amd64.deb ...
conformance-and-platform	Install toolchain and Linux runtime dependencies	2026-10-05T13:50:09.6420916Z Unpacking libvpl2 (2023.3.0-1build1) ...
conformance-and-platform	Install toolchain and Linux runtime dependencies	2026-10-05T13:50:09.6628948Z Selecting previously unselected package ocl-icd-libopencl1:amd64.
conformance-and-platform	Install toolchain and Linux runtime dependencies	2026-10-05T13:50:09.6752439Z Preparing to unpack .../011-ocl-icd-libopencl1_2.3.2-1build1_amd64.deb ...
conformance-and-platform	Install toolchain and Linux runtime dependencies	2026-10-05T13:50:09.6761809Z Unpacking ocl-icd-libopencl1:amd64 (2.3.2-1build1) ...
conformance-and-platform	Install toolchain and Linux runtime dependencies	2026-10-05T13:50:09.6962273Z Selecting previously unselected package libavutil58:amd64.
conformance-and-platform	Install toolchain and Linux runtime dependencies	2026-10-05T13:50:09.7085139Z Preparing to unpack .../012-libavutil58_7%3a6.1.1-3ubuntu5_amd64.deb ...
conformance-and-platform	Install toolchain and Linux runtime dependencies	2026-10-05T13:50:09.7093964Z Unpacking libavutil58:amd64 (7:6.1.1-3ubuntu5) ...
conformance-and-platform	Install toolchain and Linux runtime dependencies	2026-10-05T13:50:09.7357701Z Selecting previously unselected package libcodec2-1.2:amd64.
conformance-and-platform	Install toolchain and Linux runtime dependencies	2026-10-05T13:50:09.7482716Z Preparing to unpack .../013-libcodec2-1.2_1.2.0-2build1_amd64.deb ...
conformance-and-platform	Install toolchain and Linux runtime dependencies	2026-10-05T13:50:09.7491106Z Unpacking libcodec2-1.2:amd64 (1.2.0-2build1) ...
conformance-and-platform	Install toolchain and Linux runtime dependencies	2026-10-05T13:50:09.9287751Z Selecting previously unselected package libdav1d7:amd64.
conformance-and-platform	Install toolchain and Linux runtime dependencies	2026-10-05T13:50:09.9414382Z Preparing to unpack .../014-libdav1d7_1.4.1-1build1_amd64.deb ...
conformance-and-platform	Install toolchain and Linux runtime dependencies	2026-10-05T13:50:09.9425956Z Unpacking libdav1d7:amd64 (1.4.1-1build1) ...
conformance-and-platform	Install toolchain and Linux runtime dependencies	2026-10-05T13:50:09.9803581Z Selecting previously unselected package libgsm1:amd64.
conformance-and-platform	Install toolchain and Linux runtime dependencies	2026-10-05T13:50:09.9929800Z Preparing to unpack .../015-libgsm1_1.0.22-1build1_amd64.deb ...
conformance-and-platform	Install toolchain and Linux runtime dependencies	2026-10-05T13:50:09.9942560Z Unpacking libgsm1:amd64 (1.0.22-1build1) ...
conformance-and-platform	Install toolchain and Linux runtime dependencies	2026-10-05T13:50:10.0132999Z Selecting previously unselected package libhwy1t64:amd64.
conformance-and-platform	Install toolchain and Linux runtime dependencies	2026-10-05T13:50:10.0258597Z Preparing to unpack .../016-libhwy1t64_1.0.7-8.1build1_amd64.deb ...
conformance-and-platform	Install toolchain and Linux runtime dependencies	2026-10-05T13:50:10.0271846Z Unpacking libhwy1t64:amd64 (1.0.7-8.1build1) ...
conformance-and-platform	Install toolchain and Linux runtime dependencies	2026-10-05T13:50:10.0724618Z Selecting previously unselected package libjxl0.7:amd64.
conformance-and-platform	Install toolchain and Linux runtime dependencies	2026-10-05T13:50:10.0850045Z Preparing to unpack .../017-libjxl0.7_0.7.0-10.2ubuntu6.1_amd64.deb ...
conformance-and-platform	Install toolchain and Linux runtime dependencies	2026-10-05T13:50:10.0860966Z Unpacking libjxl0.7:amd64 (0.7.0-10.2ubuntu6.1) ...
conformance-and-platform	Install toolchain and Linux runtime dependencies	2026-10-05T13:50:10.1336916Z Selecting previously unselected package libmp3lame0:amd64.
conformance-and-platform	Install toolchain and Linux runtime dependencies	2026-10-05T13:50:10.1463779Z Preparing to unpack .../018-libmp3lame0_3.100-6build1_amd64.deb ...
conformance-and-platform	Install toolchain and Linux runtime dependencies	2026-10-05T13:50:10.1697283Z Unpacking libmp3lame0:amd64 (3.100-6build1) ...
conformance-and-platform	Install toolchain and Linux runtime dependencies	2026-10-05T13:50:10.1912138Z Selecting previously unselected package libopus0:amd64.
conformance-and-platform	Install toolchain and Linux runtime dependencies	2026-10-05T13:50:10.2038326Z Preparing to unpack .../019-libopus0_1.4-1build1_amd64.deb ...
conformance-and-platform	Install toolchain and Linux runtime dependencies	2026-10-05T13:50:10.2050157Z Unpacking libopus0:amd64 (1.4-1build1) ...
conformance-and-platform	Install toolchain and Linux runtime dependencies	2026-10-05T13:50:10.2265887Z Selecting previously unselected package librav1e0:amd64.
conformance-and-platform	Install toolchain and Linux runtime dependencies	2026-10-05T13:50:10.2391366Z Preparing to unpack .../020-librav1e0_0.7.1-2_amd64.deb ...
conformance-and-platform	Install toolchain and Linux runtime dependencies	2026-10-05T13:50:10.2403516Z Unpacking librav1e0:amd64 (0.7.1-2) ...
conformance-and-platform	Install toolchain and Linux runtime dependencies	2026-10-05T13:50:10.2870867Z Selecting previously unselected package librsvg2-2:amd64.
conformance-and-platform	Install toolchain and Linux runtime dependencies	2026-10-05T13:50:10.2994646Z Preparing to unpack .../021-librsvg2-2_2.58.0+dfsg-1build1_amd64.deb ...
conformance-and-platform	Install toolchain and Linux runtime dependencies	2026-10-05T13:50:10.3003481Z Unpacking librsvg2-2:amd64 (2.58.0+dfsg-1build1) ...
conformance-and-platform	Install toolchain and Linux runtime dependencies	2026-10-05T13:50:10.3785452Z Selecting previously unselected package libshine3:amd64.
conformance-and-platform	Install toolchain and Linux runtime dependencies	2026-10-05T13:50:10.3908962Z Preparing to unpack .../022-libshine3_3.1.1-2build1_amd64.deb ...
conformance-and-platform	Install toolchain and Linux runtime dependencies	2026-10-05T13:50:10.3919993Z Unpacking libshine3:amd64 (3.1.1-2build1) ...
conformance-and-platform	Install toolchain and Linux runtime dependencies	2026-10-05T13:50:10.4273407Z Selecting previously unselected package libspeex1:amd64.
conformance-and-platform	Install toolchain and Linux runtime dependencies	2026-10-05T13:50:10.4402230Z Preparing to unpack .../023-libspeex1_1.2.1-2ubuntu2.24.04.1_amd64.deb ...
conformance-and-platform	Install toolchain and Linux runtime dependencies	2026-10-05T13:50:10.4414644Z Unpacking libspeex1:amd64 (1.2.1-2ubuntu2.24.04.1) ...
conformance-and-platform	Install toolchain and Linux runtime dependencies	2026-10-05T13:50:10.4603395Z Selecting previously unselected package libsvtav1enc1d1:amd64.
conformance-and-platform	Install toolchain and Linux runtime dependencies	2026-10-05T13:50:10.4726385Z Preparing to unpack .../024-libsvtav1enc1d1_1.7.0+dfsg-2build1_amd64.deb ...
conformance-and-platform	Install toolchain and Linux runtime dependencies	2026-10-05T13:50:10.4735640Z Unpacking libsvtav1enc1d1:amd64 (1.7.0+dfsg-2build1) ...
conformance-and-platform	Install toolchain and Linux runtime dependencies	2026-10-05T13:50:10.5550886Z Selecting previously unselected package libsoxr0:amd64.
conformance-and-platform	Install toolchain and Linux runtime dependencies	2026-10-05T13:50:10.5674873Z Preparing to unpack .../025-libsoxr0_0.1.3-4build3_amd64.deb ...
conformance-and-platform	Install toolchain and Linux runtime dependencies	2026-10-05T13:50:10.5686354Z Unpacking libsoxr0:amd64 (0.1.3-4build3) ...
conformance-and-platform	Install toolchain and Linux runtime dependencies	2026-10-05T13:50:10.5880454Z Selecting previously unselected package libswresample4:amd64.
conformance-and-platform	Install toolchain and Linux runtime dependencies	2026-10-05T13:50:10.6003340Z Preparing to unpack .../026-libswresample4_7%3a6.1.1-3ubuntu5_amd64.deb ...
conformance-and-platform	Install toolchain and Linux runtime dependencies	2026-10-05T13:50:10.6012080Z Unpacking libswresample4:amd64 (7:6.1.1-3ubuntu5) ...
conformance-and-platform	Install toolchain and Linux runtime dependencies	2026-10-05T13:50:10.6199118Z Selecting previously unselected package libtheora0:amd64.
conformance-and-platform	Install toolchain and Linux runtime dependencies	2026-10-05T13:50:10.6323909Z Preparing to unpack .../027-libtheora0_1.1.1+dfsg.1-16.1build3_amd64.deb ...
conformance-and-platform	Install toolchain and Linux runtime dependencies	2026-10-05T13:50:10.6332986Z Unpacking libtheora0:amd64 (1.1.1+dfsg.1-16.1build3) ...
conformance-and-platform	Install toolchain and Linux runtime dependencies	2026-10-05T13:50:10.6549978Z Selecting previously unselected package libtwolame0:amd64.
conformance-and-platform	Install toolchain and Linux runtime dependencies	2026-10-05T13:50:10.6673252Z Preparing to unpack .../028-libtwolame0_0.4.0-2build3_amd64.deb ...
conformance-and-platform	Install toolchain and Linux runtime dependencies	2026-10-05T13:50:10.6802424Z Unpacking libtwolame0:amd64 (0.4.0-2build3) ...
conformance-and-platform	Install toolchain and Linux runtime dependencies	2026-10-05T13:50:10.6984371Z Selecting previously unselected package libvorbisenc2:amd64.
conformance-and-platform	Install toolchain and Linux runtime dependencies	2026-10-05T13:50:10.7107930Z Preparing to unpack .../029-libvorbisenc2_1.3.7-1build3_amd64.deb ...
conformance-and-platform	Install toolchain and Linux runtime dependencies	2026-10-05T13:50:10.7118875Z Unpacking libvorbisenc2:amd64 (1.3.7-1build3) ...
conformance-and-platform	Install toolchain and Linux runtime dependencies	2026-10-05T13:50:10.7337024Z Selecting previously unselected package libvpx9:amd64.
conformance-and-platform	Install toolchain and Linux runtime dependencies	2026-10-05T13:50:10.7459649Z Preparing to unpack .../030-libvpx9_1.14.0-1ubuntu2.3_amd64.deb ...
conformance-and-platform	Install toolchain and Linux runtime dependencies	2026-10-05T13:50:10.7470741Z Unpacking libvpx9:amd64 (1.14.0-1ubuntu2.3) ...
conformance-and-platform	Install toolchain and Linux runtime dependencies	2026-10-05T13:50:10.7922787Z Selecting previously unselected package libx264-164:amd64.
conformance-and-platform	Install toolchain and Linux runtime dependencies	2026-10-05T13:50:10.8044365Z Preparing to unpack .../031-libx264-164_2%3a0.164.3108+git31e19f9-1_amd64.deb ...
conformance-and-platform	Install toolchain and Linux runtime dependencies	2026-10-05T13:50:10.8053280Z Unpacking libx264-164:amd64 (2:0.164.3108+git31e19f9-1) ...
conformance-and-platform	Install toolchain and Linux runtime dependencies	2026-10-05T13:50:10.8392101Z Selecting previously unselected package libx265-199:amd64.
conformance-and-platform	Install toolchain and Linux runtime dependencies	2026-10-05T13:50:10.8514463Z Preparing to unpack .../032-libx265-199_3.5-2build1_amd64.deb ...
conformance-and-platform	Install toolchain and Linux runtime dependencies	2026-10-05T13:50:10.8526583Z Unpacking libx265-199:amd64 (3.5-2build1) ...
conformance-and-platform	Install toolchain and Linux runtime dependencies	2026-10-05T13:50:11.0220409Z Selecting previously unselected package libxvidcore4:amd64.
conformance-and-platform	Install toolchain and Linux runtime dependencies	2026-10-05T13:50:11.0345024Z Preparing to unpack .../033-libxvidcore4_2%3a1.3.7-1build1_amd64.deb ...
conformance-and-platform	Install toolchain and Linux runtime dependencies	2026-10-05T13:50:11.0356281Z Unpacking libxvidcore4:amd64 (2:1.3.7-1build1) ...
conformance-and-platform	Install toolchain and Linux runtime dependencies	2026-10-05T13:50:11.0577766Z Selecting previously unselected package libzvbi-common.
conformance-and-platform	Install toolchain and Linux runtime dependencies	2026-10-05T13:50:11.0699853Z Preparing to unpack .../034-libzvbi-common_0.2.42-2_all.deb ...
conformance-and-platform	Install toolchain and Linux runtime dependencies	2026-10-05T13:50:11.0710741Z Unpacking libzvbi-common (0.2.42-2) ...
conformance-and-platform	Install toolchain and Linux runtime dependencies	2026-10-05T13:50:11.1102332Z Selecting previously unselected package libzvbi0t64:amd64.
conformance-and-platform	Install toolchain and Linux runtime dependencies	2026-10-05T13:50:11.1227021Z Preparing to unpack .../035-libzvbi0t64_0.2.42-2_amd64.deb ...
conformance-and-platform	Install toolchain and Linux runtime dependencies	2026-10-05T13:50:11.1238059Z Unpacking libzvbi0t64:amd64 (0.2.42-2) ...
conformance-and-platform	Install toolchain and Linux runtime dependencies	2026-10-05T13:50:11.1478327Z Selecting previously unselected package libavcodec60:amd64.
conformance-and-platform	Install toolchain and Linux runtime dependencies	2026-10-05T13:50:11.1599518Z Preparing to unpack .../036-libavcodec60_7%3a6.1.1-3ubuntu5_amd64.deb ...
conformance-and-platform	Install toolchain and Linux runtime dependencies	2026-10-05T13:50:11.1609389Z Unpacking libavcodec60:amd64 (7:6.1.1-3ubuntu5) ...
conformance-and-platform	Install toolchain and Linux runtime dependencies	2026-10-05T13:50:11.3478896Z Selecting previously unselected package libudfread0:amd64.
conformance-and-platform	Install toolchain and Linux runtime dependencies	2026-10-05T13:50:11.3600381Z Preparing to unpack .../037-libudfread0_1.1.2-1build1_amd64.deb ...
conformance-and-platform	Install toolchain and Linux runtime dependencies	2026-10-05T13:50:11.3610764Z Unpacking libudfread0:amd64 (1.1.2-1build1) ...
conformance-and-platform	Install toolchain and Linux runtime dependencies	2026-10-05T13:50:11.3786118Z Selecting previously unselected package libbluray2:amd64.
conformance-and-platform	Install toolchain and Linux runtime dependencies	2026-10-05T13:50:11.3910996Z Preparing to unpack .../038-libbluray2_1%3a1.3.4-1build1_amd64.deb ...
conformance-and-platform	Install toolchain and Linux runtime dependencies	2026-10-05T13:50:11.3921584Z Unpacking libbluray2:amd64 (1:1.3.4-1build1) ...
conformance-and-platform	Install toolchain and Linux runtime dependencies	2026-10-05T13:50:11.4122160Z Selecting previously unselected package libchromaprint1:amd64.
conformance-and-platform	Install toolchain and Linux runtime dependencies	2026-10-05T13:50:11.4244726Z Preparing to unpack .../039-libchromaprint1_1.5.1-5_amd64.deb ...
conformance-and-platform	Install toolchain and Linux runtime dependencies	2026-10-05T13:50:11.4255738Z Unpacking libchromaprint1:amd64 (1.5.1-5) ...
conformance-and-platform	Install toolchain and Linux runtime dependencies	2026-10-05T13:50:11.4429209Z Selecting previously unselected package libgme0:amd64.
conformance-and-platform	Install toolchain and Linux runtime dependencies	2026-10-05T13:50:11.4553581Z Preparing to unpack .../040-libgme0_0.6.3-7build1_amd64.deb ...
conformance-and-platform	Install toolchain and Linux runtime dependencies	2026-10-05T13:50:11.4564229Z Unpacking libgme0:amd64 (0.6.3-7build1) ...
conformance-and-platform	Install toolchain and Linux runtime dependencies	2026-10-05T13:50:11.4768236Z Selecting previously unselected package libmpg123-0t64:amd64.
conformance-and-platform	Install toolchain and Linux runtime dependencies	2026-10-05T13:50:11.4890723Z Preparing to unpack .../041-libmpg123-0t64_1.32.5-1ubuntu1.1_amd64.deb ...
conformance-and-platform	Install toolchain and Linux runtime dependencies	2026-10-05T13:50:11.4902307Z Unpacking libmpg123-0t64:amd64 (1.32.5-1ubuntu1.1) ...
conformance-and-platform	Install toolchain and Linux runtime dependencies	2026-10-05T13:50:11.5107235Z Selecting previously unselected package libopenmpt0t64:amd64.
conformance-and-platform	Install toolchain and Linux runtime dependencies	2026-10-05T13:50:11.5230234Z Preparing to unpack .../042-libopenmpt0t64_0.7.3-1.1build3_amd64.deb ...
conformance-and-platform	Install toolchain and Linux runtime dependencies	2026-10-05T13:50:11.5242017Z Unpacking libopenmpt0t64:amd64 (0.7.3-1.1build3) ...
conformance-and-platform	Install toolchain and Linux runtime dependencies	2026-10-05T13:50:11.5556780Z Selecting previously unselected package libcjson1:amd64.
conformance-and-platform	Install toolchain and Linux runtime dependencies	2026-10-05T13:50:11.5679364Z Preparing to unpack .../043-libcjson1_1.7.17-1_amd64.deb ...
conformance-and-platform	Install toolchain and Linux runtime dependencies	2026-10-05T13:50:11.5690482Z Unpacking libcjson1:amd64 (1.7.17-1) ...
conformance-and-platform	Install toolchain and Linux runtime dependencies	2026-10-05T13:50:11.6096800Z Selecting previously unselected package libmbedcrypto7t64:amd64.
conformance-and-platform	Install toolchain and Linux runtime dependencies	2026-10-05T13:50:11.6220645Z Preparing to unpack .../044-libmbedcrypto7t64_2.28.8-1_amd64.deb ...
conformance-and-platform	Install toolchain and Linux runtime dependencies	2026-10-05T13:50:11.6232439Z Unpacking libmbedcrypto7t64:amd64 (2.28.8-1) ...
conformance-and-platform	Install toolchain and Linux runtime dependencies	2026-10-05T13:50:11.6458837Z Selecting previously unselected package librist4:amd64.
conformance-and-platform	Install toolchain and Linux runtime dependencies	2026-10-05T13:50:11.6585290Z Preparing to unpack .../045-librist4_0.2.10+dfsg-2_amd64.deb ...
conformance-and-platform	Install toolchain and Linux runtime dependencies	2026-10-05T13:50:11.6597877Z Unpacking librist4:amd64 (0.2.10+dfsg-2) ...
conformance-and-platform	Install toolchain and Linux runtime dependencies	2026-10-05T13:50:11.6802702Z Selecting previously unselected package libsrt1.5-gnutls:amd64.
conformance-and-platform	Install toolchain and Linux runtime dependencies	2026-10-05T13:50:11.6928327Z Preparing to unpack .../046-libsrt1.5-gnutls_1.5.3-1build2_amd64.deb ...
conformance-and-platform	Install toolchain and Linux runtime dependencies	2026-10-05T13:50:11.6940246Z Unpacking libsrt1.5-gnutls:amd64 (1.5.3-1build2) ...
conformance-and-platform	Install toolchain and Linux runtime dependencies	2026-10-05T13:50:11.7254158Z Selecting previously unselected package libssh-gcrypt-4:amd64.
conformance-and-platform	Install toolchain and Linux runtime dependencies	2026-10-05T13:50:11.7380852Z Preparing to unpack .../047-libssh-gcrypt-4_0.10.6-2ubuntu0.5_amd64.deb ...
conformance-and-platform	Install toolchain and Linux runtime dependencies	2026-10-05T13:50:11.7394324Z Unpacking libssh-gcrypt-4:amd64 (0.10.6-2ubuntu0.5) ...
conformance-and-platform	Install toolchain and Linux runtime dependencies	2026-10-05T13:50:11.7617645Z Selecting previously unselected package libavformat60:amd64.
conformance-and-platform	Install toolchain and Linux runtime dependencies	2026-10-05T13:50:11.7742657Z Preparing to unpack .../048-libavformat60_7%3a6.1.1-3ubuntu5_amd64.deb ...
conformance-and-platform	Install toolchain and Linux runtime dependencies	2026-10-05T13:50:11.7756808Z Unpacking libavformat60:amd64 (7:6.1.1-3ubuntu5) ...
conformance-and-platform	Install toolchain and Linux runtime dependencies	2026-10-05T13:50:11.8188315Z Selecting previously unselected package libbs2b0:amd64.
conformance-and-platform	Install toolchain and Linux runtime dependencies	2026-10-05T13:50:11.8313151Z Preparing to unpack .../049-libbs2b0_3.1.0+dfsg-7build1_amd64.deb ...
conformance-and-platform	Install toolchain and Linux runtime dependencies	2026-10-05T13:50:11.8473833Z Unpacking libbs2b0:amd64 (3.1.0+dfsg-7build1) ...
conformance-and-platform	Install toolchain and Linux runtime dependencies	2026-10-05T13:50:11.8731930Z Selecting previously unselected package libflite1:amd64.
conformance-and-platform	Install toolchain and Linux runtime dependencies	2026-10-05T13:50:11.8859223Z Preparing to unpack .../050-libflite1_2.2-6build3_amd64.deb ...
conformance-and-platform	Install toolchain and Linux runtime dependencies	2026-10-05T13:50:11.8871721Z Unpacking libflite1:amd64 (2.2-6build3) ...
conformance-and-platform	Install toolchain and Linux runtime dependencies	2026-10-05T13:50:12.0614328Z Selecting previously unselected package libserd-0-0:amd64.
conformance-and-platform	Install toolchain and Linux runtime dependencies	2026-10-05T13:50:12.0737323Z Preparing to unpack .../051-libserd-0-0_0.32.2-1_amd64.deb ...
conformance-and-platform	Install toolchain and Linux runtime dependencies	2026-10-05T13:50:12.0749115Z Unpacking libserd-0-0:amd64 (0.32.2-1) ...
conformance-and-platform	Install toolchain and Linux runtime dependencies	2026-10-05T13:50:12.1140757Z Selecting previously unselected package libzix-0-0:amd64.
conformance-and-platform	Install toolchain and Linux runtime dependencies	2026-10-05T13:50:12.1263091Z Preparing to unpack .../052-libzix-0-0_0.4.2-2build1_amd64.deb ...
conformance-and-platform	Install toolchain and Linux runtime dependencies	2026-10-05T13:50:12.1274182Z Unpacking libzix-0-0:amd64 (0.4.2-2build1) ...
conformance-and-platform	Install toolchain and Linux runtime dependencies	2026-10-05T13:50:12.1452097Z Selecting previously unselected package libsord-0-0:amd64.
conformance-and-platform	Install toolchain and Linux runtime dependencies	2026-10-05T13:50:12.1573617Z Preparing to unpack .../053-libsord-0-0_0.16.16-2build1_amd64.deb ...
conformance-and-platform	Install toolchain and Linux runtime dependencies	2026-10-05T13:50:12.1586122Z Unpacking libsord-0-0:amd64 (0.16.16-2build1) ...
conformance-and-platform	Install toolchain and Linux runtime dependencies	2026-10-05T13:50:12.1766686Z Selecting previously unselected package libsratom-0-0:amd64.
conformance-and-platform	Install toolchain and Linux runtime dependencies	2026-10-05T13:50:12.1889956Z Preparing to unpack .../054-libsratom-0-0_0.6.16-1build1_amd64.deb ...
conformance-and-platform	Install toolchain and Linux runtime dependencies	2026-10-05T13:50:12.1900868Z Unpacking libsratom-0-0:amd64 (0.6.16-1build1) ...
conformance-and-platform	Install toolchain and Linux runtime dependencies	2026-10-05T13:50:12.2080359Z Selecting previously unselected package liblilv-0-0:amd64.
conformance-and-platform	Install toolchain and Linux runtime dependencies	2026-10-05T13:50:12.2204695Z Preparing to unpack .../055-liblilv-0-0_0.24.22-1build1_amd64.deb ...
conformance-and-platform	Install toolchain and Linux runtime dependencies	2026-10-05T13:50:12.2216305Z Unpacking liblilv-0-0:amd64 (0.24.22-1build1) ...
conformance-and-platform	Install toolchain and Linux runtime dependencies	2026-10-05T13:50:12.2400516Z Selecting previously unselected package libmysofa1:amd64.
conformance-and-platform	Install toolchain and Linux runtime dependencies	2026-10-05T13:50:12.2524304Z Preparing to unpack .../056-libmysofa1_1.3.2+dfsg-2ubuntu2_amd64.deb ...
conformance-and-platform	Install toolchain and Linux runtime dependencies	2026-10-05T13:50:12.2533225Z Unpacking libmysofa1:amd64 (1.3.2+dfsg-2ubuntu2) ...
conformance-and-platform	Install toolchain and Linux runtime dependencies	2026-10-05T13:50:12.2797063Z Selecting previously unselected package libplacebo338:amd64.
conformance-and-platform	Install toolchain and Linux runtime dependencies	2026-10-05T13:50:12.2920428Z Preparing to unpack .../057-libplacebo338_6.338.2-2build1_amd64.deb ...
conformance-and-platform	Install toolchain and Linux runtime dependencies	2026-10-05T13:50:12.2930995Z Unpacking libplacebo338:amd64 (6.338.2-2build1) ...
conformance-and-platform	Install toolchain and Linux runtime dependencies	2026-10-05T13:50:12.4154939Z Selecting previously unselected package libblas3:amd64.
conformance-and-platform	Install toolchain and Linux runtime dependencies	2026-10-05T13:50:12.4277727Z Preparing to unpack .../058-libblas3_3.12.0-3build1.1_amd64.deb ...
conformance-and-platform	Install toolchain and Linux runtime dependencies	2026-10-05T13:50:12.4309253Z Unpacking libblas3:amd64 (3.12.0-3build1.1) ...
conformance-and-platform	Install toolchain and Linux runtime dependencies	2026-10-05T13:50:12.4548945Z Selecting previously unselected package liblapack3:amd64.
conformance-and-platform	Install toolchain and Linux runtime dependencies	2026-10-05T13:50:12.4674078Z Preparing to unpack .../059-liblapack3_3.12.0-3build1.1_amd64.deb ...
conformance-and-platform	Install toolchain and Linux runtime dependencies	2026-10-05T13:50:12.4707047Z Unpacking liblapack3:amd64 (3.12.0-3build1.1) ...
conformance-and-platform	Install toolchain and Linux runtime dependencies	2026-10-05T13:50:12.5528660Z Selecting previously unselected package libflac12t64:amd64.
conformance-and-platform	Install toolchain and Linux runtime dependencies	2026-10-05T13:50:12.5650667Z Preparing to unpack .../060-libflac12t64_1.4.3+ds-2.1ubuntu2_amd64.deb ...
conformance-and-platform	Install toolchain and Linux runtime dependencies	2026-10-05T13:50:12.5662570Z Unpacking libflac12t64:amd64 (1.4.3+ds-2.1ubuntu2) ...
conformance-and-platform	Install toolchain and Linux runtime dependencies	2026-10-05T13:50:12.5880764Z Selecting previously unselected package libsndfile1:amd64.
conformance-and-platform	Install toolchain and Linux runtime dependencies	2026-10-05T13:50:12.6003688Z Preparing to unpack .../061-libsndfile1_1.2.2-1ubuntu5.24.04.1_amd64.deb ...
conformance-and-platform	Install toolchain and Linux runtime dependencies	2026-10-05T13:50:12.6016569Z Unpacking libsndfile1:amd64 (1.2.2-1ubuntu5.24.04.1) ...
conformance-and-platform	Install toolchain and Linux runtime dependencies	2026-10-05T13:50:12.6259613Z Selecting previously unselected package libpulse0:amd64.
conformance-and-platform	Install toolchain and Linux runtime dependencies	2026-10-05T13:50:12.6380999Z Preparing to unpack .../062-libpulse0_1%3a16.1+dfsg1-2ubuntu10.1_amd64.deb ...
conformance-and-platform	Install toolchain and Linux runtime dependencies	2026-10-05T13:50:12.6636240Z Unpacking libpulse0:amd64 (1:16.1+dfsg1-2ubuntu10.1) ...
conformance-and-platform	Install toolchain and Linux runtime dependencies	2026-10-05T13:50:12.6879424Z Selecting previously unselected package libsphinxbase3t64:amd64.
conformance-and-platform	Install toolchain and Linux runtime dependencies	2026-10-05T13:50:12.7002917Z Preparing to unpack .../063-libsphinxbase3t64_0.8+5prealpha+1-17build2_amd64.deb ...
conformance-and-platform	Install toolchain and Linux runtime dependencies	2026-10-05T13:50:12.7014447Z Unpacking libsphinxbase3t64:amd64 (0.8+5prealpha+1-17build2) ...
conformance-and-platform	Install toolchain and Linux runtime dependencies	2026-10-05T13:50:12.7210534Z Selecting previously unselected package libpocketsphinx3:amd64.
conformance-and-platform	Install toolchain and Linux runtime dependencies	2026-10-05T13:50:12.7336634Z Preparing to unpack .../064-libpocketsphinx3_0.8.0+real5prealpha+1-15ubuntu5_amd64.deb ...
conformance-and-platform	Install toolchain and Linux runtime dependencies	2026-10-05T13:50:12.7348949Z Unpacking libpocketsphinx3:amd64 (0.8.0+real5prealpha+1-15ubuntu5) ...
conformance-and-platform	Install toolchain and Linux runtime dependencies	2026-10-05T13:50:12.7547654Z Selecting previously unselected package libpostproc57:amd64.
conformance-and-platform	Install toolchain and Linux runtime dependencies	2026-10-05T13:50:12.7670042Z Preparing to unpack .../065-libpostproc57_7%3a6.1.1-3ubuntu5_amd64.deb ...
conformance-and-platform	Install toolchain and Linux runtime dependencies	2026-10-05T13:50:12.7680650Z Unpacking libpostproc57:amd64 (7:6.1.1-3ubuntu5) ...
conformance-and-platform	Install toolchain and Linux runtime dependencies	2026-10-05T13:50:12.7863601Z Selecting previously unselected package libsamplerate0:amd64.
conformance-and-platform	Install toolchain and Linux runtime dependencies	2026-10-05T13:50:12.7986582Z Preparing to unpack .../066-libsamplerate0_0.2.2-4build1_amd64.deb ...
conformance-and-platform	Install toolchain and Linux runtime dependencies	2026-10-05T13:50:12.7998257Z Unpacking libsamplerate0:amd64 (0.2.2-4build1) ...
conformance-and-platform	Install toolchain and Linux runtime dependencies	2026-10-05T13:50:12.8324693Z Selecting previously unselected package librubberband2:amd64.
conformance-and-platform	Install toolchain and Linux runtime dependencies	2026-10-05T13:50:12.8447961Z Preparing to unpack .../067-librubberband2_3.3.0+dfsg-2build1_amd64.deb ...
conformance-and-platform	Install toolchain and Linux runtime dependencies	2026-10-05T13:50:12.8456421Z Unpacking librubberband2:amd64 (3.3.0+dfsg-2build1) ...
conformance-and-platform	Install toolchain and Linux runtime dependencies	2026-10-05T13:50:12.8663522Z Selecting previously unselected package libswscale7:amd64.
conformance-and-platform	Install toolchain and Linux runtime dependencies	2026-10-05T13:50:12.8785508Z Preparing to unpack .../068-libswscale7_7%3a6.1.1-3ubuntu5_amd64.deb ...
conformance-and-platform	Install toolchain and Linux runtime dependencies	2026-10-05T13:50:12.8795394Z Unpacking libswscale7:amd64 (7:6.1.1-3ubuntu5) ...
conformance-and-platform	Install toolchain and Linux runtime dependencies	2026-10-05T13:50:12.9260687Z Selecting previously unselected package libvidstab1.1:amd64.
conformance-and-platform	Install toolchain and Linux runtime dependencies	2026-10-05T13:50:12.9385998Z Preparing to unpack .../069-libvidstab1.1_1.1.0-2build1_amd64.deb ...
conformance-and-platform	Install toolchain and Linux runtime dependencies	2026-10-05T13:50:12.9395495Z Unpacking libvidstab1.1:amd64 (1.1.0-2build1) ...
conformance-and-platform	Install toolchain and Linux runtime dependencies	2026-10-05T13:50:12.9582364Z Selecting previously unselected package libzimg2:amd64.
conformance-and-platform	Install toolchain and Linux runtime dependencies	2026-10-05T13:50:12.9705761Z Preparing to unpack .../070-libzimg2_3.0.5+ds1-1build1_amd64.deb ...
conformance-and-platform	Install toolchain and Linux runtime dependencies	2026-10-05T13:50:12.9714341Z Unpacking libzimg2:amd64 (3.0.5+ds1-1build1) ...
conformance-and-platform	Install toolchain and Linux runtime dependencies	2026-10-05T13:50:12.9968724Z Selecting previously unselected package libavfilter9:amd64.
conformance-and-platform	Install toolchain and Linux runtime dependencies	2026-10-05T13:50:13.0093141Z Preparing to unpack .../071-libavfilter9_7%3a6.1.1-3ubuntu5_amd64.deb ...
conformance-and-platform	Install toolchain and Linux runtime dependencies	2026-10-05T13:50:13.0105755Z Unpacking libavfilter9:amd64 (7:6.1.1-3ubuntu5) ...
conformance-and-platform	Install toolchain and Linux runtime dependencies	2026-10-05T13:50:13.1436626Z Selecting previously unselected package libbrotli-dev:amd64.
conformance-and-platform	Install toolchain and Linux runtime dependencies	2026-10-05T13:50:13.1560850Z Preparing to unpack .../072-libbrotli-dev_1.1.0-2build2_amd64.deb ...
conformance-and-platform	Install toolchain and Linux runtime dependencies	2026-10-05T13:50:13.1702261Z Unpacking libbrotli-dev:amd64 (1.1.0-2build2) ...
conformance-and-platform	Install toolchain and Linux runtime dependencies	2026-10-05T13:50:13.1955878Z Selecting previously unselected package libbz2-dev:amd64.
conformance-and-platform	Install toolchain and Linux runtime dependencies	2026-10-05T13:50:13.2079173Z Preparing to unpack .../073-libbz2-dev_1.0.8-5.1ubuntu0.1_amd64.deb ...
conformance-and-platform	Install toolchain and Linux runtime dependencies	2026-10-05T13:50:13.2089335Z Unpacking libbz2-dev:amd64 (1.0.8-5.1ubuntu0.1) ...
conformance-and-platform	Install toolchain and Linux runtime dependencies	2026-10-05T13:50:13.2261379Z Selecting previously unselected package libclang-18-dev.
conformance-and-platform	Install toolchain and Linux runtime dependencies	2026-10-05T13:50:13.2387026Z Preparing to unpack .../074-libclang-18-dev_1%3a18.1.3-1ubuntu1_amd64.deb ...
conformance-and-platform	Install toolchain and Linux runtime dependencies	2026-10-05T13:50:13.2398017Z Unpacking libclang-18-dev (1:18.1.3-1ubuntu1) ...
conformance-and-platform	Install toolchain and Linux runtime dependencies	2026-10-05T13:50:15.2704110Z Selecting previously unselected package libdecor-0-0:amd64.
conformance-and-platform	Install toolchain and Linux runtime dependencies	2026-10-05T13:50:15.2836277Z Preparing to unpack .../075-libdecor-0-0_0.2.2-1build2_amd64.deb ...
conformance-and-platform	Install toolchain and Linux runtime dependencies	2026-10-05T13:50:15.2848658Z Unpacking libdecor-0-0:amd64 (0.2.2-1build2) ...
conformance-and-platform	Install toolchain and Linux runtime dependencies	2026-10-05T13:50:15.3165330Z Preparing to unpack .../076-libgl1-mesa-dri_25.2.8-0ubuntu0.24.04.4_amd64.deb ...
conformance-and-platform	Install toolchain and Linux runtime dependencies	2026-10-05T13:50:15.3298306Z Unpacking libgl1-mesa-dri:amd64 (25.2.8-0ubuntu0.24.04.4) over (25.2.8-0ubuntu0.24.04.2) ...
conformance-and-platform	Install toolchain and Linux runtime dependencies	2026-10-05T13:50:15.3748002Z Preparing to unpack .../077-libglx-mesa0_25.2.8-0ubuntu0.24.04.4_amd64.deb ...
conformance-and-platform	Install toolchain and Linux runtime dependencies	2026-10-05T13:50:15.3774911Z Unpacking libglx-mesa0:amd64 (25.2.8-0ubuntu0.24.04.4) over (25.2.8-0ubuntu0.24.04.2) ...
conformance-and-platform	Install toolchain and Linux runtime dependencies	2026-10-05T13:50:15.4336252Z Preparing to unpack .../078-libgbm1_25.2.8-0ubuntu0.24.04.4_amd64.deb ...
conformance-and-platform	Install toolchain and Linux runtime dependencies	2026-10-05T13:50:15.4363035Z Unpacking libgbm1:amd64 (25.2.8-0ubuntu0.24.04.4) over (25.2.8-0ubuntu0.24.04.2) ...
conformance-and-platform	Install toolchain and Linux runtime dependencies	2026-10-05T13:50:15.4709535Z Preparing to unpack .../079-mesa-libgallium_25.2.8-0ubuntu0.24.04.4_amd64.deb ...
conformance-and-platform	Install toolchain and Linux runtime dependencies	2026-10-05T13:50:15.5290553Z Unpacking mesa-libgallium:amd64 (25.2.8-0ubuntu0.24.04.4) over (25.2.8-0ubuntu0.24.04.2) ...
conformance-and-platform	Install toolchain and Linux runtime dependencies	2026-10-05T13:50:15.9525761Z Selecting previously unselected package libegl-mesa0:amd64.
conformance-and-platform	Install toolchain and Linux runtime dependencies	2026-10-05T13:50:15.9654614Z Preparing to unpack .../080-libegl-mesa0_25.2.8-0ubuntu0.24.04.4_amd64.deb ...
conformance-and-platform	Install toolchain and Linux runtime dependencies	2026-10-05T13:50:15.9665998Z Unpacking libegl-mesa0:amd64 (25.2.8-0ubuntu0.24.04.4) ...
conformance-and-platform	Install toolchain and Linux runtime dependencies	2026-10-05T13:50:15.9889555Z Selecting previously unselected package libegl1:amd64.
conformance-and-platform	Install toolchain and Linux runtime dependencies	2026-10-05T13:50:16.0016516Z Preparing to unpack .../081-libegl1_1.7.0-1build1_amd64.deb ...
conformance-and-platform	Install toolchain and Linux runtime dependencies	2026-10-05T13:50:16.0028415Z Unpacking libegl1:amd64 (1.7.0-1build1) ...
conformance-and-platform	Install toolchain and Linux runtime dependencies	2026-10-05T13:50:16.0204857Z Selecting previously unselected package xorg-sgml-doctools.
conformance-and-platform	Install toolchain and Linux runtime dependencies	2026-10-05T13:50:16.0328763Z Preparing to unpack .../082-xorg-sgml-doctools_1%3a1.11-1.1_all.deb ...
conformance-and-platform	Install toolchain and Linux runtime dependencies	2026-10-05T13:50:16.0337305Z Unpacking xorg-sgml-doctools (1:1.11-1.1) ...
conformance-and-platform	Install toolchain and Linux runtime dependencies	2026-10-05T13:50:16.0548262Z Selecting previously unselected package x11proto-dev.
conformance-and-platform	Install toolchain and Linux runtime dependencies	2026-10-05T13:50:16.0674963Z Preparing to unpack .../083-x11proto-dev_2023.2-1_all.deb ...
conformance-and-platform	Install toolchain and Linux runtime dependencies	2026-10-05T13:50:16.0686152Z Unpacking x11proto-dev (2023.2-1) ...
conformance-and-platform	Install toolchain and Linux runtime dependencies	2026-10-05T13:50:16.1120941Z Selecting previously unselected package libxau-dev:amd64.
conformance-and-platform	Install toolchain and Linux runtime dependencies	2026-10-05T13:50:16.1246754Z Preparing to unpack .../084-libxau-dev_1%3a1.0.9-1build6_amd64.deb ...
conformance-and-platform	Install toolchain and Linux runtime dependencies	2026-10-05T13:50:16.1256644Z Unpacking libxau-dev:amd64 (1:1.0.9-1build6) ...
conformance-and-platform	Install toolchain and Linux runtime dependencies	2026-10-05T13:50:16.1464629Z Selecting previously unselected package libxdmcp-dev:amd64.
conformance-and-platform	Install toolchain and Linux runtime dependencies	2026-10-05T13:50:16.1588445Z Preparing to unpack .../085-libxdmcp-dev_1%3a1.1.3-0ubuntu6_amd64.deb ...
conformance-and-platform	Install toolchain and Linux runtime dependencies	2026-10-05T13:50:16.1597235Z Unpacking libxdmcp-dev:amd64 (1:1.1.3-0ubuntu6) ...
conformance-and-platform	Install toolchain and Linux runtime dependencies	2026-10-05T13:50:16.1989835Z Selecting previously unselected package xtrans-dev.
conformance-and-platform	Install toolchain and Linux runtime dependencies	2026-10-05T13:50:16.2113994Z Preparing to unpack .../086-xtrans-dev_1.4.0-1_all.deb ...
conformance-and-platform	Install toolchain and Linux runtime dependencies	2026-10-05T13:50:16.2123317Z Unpacking xtrans-dev (1.4.0-1) ...
conformance-and-platform	Install toolchain and Linux runtime dependencies	2026-10-05T13:50:16.2340202Z Selecting previously unselected package libpthread-stubs0-dev:amd64.
conformance-and-platform	Install toolchain and Linux runtime dependencies	2026-10-05T13:50:16.2465051Z Preparing to unpack .../087-libpthread-stubs0-dev_0.4-1build3_amd64.deb ...
conformance-and-platform	Install toolchain and Linux runtime dependencies	2026-10-05T13:50:16.2473784Z Unpacking libpthread-stubs0-dev:amd64 (0.4-1build3) ...
conformance-and-platform	Install toolchain and Linux runtime dependencies	2026-10-05T13:50:16.2636475Z Selecting previously unselected package libxcb1-dev:amd64.
conformance-and-platform	Install toolchain and Linux runtime dependencies	2026-10-05T13:50:16.2760462Z Preparing to unpack .../088-libxcb1-dev_1.15-1ubuntu2_amd64.deb ...
conformance-and-platform	Install toolchain and Linux runtime dependencies	2026-10-05T13:50:16.2769304Z Unpacking libxcb1-dev:amd64 (1.15-1ubuntu2) ...
conformance-and-platform	Install toolchain and Linux runtime dependencies	2026-10-05T13:50:16.2973465Z Selecting previously unselected package libx11-dev:amd64.
conformance-and-platform	Install toolchain and Linux runtime dependencies	2026-10-05T13:50:16.3097382Z Preparing to unpack .../089-libx11-dev_2%3a1.8.7-1build1_amd64.deb ...
conformance-and-platform	Install toolchain and Linux runtime dependencies	2026-10-05T13:50:16.3105794Z Unpacking libx11-dev:amd64 (2:1.8.7-1build1) ...
conformance-and-platform	Install toolchain and Linux runtime dependencies	2026-10-05T13:50:16.3473467Z Selecting previously unselected package libglx-dev:amd64.
conformance-and-platform	Install toolchain and Linux runtime dependencies	2026-10-05T13:50:16.3597037Z Preparing to unpack .../090-libglx-dev_1.7.0-1build1_amd64.deb ...
conformance-and-platform	Install toolchain and Linux runtime dependencies	2026-10-05T13:50:16.3607968Z Unpacking libglx-dev:amd64 (1.7.0-1build1) ...
conformance-and-platform	Install toolchain and Linux runtime dependencies	2026-10-05T13:50:16.3798547Z Selecting previously unselected package libgl-dev:amd64.
conformance-and-platform	Install toolchain and Linux runtime dependencies	2026-10-05T13:50:16.3923517Z Preparing to unpack .../091-libgl-dev_1.7.0-1build1_amd64.deb ...
conformance-and-platform	Install toolchain and Linux runtime dependencies	2026-10-05T13:50:16.3932449Z Unpacking libgl-dev:amd64 (1.7.0-1build1) ...
conformance-and-platform	Install toolchain and Linux runtime dependencies	2026-10-05T13:50:16.4398293Z Selecting previously unselected package libegl-dev:amd64.
conformance-and-platform	Install toolchain and Linux runtime dependencies	2026-10-05T13:50:16.4525514Z Preparing to unpack .../092-libegl-dev_1.7.0-1build1_amd64.deb ...
conformance-and-platform	Install toolchain and Linux runtime dependencies	2026-10-05T13:50:16.4537812Z Unpacking libegl-dev:amd64 (1.7.0-1build1) ...
conformance-and-platform	Install toolchain and Linux runtime dependencies	2026-10-05T13:50:16.4712121Z Selecting previously unselected package libpng-dev:amd64.
conformance-and-platform	Install toolchain and Linux runtime dependencies	2026-10-05T13:50:16.4837785Z Preparing to unpack .../093-libpng-dev_1.6.43-5ubuntu0.6_amd64.deb ...
conformance-and-platform	Install toolchain and Linux runtime dependencies	2026-10-05T13:50:16.4849199Z Unpacking libpng-dev:amd64 (1.6.43-5ubuntu0.6) ...
conformance-and-platform	Install toolchain and Linux runtime dependencies	2026-10-05T13:50:16.5094029Z Selecting previously unselected package libfreetype-dev:amd64.
conformance-and-platform	Install toolchain and Linux runtime dependencies	2026-10-05T13:50:16.5217459Z Preparing to unpack .../094-libfreetype-dev_2.13.2+dfsg-1ubuntu0.1_amd64.deb ...
conformance-and-platform	Install toolchain and Linux runtime dependencies	2026-10-05T13:50:16.5228350Z Unpacking libfreetype-dev:amd64 (2.13.2+dfsg-1ubuntu0.1) ...
conformance-and-platform	Install toolchain and Linux runtime dependencies	2026-10-05T13:50:16.5610144Z Selecting previously unselected package uuid-dev:amd64.
conformance-and-platform	Install toolchain and Linux runtime dependencies	2026-10-05T13:50:16.5734532Z Preparing to unpack .../095-uuid-dev_2.39.3-9ubuntu6.6_amd64.deb ...
conformance-and-platform	Install toolchain and Linux runtime dependencies	2026-10-05T13:50:16.5745892Z Unpacking uuid-dev:amd64 (2.39.3-9ubuntu6.6) ...
conformance-and-platform	Install toolchain and Linux runtime dependencies	2026-10-05T13:50:16.5935261Z Selecting previously unselected package libfontconfig-dev:amd64.
conformance-and-platform	Install toolchain and Linux runtime dependencies	2026-10-05T13:50:16.6058883Z Preparing to unpack .../096-libfontconfig-dev_2.15.0-1.1ubuntu2_amd64.deb ...
conformance-and-platform	Install toolchain and Linux runtime dependencies	2026-10-05T13:50:16.6068594Z Unpacking libfontconfig-dev:amd64 (2.15.0-1.1ubuntu2) ...
conformance-and-platform	Install toolchain and Linux runtime dependencies	2026-10-05T13:50:16.6275586Z Selecting previously unselected package libfontconfig1-dev:amd64.
conformance-and-platform	Install toolchain and Linux runtime dependencies	2026-10-05T13:50:16.6398423Z Preparing to unpack .../097-libfontconfig1-dev_2.15.0-1.1ubuntu2_amd64.deb ...
conformance-and-platform	Install toolchain and Linux runtime dependencies	2026-10-05T13:50:16.6407415Z Unpacking libfontconfig1-dev:amd64 (2.15.0-1.1ubuntu2) ...
conformance-and-platform	Install toolchain and Linux runtime dependencies	2026-10-05T13:50:16.6579256Z Selecting previously unselected package libwinpr2-2t64:amd64.
conformance-and-platform	Install toolchain and Linux runtime dependencies	2026-10-05T13:50:16.6703073Z Preparing to unpack .../098-libwinpr2-2t64_2.11.5+dfsg1-1build2_amd64.deb ...
conformance-and-platform	Install toolchain and Linux runtime dependencies	2026-10-05T13:50:16.6712343Z Unpacking libwinpr2-2t64:amd64 (2.11.5+dfsg1-1build2) ...
conformance-and-platform	Install toolchain and Linux runtime dependencies	2026-10-05T13:50:16.7188268Z Selecting previously unselected package libfreerdp2-2t64:amd64.
conformance-and-platform	Install toolchain and Linux runtime dependencies	2026-10-05T13:50:16.7312715Z Preparing to unpack .../099-libfreerdp2-2t64_2.11.5+dfsg1-1build2_amd64.deb ...
conformance-and-platform	Install toolchain and Linux runtime dependencies	2026-10-05T13:50:16.7322362Z Unpacking libfreerdp2-2t64:amd64 (2.11.5+dfsg1-1build2) ...
conformance-and-platform	Install toolchain and Linux runtime dependencies	2026-10-05T13:50:16.7629985Z Selecting previously unselected package libfreerdp-server2-2t64:amd64.
conformance-and-platform	Install toolchain and Linux runtime dependencies	2026-10-05T13:50:16.7757305Z Preparing to unpack .../100-libfreerdp-server2-2t64_2.11.5+dfsg1-1build2_amd64.deb ...
conformance-and-platform	Install toolchain and Linux runtime dependencies	2026-10-05T13:50:16.7767094Z Unpacking libfreerdp-server2-2t64:amd64 (2.11.5+dfsg1-1build2) ...
conformance-and-platform	Install toolchain and Linux runtime dependencies	2026-10-05T13:50:16.7971277Z Selecting previously unselected package libgles1:amd64.
conformance-and-platform	Install toolchain and Linux runtime dependencies	2026-10-05T13:50:16.8099383Z Preparing to unpack .../101-libgles1_1.7.0-1build1_amd64.deb ...
conformance-and-platform	Install toolchain and Linux runtime dependencies	2026-10-05T13:50:16.8110034Z Unpacking libgles1:amd64 (1.7.0-1build1) ...
conformance-and-platform	Install toolchain and Linux runtime dependencies	2026-10-05T13:50:16.8299898Z Selecting previously unselected package libgles2:amd64.
conformance-and-platform	Install toolchain and Linux runtime dependencies	2026-10-05T13:50:16.8427859Z Preparing to unpack .../102-libgles2_1.7.0-1build1_amd64.deb ...
conformance-and-platform	Install toolchain and Linux runtime dependencies	2026-10-05T13:50:16.8437152Z Unpacking libgles2:amd64 (1.7.0-1build1) ...
conformance-and-platform	Install toolchain and Linux runtime dependencies	2026-10-05T13:50:16.8614628Z Selecting previously unselected package libgles-dev:amd64.
conformance-and-platform	Install toolchain and Linux runtime dependencies	2026-10-05T13:50:16.8739679Z Preparing to unpack .../103-libgles-dev_1.7.0-1build1_amd64.deb ...
conformance-and-platform	Install toolchain and Linux runtime dependencies	2026-10-05T13:50:16.8750767Z Unpacking libgles-dev:amd64 (1.7.0-1build1) ...
conformance-and-platform	Install toolchain and Linux runtime dependencies	2026-10-05T13:50:16.8970985Z Selecting previously unselected package liborc-0.4-0t64:amd64.
conformance-and-platform	Install toolchain and Linux runtime dependencies	2026-10-05T13:50:16.9096036Z Preparing to unpack .../104-liborc-0.4-0t64_1%3a0.4.38-1ubuntu0.1_amd64.deb ...
conformance-and-platform	Install toolchain and Linux runtime dependencies	2026-10-05T13:50:16.9107034Z Unpacking liborc-0.4-0t64:amd64 (1:0.4.38-1ubuntu0.1) ...
conformance-and-platform	Install toolchain and Linux runtime dependencies	2026-10-05T13:50:16.9564572Z Selecting previously unselected package libgstreamer-plugins-base1.0-0:amd64.
conformance-and-platform	Install toolchain and Linux runtime dependencies	2026-10-05T13:50:16.9693728Z Preparing to unpack .../105-libgstreamer-plugins-base1.0-0_1.24.2-1ubuntu0.5_amd64.deb ...
conformance-and-platform	Install toolchain and Linux runtime dependencies	2026-10-05T13:50:16.9706441Z Unpacking libgstreamer-plugins-base1.0-0:amd64 (1.24.2-1ubuntu0.5) ...
conformance-and-platform	Install toolchain and Linux runtime dependencies	2026-10-05T13:50:17.0046266Z Selecting previously unselected package libwacom-common.
conformance-and-platform	Install toolchain and Linux runtime dependencies	2026-10-05T13:50:17.0173819Z Preparing to unpack .../106-libwacom-common_2.10.0-2_all.deb ...
conformance-and-platform	Install toolchain and Linux runtime dependencies	2026-10-05T13:50:17.0184695Z Unpacking libwacom-common (2.10.0-2) ...
conformance-and-platform	Install toolchain and Linux runtime dependencies	2026-10-05T13:50:17.1806019Z Selecting previously unselected package libwacom9:amd64.
conformance-and-platform	Install toolchain and Linux runtime dependencies	2026-10-05T13:50:17.1939323Z Preparing to unpack .../107-libwacom9_2.10.0-2_amd64.deb ...
conformance-and-platform	Install toolchain and Linux runtime dependencies	2026-10-05T13:50:17.2095651Z Unpacking libwacom9:amd64 (2.10.0-2) ...
conformance-and-platform	Install toolchain and Linux runtime dependencies	2026-10-05T13:50:17.2273621Z Selecting previously unselected package libinput-bin.
conformance-and-platform	Install toolchain and Linux runtime dependencies	2026-10-05T13:50:17.2401028Z Preparing to unpack .../108-libinput-bin_1.25.0-1ubuntu3.7_amd64.deb ...
conformance-and-platform	Install toolchain and Linux runtime dependencies	2026-10-05T13:50:17.2413744Z Unpacking libinput-bin (1.25.0-1ubuntu3.7) ...
conformance-and-platform	Install toolchain and Linux runtime dependencies	2026-10-05T13:50:17.2666538Z Selecting previously unselected package libmtdev1t64:amd64.
conformance-and-platform	Install toolchain and Linux runtime dependencies	2026-10-05T13:50:17.2793852Z Preparing to unpack .../109-libmtdev1t64_1.1.6-1.1build1_amd64.deb ...
conformance-and-platform	Install toolchain and Linux runtime dependencies	2026-10-05T13:50:17.2803616Z Unpacking libmtdev1t64:amd64 (1.1.6-1.1build1) ...
conformance-and-platform	Install toolchain and Linux runtime dependencies	2026-10-05T13:50:17.3000358Z Selecting previously unselected package libinput10:amd64.
conformance-and-platform	Install toolchain and Linux runtime dependencies	2026-10-05T13:50:17.3126747Z Preparing to unpack .../110-libinput10_1.25.0-1ubuntu3.7_amd64.deb ...
conformance-and-platform	Install toolchain and Linux runtime dependencies	2026-10-05T13:50:17.3136615Z Unpacking libinput10:amd64 (1.25.0-1ubuntu3.7) ...
conformance-and-platform	Install toolchain and Linux runtime dependencies	2026-10-05T13:50:17.3344395Z Selecting previously unselected package libturbojpeg:amd64.
conformance-and-platform	Install toolchain and Linux runtime dependencies	2026-10-05T13:50:17.3468871Z Preparing to unpack .../111-libturbojpeg_1%3a2.1.5-2ubuntu2_amd64.deb ...
conformance-and-platform	Install toolchain and Linux runtime dependencies	2026-10-05T13:50:17.3478311Z Unpacking libturbojpeg:amd64 (1:2.1.5-2ubuntu2) ...
conformance-and-platform	Install toolchain and Linux runtime dependencies	2026-10-05T13:50:17.3706255Z Selecting previously unselected package libneatvnc0:amd64.
conformance-and-platform	Install toolchain and Linux runtime dependencies	2026-10-05T13:50:17.3831307Z Preparing to unpack .../112-libneatvnc0_0.7.1+dfsg-2build3_amd64.deb ...
conformance-and-platform	Install toolchain and Linux runtime dependencies	2026-10-05T13:50:17.3840971Z Unpacking libneatvnc0:amd64 (0.7.1+dfsg-2build3) ...
conformance-and-platform	Install toolchain and Linux runtime dependencies	2026-10-05T13:50:17.4029367Z Selecting previously unselected package libopengl0:amd64.
conformance-and-platform	Install toolchain and Linux runtime dependencies	2026-10-05T13:50:17.4155327Z Preparing to unpack .../113-libopengl0_1.7.0-1build1_amd64.deb ...
conformance-and-platform	Install toolchain and Linux runtime dependencies	2026-10-05T13:50:17.4164027Z Unpacking libopengl0:amd64 (1.7.0-1build1) ...
conformance-and-platform	Install toolchain and Linux runtime dependencies	2026-10-05T13:50:17.4338461Z Selecting previously unselected package libopengl-dev:amd64.
conformance-and-platform	Install toolchain and Linux runtime dependencies	2026-10-05T13:50:17.4463604Z Preparing to unpack .../114-libopengl-dev_1.7.0-1build1_amd64.deb ...
conformance-and-platform	Install toolchain and Linux runtime dependencies	2026-10-05T13:50:17.4652479Z Unpacking libopengl-dev:amd64 (1.7.0-1build1) ...
conformance-and-platform	Install toolchain and Linux runtime dependencies	2026-10-05T13:50:17.4864316Z Selecting previously unselected package libwebrtc-audio-processing1:amd64.
conformance-and-platform	Install toolchain and Linux runtime dependencies	2026-10-05T13:50:17.4988392Z Preparing to unpack .../115-libwebrtc-audio-processing1_0.3.1-0ubuntu6_amd64.deb ...
conformance-and-platform	Install toolchain and Linux runtime dependencies	2026-10-05T13:50:17.4998377Z Unpacking libwebrtc-audio-processing1:amd64 (0.3.1-0ubuntu6) ...
conformance-and-platform	Install toolchain and Linux runtime dependencies	2026-10-05T13:50:17.5222620Z Selecting previously unselected package libspa-0.2-modules:amd64.
conformance-and-platform	Install toolchain and Linux runtime dependencies	2026-10-05T13:50:17.5346144Z Preparing to unpack .../116-libspa-0.2-modules_1.0.5-1ubuntu3.3_amd64.deb ...
conformance-and-platform	Install toolchain and Linux runtime dependencies	2026-10-05T13:50:17.5356893Z Unpacking libspa-0.2-modules:amd64 (1.0.5-1ubuntu3.3) ...
conformance-and-platform	Install toolchain and Linux runtime dependencies	2026-10-05T13:50:17.5704466Z Selecting previously unselected package libpipewire-0.3-0t64:amd64.
conformance-and-platform	Install toolchain and Linux runtime dependencies	2026-10-05T13:50:17.5828710Z Preparing to unpack .../117-libpipewire-0.3-0t64_1.0.5-1ubuntu3.3_amd64.deb ...
conformance-and-platform	Install toolchain and Linux runtime dependencies	2026-10-05T13:50:17.5841540Z Unpacking libpipewire-0.3-0t64:amd64 (1.0.5-1ubuntu3.3) ...
conformance-and-platform	Install toolchain and Linux runtime dependencies	2026-10-05T13:50:17.6090482Z Selecting previously unselected package libseat1:amd64.
conformance-and-platform	Install toolchain and Linux runtime dependencies	2026-10-05T13:50:17.6215746Z Preparing to unpack .../118-libseat1_0.8.0-1_amd64.deb ...
conformance-and-platform	Install toolchain and Linux runtime dependencies	2026-10-05T13:50:17.6224690Z Unpacking libseat1:amd64 (0.8.0-1) ...
conformance-and-platform	Install toolchain and Linux runtime dependencies	2026-10-05T13:50:17.6401074Z Selecting previously unselected package libwayland-server0:amd64.
conformance-and-platform	Install toolchain and Linux runtime dependencies	2026-10-05T13:50:17.6524901Z Preparing to unpack .../119-libwayland-server0_1.22.0-2.1build1_amd64.deb ...
conformance-and-platform	Install toolchain and Linux runtime dependencies	2026-10-05T13:50:17.6535252Z Unpacking libwayland-server0:amd64 (1.22.0-2.1build1) ...
conformance-and-platform	Install toolchain and Linux runtime dependencies	2026-10-05T13:50:17.6714276Z Selecting previously unselected package libxcb-composite0:amd64.
conformance-and-platform	Install toolchain and Linux runtime dependencies	2026-10-05T13:50:17.6838485Z Preparing to unpack .../120-libxcb-composite0_1.15-1ubuntu2_amd64.deb ...
conformance-and-platform	Install toolchain and Linux runtime dependencies	2026-10-05T13:50:17.6849088Z Unpacking libxcb-composite0:amd64 (1.15-1ubuntu2) ...
conformance-and-platform	Install toolchain and Linux runtime dependencies	2026-10-05T13:50:17.7235529Z Selecting previously unselected package libxcb-xkb1:amd64.
conformance-and-platform	Install toolchain and Linux runtime dependencies	2026-10-05T13:50:17.7362215Z Preparing to unpack .../121-libxcb-xkb1_1.15-1ubuntu2_amd64.deb ...
conformance-and-platform	Install toolchain and Linux runtime dependencies	2026-10-05T13:50:17.7376600Z Unpacking libxcb-xkb1:amd64 (1.15-1ubuntu2) ...
conformance-and-platform	Install toolchain and Linux runtime dependencies	2026-10-05T13:50:17.7564689Z Selecting previously unselected package libweston-13-0:amd64.
conformance-and-platform	Install toolchain and Linux runtime dependencies	2026-10-05T13:50:17.7690222Z Preparing to unpack .../122-libweston-13-0_13.0.0-4build3_amd64.deb ...
conformance-and-platform	Install toolchain and Linux runtime dependencies	2026-10-05T13:50:17.7701209Z Unpacking libweston-13-0:amd64 (13.0.0-4build3) ...
conformance-and-platform	Install toolchain and Linux runtime dependencies	2026-10-05T13:50:17.7951198Z Selecting previously unselected package libx11-xcb-dev:amd64.
conformance-and-platform	Install toolchain and Linux runtime dependencies	2026-10-05T13:50:17.8074347Z Preparing to unpack .../123-libx11-xcb-dev_2%3a1.8.7-1build1_amd64.deb ...
conformance-and-platform	Install toolchain and Linux runtime dependencies	2026-10-05T13:50:17.8083088Z Unpacking libx11-xcb-dev:amd64 (2:1.8.7-1build1) ...
conformance-and-platform	Install toolchain and Linux runtime dependencies	2026-10-05T13:50:17.8251707Z Selecting previously unselected package libxkbcommon-dev:amd64.
conformance-and-platform	Install toolchain and Linux runtime dependencies	2026-10-05T13:50:17.8374772Z Preparing to unpack .../124-libxkbcommon-dev_1.6.0-1build1_amd64.deb ...
conformance-and-platform	Install toolchain and Linux runtime dependencies	2026-10-05T13:50:17.8382856Z Unpacking libxkbcommon-dev:amd64 (1.6.0-1build1) ...
conformance-and-platform	Install toolchain and Linux runtime dependencies	2026-10-05T13:50:17.8587394Z Selecting previously unselected package libxkbcommon-x11-0:amd64.
conformance-and-platform	Install toolchain and Linux runtime dependencies	2026-10-05T13:50:17.8713702Z Preparing to unpack .../125-libxkbcommon-x11-0_1.6.0-1build1_amd64.deb ...
conformance-and-platform	Install toolchain and Linux runtime dependencies	2026-10-05T13:50:17.8722272Z Unpacking libxkbcommon-x11-0:amd64 (1.6.0-1build1) ...
conformance-and-platform	Install toolchain and Linux runtime dependencies	2026-10-05T13:50:17.8890801Z Selecting previously unselected package mesa-utils-bin:amd64.
conformance-and-platform	Install toolchain and Linux runtime dependencies	2026-10-05T13:50:17.9013846Z Preparing to unpack .../126-mesa-utils-bin_9.0.0-2_amd64.deb ...
conformance-and-platform	Install toolchain and Linux runtime dependencies	2026-10-05T13:50:17.9022867Z Unpacking mesa-utils-bin:amd64 (9.0.0-2) ...
conformance-and-platform	Install toolchain and Linux runtime dependencies	2026-10-05T13:50:17.9293078Z Selecting previously unselected package ninja-build.
conformance-and-platform	Install toolchain and Linux runtime dependencies	2026-10-05T13:50:17.9416175Z Preparing to unpack .../127-ninja-build_1.11.1-2_amd64.deb ...
conformance-and-platform	Install toolchain and Linux runtime dependencies	2026-10-05T13:50:17.9425225Z Unpacking ninja-build (1.11.1-2) ...
conformance-and-platform	Install toolchain and Linux runtime dependencies	2026-10-05T13:50:17.9960939Z Selecting previously unselected package weston.
conformance-and-platform	Install toolchain and Linux runtime dependencies	2026-10-05T13:50:18.0085466Z Preparing to unpack .../128-weston_13.0.0-4build3_amd64.deb ...
conformance-and-platform	Install toolchain and Linux runtime dependencies	2026-10-05T13:50:18.0096478Z Unpacking weston (13.0.0-4build3) ...
conformance-and-platform	Install toolchain and Linux runtime dependencies	2026-10-05T13:50:18.0558416Z Selecting previously unselected package libglvnd-core-dev:amd64.
conformance-and-platform	Install toolchain and Linux runtime dependencies	2026-10-05T13:50:18.0682579Z Preparing to unpack .../129-libglvnd-core-dev_1.7.0-1build1_amd64.deb ...
conformance-and-platform	Install toolchain and Linux runtime dependencies	2026-10-05T13:50:18.0690951Z Unpacking libglvnd-core-dev:amd64 (1.7.0-1build1) ...
conformance-and-platform	Install toolchain and Linux runtime dependencies	2026-10-05T13:50:18.0857833Z Selecting previously unselected package libglvnd-dev:amd64.
conformance-and-platform	Install toolchain and Linux runtime dependencies	2026-10-05T13:50:18.0981947Z Preparing to unpack .../130-libglvnd-dev_1.7.0-1build1_amd64.deb ...
conformance-and-platform	Install toolchain and Linux runtime dependencies	2026-10-05T13:50:18.0990222Z Unpacking libglvnd-dev:amd64 (1.7.0-1build1) ...
conformance-and-platform	Install toolchain and Linux runtime dependencies	2026-10-05T13:50:18.1150950Z Selecting previously unselected package libgl1-mesa-dev:amd64.
conformance-and-platform	Install toolchain and Linux runtime dependencies	2026-10-05T13:50:18.1275556Z Preparing to unpack .../131-libgl1-mesa-dev_25.2.8-0ubuntu0.24.04.4_amd64.deb ...
conformance-and-platform	Install toolchain and Linux runtime dependencies	2026-10-05T13:50:18.1283927Z Unpacking libgl1-mesa-dev:amd64 (25.2.8-0ubuntu0.24.04.4) ...
conformance-and-platform	Install toolchain and Linux runtime dependencies	2026-10-05T13:50:18.1447889Z Selecting previously unselected package libwayland-bin.
conformance-and-platform	Install toolchain and Linux runtime dependencies	2026-10-05T13:50:18.1570909Z Preparing to unpack .../132-libwayland-bin_1.22.0-2.1build1_amd64.deb ...
conformance-and-platform	Install toolchain and Linux runtime dependencies	2026-10-05T13:50:18.1578607Z Unpacking libwayland-bin (1.22.0-2.1build1) ...
conformance-and-platform	Install toolchain and Linux runtime dependencies	2026-10-05T13:50:18.1743635Z Selecting previously unselected package libwayland-dev:amd64.
conformance-and-platform	Install toolchain and Linux runtime dependencies	2026-10-05T13:50:18.1866837Z Preparing to unpack .../133-libwayland-dev_1.22.0-2.1build1_amd64.deb ...
conformance-and-platform	Install toolchain and Linux runtime dependencies	2026-10-05T13:50:18.1875194Z Unpacking libwayland-dev:amd64 (1.22.0-2.1build1) ...
conformance-and-platform	Install toolchain and Linux runtime dependencies	2026-10-05T13:50:18.2070571Z Selecting previously unselected package mesa-utils.
conformance-and-platform	Install toolchain and Linux runtime dependencies	2026-10-05T13:50:18.2194617Z Preparing to unpack .../134-mesa-utils_9.0.0-2_amd64.deb ...
conformance-and-platform	Install toolchain and Linux runtime dependencies	2026-10-05T13:50:18.2333290Z Unpacking mesa-utils (9.0.0-2) ...
conformance-and-platform	Install toolchain and Linux runtime dependencies	2026-10-05T13:50:18.3192767Z Setting up libgme0:amd64 (0.6.3-7build1) ...
conformance-and-platform	Install toolchain and Linux runtime dependencies	2026-10-05T13:50:18.3219030Z Setting up libchromaprint1:amd64 (1.5.1-5) ...
conformance-and-platform	Install toolchain and Linux runtime dependencies	2026-10-05T13:50:18.3242164Z Setting up libssh-gcrypt-4:amd64 (0.10.6-2ubuntu0.5) ...
conformance-and-platform	Install toolchain and Linux runtime dependencies	2026-10-05T13:50:18.3263410Z Setting up libhwy1t64:amd64 (1.0.7-8.1build1) ...
conformance-and-platform	Install toolchain and Linux runtime dependencies	2026-10-05T13:50:18.3283187Z Setting up libudfread0:amd64 (1.1.2-1build1) ...
conformance-and-platform	Install toolchain and Linux runtime dependencies	2026-10-05T13:50:18.3304750Z Setting up libwayland-server0:amd64 (1.22.0-2.1build1) ...
conformance-and-platform	Install toolchain and Linux runtime dependencies	2026-10-05T13:50:18.3327272Z Setting up mesa-libgallium:amd64 (25.2.8-0ubuntu0.24.04.4) ...
conformance-and-platform	Install toolchain and Linux runtime dependencies	2026-10-05T13:50:18.3346765Z Setting up libspeex1:amd64 (1.2.1-2ubuntu2.24.04.1) ...
conformance-and-platform	Install toolchain and Linux runtime dependencies	2026-10-05T13:50:18.3367074Z Setting up libshine3:amd64 (3.1.1-2build1) ...
conformance-and-platform	Install toolchain and Linux runtime dependencies	2026-10-05T13:50:18.3387627Z Setting up libvpl2 (2023.3.0-1build1) ...
conformance-and-platform	Install toolchain and Linux runtime dependencies	2026-10-05T13:50:18.3407576Z Setting up libglvnd-core-dev:amd64 (1.7.0-1build1) ...
conformance-and-platform	Install toolchain and Linux runtime dependencies	2026-10-05T13:50:18.3426750Z Setting up libx264-164:amd64 (2:0.164.3108+git31e19f9-1) ...
conformance-and-platform	Install toolchain and Linux runtime dependencies	2026-10-05T13:50:18.3448543Z Setting up libtwolame0:amd64 (0.4.0-2build3) ...
conformance-and-platform	Install toolchain and Linux runtime dependencies	2026-10-05T13:50:18.3468498Z Setting up libmbedcrypto7t64:amd64 (2.28.8-1) ...
conformance-and-platform	Install toolchain and Linux runtime dependencies	2026-10-05T13:50:18.3489584Z Setting up libgbm1:amd64 (25.2.8-0ubuntu0.24.04.4) ...
conformance-and-platform	Install toolchain and Linux runtime dependencies	2026-10-05T13:50:18.3509898Z Setting up libgsm1:amd64 (1.0.22-1build1) ...
conformance-and-platform	Install toolchain and Linux runtime dependencies	2026-10-05T13:50:18.3530075Z Setting up libaml0t64:amd64 (0.3.0-1.1build1) ...
conformance-and-platform	Install toolchain and Linux runtime dependencies	2026-10-05T13:50:18.3550725Z Setting up libsoxr0:amd64 (0.1.3-4build3) ...
conformance-and-platform	Install toolchain and Linux runtime dependencies	2026-10-05T13:50:18.3570296Z Setting up libzix-0-0:amd64 (0.4.2-2build1) ...
conformance-and-platform	Install toolchain and Linux runtime dependencies	2026-10-05T13:50:18.3589645Z Setting up libcodec2-1.2:amd64 (1.2.0-2build1) ...
conformance-and-platform	Install toolchain and Linux runtime dependencies	2026-10-05T13:50:18.3610495Z Setting up libwinpr2-2t64:amd64 (2.11.5+dfsg1-1build2) ...
conformance-and-platform	Install toolchain and Linux runtime dependencies	2026-10-05T13:50:18.3631992Z Setting up libxkbcommon-dev:amd64 (1.6.0-1build1) ...
conformance-and-platform	Install toolchain and Linux runtime dependencies	2026-10-05T13:50:18.3652627Z Setting up libgl1-mesa-dri:amd64 (25.2.8-0ubuntu0.24.04.4) ...
conformance-and-platform	Install toolchain and Linux runtime dependencies	2026-10-05T13:50:18.3725138Z Setting up libpng-dev:amd64 (1.6.43-5ubuntu0.6) ...
conformance-and-platform	Install toolchain and Linux runtime dependencies	2026-10-05T13:50:18.3746270Z Setting up libmysofa1:amd64 (1.3.2+dfsg-2ubuntu2) ...
conformance-and-platform	Install toolchain and Linux runtime dependencies	2026-10-05T13:50:18.3769295Z Setting up libwebrtc-audio-processing1:amd64 (0.3.1-0ubuntu6) ...
conformance-and-platform	Install toolchain and Linux runtime dependencies	2026-10-05T13:50:18.3789213Z Setting up libsvtav1enc1d1:amd64 (1.7.0+dfsg-2build1) ...
conformance-and-platform	Install toolchain and Linux runtime dependencies	2026-10-05T13:50:18.3810158Z Setting up libmpg123-0t64:amd64 (1.32.5-1ubuntu1.1) ...
conformance-and-platform	Install toolchain and Linux runtime dependencies	2026-10-05T13:50:18.3833080Z Setting up libcjson1:amd64 (1.7.17-1) ...
conformance-and-platform	Install toolchain and Linux runtime dependencies	2026-10-05T13:50:18.3855050Z Setting up libxvidcore4:amd64 (2:1.3.7-1build1) ...
conformance-and-platform	Install toolchain and Linux runtime dependencies	2026-10-05T13:50:18.3874849Z Setting up libpthread-stubs0-dev:amd64 (0.4-1build3) ...
conformance-and-platform	Install toolchain and Linux runtime dependencies	2026-10-05T13:50:18.3894960Z Setting up librav1e0:amd64 (0.7.1-2) ...
conformance-and-platform	Install toolchain and Linux runtime dependencies	2026-10-05T13:50:18.3914360Z Setting up libopengl0:amd64 (1.7.0-1build1) ...
conformance-and-platform	Install toolchain and Linux runtime dependencies	2026-10-05T13:50:18.3936691Z Setting up ninja-build (1.11.1-2) ...
conformance-and-platform	Install toolchain and Linux runtime dependencies	2026-10-05T13:50:18.3955110Z Setting up liborc-0.4-0t64:amd64 (1:0.4.38-1ubuntu0.1) ...
conformance-and-platform	Install toolchain and Linux runtime dependencies	2026-10-05T13:50:18.3975199Z Setting up libxcb-xkb1:amd64 (1.15-1ubuntu2) ...
conformance-and-platform	Install toolchain and Linux runtime dependencies	2026-10-05T13:50:18.3993281Z Setting up librist4:amd64 (0.2.10+dfsg-2) ...
conformance-and-platform	Install toolchain and Linux runtime dependencies	2026-10-05T13:50:18.4012633Z Setting up librsvg2-2:amd64 (2.58.0+dfsg-1build1) ...
conformance-and-platform	Install toolchain and Linux runtime dependencies	2026-10-05T13:50:18.4030792Z Setting up libclang-18-dev (1:18.1.3-1ubuntu1) ...
conformance-and-platform	Install toolchain and Linux runtime dependencies	2026-10-05T13:50:18.4051991Z Setting up xtrans-dev (1.4.0-1) ...
conformance-and-platform	Install toolchain and Linux runtime dependencies	2026-10-05T13:50:18.4070284Z Setting up libwayland-bin (1.22.0-2.1build1) ...
conformance-and-platform	Install toolchain and Linux runtime dependencies	2026-10-05T13:50:18.4090238Z Setting up libblas3:amd64 (3.12.0-3build1.1) ...
conformance-and-platform	Install toolchain and Linux runtime dependencies	2026-10-05T13:50:18.4143927Z update-alternatives: using /usr/lib/x86_64-linux-gnu/blas/libblas.so.3 to provide /usr/lib/x86_64-linux-gnu/libblas.so.3 (libblas.so.3-x86_64-linux-gnu) in auto mode
conformance-and-platform	Install toolchain and Linux runtime dependencies	2026-10-05T13:50:18.4159950Z Setting up libegl-mesa0:amd64 (25.2.8-0ubuntu0.24.04.4) ...
conformance-and-platform	Install toolchain and Linux runtime dependencies	2026-10-05T13:50:18.4182487Z Setting up libplacebo338:amd64 (6.338.2-2build1) ...
conformance-and-platform	Install toolchain and Linux runtime dependencies	2026-10-05T13:50:18.4202030Z Setting up libgles2:amd64 (1.7.0-1build1) ...
conformance-and-platform	Install toolchain and Linux runtime dependencies	2026-10-05T13:50:18.4220665Z Setting up libva2:amd64 (2.20.0-2ubuntu0.2) ...
conformance-and-platform	Install toolchain and Linux runtime dependencies	2026-10-05T13:50:18.4241622Z Setting up libspa-0.2-modules:amd64 (1.0.5-1ubuntu3.3) ...
conformance-and-platform	Install toolchain and Linux runtime dependencies	2026-10-05T13:50:18.4261343Z Setting up uuid-dev:amd64 (2.39.3-9ubuntu6.6) ...
conformance-and-platform	Install toolchain and Linux runtime dependencies	2026-10-05T13:50:18.4284575Z Setting up clang (1:18.0-59~exp2) ...
conformance-and-platform	Install toolchain and Linux runtime dependencies	2026-10-05T13:50:18.4478070Z Setting up libgles1:amd64 (1.7.0-1build1) ...
conformance-and-platform	Install toolchain and Linux runtime dependencies	2026-10-05T13:50:18.4497816Z Setting up libopus0:amd64 (1.4-1build1) ...
conformance-and-platform	Install toolchain and Linux runtime dependencies	2026-10-05T13:50:18.4516415Z Setting up libxkbcommon-x11-0:amd64 (1.6.0-1build1) ...
conformance-and-platform	Install toolchain and Linux runtime dependencies	2026-10-05T13:50:18.4535016Z Setting up libunibreak5:amd64 (5.1-2build1) ...
conformance-and-platform	Install toolchain and Linux runtime dependencies	2026-10-05T13:50:18.4553044Z Setting up libjxl0.7:amd64 (0.7.0-10.2ubuntu6.1) ...
conformance-and-platform	Install toolchain and Linux runtime dependencies	2026-10-05T13:50:18.4946273Z Setting up libx265-199:amd64 (3.5-2build1) ...
conformance-and-platform	Install toolchain and Linux runtime dependencies	2026-10-05T13:50:18.4967183Z Setting up libturbojpeg:amd64 (1:2.1.5-2ubuntu2) ...
conformance-and-platform	Install toolchain and Linux runtime dependencies	2026-10-05T13:50:18.4988161Z Setting up libvidstab1.1:amd64 (1.1.0-2build1) ...
conformance-and-platform	Install toolchain and Linux runtime dependencies	2026-10-05T13:50:18.5008306Z Setting up libvpx9:amd64 (1.14.0-1ubuntu2.3) ...
conformance-and-platform	Install toolchain and Linux runtime dependencies	2026-10-05T13:50:18.5031099Z Setting up libsrt1.5-gnutls:amd64 (1.5.3-1build2) ...
conformance-and-platform	Install toolchain and Linux runtime dependencies	2026-10-05T13:50:18.5051631Z Setting up libxcb-composite0:amd64 (1.15-1ubuntu2) ...
conformance-and-platform	Install toolchain and Linux runtime dependencies	2026-10-05T13:50:18.5075585Z Setting up libflite1:amd64 (2.2-6build3) ...
conformance-and-platform	Install toolchain and Linux runtime dependencies	2026-10-05T13:50:18.5098031Z Setting up libdav1d7:amd64 (1.4.1-1build1) ...
conformance-and-platform	Install toolchain and Linux runtime dependencies	2026-10-05T13:50:18.5118078Z Setting up libmtdev1t64:amd64 (1.1.6-1.1build1) ...
conformance-and-platform	Install toolchain and Linux runtime dependencies	2026-10-05T13:50:18.5142944Z Setting up libva-drm2:amd64 (2.20.0-2ubuntu0.2) ...
conformance-and-platform	Install toolchain and Linux runtime dependencies	2026-10-05T13:50:18.5162227Z Setting up ocl-icd-libopencl1:amd64 (2.3.2-1build1) ...
conformance-and-platform	Install toolchain and Linux runtime dependencies	2026-10-05T13:50:18.5189993Z Setting up libasyncns0:amd64 (0.8-6build4) ...
conformance-and-platform	Install toolchain and Linux runtime dependencies	2026-10-05T13:50:18.5209595Z Setting up libvdpau1:amd64 (1.5-2build1) ...
conformance-and-platform	Install toolchain and Linux runtime dependencies	2026-10-05T13:50:18.5236993Z Setting up libbs2b0:amd64 (3.1.0+dfsg-7build1) ...
conformance-and-platform	Install toolchain and Linux runtime dependencies	2026-10-05T13:50:18.5260815Z Setting up libtheora0:amd64 (1.1.1+dfsg.1-16.1build3) ...
conformance-and-platform	Install toolchain and Linux runtime dependencies	2026-10-05T13:50:18.5285611Z Setting up libegl1:amd64 (1.7.0-1build1) ...
conformance-and-platform	Install toolchain and Linux runtime dependencies	2026-10-05T13:50:18.5305950Z Setting up libfreerdp2-2t64:amd64 (2.11.5+dfsg1-1build2) ...
conformance-and-platform	Install toolchain and Linux runtime dependencies	2026-10-05T13:50:18.5328312Z Setting up libdecor-0-0:amd64 (0.2.2-1build2) ...
conformance-and-platform	Install toolchain and Linux runtime dependencies	2026-10-05T13:50:18.5349056Z Setting up libzimg2:amd64 (3.0.5+ds1-1build1) ...
conformance-and-platform	Install toolchain and Linux runtime dependencies	2026-10-05T13:50:18.5375672Z Setting up build-essential (12.10ubuntu1) ...
conformance-and-platform	Install toolchain and Linux runtime dependencies	2026-10-05T13:50:18.5394734Z Setting up xorg-sgml-doctools (1:1.11-1.1) ...
conformance-and-platform	Install toolchain and Linux runtime dependencies	2026-10-05T13:50:18.5419190Z Setting up libflac12t64:amd64 (1.4.3+ds-2.1ubuntu2) ...
conformance-and-platform	Install toolchain and Linux runtime dependencies	2026-10-05T13:50:18.5437870Z Setting up libseat1:amd64 (0.8.0-1) ...
conformance-and-platform	Install toolchain and Linux runtime dependencies	2026-10-05T13:50:18.5460891Z Setting up libopengl-dev:amd64 (1.7.0-1build1) ...
conformance-and-platform	Install toolchain and Linux runtime dependencies	2026-10-05T13:50:18.5486246Z Setting up libbluray2:amd64 (1:1.3.4-1build1) ...
conformance-and-platform	Install toolchain and Linux runtime dependencies	2026-10-05T13:50:18.5507091Z Setting up libsamplerate0:amd64 (0.2.2-4build1) ...
conformance-and-platform	Install toolchain and Linux runtime dependencies	2026-10-05T13:50:18.5531887Z Setting up libva-x11-2:amd64 (2.20.0-2ubuntu0.2) ...
conformance-and-platform	Install toolchain and Linux runtime dependencies	2026-10-05T13:50:18.5551962Z Setting up libpipewire-0.3-0t64:amd64 (1.0.5-1ubuntu3.3) ...
conformance-and-platform	Install toolchain and Linux runtime dependencies	2026-10-05T13:50:18.5574418Z Setting up libopenmpt0t64:amd64 (0.7.3-1.1build3) ...
conformance-and-platform	Install toolchain and Linux runtime dependencies	2026-10-05T13:50:18.5598617Z Setting up libbrotli-dev:amd64 (1.1.0-2build2) ...
conformance-and-platform	Install toolchain and Linux runtime dependencies	2026-10-05T13:50:18.6179753Z Setting up libzvbi-common (0.2.42-2) ...
conformance-and-platform	Install toolchain and Linux runtime dependencies	2026-10-05T13:50:18.6201568Z Setting up libmp3lame0:amd64 (3.100-6build1) ...
conformance-and-platform	Install toolchain and Linux runtime dependencies	2026-10-05T13:50:18.6229616Z Setting up libvorbisenc2:amd64 (1.3.7-1build3) ...
conformance-and-platform	Install toolchain and Linux runtime dependencies	2026-10-05T13:50:18.6248783Z Setting up libserd-0-0:amd64 (0.32.2-1) ...
conformance-and-platform	Install toolchain and Linux runtime dependencies	2026-10-05T13:50:18.6268353Z Setting up libwacom-common (2.10.0-2) ...
conformance-and-platform	Install toolchain and Linux runtime dependencies	2026-10-05T13:50:18.6297180Z Setting up libbz2-dev:amd64 (1.0.8-5.1ubuntu0.1) ...
conformance-and-platform	Install toolchain and Linux runtime dependencies	2026-10-05T13:50:18.6319242Z Setting up liblapack3:amd64 (3.12.0-3build1.1) ...
conformance-and-platform	Install toolchain and Linux runtime dependencies	2026-10-05T13:50:18.6373463Z update-alternatives: using /usr/lib/x86_64-linux-gnu/lapack/liblapack.so.3 to provide /usr/lib/x86_64-linux-gnu/liblapack.so.3 (liblapack.so.3-x86_64-linux-gnu) in auto mode
conformance-and-platform	Install toolchain and Linux runtime dependencies	2026-10-05T13:50:18.6393376Z Setting up libglx-mesa0:amd64 (25.2.8-0ubuntu0.24.04.4) ...
conformance-and-platform	Install toolchain and Linux runtime dependencies	2026-10-05T13:50:18.6416749Z Setting up libzvbi0t64:amd64 (0.2.42-2) ...
conformance-and-platform	Install toolchain and Linux runtime dependencies	2026-10-05T13:50:18.6448782Z Setting up libwacom9:amd64 (2.10.0-2) ...
conformance-and-platform	Install toolchain and Linux runtime dependencies	2026-10-05T13:50:18.6476344Z Setting up libgstreamer-plugins-base1.0-0:amd64 (1.24.2-1ubuntu0.5) ...
conformance-and-platform	Install toolchain and Linux runtime dependencies	2026-10-05T13:50:18.6496927Z Setting up libavutil58:amd64 (7:6.1.1-3ubuntu5) ...
conformance-and-platform	Install toolchain and Linux runtime dependencies	2026-10-05T13:50:18.6518191Z Setting up libwayland-dev:amd64 (1.22.0-2.1build1) ...
conformance-and-platform	Install toolchain and Linux runtime dependencies	2026-10-05T13:50:18.6538666Z Setting up libinput-bin (1.25.0-1ubuntu3.7) ...
conformance-and-platform	Install toolchain and Linux runtime dependencies	2026-10-05T13:50:18.6567534Z Setting up libfreetype-dev:amd64 (2.13.2+dfsg-1ubuntu0.1) ...
conformance-and-platform	Install toolchain and Linux runtime dependencies	2026-10-05T13:50:18.6585836Z Setting up libass9:amd64 (1:0.17.1-2build1) ...
conformance-and-platform	Install toolchain and Linux runtime dependencies	2026-10-05T13:50:18.6611749Z Setting up mesa-utils-bin:amd64 (9.0.0-2) ...
conformance-and-platform	Install toolchain and Linux runtime dependencies	2026-10-05T13:50:18.6630425Z Setting up libswresample4:amd64 (7:6.1.1-3ubuntu5) ...
conformance-and-platform	Install toolchain and Linux runtime dependencies	2026-10-05T13:50:18.6654207Z Setting up libfreerdp-server2-2t64:amd64 (2.11.5+dfsg1-1build2) ...
conformance-and-platform	Install toolchain and Linux runtime dependencies	2026-10-05T13:50:18.6673252Z Setting up libavcodec60:amd64 (7:6.1.1-3ubuntu5) ...
conformance-and-platform	Install toolchain and Linux runtime dependencies	2026-10-05T13:50:18.6693085Z Setting up librubberband2:amd64 (3.3.0+dfsg-2build1) ...
conformance-and-platform	Install toolchain and Linux runtime dependencies	2026-10-05T13:50:18.6719899Z Setting up libsord-0-0:amd64 (0.16.16-2build1) ...
conformance-and-platform	Install toolchain and Linux runtime dependencies	2026-10-05T13:50:18.6737508Z Setting up libpostproc57:amd64 (7:6.1.1-3ubuntu5) ...
conformance-and-platform	Install toolchain and Linux runtime dependencies	2026-10-05T13:50:18.6761936Z Setting up libsratom-0-0:amd64 (0.6.16-1build1) ...
conformance-and-platform	Install toolchain and Linux runtime dependencies	2026-10-05T13:50:18.6785049Z Setting up libsndfile1:amd64 (1.2.2-1ubuntu5.24.04.1) ...
conformance-and-platform	Install toolchain and Linux runtime dependencies	2026-10-05T13:50:18.6811628Z Setting up liblilv-0-0:amd64 (0.24.22-1build1) ...
conformance-and-platform	Install toolchain and Linux runtime dependencies	2026-10-05T13:50:18.6833161Z Setting up libswscale7:amd64 (7:6.1.1-3ubuntu5) ...
conformance-and-platform	Install toolchain and Linux runtime dependencies	2026-10-05T13:50:18.6853100Z Setting up libinput10:amd64 (1.25.0-1ubuntu3.7) ...
conformance-and-platform	Install toolchain and Linux runtime dependencies	2026-10-05T13:50:18.6878866Z Setting up libpulse0:amd64 (1:16.1+dfsg1-2ubuntu10.1) ...
conformance-and-platform	Install toolchain and Linux runtime dependencies	2026-10-05T13:50:18.6951929Z Setting up libfontconfig-dev:amd64 (2.15.0-1.1ubuntu2) ...
conformance-and-platform	Install toolchain and Linux runtime dependencies	2026-10-05T13:50:18.6980579Z Setting up libavformat60:amd64 (7:6.1.1-3ubuntu5) ...
conformance-and-platform	Install toolchain and Linux runtime dependencies	2026-10-05T13:50:18.7004938Z Setting up libsphinxbase3t64:amd64 (0.8+5prealpha+1-17build2) ...
conformance-and-platform	Install toolchain and Linux runtime dependencies	2026-10-05T13:50:18.7024859Z Setting up mesa-utils (9.0.0-2) ...
conformance-and-platform	Install toolchain and Linux runtime dependencies	2026-10-05T13:50:18.7051974Z Setting up libfontconfig1-dev:amd64 (2.15.0-1.1ubuntu2) ...
conformance-and-platform	Install toolchain and Linux runtime dependencies	2026-10-05T13:50:18.7072043Z Setting up libpocketsphinx3:amd64 (0.8.0+real5prealpha+1-15ubuntu5) ...
conformance-and-platform	Install toolchain and Linux runtime dependencies	2026-10-05T13:50:18.7095910Z Setting up libavfilter9:amd64 (7:6.1.1-3ubuntu5) ...
conformance-and-platform	Install toolchain and Linux runtime dependencies	2026-10-05T13:50:18.7117623Z Setting up libneatvnc0:amd64 (0.7.1+dfsg-2build3) ...
conformance-and-platform	Install toolchain and Linux runtime dependencies	2026-10-05T13:50:18.7141758Z Setting up libweston-13-0:amd64 (13.0.0-4build3) ...
conformance-and-platform	Install toolchain and Linux runtime dependencies	2026-10-05T13:50:18.7165222Z Setting up weston (13.0.0-4build3) ...
conformance-and-platform	Install toolchain and Linux runtime dependencies	2026-10-05T13:50:18.7279008Z Processing triggers for libc-bin (2.39-0ubuntu8.9) ...
conformance-and-platform	Install toolchain and Linux runtime dependencies	2026-10-05T13:50:18.7696338Z Processing triggers for man-db (2.12.0-4build2) ...
conformance-and-platform	Install toolchain and Linux runtime dependencies	2026-10-05T13:50:18.7721811Z Not building database; man-db/auto-update is not 'true'.
conformance-and-platform	Install toolchain and Linux runtime dependencies	2026-10-05T13:50:18.7739465Z Processing triggers for udev (255.4-1ubuntu8.17) ...
conformance-and-platform	Install toolchain and Linux runtime dependencies	2026-10-05T13:50:19.1138914Z Processing triggers for sgml-base (1.31) ...
conformance-and-platform	Install toolchain and Linux runtime dependencies	2026-10-05T13:50:19.1262895Z Setting up x11proto-dev (2023.2-1) ...
conformance-and-platform	Install toolchain and Linux runtime dependencies	2026-10-05T13:50:19.1291992Z Setting up libxau-dev:amd64 (1:1.0.9-1build6) ...
conformance-and-platform	Install toolchain and Linux runtime dependencies	2026-10-05T13:50:19.1332152Z Setting up libxdmcp-dev:amd64 (1:1.1.3-0ubuntu6) ...
conformance-and-platform	Install toolchain and Linux runtime dependencies	2026-10-05T13:50:19.1376293Z Setting up libxcb1-dev:amd64 (1.15-1ubuntu2) ...
conformance-and-platform	Install toolchain and Linux runtime dependencies	2026-10-05T13:50:19.1410174Z Setting up libx11-dev:amd64 (2:1.8.7-1build1) ...
conformance-and-platform	Install toolchain and Linux runtime dependencies	2026-10-05T13:50:19.1449343Z Setting up libglx-dev:amd64 (1.7.0-1build1) ...
conformance-and-platform	Install toolchain and Linux runtime dependencies	2026-10-05T13:50:19.1478275Z Setting up libgl-dev:amd64 (1.7.0-1build1) ...
conformance-and-platform	Install toolchain and Linux runtime dependencies	2026-10-05T13:50:19.1504342Z Setting up libx11-xcb-dev:amd64 (2:1.8.7-1build1) ...
conformance-and-platform	Install toolchain and Linux runtime dependencies	2026-10-05T13:50:19.1530286Z Setting up libegl-dev:amd64 (1.7.0-1build1) ...
conformance-and-platform	Install toolchain and Linux runtime dependencies	2026-10-05T13:50:19.1568373Z Setting up libgles-dev:amd64 (1.7.0-1build1) ...
conformance-and-platform	Install toolchain and Linux runtime dependencies	2026-10-05T13:50:19.1615404Z Setting up libglvnd-dev:amd64 (1.7.0-1build1) ...
conformance-and-platform	Install toolchain and Linux runtime dependencies	2026-10-05T13:50:19.1640462Z Setting up libgl1-mesa-dev:amd64 (25.2.8-0ubuntu0.24.04.4) ...
conformance-and-platform	Install toolchain and Linux runtime dependencies	2026-10-05T13:50:19.7440415Z 
conformance-and-platform	Install toolchain and Linux runtime dependencies	2026-10-05T13:50:19.7441848Z Running kernel seems to be up-to-date.
conformance-and-platform	Install toolchain and Linux runtime dependencies	2026-10-05T13:50:19.7442295Z 
conformance-and-platform	Install toolchain and Linux runtime dependencies	2026-10-05T13:50:19.7442463Z No services need to be restarted.
conformance-and-platform	Install toolchain and Linux runtime dependencies	2026-10-05T13:50:19.7442803Z 
conformance-and-platform	Install toolchain and Linux runtime dependencies	2026-10-05T13:50:19.7442959Z No containers need to be restarted.
conformance-and-platform	Install toolchain and Linux runtime dependencies	2026-10-05T13:50:19.7443352Z 
conformance-and-platform	Install toolchain and Linux runtime dependencies	2026-10-05T13:50:19.7443546Z No user sessions are running outdated binaries.
conformance-and-platform	Install toolchain and Linux runtime dependencies	2026-10-05T13:50:19.7443903Z 
conformance-and-platform	Install toolchain and Linux runtime dependencies	2026-10-05T13:50:19.7444239Z No VM guests are running outdated hypervisor (qemu) binaries on this host.
conformance-and-platform	Install toolchain and Linux runtime dependencies	2026-10-05T13:50:20.7644032Z info: syncing channel updates for 1.94.1-x86_64-unknown-linux-gnu
conformance-and-platform	Install toolchain and Linux runtime dependencies	2026-10-05T13:50:21.0364295Z info: latest update on 2026-03-26 for version 1.94.1 (e408947bf 2026-03-25)
conformance-and-platform	Install toolchain and Linux runtime dependencies	2026-10-05T13:50:21.0364965Z info: downloading 4 components
conformance-and-platform	Install toolchain and Linux runtime dependencies	2026-10-05T13:50:29.7073420Z 
conformance-and-platform	Install toolchain and Linux runtime dependencies	2026-10-05T13:50:29.7147469Z   1.94.1-x86_64-unknown-linux-gnu installed - rustc 1.94.1 (e408947bf 2026-03-25)
conformance-and-platform	Install toolchain and Linux runtime dependencies	2026-10-05T13:50:29.7147887Z 
conformance-and-platform	Install toolchain and Linux runtime dependencies	2026-10-05T13:50:29.7223172Z info: using existing install for 1.94.1-x86_64-unknown-linux-gnu
conformance-and-platform	Install toolchain and Linux runtime dependencies	2026-10-05T13:50:29.7233838Z info: default toolchain set to 1.94.1-x86_64-unknown-linux-gnu
conformance-and-platform	Install toolchain and Linux runtime dependencies	2026-10-05T13:50:29.7234383Z 
conformance-and-platform	Install toolchain and Linux runtime dependencies	2026-10-05T13:50:29.7303769Z   1.94.1-x86_64-unknown-linux-gnu unchanged - rustc 1.94.1 (e408947bf 2026-03-25)
conformance-and-platform	Install toolchain and Linux runtime dependencies	2026-10-05T13:50:29.7304402Z 
conformance-and-platform	Run actions/cache@v5	﻿2026-10-05T13:50:29.8718173Z ##[group]Run actions/cache@v5
conformance-and-platform	Run actions/cache@v5	2026-10-05T13:50:29.8718539Z with:
conformance-and-platform	Run actions/cache@v5	2026-10-05T13:50:29.8718871Z   path: ~/.cargo/git
conformance-and-platform	Run actions/cache@v5	~/.cargo/registry
conformance-and-platform	Run actions/cache@v5	bindings/rust/target
conformance-and-platform	Run actions/cache@v5	
conformance-and-platform	Run actions/cache@v5	2026-10-05T13:50:29.8719448Z   key: v02-hardening-Linux-1.94.1-fb34f7045b13690422332ca00f8747395dca2fa1d8a8e28868ee97a1a1a44b75
conformance-and-platform	Run actions/cache@v5	2026-10-05T13:50:29.8720038Z   enableCrossOsArchive: false
conformance-and-platform	Run actions/cache@v5	2026-10-05T13:50:29.8720350Z   fail-on-cache-miss: false
conformance-and-platform	Run actions/cache@v5	2026-10-05T13:50:29.8720654Z   lookup-only: false
conformance-and-platform	Run actions/cache@v5	2026-10-05T13:50:29.8720949Z   save-always: false
conformance-and-platform	Run actions/cache@v5	2026-10-05T13:50:29.8721244Z env:
conformance-and-platform	Run actions/cache@v5	2026-10-05T13:50:29.8721874Z   BINDGEN_EXTRA_CLANG_ARGS: 
conformance-and-platform	Run actions/cache@v5	2026-10-05T13:50:29.8722217Z   CARGO_TARGET_X86_64_UNKNOWN_LINUX_GNU_RUSTFLAGS: 
conformance-and-platform	Run actions/cache@v5	2026-10-05T13:50:29.8722572Z   CC: clang
conformance-and-platform	Run actions/cache@v5	2026-10-05T13:50:29.8722834Z   CXX: clang++
conformance-and-platform	Run actions/cache@v5	2026-10-05T13:50:29.8723093Z   CXXFLAGS: 
conformance-and-platform	Run actions/cache@v5	2026-10-05T13:50:29.8723400Z   CARGO_TERM_COLOR: always
conformance-and-platform	Run actions/cache@v5	2026-10-05T13:50:29.8723692Z   FORCE_SKIA_BUILD: 1
conformance-and-platform	Run actions/cache@v5	2026-10-05T13:50:29.8723959Z   PKG_CONFIG_SYSROOT_DIR: 
conformance-and-platform	Run actions/cache@v5	2026-10-05T13:50:29.8724650Z   SKIA_GN_ARGS: extra_cflags += [ "-DSK_SUPPORT_LEGACY_CONIC_CHOP", "-DSK_USE_FREETYPE_EMBOLDEN", "-DSK_GAMMA_EXPONENT=1.2", "-DSK_GAMMA_CONTRAST=0.2", "-fno-strict-aliasing", "-msse3" ]
conformance-and-platform	Run actions/cache@v5	2026-10-05T13:50:29.8725490Z   SKIA_NINJA_COMMAND: ninja
conformance-and-platform	Run actions/cache@v5	2026-10-05T13:50:29.8725966Z ##[endgroup]
conformance-and-platform	Run actions/cache@v5	2026-10-05T13:50:30.1933157Z Cache hit for: v02-hardening-Linux-1.94.1-fb34f7045b13690422332ca00f8747395dca2fa1d8a8e28868ee97a1a1a44b75
conformance-and-platform	Run actions/cache@v5	2026-10-05T13:50:31.3835161Z Received 54525952 of 2696292356 (2.0%), 52.0 MBs/sec
conformance-and-platform	Run actions/cache@v5	2026-10-05T13:50:32.3873411Z Received 255852544 of 2696292356 (9.5%), 121.9 MBs/sec
conformance-and-platform	Run actions/cache@v5	2026-10-05T13:50:33.3882801Z Received 457179136 of 2696292356 (17.0%), 145.2 MBs/sec
conformance-and-platform	Run actions/cache@v5	2026-10-05T13:50:34.3860387Z Received 662700032 of 2696292356 (24.6%), 157.9 MBs/sec
conformance-and-platform	Run actions/cache@v5	2026-10-05T13:50:35.3867687Z Received 805306368 of 2696292356 (29.9%), 153.5 MBs/sec
conformance-and-platform	Run actions/cache@v5	2026-10-05T13:50:36.3876877Z Received 989855744 of 2696292356 (36.7%), 157.2 MBs/sec
conformance-and-platform	Run actions/cache@v5	2026-10-05T13:50:37.3913154Z Received 1170210816 of 2696292356 (43.4%), 159.3 MBs/sec
conformance-and-platform	Run actions/cache@v5	2026-10-05T13:50:38.3915284Z Received 1325400064 of 2696292356 (49.2%), 157.9 MBs/sec
conformance-and-platform	Run actions/cache@v5	2026-10-05T13:50:39.3895653Z Received 1476395008 of 2696292356 (54.8%), 156.3 MBs/sec
conformance-and-platform	Run actions/cache@v5	2026-10-05T13:50:40.3913051Z Received 1644167168 of 2696292356 (61.0%), 156.7 MBs/sec
conformance-and-platform	Run actions/cache@v5	2026-10-05T13:50:41.3902445Z Received 1811939328 of 2696292356 (67.2%), 157.0 MBs/sec
conformance-and-platform	Run actions/cache@v5	2026-10-05T13:50:42.3903021Z Received 1979711488 of 2696292356 (73.4%), 157.2 MBs/sec
conformance-and-platform	Run actions/cache@v5	2026-10-05T13:50:43.3917985Z Received 2143289344 of 2696292356 (79.5%), 157.1 MBs/sec
conformance-and-platform	Run actions/cache@v5	2026-10-05T13:50:44.3925648Z Received 2285895680 of 2696292356 (84.8%), 155.6 MBs/sec
conformance-and-platform	Run actions/cache@v5	2026-10-05T13:50:45.3932914Z Received 2453667840 of 2696292356 (91.0%), 155.9 MBs/sec
conformance-and-platform	Run actions/cache@v5	2026-10-05T13:50:46.4019603Z Received 2592079872 of 2696292356 (96.1%), 154.4 MBs/sec
conformance-and-platform	Run actions/cache@v5	2026-10-05T13:50:47.2369742Z Received 2696292356 of 2696292356 (100.0%), 152.6 MBs/sec
conformance-and-platform	Run actions/cache@v5	2026-10-05T13:50:47.2370779Z Cache Size: ~2571 MB (2696292356 B)
conformance-and-platform	Run actions/cache@v5	2026-10-05T13:50:47.2495066Z [command]/usr/bin/tar -xf /home/runner/work/_temp/d0b5bf8b-908b-4090-878b-f96b6c05af6d/cache.tzst -P -C /home/runner/work/open-ui/open-ui --use-compress-program unzstd
conformance-and-platform	Run actions/cache@v5	2026-10-05T13:51:30.0026054Z Cache restored successfully
conformance-and-platform	Run actions/cache@v5	2026-10-05T13:51:30.3709761Z Cache restored from key: v02-hardening-Linux-1.94.1-fb34f7045b13690422332ca00f8747395dca2fa1d8a8e28868ee97a1a1a44b75
conformance-and-platform	Verify scenario and performance schemas	﻿2026-10-05T13:51:30.6274008Z ##[group]Run python3 tools/conformance/verify_v02.py
conformance-and-platform	Verify scenario and performance schemas	2026-10-05T13:51:30.6274524Z [36;1mpython3 tools/conformance/verify_v02.py[0m
conformance-and-platform	Verify scenario and performance schemas	2026-10-05T13:51:30.6274914Z [36;1mpython3 tools/performance/verify_v02.py[0m
conformance-and-platform	Verify scenario and performance schemas	2026-10-05T13:51:30.6275340Z [36;1mpython3 tools/performance/verify_v02.py \[0m
conformance-and-platform	Verify scenario and performance schemas	2026-10-05T13:51:30.6276374Z [36;1m  tools/performance/results/local-wsl2-2026-09-13.json[0m
conformance-and-platform	Verify scenario and performance schemas	2026-10-05T13:51:30.8869401Z shell: /usr/bin/bash -e {0}
conformance-and-platform	Verify scenario and performance schemas	2026-10-05T13:51:30.8869793Z env:
conformance-and-platform	Verify scenario and performance schemas	2026-10-05T13:51:30.8870304Z   BINDGEN_EXTRA_CLANG_ARGS: 
conformance-and-platform	Verify scenario and performance schemas	2026-10-05T13:51:30.8870726Z   CARGO_TARGET_X86_64_UNKNOWN_LINUX_GNU_RUSTFLAGS: 
conformance-and-platform	Verify scenario and performance schemas	2026-10-05T13:51:30.8871086Z   CC: clang
conformance-and-platform	Verify scenario and performance schemas	2026-10-05T13:51:30.8871557Z   CXX: clang++
conformance-and-platform	Verify scenario and performance schemas	2026-10-05T13:51:30.8872073Z   CXXFLAGS: 
conformance-and-platform	Verify scenario and performance schemas	2026-10-05T13:51:30.8872504Z   CARGO_TERM_COLOR: always
conformance-and-platform	Verify scenario and performance schemas	2026-10-05T13:51:30.8872811Z   FORCE_SKIA_BUILD: 1
conformance-and-platform	Verify scenario and performance schemas	2026-10-05T13:51:30.8873100Z   PKG_CONFIG_SYSROOT_DIR: 
conformance-and-platform	Verify scenario and performance schemas	2026-10-05T13:51:30.8873843Z   SKIA_GN_ARGS: extra_cflags += [ "-DSK_SUPPORT_LEGACY_CONIC_CHOP", "-DSK_USE_FREETYPE_EMBOLDEN", "-DSK_GAMMA_EXPONENT=1.2", "-DSK_GAMMA_CONTRAST=0.2", "-fno-strict-aliasing", "-msse3" ]
conformance-and-platform	Verify scenario and performance schemas	2026-10-05T13:51:30.8874711Z   SKIA_NINJA_COMMAND: ninja
conformance-and-platform	Verify scenario and performance schemas	2026-10-05T13:51:30.8875034Z ##[endgroup]
conformance-and-platform	Verify scenario and performance schemas	2026-10-05T13:51:31.1590969Z v0.2 conformance manifest: 58 scenarios, 10 domains, exact test parity
conformance-and-platform	Verify scenario and performance schemas	2026-10-05T13:51:31.1912828Z v0.2 performance profile: schema valid; qualification still required
conformance-and-platform	Verify scenario and performance schemas	2026-10-05T13:51:31.2222461Z v0.2 local performance smoke gates passed
conformance-and-platform	Run application conformance suite	﻿2026-10-05T13:51:31.2301841Z ##[group]Run cargo test --locked --package openui --test v02_conformance -- --test-threads=1
conformance-and-platform	Run application conformance suite	2026-10-05T13:51:31.2302560Z [36;1mcargo test --locked --package openui --test v02_conformance -- --test-threads=1[0m
conformance-and-platform	Run application conformance suite	2026-10-05T13:51:31.2342752Z shell: /usr/bin/bash -e {0}
conformance-and-platform	Run application conformance suite	2026-10-05T13:51:31.2343165Z env:
conformance-and-platform	Run application conformance suite	2026-10-05T13:51:31.2343446Z   BINDGEN_EXTRA_CLANG_ARGS: 
conformance-and-platform	Run application conformance suite	2026-10-05T13:51:31.2343787Z   CARGO_TARGET_X86_64_UNKNOWN_LINUX_GNU_RUSTFLAGS: 
conformance-and-platform	Run application conformance suite	2026-10-05T13:51:31.2344322Z   CC: clang
conformance-and-platform	Run application conformance suite	2026-10-05T13:51:31.2344579Z   CXX: clang++
conformance-and-platform	Run application conformance suite	2026-10-05T13:51:31.2344865Z   CXXFLAGS: 
conformance-and-platform	Run application conformance suite	2026-10-05T13:51:31.2345136Z   CARGO_TERM_COLOR: always
conformance-and-platform	Run application conformance suite	2026-10-05T13:51:31.2345436Z   FORCE_SKIA_BUILD: 1
conformance-and-platform	Run application conformance suite	2026-10-05T13:51:31.2345737Z   PKG_CONFIG_SYSROOT_DIR: 
conformance-and-platform	Run application conformance suite	2026-10-05T13:51:31.2346397Z   SKIA_GN_ARGS: extra_cflags += [ "-DSK_SUPPORT_LEGACY_CONIC_CHOP", "-DSK_USE_FREETYPE_EMBOLDEN", "-DSK_GAMMA_EXPONENT=1.2", "-DSK_GAMMA_CONTRAST=0.2", "-fno-strict-aliasing", "-msse3" ]
conformance-and-platform	Run application conformance suite	2026-10-05T13:51:31.2347133Z   SKIA_NINJA_COMMAND: ninja
conformance-and-platform	Run application conformance suite	2026-10-05T13:51:31.2347522Z ##[endgroup]
conformance-and-platform	Run application conformance suite	2026-10-05T13:51:31.9104013Z [1m[92m   Compiling[0m bytemuck_derive v1.10.2 (/home/runner/work/open-ui/open-ui/bindings/rust/vendor/bytemuck_derive-v1)
conformance-and-platform	Run application conformance suite	2026-10-05T13:51:31.9105867Z [1m[92m   Compiling[0m openui-geometry v0.2.0 (/home/runner/work/open-ui/open-ui/bindings/rust/openui-geometry)
conformance-and-platform	Run application conformance suite	2026-10-05T13:51:32.0417834Z [1m[92m   Compiling[0m openui-style v0.2.0 (/home/runner/work/open-ui/open-ui/bindings/rust/openui-style)
conformance-and-platform	Run application conformance suite	2026-10-05T13:51:32.5915044Z [1m[92m   Compiling[0m bytemuck v1.25.0 (/home/runner/work/open-ui/open-ui/bindings/rust/vendor/bytemuck-v1)
conformance-and-platform	Run application conformance suite	2026-10-05T13:51:32.6658036Z [1m[92m   Compiling[0m font-types v0.11.0 (/home/runner/work/open-ui/open-ui/bindings/rust/vendor/font-types-v0_11)
conformance-and-platform	Run application conformance suite	2026-10-05T13:51:32.9628249Z [1m[92m   Compiling[0m read-fonts v0.37.0 (/home/runner/work/open-ui/open-ui/bindings/rust/vendor/read-fonts-v0_37)
conformance-and-platform	Run application conformance suite	2026-10-05T13:51:32.9757153Z [1m[92m   Compiling[0m openui-macros v0.2.0 (/home/runner/work/open-ui/open-ui/bindings/rust/openui-macros)
conformance-and-platform	Run application conformance suite	2026-10-05T13:51:34.0544781Z [1m[92m   Compiling[0m skrifa v0.40.0 (/home/runner/work/open-ui/open-ui/bindings/rust/vendor/skrifa-v0_40)
conformance-and-platform	Run application conformance suite	2026-10-05T13:51:34.4114123Z [1m[92m   Compiling[0m openui-text v0.2.0 (/home/runner/work/open-ui/open-ui/bindings/rust/openui-text)
conformance-and-platform	Run application conformance suite	2026-10-05T13:51:34.8279904Z [1m[92m   Compiling[0m openui-dom v0.2.0 (/home/runner/work/open-ui/open-ui/bindings/rust/openui-dom)
conformance-and-platform	Run application conformance suite	2026-10-05T13:51:35.2921697Z [1m[92m   Compiling[0m openui-layout v0.2.0 (/home/runner/work/open-ui/open-ui/bindings/rust/openui-layout)
conformance-and-platform	Run application conformance suite	2026-10-05T13:51:35.6556157Z [1m[33mwarning[0m[1m: unused import: `BfcOffset`[0m
conformance-and-platform	Run application conformance suite	2026-10-05T13:51:35.6556805Z   [1m[94m--> [0mopenui-layout/src/bfc_resolution.rs:17:23
conformance-and-platform	Run application conformance suite	2026-10-05T13:51:35.6557221Z    [1m[94m|[0m
conformance-and-platform	Run application conformance suite	2026-10-05T13:51:35.6564201Z [1m[94m17[0m [1m[94m|[0m use openui_geometry::{BfcOffset, BoxStrut, LayoutUnit, MarginStrut};
conformance-and-platform	Run application conformance suite	2026-10-05T13:51:35.6564853Z    [1m[94m|[0m                       [1m[33m^^^^^^^^^[0m
conformance-and-platform	Run application conformance suite	2026-10-05T13:51:35.6565361Z    [1m[94m|[0m
conformance-and-platform	Run application conformance suite	2026-10-05T13:51:35.6565854Z    [1m[94m= [0m[1mnote[0m: `#[warn(unused_imports)]` (part of `#[warn(unused)]`) on by default
conformance-and-platform	Run application conformance suite	2026-10-05T13:51:35.6566198Z 
conformance-and-platform	Run application conformance suite	2026-10-05T13:51:35.6595857Z [1m[33mwarning[0m[1m: unused import: `balance_columns`[0m
conformance-and-platform	Run application conformance suite	2026-10-05T13:51:35.6596699Z      [1m[94m--> [0mopenui-layout/src/block.rs:19571:9
conformance-and-platform	Run application conformance suite	2026-10-05T13:51:35.6597255Z       [1m[94m|[0m
conformance-and-platform	Run application conformance suite	2026-10-05T13:51:35.6598063Z [1m[94m19571[0m [1m[94m|[0m         balance_columns, balance_columns_with_margins, compute_column_positions,
conformance-and-platform	Run application conformance suite	2026-10-05T13:51:35.6598635Z       [1m[94m|[0m         [1m[33m^^^^^^^^^^^^^^^[0m
conformance-and-platform	Run application conformance suite	2026-10-05T13:51:35.6598844Z 
conformance-and-platform	Run application conformance suite	2026-10-05T13:51:35.6681160Z [1m[33mwarning[0m[1m: unused import: `super::*`[0m
conformance-and-platform	Run application conformance suite	2026-10-05T13:51:35.6682102Z     [1m[94m--> [0mopenui-layout/src/intrinsic_sizing.rs:3974:9
conformance-and-platform	Run application conformance suite	2026-10-05T13:51:35.6682762Z      [1m[94m|[0m
conformance-and-platform	Run application conformance suite	2026-10-05T13:51:35.6683384Z [1m[94m3974[0m [1m[94m|[0m     use super::*;
conformance-and-platform	Run application conformance suite	2026-10-05T13:51:35.6683789Z      [1m[94m|[0m         [1m[33m^^^^^^^^[0m
conformance-and-platform	Run application conformance suite	2026-10-05T13:51:35.6684287Z 
conformance-and-platform	Run application conformance suite	2026-10-05T13:51:35.6686174Z [1m[33mwarning[0m[1m: unused import: `std::sync::Arc`[0m
conformance-and-platform	Run application conformance suite	2026-10-05T13:51:35.6686928Z   [1m[94m--> [0mopenui-layout/src/new_formatting_context.rs:17:5
conformance-and-platform	Run application conformance suite	2026-10-05T13:51:35.6687503Z    [1m[94m|[0m
conformance-and-platform	Run application conformance suite	2026-10-05T13:51:35.6688070Z [1m[94m17[0m [1m[94m|[0m use std::sync::Arc;
conformance-and-platform	Run application conformance suite	2026-10-05T13:51:35.6688653Z    [1m[94m|[0m     [1m[33m^^^^^^^^^^^^^^[0m
conformance-and-platform	Run application conformance suite	2026-10-05T13:51:35.6688967Z 
conformance-and-platform	Run application conformance suite	2026-10-05T13:51:35.6689238Z [1m[33mwarning[0m[1m: unused import: `ClearType`[0m
conformance-and-platform	Run application conformance suite	2026-10-05T13:51:35.6689721Z   [1m[94m--> [0mopenui-layout/src/new_formatting_context.rs:24:25
conformance-and-platform	Run application conformance suite	2026-10-05T13:51:35.6690112Z    [1m[94m|[0m
conformance-and-platform	Run application conformance suite	2026-10-05T13:51:35.6690689Z [1m[94m24[0m [1m[94m|[0m use crate::exclusions::{ClearType, ExclusionSpace};
conformance-and-platform	Run application conformance suite	2026-10-05T13:51:35.6691227Z    [1m[94m|[0m                         [1m[33m^^^^^^^^^[0m
conformance-and-platform	Run application conformance suite	2026-10-05T13:51:35.6691671Z 
conformance-and-platform	Run application conformance suite	2026-10-05T13:51:35.6692079Z [1m[33mwarning[0m[1m: unused import: `crate::layout_result::LayoutResult`[0m
conformance-and-platform	Run application conformance suite	2026-10-05T13:51:35.6692894Z   [1m[94m--> [0mopenui-layout/src/new_formatting_context.rs:26:5
conformance-and-platform	Run application conformance suite	2026-10-05T13:51:35.6693456Z    [1m[94m|[0m
conformance-and-platform	Run application conformance suite	2026-10-05T13:51:35.6694116Z [1m[94m26[0m [1m[94m|[0m use crate::layout_result::LayoutResult;
conformance-and-platform	Run application conformance suite	2026-10-05T13:51:35.6694765Z    [1m[94m|[0m     [1m[33m^^^^^^^^^^^^^^^^^^^^^^^^^^^^^^^^^^[0m
conformance-and-platform	Run application conformance suite	2026-10-05T13:51:35.6695127Z 
conformance-and-platform	Run application conformance suite	2026-10-05T13:51:35.8179268Z [1m[33mwarning[0m[1m: variable `reconstructed_block_in_inline` is assigned to, but never used[0m
conformance-and-platform	Run application conformance suite	2026-10-05T13:51:35.8180295Z     [1m[94m--> [0mopenui-layout/src/block.rs:2104:9
conformance-and-platform	Run application conformance suite	2026-10-05T13:51:35.8180869Z      [1m[94m|[0m
conformance-and-platform	Run application conformance suite	2026-10-05T13:51:35.8181634Z [1m[94m2104[0m [1m[94m|[0m     let mut reconstructed_block_in_inline = false;
conformance-and-platform	Run application conformance suite	2026-10-05T13:51:35.8182261Z      [1m[94m|[0m         [1m[33m^^^^^^^^^^^^^^^^^^^^^^^^^^^^^^^^^[0m
conformance-and-platform	Run application conformance suite	2026-10-05T13:51:35.8182707Z      [1m[94m|[0m
conformance-and-platform	Run application conformance suite	2026-10-05T13:51:35.8183163Z      [1m[94m= [0m[1mnote[0m: consider using `_reconstructed_block_in_inline` instead
conformance-and-platform	Run application conformance suite	2026-10-05T13:51:35.8183882Z      [1m[94m= [0m[1mnote[0m: `#[warn(unused_variables)]` (part of `#[warn(unused)]`) on by default
conformance-and-platform	Run application conformance suite	2026-10-05T13:51:35.8184317Z 
conformance-and-platform	Run application conformance suite	2026-10-05T13:51:35.8185982Z [1m[33mwarning[0m[1m: variable does not need to be mutable[0m
conformance-and-platform	Run application conformance suite	2026-10-05T13:51:35.8186468Z     [1m[94m--> [0mopenui-layout/src/block.rs:6781:9
conformance-and-platform	Run application conformance suite	2026-10-05T13:51:35.8186917Z      [1m[94m|[0m
conformance-and-platform	Run application conformance suite	2026-10-05T13:51:35.8187399Z [1m[94m6781[0m [1m[94m|[0m     let mut child_margin = resolve_margins_in_parent_axes(
conformance-and-platform	Run application conformance suite	2026-10-05T13:51:35.8187946Z      [1m[94m|[0m         [1m[94m----[0m[1m[33m^^^^^^^^^^^^[0m
conformance-and-platform	Run application conformance suite	2026-10-05T13:51:35.8188387Z      [1m[94m|[0m         [1m[94m|[0m
conformance-and-platform	Run application conformance suite	2026-10-05T13:51:35.8188840Z      [1m[94m|[0m         [1m[94mhelp: remove this `mut`[0m
conformance-and-platform	Run application conformance suite	2026-10-05T13:51:35.8189237Z      [1m[94m|[0m
conformance-and-platform	Run application conformance suite	2026-10-05T13:51:35.8189761Z      [1m[94m= [0m[1mnote[0m: `#[warn(unused_mut)]` (part of `#[warn(unused)]`) on by default
conformance-and-platform	Run application conformance suite	2026-10-05T13:51:35.8190111Z 
conformance-and-platform	Run application conformance suite	2026-10-05T13:51:35.8417443Z [1m[33mwarning[0m[1m: field `source_caption_end` is never read[0m
conformance-and-platform	Run application conformance suite	2026-10-05T13:51:35.8418158Z     [1m[94m--> [0mopenui-layout/src/block.rs:9551:5
conformance-and-platform	Run application conformance suite	2026-10-05T13:51:35.8418648Z      [1m[94m|[0m
conformance-and-platform	Run application conformance suite	2026-10-05T13:51:35.8419059Z [1m[94m9550[0m [1m[94m|[0m struct CaptionedRepeatedTableFlow {
conformance-and-platform	Run application conformance suite	2026-10-05T13:51:35.8419680Z      [1m[94m|[0m        [1m[94m--------------------------[0m [1m[94mfield in this struct[0m
conformance-and-platform	Run application conformance suite	2026-10-05T13:51:35.8420290Z [1m[94m9551[0m [1m[94m|[0m     source_caption_end: LayoutUnit,
conformance-and-platform	Run application conformance suite	2026-10-05T13:51:35.8420745Z      [1m[94m|[0m     [1m[33m^^^^^^^^^^^^^^^^^^[0m
conformance-and-platform	Run application conformance suite	2026-10-05T13:51:35.8421122Z      [1m[94m|[0m
conformance-and-platform	Run application conformance suite	2026-10-05T13:51:35.8422155Z      [1m[94m= [0m[1mnote[0m: `CaptionedRepeatedTableFlow` has derived impls for the traits `Debug` and `Clone`, but these are intentionally ignored during dead code analysis
conformance-and-platform	Run application conformance suite	2026-10-05T13:51:35.8423014Z      [1m[94m= [0m[1mnote[0m: `#[warn(dead_code)]` (part of `#[warn(unused)]`) on by default
conformance-and-platform	Run application conformance suite	2026-10-05T13:51:35.8423559Z 
conformance-and-platform	Run application conformance suite	2026-10-05T13:51:35.8423838Z [1m[33mwarning[0m[1m: function `columns_needed_for_height` is never used[0m
conformance-and-platform	Run application conformance suite	2026-10-05T13:51:35.8424390Z    [1m[94m--> [0mopenui-layout/src/multicol/mod.rs:705:4
conformance-and-platform	Run application conformance suite	2026-10-05T13:51:35.8424816Z     [1m[94m|[0m
conformance-and-platform	Run application conformance suite	2026-10-05T13:51:35.8425201Z [1m[94m705[0m [1m[94m|[0m fn columns_needed_for_height(
conformance-and-platform	Run application conformance suite	2026-10-05T13:51:35.8425765Z     [1m[94m|[0m    [1m[33m^^^^^^^^^^^^^^^^^^^^^^^^^[0m
conformance-and-platform	Run application conformance suite	2026-10-05T13:51:35.8426139Z 
conformance-and-platform	Run application conformance suite	2026-10-05T13:51:35.9540700Z [1m[92m   Compiling[0m openui-paint v0.2.0 (/home/runner/work/open-ui/open-ui/bindings/rust/openui-paint)
conformance-and-platform	Run application conformance suite	2026-10-05T13:51:36.2563708Z [1m[33mwarning[0m[1m: use of deprecated module `skia_safe::gradient_shader`: Use the skia_safe::gradient module[0m
conformance-and-platform	Run application conformance suite	2026-10-05T13:51:36.2564896Z   [1m[94m--> [0mopenui-paint/src/painter.rs:39:20
conformance-and-platform	Run application conformance suite	2026-10-05T13:51:36.2565483Z    [1m[94m|[0m
conformance-and-platform	Run application conformance suite	2026-10-05T13:51:36.2566531Z [1m[94m39[0m [1m[94m|[0m     color_filters, gradient_shader, image_filters, surfaces, AlphaType, BlendMode, ClipOp, Color4f,
conformance-and-platform	Run application conformance suite	2026-10-05T13:51:36.2567680Z    [1m[94m|[0m                    [1m[33m^^^^^^^^^^^^^^^[0m
conformance-and-platform	Run application conformance suite	2026-10-05T13:51:36.2568261Z    [1m[94m|[0m
conformance-and-platform	Run application conformance suite	2026-10-05T13:51:36.2568844Z    [1m[94m= [0m[1mnote[0m: `#[warn(deprecated)]` on by default
conformance-and-platform	Run application conformance suite	2026-10-05T13:51:36.2569264Z 
conformance-and-platform	Run application conformance suite	2026-10-05T13:51:36.2570520Z [1m[33mwarning[0m[1m: use of deprecated function `skia_safe::gradient_shader::linear_with_interpolation`: Use the skia_safe::gradient module[0m
conformance-and-platform	Run application conformance suite	2026-10-05T13:51:36.2571995Z     [1m[94m--> [0mopenui-paint/src/painter.rs:1860:45
conformance-and-platform	Run application conformance suite	2026-10-05T13:51:36.2572614Z      [1m[94m|[0m
conformance-and-platform	Run application conformance suite	2026-10-05T13:51:36.2573488Z [1m[94m1860[0m [1m[94m|[0m     scrim_paint.set_shader(gradient_shader::linear_with_interpolation(
conformance-and-platform	Run application conformance suite	2026-10-05T13:51:36.2574510Z      [1m[94m|[0m                                             [1m[33m^^^^^^^^^^^^^^^^^^^^^^^^^[0m
conformance-and-platform	Run application conformance suite	2026-10-05T13:51:36.2574931Z 
conformance-and-platform	Run application conformance suite	2026-10-05T13:51:36.2575806Z [1m[33mwarning[0m[1m: use of deprecated function `skia_safe::gradient_shader::linear_with_interpolation`: Use the skia_safe::gradient module[0m
conformance-and-platform	Run application conformance suite	2026-10-05T13:51:36.2577030Z      [1m[94m--> [0mopenui-paint/src/painter.rs:14056:51
conformance-and-platform	Run application conformance suite	2026-10-05T13:51:36.2577679Z       [1m[94m|[0m
conformance-and-platform	Run application conformance suite	2026-10-05T13:51:36.2578588Z [1m[94m14056[0m [1m[94m|[0m                 paint.set_shader(gradient_shader::linear_with_interpolation(
conformance-and-platform	Run application conformance suite	2026-10-05T13:51:36.2579624Z       [1m[94m|[0m                                                   [1m[33m^^^^^^^^^^^^^^^^^^^^^^^^^[0m
conformance-and-platform	Run application conformance suite	2026-10-05T13:51:36.2580130Z 
conformance-and-platform	Run application conformance suite	2026-10-05T13:51:36.2580937Z [1m[33mwarning[0m[1m: use of deprecated function `skia_safe::gradient_shader::linear`: Use the skia_safe::gradient module[0m
conformance-and-platform	Run application conformance suite	2026-10-05T13:51:36.2582215Z      [1m[94m--> [0mopenui-paint/src/painter.rs:14069:51
conformance-and-platform	Run application conformance suite	2026-10-05T13:51:36.2582824Z       [1m[94m|[0m
conformance-and-platform	Run application conformance suite	2026-10-05T13:51:36.2583635Z [1m[94m14069[0m [1m[94m|[0m                 paint.set_shader(gradient_shader::linear(
conformance-and-platform	Run application conformance suite	2026-10-05T13:51:36.2584543Z       [1m[94m|[0m                                                   [1m[33m^^^^^^[0m
conformance-and-platform	Run application conformance suite	2026-10-05T13:51:36.2584954Z 
conformance-and-platform	Run application conformance suite	2026-10-05T13:51:36.2588088Z [1m[33mwarning[0m[1m: use of deprecated function `skia_safe::gradient_shader::linear_with_interpolation`: Use the skia_safe::gradient module[0m
conformance-and-platform	Run application conformance suite	2026-10-05T13:51:36.2589491Z      [1m[94m--> [0mopenui-paint/src/painter.rs:14082:51
conformance-and-platform	Run application conformance suite	2026-10-05T13:51:36.2590172Z       [1m[94m|[0m
conformance-and-platform	Run application conformance suite	2026-10-05T13:51:36.2591160Z [1m[94m14082[0m [1m[94m|[0m                 paint.set_shader(gradient_shader::linear_with_interpolation(
conformance-and-platform	Run application conformance suite	2026-10-05T13:51:36.2592341Z       [1m[94m|[0m                                                   [1m[33m^^^^^^^^^^^^^^^^^^^^^^^^^[0m
conformance-and-platform	Run application conformance suite	2026-10-05T13:51:36.2592892Z 
conformance-and-platform	Run application conformance suite	2026-10-05T13:51:36.2594106Z [1m[33mwarning[0m[1m: use of deprecated function `skia_safe::gradient_shader::two_point_conical_with_interpolation`: Use the skia_safe::gradient module[0m
conformance-and-platform	Run application conformance suite	2026-10-05T13:51:36.2595291Z      [1m[94m--> [0mopenui-paint/src/painter.rs:14178:55
conformance-and-platform	Run application conformance suite	2026-10-05T13:51:36.2595980Z       [1m[94m|[0m
conformance-and-platform	Run application conformance suite	2026-10-05T13:51:36.2597080Z [1m[94m14178[0m [1m[94m|[0m                     paint.set_shader(gradient_shader::two_point_conical_with_interpolation(
conformance-and-platform	Run application conformance suite	2026-10-05T13:51:36.2598236Z       [1m[94m|[0m                                                       [1m[33m^^^^^^^^^^^^^^^^^^^^^^^^^^^^^^^^^^^^[0m
conformance-and-platform	Run application conformance suite	2026-10-05T13:51:36.2598843Z 
conformance-and-platform	Run application conformance suite	2026-10-05T13:51:36.2599685Z [1m[33mwarning[0m[1m: use of deprecated function `skia_safe::gradient_shader::two_point_conical`: Use the skia_safe::gradient module[0m
conformance-and-platform	Run application conformance suite	2026-10-05T13:51:36.2601017Z      [1m[94m--> [0mopenui-paint/src/painter.rs:14192:55
conformance-and-platform	Run application conformance suite	2026-10-05T13:51:36.2601730Z       [1m[94m|[0m
conformance-and-platform	Run application conformance suite	2026-10-05T13:51:36.2602509Z [1m[94m14192[0m [1m[94m|[0m                     paint.set_shader(gradient_shader::two_point_conical(
conformance-and-platform	Run application conformance suite	2026-10-05T13:51:36.2603589Z       [1m[94m|[0m                                                       [1m[33m^^^^^^^^^^^^^^^^^[0m
conformance-and-platform	Run application conformance suite	2026-10-05T13:51:36.2604010Z 
conformance-and-platform	Run application conformance suite	2026-10-05T13:51:36.2604937Z [1m[33mwarning[0m[1m: use of deprecated function `skia_safe::gradient_shader::two_point_conical_with_interpolation`: Use the skia_safe::gradient module[0m
conformance-and-platform	Run application conformance suite	2026-10-05T13:51:36.2606102Z      [1m[94m--> [0mopenui-paint/src/painter.rs:14208:55
conformance-and-platform	Run application conformance suite	2026-10-05T13:51:36.2606787Z       [1m[94m|[0m
conformance-and-platform	Run application conformance suite	2026-10-05T13:51:36.2607821Z [1m[94m14208[0m [1m[94m|[0m                     paint.set_shader(gradient_shader::two_point_conical_with_interpolation(
conformance-and-platform	Run application conformance suite	2026-10-05T13:51:36.2609102Z       [1m[94m|[0m                                                       [1m[33m^^^^^^^^^^^^^^^^^^^^^^^^^^^^^^^^^^^^[0m
conformance-and-platform	Run application conformance suite	2026-10-05T13:51:36.2609647Z 
conformance-and-platform	Run application conformance suite	2026-10-05T13:51:36.2610549Z [1m[33mwarning[0m[1m: use of deprecated function `skia_safe::gradient_shader::two_point_conical_with_interpolation`: Use the skia_safe::gradient module[0m
conformance-and-platform	Run application conformance suite	2026-10-05T13:51:36.2611954Z      [1m[94m--> [0mopenui-paint/src/painter.rs:14228:51
conformance-and-platform	Run application conformance suite	2026-10-05T13:51:36.2612563Z       [1m[94m|[0m
conformance-and-platform	Run application conformance suite	2026-10-05T13:51:36.2613608Z [1m[94m14228[0m [1m[94m|[0m                 paint.set_shader(gradient_shader::two_point_conical_with_interpolation(
conformance-and-platform	Run application conformance suite	2026-10-05T13:51:36.2614825Z       [1m[94m|[0m                                                   [1m[33m^^^^^^^^^^^^^^^^^^^^^^^^^^^^^^^^^^^^[0m
conformance-and-platform	Run application conformance suite	2026-10-05T13:51:36.2615283Z 
conformance-and-platform	Run application conformance suite	2026-10-05T13:51:36.2616121Z [1m[33mwarning[0m[1m: use of deprecated function `skia_safe::gradient_shader::two_point_conical`: Use the skia_safe::gradient module[0m
conformance-and-platform	Run application conformance suite	2026-10-05T13:51:36.2617285Z      [1m[94m--> [0mopenui-paint/src/painter.rs:14242:51
conformance-and-platform	Run application conformance suite	2026-10-05T13:51:36.2617924Z       [1m[94m|[0m
conformance-and-platform	Run application conformance suite	2026-10-05T13:51:36.2618830Z [1m[94m14242[0m [1m[94m|[0m                 paint.set_shader(gradient_shader::two_point_conical(
conformance-and-platform	Run application conformance suite	2026-10-05T13:51:36.2619770Z       [1m[94m|[0m                                                   [1m[33m^^^^^^^^^^^^^^^^^[0m
conformance-and-platform	Run application conformance suite	2026-10-05T13:51:36.2620224Z 
conformance-and-platform	Run application conformance suite	2026-10-05T13:51:36.2621142Z [1m[33mwarning[0m[1m: use of deprecated function `skia_safe::gradient_shader::two_point_conical_with_interpolation`: Use the skia_safe::gradient module[0m
conformance-and-platform	Run application conformance suite	2026-10-05T13:51:36.2622603Z      [1m[94m--> [0mopenui-paint/src/painter.rs:14258:51
conformance-and-platform	Run application conformance suite	2026-10-05T13:51:36.2623189Z       [1m[94m|[0m
conformance-and-platform	Run application conformance suite	2026-10-05T13:51:36.2624135Z [1m[94m14258[0m [1m[94m|[0m                 paint.set_shader(gradient_shader::two_point_conical_with_interpolation(
conformance-and-platform	Run application conformance suite	2026-10-05T13:51:36.2625258Z       [1m[94m|[0m                                                   [1m[33m^^^^^^^^^^^^^^^^^^^^^^^^^^^^^^^^^^^^[0m
conformance-and-platform	Run application conformance suite	2026-10-05T13:51:36.2625724Z 
conformance-and-platform	Run application conformance suite	2026-10-05T13:51:36.2626659Z [1m[33mwarning[0m[1m: use of deprecated function `skia_safe::gradient_shader::sweep_with_interpolation`: Use the skia_safe::gradient module[0m
conformance-and-platform	Run application conformance suite	2026-10-05T13:51:36.2627806Z      [1m[94m--> [0mopenui-paint/src/painter.rs:14318:51
conformance-and-platform	Run application conformance suite	2026-10-05T13:51:36.2628359Z       [1m[94m|[0m
conformance-and-platform	Run application conformance suite	2026-10-05T13:51:36.2629348Z [1m[94m14318[0m [1m[94m|[0m                 paint.set_shader(gradient_shader::sweep_with_interpolation(
conformance-and-platform	Run application conformance suite	2026-10-05T13:51:36.2630333Z       [1m[94m|[0m                                                   [1m[33m^^^^^^^^^^^^^^^^^^^^^^^^[0m
conformance-and-platform	Run application conformance suite	2026-10-05T13:51:36.2630994Z 
conformance-and-platform	Run application conformance suite	2026-10-05T13:51:36.2631900Z [1m[33mwarning[0m[1m: use of deprecated function `skia_safe::gradient_shader::sweep`: Use the skia_safe::gradient module[0m
conformance-and-platform	Run application conformance suite	2026-10-05T13:51:36.2633072Z      [1m[94m--> [0mopenui-paint/src/painter.rs:14332:51
conformance-and-platform	Run application conformance suite	2026-10-05T13:51:36.2633682Z       [1m[94m|[0m
conformance-and-platform	Run application conformance suite	2026-10-05T13:51:36.2634480Z [1m[94m14332[0m [1m[94m|[0m                 paint.set_shader(gradient_shader::sweep(
conformance-and-platform	Run application conformance suite	2026-10-05T13:51:36.2635574Z       [1m[94m|[0m                                                   [1m[33m^^^^^[0m
conformance-and-platform	Run application conformance suite	2026-10-05T13:51:36.2636046Z 
conformance-and-platform	Run application conformance suite	2026-10-05T13:51:36.2637000Z [1m[33mwarning[0m[1m: use of deprecated function `skia_safe::gradient_shader::sweep_with_interpolation`: Use the skia_safe::gradient module[0m
conformance-and-platform	Run application conformance suite	2026-10-05T13:51:36.2638204Z      [1m[94m--> [0mopenui-paint/src/painter.rs:14346:51
conformance-and-platform	Run application conformance suite	2026-10-05T13:51:36.2638782Z       [1m[94m|[0m
conformance-and-platform	Run application conformance suite	2026-10-05T13:51:36.2639736Z [1m[94m14346[0m [1m[94m|[0m                 paint.set_shader(gradient_shader::sweep_with_interpolation(
conformance-and-platform	Run application conformance suite	2026-10-05T13:51:36.2640688Z       [1m[94m|[0m                                                   [1m[33m^^^^^^^^^^^^^^^^^^^^^^^^[0m
conformance-and-platform	Run application conformance suite	2026-10-05T13:51:36.2641265Z 
conformance-and-platform	Run application conformance suite	2026-10-05T13:51:36.2642255Z [1m[33mwarning[0m[1m: use of deprecated function `skia_safe::gradient_shader::linear`: Use the skia_safe::gradient module[0m
conformance-and-platform	Run application conformance suite	2026-10-05T13:51:36.2643416Z      [1m[94m--> [0mopenui-paint/src/painter.rs:17719:55
conformance-and-platform	Run application conformance suite	2026-10-05T13:51:36.2644031Z       [1m[94m|[0m
conformance-and-platform	Run application conformance suite	2026-10-05T13:51:36.2644799Z [1m[94m17719[0m [1m[94m|[0m                     paint.set_shader(gradient_shader::linear(
conformance-and-platform	Run application conformance suite	2026-10-05T13:51:36.2645654Z       [1m[94m|[0m                                                       [1m[33m^^^^^^[0m
conformance-and-platform	Run application conformance suite	2026-10-05T13:51:36.2646122Z 
conformance-and-platform	Run application conformance suite	2026-10-05T13:51:36.2770273Z [1m[33mwarning[0m[1m: variant `RestoreTo` is never constructed[0m
conformance-and-platform	Run application conformance suite	2026-10-05T13:51:36.2770928Z   [1m[94m--> [0mopenui-paint/src/paint_record.rs:16:5
conformance-and-platform	Run application conformance suite	2026-10-05T13:51:36.2771470Z    [1m[94m|[0m
conformance-and-platform	Run application conformance suite	2026-10-05T13:51:36.2772236Z [1m[94m13[0m [1m[94m|[0m enum Operation {
conformance-and-platform	Run application conformance suite	2026-10-05T13:51:36.2772769Z    [1m[94m|[0m      [1m[94m---------[0m [1m[94mvariant in this enum[0m
conformance-and-platform	Run application conformance suite	2026-10-05T13:51:36.2773197Z [1m[94m...[0m
conformance-and-platform	Run application conformance suite	2026-10-05T13:51:36.2773557Z [1m[94m16[0m [1m[94m|[0m     RestoreTo(usize),
conformance-and-platform	Run application conformance suite	2026-10-05T13:51:36.2774013Z    [1m[94m|[0m     [1m[33m^^^^^^^^^[0m
conformance-and-platform	Run application conformance suite	2026-10-05T13:51:36.2774381Z    [1m[94m|[0m
conformance-and-platform	Run application conformance suite	2026-10-05T13:51:36.2775032Z    [1m[94m= [0m[1mnote[0m: `Operation` has a derived impl for the trait `Clone`, but this is intentionally ignored during dead code analysis
conformance-and-platform	Run application conformance suite	2026-10-05T13:51:36.2775777Z    [1m[94m= [0m[1mnote[0m: `#[warn(dead_code)]` (part of `#[warn(unused)]`) on by default
conformance-and-platform	Run application conformance suite	2026-10-05T13:51:36.2776110Z 
conformance-and-platform	Run application conformance suite	2026-10-05T13:51:36.2776419Z [1m[33mwarning[0m[1m: methods `restore_to_count` and `save_count` are never used[0m
conformance-and-platform	Run application conformance suite	2026-10-05T13:51:36.2776994Z    [1m[94m--> [0mopenui-paint/src/paint_record.rs:131:19
conformance-and-platform	Run application conformance suite	2026-10-05T13:51:36.2777410Z     [1m[94m|[0m
conformance-and-platform	Run application conformance suite	2026-10-05T13:51:36.2777840Z [1m[94m119[0m [1m[94m|[0m impl dyn PaintCanvas + '_ {
conformance-and-platform	Run application conformance suite	2026-10-05T13:51:36.2778394Z     [1m[94m|[0m [1m[94m-------------------------[0m [1m[94mmethods in this implementation[0m
conformance-and-platform	Run application conformance suite	2026-10-05T13:51:36.2778835Z [1m[94m...[0m
conformance-and-platform	Run application conformance suite	2026-10-05T13:51:36.2779343Z [1m[94m131[0m [1m[94m|[0m     pub(crate) fn restore_to_count(&self, count: usize) -> &Self {
conformance-and-platform	Run application conformance suite	2026-10-05T13:51:36.2779935Z     [1m[94m|[0m                   [1m[33m^^^^^^^^^^^^^^^^[0m
conformance-and-platform	Run application conformance suite	2026-10-05T13:51:36.2780319Z [1m[94m...[0m
conformance-and-platform	Run application conformance suite	2026-10-05T13:51:36.2780721Z [1m[94m137[0m [1m[94m|[0m     pub(crate) fn save_count(&self) -> usize {
conformance-and-platform	Run application conformance suite	2026-10-05T13:51:36.2781178Z     [1m[94m|[0m                   [1m[33m^^^^^^^^^^[0m
conformance-and-platform	Run application conformance suite	2026-10-05T13:51:36.2781545Z 
conformance-and-platform	Run application conformance suite	2026-10-05T13:51:36.3481026Z [1m[92m   Compiling[0m openui-compositor v0.2.0 (/home/runner/work/open-ui/open-ui/bindings/rust/openui-compositor)
conformance-and-platform	Run application conformance suite	2026-10-05T13:51:36.6438548Z [1m[92m   Compiling[0m openui-engine v0.2.0 (/home/runner/work/open-ui/open-ui/bindings/rust/openui-engine)
conformance-and-platform	Run application conformance suite	2026-10-05T13:51:36.7192981Z [1m[33mwarning[0m: `openui-layout` (lib) generated 10 warnings (run `cargo fix --lib -p openui-layout` to apply 7 suggestions)
conformance-and-platform	Run application conformance suite	2026-10-05T13:51:36.9073649Z [1m[33mwarning[0m: `openui-paint` (lib) generated 17 warnings
conformance-and-platform	Run application conformance suite	2026-10-05T13:51:36.9503247Z [1m[92m   Compiling[0m openui v0.2.0 (/home/runner/work/open-ui/open-ui/bindings/rust/openui)
conformance-and-platform	Run application conformance suite	2026-10-05T13:51:38.2556336Z [1m[92m    Finished[0m `test` profile [unoptimized + debuginfo] target(s) in 7.00s
conformance-and-platform	Run application conformance suite	2026-10-05T13:51:38.2749669Z [1m[92m     Running[0m tests/v02_conformance.rs (target/debug/deps/v02_conformance-0be5af0020391855)
conformance-and-platform	Run application conformance suite	2026-10-05T13:51:38.2779787Z 
conformance-and-platform	Run application conformance suite	2026-10-05T13:51:38.2780715Z running 58 tests
conformance-and-platform	Run application conformance suite	2026-10-05T13:51:38.3043702Z test accessibility_action_uses_control_pipeline ... ok
conformance-and-platform	Run application conformance suite	2026-10-05T13:51:38.3114192Z test accessibility_relations_reject_cross_document_targets ... ok
conformance-and-platform	Run application conformance suite	2026-10-05T13:51:38.9867017Z test accessibility_tree_has_stable_nodes ... ok
conformance-and-platform	Run application conformance suite	2026-10-05T13:51:38.9907323Z test animation_cancel_restores_underlying_value ... ok
conformance-and-platform	Run application conformance suite	2026-10-05T13:51:39.0140736Z test batched_tree_transaction ... ok
conformance-and-platform	Run application conformance suite	2026-10-05T13:51:39.0182748Z test button_pointer_activation_dispatches_click ... ok
conformance-and-platform	Run application conformance suite	2026-10-05T13:51:39.0221685Z test checkbox_keyboard_activation_toggles ... ok
conformance-and-platform	Run application conformance suite	2026-10-05T13:51:39.0260702Z test clipboard_copy_and_paste ... ok
conformance-and-platform	Run application conformance suite	2026-10-05T13:51:39.0297035Z test computed_style_is_an_owned_native_snapshot ... ok
conformance-and-platform	Run application conformance suite	2026-10-05T13:51:39.0366042Z test cross_document_ownership_is_rejected ... ok
conformance-and-platform	Run application conformance suite	2026-10-05T13:51:39.0404484Z test editing_undo_and_redo ... ok
conformance-and-platform	Run application conformance suite	2026-10-05T13:51:39.1373109Z test emoji_and_bidi_text_render_without_loss ... ok
conformance-and-platform	Run application conformance suite	2026-10-05T13:51:39.1420848Z test flex_dashboard_layout_has_geometry ... ok
conformance-and-platform	Run application conformance suite	2026-10-05T13:51:39.1465855Z test hover_and_active_state_follow_pointer ... ok
conformance-and-platform	Run application conformance suite	2026-10-05T13:51:39.1504344Z test ime_callback_restarting_the_same_control_keeps_the_new_edit ... ok
conformance-and-platform	Run application conformance suite	2026-10-05T13:51:39.1542487Z test ime_callbacks_cannot_redirect_an_edit_to_a_different_focused_control ... ok
conformance-and-platform	Run application conformance suite	2026-10-05T13:51:39.1580487Z test ime_callbacks_may_remove_the_target_without_terminating_input_dispatch ... ok
conformance-and-platform	Run application conformance suite	2026-10-05T13:51:39.1719501Z test ime_cancel_restores_selection_pixels_and_existing_redo ... ok
conformance-and-platform	Run application conformance suite	2026-10-05T13:51:39.1756384Z test ime_commit_can_be_canceled_by_a_native_beforeinput_callback ... ok
conformance-and-platform	Run application conformance suite	2026-10-05T13:51:39.1796618Z test ime_commits_final_text_after_platform_clears_preview_as_one_undo_step ... ok
conformance-and-platform	Run application conformance suite	2026-10-05T13:51:39.1833370Z test ime_composition_commits_once ... ok
conformance-and-platform	Run application conformance suite	2026-10-05T13:51:39.1870153Z test ime_ignores_noneditable_controls_and_cancels_when_disabled ... ok
conformance-and-platform	Run application conformance suite	2026-10-05T13:51:39.1939615Z test independent_documents_keep_focus_isolated ... ok
conformance-and-platform	Run application conformance suite	2026-10-05T13:51:39.1978069Z test keyframe_animation_dispatches_end ... ok
conformance-and-platform	Run application conformance suite	2026-10-05T13:51:39.2060245Z test large_list_updates_remain_mutable ... ok
conformance-and-platform	Run application conformance suite	2026-10-05T13:51:39.2097074Z test modal_focus_is_contained_and_restored ... ok
conformance-and-platform	Run application conformance suite	2026-10-05T13:51:39.2136807Z test named_radio_group_is_exclusive ... ok
conformance-and-platform	Run application conformance suite	2026-10-05T13:51:39.2172476Z test native_class_lookup_tracks_event_driven_updates_and_detachment ... ok
conformance-and-platform	Run application conformance suite	2026-10-05T13:51:39.2208523Z test native_detach_preserves_subtree_handles_and_listeners_for_reattachment ... ok
conformance-and-platform	Run application conformance suite	2026-10-05T13:51:39.2476083Z test native_geometry_includes_all_column_fragments ... ok
conformance-and-platform	Run application conformance suite	2026-10-05T13:51:39.2517303Z test native_geometry_is_independent_of_pointer_and_visibility ... ok
conformance-and-platform	Run application conformance suite	2026-10-05T13:51:39.2557062Z test native_geometry_preserves_empty_and_singular_boxes ... ok
conformance-and-platform	Run application conformance suite	2026-10-05T13:51:39.2795370Z test native_geometry_updates_after_scroll_transform_and_detachment ... ok
conformance-and-platform	Run application conformance suite	2026-10-05T13:51:39.2831275Z test native_id_lookup_follows_attached_document_order ... ok
conformance-and-platform	Run application conformance suite	2026-10-05T13:51:39.2867154Z test native_kind_lookup_tracks_tree_order_and_detachment ... ok
conformance-and-platform	Run application conformance suite	2026-10-05T13:51:39.2907949Z test native_layout_read_then_id_style_mutation_updates_the_same_document ... ok
conformance-and-platform	Run application conformance suite	2026-10-05T13:51:39.3060988Z test native_text_nodes_attach_move_and_keep_element_traversal_typed ... ok
conformance-and-platform	Run application conformance suite	2026-10-05T13:51:39.3103197Z test nested_scroll_container_consumes_wheel ... ok
conformance-and-platform	Run application conformance suite	2026-10-05T13:51:39.3139623Z test pointer_capture_lifecycle_is_validated ... ok
conformance-and-platform	Run application conformance suite	2026-10-05T13:51:39.3330408Z test read_only_text_controls_keep_selection_and_reject_native_edits ... ok
conformance-and-platform	Run application conformance suite	2026-10-05T13:51:39.3368304Z test reduced_motion_finishes_animation ... ok
conformance-and-platform	Run application conformance suite	2026-10-05T13:51:39.3404099Z test removed_weak_handle_expires ... ok
conformance-and-platform	Run application conformance suite	2026-10-05T13:51:39.3452603Z test repeated_headless_frames_are_byte_identical ... ok
conformance-and-platform	Run application conformance suite	2026-10-05T13:51:39.3494431Z test responsive_viewport_reflows_geometry ... ok
conformance-and-platform	Run application conformance suite	2026-10-05T13:51:39.3539672Z test scroll_snap_selects_nearest_point ... ok
conformance-and-platform	Run application conformance suite	2026-10-05T13:51:39.3581834Z test scroll_timeline_samples_from_offset ... ok
conformance-and-platform	Run application conformance suite	2026-10-05T13:51:39.3622460Z test smooth_scroll_uses_manual_clock ... ok
conformance-and-platform	Run application conformance suite	2026-10-05T13:51:39.3667030Z test static_headless_scene ... ok
conformance-and-platform	Run application conformance suite	2026-10-05T13:51:39.3702739Z test synchronous_resource_provider_is_deterministic ... ok
conformance-and-platform	Run application conformance suite	2026-10-05T13:51:39.3738545Z test tab_focus_order_skips_disabled ... ok
conformance-and-platform	Run application conformance suite	2026-10-05T13:51:39.3830760Z test table_application_fixture_lays_out ... ok
conformance-and-platform	Run application conformance suite	2026-10-05T13:51:39.3868587Z test textarea_accepts_multiline_text ... ok
conformance-and-platform	Run application conformance suite	2026-10-05T13:51:39.3904922Z test typed_transition_retains_target ... ok
conformance-and-platform	Run application conformance suite	2026-10-05T13:51:39.3941378Z test unicode_grapheme_editing ... ok
conformance-and-platform	Run application conformance suite	2026-10-05T13:51:39.3983434Z test view_timeline_uses_retained_geometry ... ok
conformance-and-platform	Run application conformance suite	2026-10-05T13:51:39.4032977Z test viewport_native_scroll_clamps_extremes_and_resolves_pending_layout ... ok
conformance-and-platform	Run application conformance suite	2026-10-05T13:51:39.4082769Z test viewport_smooth_scroll_clamps_its_target_and_tracks_content_shrink ... ok
conformance-and-platform	Run application conformance suite	2026-10-05T13:51:39.4203413Z test viewport_wheel_uses_the_same_limits_and_respects_cancelation ... ok
conformance-and-platform	Run application conformance suite	2026-10-05T13:51:39.4204048Z 
conformance-and-platform	Run application conformance suite	2026-10-05T13:51:39.4204471Z test result: ok. 58 passed; 0 failed; 0 ignored; 0 measured; 0 filtered out; finished in 1.14s
conformance-and-platform	Run application conformance suite	2026-10-05T13:51:39.4204968Z 
conformance-and-platform	Build Linux example	﻿2026-10-05T13:51:39.4275297Z ##[group]Run cargo build --locked --package hello --features linux
conformance-and-platform	Build Linux example	2026-10-05T13:51:39.4275829Z [36;1mcargo build --locked --package hello --features linux[0m
conformance-and-platform	Build Linux example	2026-10-05T13:51:39.4316886Z shell: /usr/bin/bash -e {0}
conformance-and-platform	Build Linux example	2026-10-05T13:51:39.4317385Z env:
conformance-and-platform	Build Linux example	2026-10-05T13:51:39.4317694Z   BINDGEN_EXTRA_CLANG_ARGS: 
conformance-and-platform	Build Linux example	2026-10-05T13:51:39.4318170Z   CARGO_TARGET_X86_64_UNKNOWN_LINUX_GNU_RUSTFLAGS: 
conformance-and-platform	Build Linux example	2026-10-05T13:51:39.4318540Z   CC: clang
conformance-and-platform	Build Linux example	2026-10-05T13:51:39.4318853Z   CXX: clang++
conformance-and-platform	Build Linux example	2026-10-05T13:51:39.4319155Z   CXXFLAGS: 
conformance-and-platform	Build Linux example	2026-10-05T13:51:39.4319431Z   CARGO_TERM_COLOR: always
conformance-and-platform	Build Linux example	2026-10-05T13:51:39.4319745Z   FORCE_SKIA_BUILD: 1
conformance-and-platform	Build Linux example	2026-10-05T13:51:39.4320067Z   PKG_CONFIG_SYSROOT_DIR: 
conformance-and-platform	Build Linux example	2026-10-05T13:51:39.4320756Z   SKIA_GN_ARGS: extra_cflags += [ "-DSK_SUPPORT_LEGACY_CONIC_CHOP", "-DSK_USE_FREETYPE_EMBOLDEN", "-DSK_GAMMA_EXPONENT=1.2", "-DSK_GAMMA_CONTRAST=0.2", "-fno-strict-aliasing", "-msse3" ]
conformance-and-platform	Build Linux example	2026-10-05T13:51:39.4321948Z   SKIA_NINJA_COMMAND: ninja
conformance-and-platform	Build Linux example	2026-10-05T13:51:39.4322272Z ##[endgroup]
conformance-and-platform	Build Linux example	2026-10-05T13:51:40.0168500Z [1m[92m   Compiling[0m bytemuck_derive v1.10.2 (/home/runner/work/open-ui/open-ui/bindings/rust/vendor/bytemuck_derive-v1)
conformance-and-platform	Build Linux example	2026-10-05T13:51:40.0205961Z [1m[92m   Compiling[0m openui-macros v0.2.0 (/home/runner/work/open-ui/open-ui/bindings/rust/openui-macros)
conformance-and-platform	Build Linux example	2026-10-05T13:51:40.3466807Z [1m[92m   Compiling[0m bytemuck v1.25.0 (/home/runner/work/open-ui/open-ui/bindings/rust/vendor/bytemuck-v1)
conformance-and-platform	Build Linux example	2026-10-05T13:51:40.4423650Z [1m[92m   Compiling[0m font-types v0.11.0 (/home/runner/work/open-ui/open-ui/bindings/rust/vendor/font-types-v0_11)
conformance-and-platform	Build Linux example	2026-10-05T13:51:40.4424671Z [1m[92m   Compiling[0m winit v0.30.13
conformance-and-platform	Build Linux example	2026-10-05T13:51:40.4425332Z [1m[92m   Compiling[0m softbuffer v0.4.8
conformance-and-platform	Build Linux example	2026-10-05T13:51:40.7451350Z [1m[92m   Compiling[0m read-fonts v0.37.0 (/home/runner/work/open-ui/open-ui/bindings/rust/vendor/read-fonts-v0_37)
conformance-and-platform	Build Linux example	2026-10-05T13:51:41.7877656Z [1m[92m   Compiling[0m skrifa v0.40.0 (/home/runner/work/open-ui/open-ui/bindings/rust/vendor/skrifa-v0_40)
conformance-and-platform	Build Linux example	2026-10-05T13:51:42.1203026Z [1m[92m   Compiling[0m openui-text v0.2.0 (/home/runner/work/open-ui/open-ui/bindings/rust/openui-text)
conformance-and-platform	Build Linux example	2026-10-05T13:51:42.4611314Z [1m[92m   Compiling[0m openui-dom v0.2.0 (/home/runner/work/open-ui/open-ui/bindings/rust/openui-dom)
conformance-and-platform	Build Linux example	2026-10-05T13:51:42.5675911Z [1m[92m   Compiling[0m openui-layout v0.2.0 (/home/runner/work/open-ui/open-ui/bindings/rust/openui-layout)
conformance-and-platform	Build Linux example	2026-10-05T13:51:42.8924163Z [1m[92m   Compiling[0m glutin-winit v0.5.0
conformance-and-platform	Build Linux example	2026-10-05T13:51:42.8935347Z [1m[92m   Compiling[0m accesskit_winit v0.34.0
conformance-and-platform	Build Linux example	2026-10-05T13:51:42.8958096Z [1m[33mwarning[0m[1m: unused import: `BfcOffset`[0m
conformance-and-platform	Build Linux example	2026-10-05T13:51:42.8959057Z   [1m[94m--> [0mopenui-layout/src/bfc_resolution.rs:17:23
conformance-and-platform	Build Linux example	2026-10-05T13:51:42.8961298Z    [1m[94m|[0m
conformance-and-platform	Build Linux example	2026-10-05T13:51:42.8963467Z [1m[94m17[0m [1m[94m|[0m use openui_geometry::{BfcOffset, BoxStrut, LayoutUnit, MarginStrut};
conformance-and-platform	Build Linux example	2026-10-05T13:51:42.8964564Z    [1m[94m|[0m                       [1m[33m^^^^^^^^^[0m
conformance-and-platform	Build Linux example	2026-10-05T13:51:42.8965238Z    [1m[94m|[0m
conformance-and-platform	Build Linux example	2026-10-05T13:51:42.8966251Z    [1m[94m= [0m[1mnote[0m: `#[warn(unused_imports)]` (part of `#[warn(unused)]`) on by default
conformance-and-platform	Build Linux example	2026-10-05T13:51:42.8966948Z 
conformance-and-platform	Build Linux example	2026-10-05T13:51:42.9032639Z [1m[33mwarning[0m[1m: unused import: `balance_columns`[0m
conformance-and-platform	Build Linux example	2026-10-05T13:51:42.9044136Z      [1m[94m--> [0mopenui-layout/src/block.rs:19571:9
conformance-and-platform	Build Linux example	2026-10-05T13:51:42.9072671Z       [1m[94m|[0m
conformance-and-platform	Build Linux example	2026-10-05T13:51:42.9083219Z [1m[94m19571[0m [1m[94m|[0m         balance_columns, balance_columns_with_margins, compute_column_positions,
conformance-and-platform	Build Linux example	2026-10-05T13:51:42.9122470Z       [1m[94m|[0m         [1m[33m^^^^^^^^^^^^^^^[0m
conformance-and-platform	Build Linux example	2026-10-05T13:51:42.9151830Z 
conformance-and-platform	Build Linux example	2026-10-05T13:51:42.9182596Z [1m[33mwarning[0m[1m: unused import: `super::*`[0m
conformance-and-platform	Build Linux example	2026-10-05T13:51:42.9212592Z     [1m[94m--> [0mopenui-layout/src/intrinsic_sizing.rs:3974:9
conformance-and-platform	Build Linux example	2026-10-05T13:51:42.9242276Z      [1m[94m|[0m
conformance-and-platform	Build Linux example	2026-10-05T13:51:42.9273209Z [1m[94m3974[0m [1m[94m|[0m     use super::*;
conformance-and-platform	Build Linux example	2026-10-05T13:51:42.9302259Z      [1m[94m|[0m         [1m[33m^^^^^^^^[0m
conformance-and-platform	Build Linux example	2026-10-05T13:51:42.9312276Z 
conformance-and-platform	Build Linux example	2026-10-05T13:51:42.9313638Z [1m[33mwarning[0m[1m: unused import: `std::sync::Arc`[0m
conformance-and-platform	Build Linux example	2026-10-05T13:51:42.9344244Z   [1m[94m--> [0mopenui-layout/src/new_formatting_context.rs:17:5
conformance-and-platform	Build Linux example	2026-10-05T13:51:42.9372163Z    [1m[94m|[0m
conformance-and-platform	Build Linux example	2026-10-05T13:51:42.9402424Z [1m[94m17[0m [1m[94m|[0m use std::sync::Arc;
conformance-and-platform	Build Linux example	2026-10-05T13:51:42.9403290Z    [1m[94m|[0m     [1m[33m^^^^^^^^^^^^^^[0m
conformance-and-platform	Build Linux example	2026-10-05T13:51:42.9431749Z 
conformance-and-platform	Build Linux example	2026-10-05T13:51:42.9462335Z [1m[33mwarning[0m[1m: unused import: `ClearType`[0m
conformance-and-platform	Build Linux example	2026-10-05T13:51:42.9482429Z   [1m[94m--> [0mopenui-layout/src/new_formatting_context.rs:24:25
conformance-and-platform	Build Linux example	2026-10-05T13:51:42.9492197Z    [1m[94m|[0m
conformance-and-platform	Build Linux example	2026-10-05T13:51:42.9522587Z [1m[94m24[0m [1m[94m|[0m use crate::exclusions::{ClearType, ExclusionSpace};
conformance-and-platform	Build Linux example	2026-10-05T13:51:42.9552364Z    [1m[94m|[0m                         [1m[33m^^^^^^^^^[0m
conformance-and-platform	Build Linux example	2026-10-05T13:51:42.9552995Z 
conformance-and-platform	Build Linux example	2026-10-05T13:51:42.9582699Z [1m[33mwarning[0m[1m: unused import: `crate::layout_result::LayoutResult`[0m
conformance-and-platform	Build Linux example	2026-10-05T13:51:42.9612346Z   [1m[94m--> [0mopenui-layout/src/new_formatting_context.rs:26:5
conformance-and-platform	Build Linux example	2026-10-05T13:51:42.9642198Z    [1m[94m|[0m
conformance-and-platform	Build Linux example	2026-10-05T13:51:42.9643328Z [1m[94m26[0m [1m[94m|[0m use crate::layout_result::LayoutResult;
conformance-and-platform	Build Linux example	2026-10-05T13:51:42.9672535Z    [1m[94m|[0m     [1m[33m^^^^^^^^^^^^^^^^^^^^^^^^^^^^^^^^^^[0m
conformance-and-platform	Build Linux example	2026-10-05T13:51:42.9701822Z 
conformance-and-platform	Build Linux example	2026-10-05T13:51:43.1206102Z [1m[92m   Compiling[0m openui-platform v0.2.0 (/home/runner/work/open-ui/open-ui/bindings/rust/openui-platform)
conformance-and-platform	Build Linux example	2026-10-05T13:51:43.1336307Z [1m[33mwarning[0m[1m: variable `reconstructed_block_in_inline` is assigned to, but never used[0m
conformance-and-platform	Build Linux example	2026-10-05T13:51:43.1337864Z     [1m[94m--> [0mopenui-layout/src/block.rs:2104:9
conformance-and-platform	Build Linux example	2026-10-05T13:51:43.1338766Z      [1m[94m|[0m
conformance-and-platform	Build Linux example	2026-10-05T13:51:43.1339545Z [1m[94m2104[0m [1m[94m|[0m     let mut reconstructed_block_in_inline = false;
conformance-and-platform	Build Linux example	2026-10-05T13:51:43.1340472Z      [1m[94m|[0m         [1m[33m^^^^^^^^^^^^^^^^^^^^^^^^^^^^^^^^^[0m
conformance-and-platform	Build Linux example	2026-10-05T13:51:43.1341279Z      [1m[94m|[0m
conformance-and-platform	Build Linux example	2026-10-05T13:51:43.1342249Z      [1m[94m= [0m[1mnote[0m: consider using `_reconstructed_block_in_inline` instead
conformance-and-platform	Build Linux example	2026-10-05T13:51:43.1343369Z      [1m[94m= [0m[1mnote[0m: `#[warn(unused_variables)]` (part of `#[warn(unused)]`) on by default
conformance-and-platform	Build Linux example	2026-10-05T13:51:43.1344003Z 
conformance-and-platform	Build Linux example	2026-10-05T13:51:43.1353559Z [1m[33mwarning[0m[1m: variable does not need to be mutable[0m
conformance-and-platform	Build Linux example	2026-10-05T13:51:43.1354402Z     [1m[94m--> [0mopenui-layout/src/block.rs:6781:9
conformance-and-platform	Build Linux example	2026-10-05T13:51:43.1355078Z      [1m[94m|[0m
conformance-and-platform	Build Linux example	2026-10-05T13:51:43.1355816Z [1m[94m6781[0m [1m[94m|[0m     let mut child_margin = resolve_margins_in_parent_axes(
conformance-and-platform	Build Linux example	2026-10-05T13:51:43.1357036Z      [1m[94m|[0m         [1m[94m----[0m[1m[33m^^^^^^^^^^^^[0m
conformance-and-platform	Build Linux example	2026-10-05T13:51:43.1357687Z      [1m[94m|[0m         [1m[94m|[0m
conformance-and-platform	Build Linux example	2026-10-05T13:51:43.1358450Z      [1m[94m|[0m         [1m[94mhelp: remove this `mut`[0m
conformance-and-platform	Build Linux example	2026-10-05T13:51:43.1359138Z      [1m[94m|[0m
conformance-and-platform	Build Linux example	2026-10-05T13:51:43.1359826Z      [1m[94m= [0m[1mnote[0m: `#[warn(unused_mut)]` (part of `#[warn(unused)]`) on by default
conformance-and-platform	Build Linux example	2026-10-05T13:51:43.1360372Z 
conformance-and-platform	Build Linux example	2026-10-05T13:51:43.1671039Z [1m[33mwarning[0m[1m: field `source_caption_end` is never read[0m
conformance-and-platform	Build Linux example	2026-10-05T13:51:43.1694095Z     [1m[94m--> [0mopenui-layout/src/block.rs:9551:5
conformance-and-platform	Build Linux example	2026-10-05T13:51:43.1722743Z      [1m[94m|[0m
conformance-and-platform	Build Linux example	2026-10-05T13:51:43.1752797Z [1m[94m9550[0m [1m[94m|[0m struct CaptionedRepeatedTableFlow {
conformance-and-platform	Build Linux example	2026-10-05T13:51:43.1762722Z      [1m[94m|[0m        [1m[94m--------------------------[0m [1m[94mfield in this struct[0m
conformance-and-platform	Build Linux example	2026-10-05T13:51:43.1782609Z [1m[94m9551[0m [1m[94m|[0m     source_caption_end: LayoutUnit,
conformance-and-platform	Build Linux example	2026-10-05T13:51:43.1812455Z      [1m[94m|[0m     [1m[33m^^^^^^^^^^^^^^^^^^[0m
conformance-and-platform	Build Linux example	2026-10-05T13:51:43.1842300Z      [1m[94m|[0m
conformance-and-platform	Build Linux example	2026-10-05T13:51:43.1863630Z      [1m[94m= [0m[1mnote[0m: `CaptionedRepeatedTableFlow` has derived impls for the traits `Debug` and `Clone`, but these are intentionally ignored during dead code analysis
conformance-and-platform	Build Linux example	2026-10-05T13:51:43.1872575Z      [1m[94m= [0m[1mnote[0m: `#[warn(dead_code)]` (part of `#[warn(unused)]`) on by default
conformance-and-platform	Build Linux example	2026-10-05T13:51:43.1901769Z 
conformance-and-platform	Build Linux example	2026-10-05T13:51:43.1932609Z [1m[33mwarning[0m[1m: function `columns_needed_for_height` is never used[0m
conformance-and-platform	Build Linux example	2026-10-05T13:51:43.1962661Z    [1m[94m--> [0mopenui-layout/src/multicol/mod.rs:705:4
conformance-and-platform	Build Linux example	2026-10-05T13:51:43.1963702Z     [1m[94m|[0m
conformance-and-platform	Build Linux example	2026-10-05T13:51:43.1992380Z [1m[94m705[0m [1m[94m|[0m fn columns_needed_for_height(
conformance-and-platform	Build Linux example	2026-10-05T13:51:43.2022440Z     [1m[94m|[0m    [1m[33m^^^^^^^^^^^^^^^^^^^^^^^^^[0m
conformance-and-platform	Build Linux example	2026-10-05T13:51:43.2051652Z 
conformance-and-platform	Build Linux example	2026-10-05T13:51:43.3328926Z [1m[92m   Compiling[0m openui-paint v0.2.0 (/home/runner/work/open-ui/open-ui/bindings/rust/openui-paint)
conformance-and-platform	Build Linux example	2026-10-05T13:51:43.6113905Z [1m[33mwarning[0m[1m: use of deprecated module `skia_safe::gradient_shader`: Use the skia_safe::gradient module[0m
conformance-and-platform	Build Linux example	2026-10-05T13:51:43.6142982Z   [1m[94m--> [0mopenui-paint/src/painter.rs:39:20
conformance-and-platform	Build Linux example	2026-10-05T13:51:43.6172360Z    [1m[94m|[0m
conformance-and-platform	Build Linux example	2026-10-05T13:51:43.6202842Z [1m[94m39[0m [1m[94m|[0m     color_filters, gradient_shader, image_filters, surfaces, AlphaType, BlendMode, ClipOp, Color4f,
conformance-and-platform	Build Linux example	2026-10-05T13:51:43.6222545Z    [1m[94m|[0m                    [1m[33m^^^^^^^^^^^^^^^[0m
conformance-and-platform	Build Linux example	2026-10-05T13:51:43.6232401Z    [1m[94m|[0m
conformance-and-platform	Build Linux example	2026-10-05T13:51:43.6262451Z    [1m[94m= [0m[1mnote[0m: `#[warn(deprecated)]` on by default
conformance-and-platform	Build Linux example	2026-10-05T13:51:43.6291691Z 
conformance-and-platform	Build Linux example	2026-10-05T13:51:43.6323115Z [1m[33mwarning[0m[1m: use of deprecated function `skia_safe::gradient_shader::linear_with_interpolation`: Use the skia_safe::gradient module[0m
conformance-and-platform	Build Linux example	2026-10-05T13:51:43.6352323Z     [1m[94m--> [0mopenui-paint/src/painter.rs:1860:45
conformance-and-platform	Build Linux example	2026-10-05T13:51:43.6382118Z      [1m[94m|[0m
conformance-and-platform	Build Linux example	2026-10-05T13:51:43.6412708Z [1m[94m1860[0m [1m[94m|[0m     scrim_paint.set_shader(gradient_shader::linear_with_interpolation(
conformance-and-platform	Build Linux example	2026-10-05T13:51:43.6442362Z      [1m[94m|[0m                                             [1m[33m^^^^^^^^^^^^^^^^^^^^^^^^^[0m
conformance-and-platform	Build Linux example	2026-10-05T13:51:43.6471672Z 
conformance-and-platform	Build Linux example	2026-10-05T13:51:43.6502986Z [1m[33mwarning[0m[1m: use of deprecated function `skia_safe::gradient_shader::linear_with_interpolation`: Use the skia_safe::gradient module[0m
conformance-and-platform	Build Linux example	2026-10-05T13:51:43.6532531Z      [1m[94m--> [0mopenui-paint/src/painter.rs:14056:51
conformance-and-platform	Build Linux example	2026-10-05T13:51:43.6592157Z       [1m[94m|[0m
conformance-and-platform	Build Linux example	2026-10-05T13:51:43.6593350Z [1m[94m14056[0m [1m[94m|[0m                 paint.set_shader(gradient_shader::linear_with_interpolation(
conformance-and-platform	Build Linux example	2026-10-05T13:51:43.6594471Z       [1m[94m|[0m                                                   [1m[33m^^^^^^^^^^^^^^^^^^^^^^^^^[0m
conformance-and-platform	Build Linux example	2026-10-05T13:51:43.6621761Z 
conformance-and-platform	Build Linux example	2026-10-05T13:51:43.6623089Z [1m[33mwarning[0m[1m: use of deprecated function `skia_safe::gradient_shader::linear`: Use the skia_safe::gradient module[0m
conformance-and-platform	Build Linux example	2026-10-05T13:51:43.6624387Z      [1m[94m--> [0mopenui-paint/src/painter.rs:14069:51
conformance-and-platform	Build Linux example	2026-10-05T13:51:43.6625013Z       [1m[94m|[0m
conformance-and-platform	Build Linux example	2026-10-05T13:51:43.6625883Z [1m[94m14069[0m [1m[94m|[0m                 paint.set_shader(gradient_shader::linear(
conformance-and-platform	Build Linux example	2026-10-05T13:51:43.6626814Z       [1m[94m|[0m                                                   [1m[33m^^^^^^[0m
conformance-and-platform	Build Linux example	2026-10-05T13:51:43.6627268Z 
conformance-and-platform	Build Linux example	2026-10-05T13:51:43.6628231Z [1m[33mwarning[0m[1m: use of deprecated function `skia_safe::gradient_shader::linear_with_interpolation`: Use the skia_safe::gradient module[0m
conformance-and-platform	Build Linux example	2026-10-05T13:51:43.6629380Z      [1m[94m--> [0mopenui-paint/src/painter.rs:14082:51
conformance-and-platform	Build Linux example	2026-10-05T13:51:43.6629977Z       [1m[94m|[0m
conformance-and-platform	Build Linux example	2026-10-05T13:51:43.6631024Z [1m[94m14082[0m [1m[94m|[0m                 paint.set_shader(gradient_shader::linear_with_interpolation(
conformance-and-platform	Build Linux example	2026-10-05T13:51:43.6632280Z       [1m[94m|[0m                                                   [1m[33m^^^^^^^^^^^^^^^^^^^^^^^^^[0m
conformance-and-platform	Build Linux example	2026-10-05T13:51:43.6632733Z 
conformance-and-platform	Build Linux example	2026-10-05T13:51:43.6633717Z [1m[33mwarning[0m[1m: use of deprecated function `skia_safe::gradient_shader::two_point_conical_with_interpolation`: Use the skia_safe::gradient module[0m
conformance-and-platform	Build Linux example	2026-10-05T13:51:43.6635177Z      [1m[94m--> [0mopenui-paint/src/painter.rs:14178:55
conformance-and-platform	Build Linux example	2026-10-05T13:51:43.6635760Z       [1m[94m|[0m
conformance-and-platform	Build Linux example	2026-10-05T13:51:43.6636791Z [1m[94m14178[0m [1m[94m|[0m                     paint.set_shader(gradient_shader::two_point_conical_with_interpolation(
conformance-and-platform	Build Linux example	2026-10-05T13:51:43.6637873Z       [1m[94m|[0m                                                       [1m[33m^^^^^^^^^^^^^^^^^^^^^^^^^^^^^^^^^^^^[0m
conformance-and-platform	Build Linux example	2026-10-05T13:51:43.6638367Z 
conformance-and-platform	Build Linux example	2026-10-05T13:51:43.6639281Z [1m[33mwarning[0m[1m: use of deprecated function `skia_safe::gradient_shader::two_point_conical`: Use the skia_safe::gradient module[0m
conformance-and-platform	Build Linux example	2026-10-05T13:51:43.6640375Z      [1m[94m--> [0mopenui-paint/src/painter.rs:14192:55
conformance-and-platform	Build Linux example	2026-10-05T13:51:43.6640970Z       [1m[94m|[0m
conformance-and-platform	Build Linux example	2026-10-05T13:51:43.6642214Z [1m[94m14192[0m [1m[94m|[0m                     paint.set_shader(gradient_shader::two_point_conical(
conformance-and-platform	Build Linux example	2026-10-05T13:51:43.6643159Z       [1m[94m|[0m                                                       [1m[33m^^^^^^^^^^^^^^^^^[0m
conformance-and-platform	Build Linux example	2026-10-05T13:51:43.6643646Z 
conformance-and-platform	Build Linux example	2026-10-05T13:51:43.6644559Z [1m[33mwarning[0m[1m: use of deprecated function `skia_safe::gradient_shader::two_point_conical_with_interpolation`: Use the skia_safe::gradient module[0m
conformance-and-platform	Build Linux example	2026-10-05T13:51:43.6645777Z      [1m[94m--> [0mopenui-paint/src/painter.rs:14208:55
conformance-and-platform	Build Linux example	2026-10-05T13:51:43.6646473Z       [1m[94m|[0m
conformance-and-platform	Build Linux example	2026-10-05T13:51:43.6647421Z [1m[94m14208[0m [1m[94m|[0m                     paint.set_shader(gradient_shader::two_point_conical_with_interpolation(
conformance-and-platform	Build Linux example	2026-10-05T13:51:43.6648484Z       [1m[94m|[0m                                                       [1m[33m^^^^^^^^^^^^^^^^^^^^^^^^^^^^^^^^^^^^[0m
conformance-and-platform	Build Linux example	2026-10-05T13:51:43.6649011Z 
conformance-and-platform	Build Linux example	2026-10-05T13:51:43.6650002Z [1m[33mwarning[0m[1m: use of deprecated function `skia_safe::gradient_shader::two_point_conical_with_interpolation`: Use the skia_safe::gradient module[0m
conformance-and-platform	Build Linux example	2026-10-05T13:51:43.6651220Z      [1m[94m--> [0mopenui-paint/src/painter.rs:14228:51
conformance-and-platform	Build Linux example	2026-10-05T13:51:43.6682525Z       [1m[94m|[0m
conformance-and-platform	Build Linux example	2026-10-05T13:51:43.6683664Z [1m[94m14228[0m [1m[94m|[0m                 paint.set_shader(gradient_shader::two_point_conical_with_interpolation(
conformance-and-platform	Build Linux example	2026-10-05T13:51:43.6684803Z       [1m[94m|[0m                                                   [1m[33m^^^^^^^^^^^^^^^^^^^^^^^^^^^^^^^^^^^^[0m
conformance-and-platform	Build Linux example	2026-10-05T13:51:43.6685323Z 
conformance-and-platform	Build Linux example	2026-10-05T13:51:43.6686141Z [1m[33mwarning[0m[1m: use of deprecated function `skia_safe::gradient_shader::two_point_conical`: Use the skia_safe::gradient module[0m
conformance-and-platform	Build Linux example	2026-10-05T13:51:43.6687300Z      [1m[94m--> [0mopenui-paint/src/painter.rs:14242:51
conformance-and-platform	Build Linux example	2026-10-05T13:51:43.6687963Z       [1m[94m|[0m
conformance-and-platform	Build Linux example	2026-10-05T13:51:43.6689039Z [1m[94m14242[0m [1m[94m|[0m                 paint.set_shader(gradient_shader::two_point_conical(
conformance-and-platform	Build Linux example	2026-10-05T13:51:43.6690079Z       [1m[94m|[0m                                                   [1m[33m^^^^^^^^^^^^^^^^^[0m
conformance-and-platform	Build Linux example	2026-10-05T13:51:43.6690509Z 
conformance-and-platform	Build Linux example	2026-10-05T13:51:43.6691814Z [1m[33mwarning[0m[1m: use of deprecated function `skia_safe::gradient_shader::two_point_conical_with_interpolation`: Use the skia_safe::gradient module[0m
conformance-and-platform	Build Linux example	2026-10-05T13:51:43.6693090Z      [1m[94m--> [0mopenui-paint/src/painter.rs:14258:51
conformance-and-platform	Build Linux example	2026-10-05T13:51:43.6693832Z       [1m[94m|[0m
conformance-and-platform	Build Linux example	2026-10-05T13:51:43.6694817Z [1m[94m14258[0m [1m[94m|[0m                 paint.set_shader(gradient_shader::two_point_conical_with_interpolation(
conformance-and-platform	Build Linux example	2026-10-05T13:51:43.6695982Z       [1m[94m|[0m                                                   [1m[33m^^^^^^^^^^^^^^^^^^^^^^^^^^^^^^^^^^^^[0m
conformance-and-platform	Build Linux example	2026-10-05T13:51:43.6696540Z 
conformance-and-platform	Build Linux example	2026-10-05T13:51:43.6697385Z [1m[33mwarning[0m[1m: use of deprecated function `skia_safe::gradient_shader::sweep_with_interpolation`: Use the skia_safe::gradient module[0m
conformance-and-platform	Build Linux example	2026-10-05T13:51:43.6698607Z      [1m[94m--> [0mopenui-paint/src/painter.rs:14318:51
conformance-and-platform	Build Linux example	2026-10-05T13:51:43.6699229Z       [1m[94m|[0m
conformance-and-platform	Build Linux example	2026-10-05T13:51:43.6722512Z [1m[94m14318[0m [1m[94m|[0m                 paint.set_shader(gradient_shader::sweep_with_interpolation(
conformance-and-platform	Build Linux example	2026-10-05T13:51:43.6723893Z       [1m[94m|[0m                                                   [1m[33m^^^^^^^^^^^^^^^^^^^^^^^^[0m
conformance-and-platform	Build Linux example	2026-10-05T13:51:43.6724333Z 
conformance-and-platform	Build Linux example	2026-10-05T13:51:43.6725187Z [1m[33mwarning[0m[1m: use of deprecated function `skia_safe::gradient_shader::sweep`: Use the skia_safe::gradient module[0m
conformance-and-platform	Build Linux example	2026-10-05T13:51:43.6726283Z      [1m[94m--> [0mopenui-paint/src/painter.rs:14332:51
conformance-and-platform	Build Linux example	2026-10-05T13:51:43.6726942Z       [1m[94m|[0m
conformance-and-platform	Build Linux example	2026-10-05T13:51:43.6727706Z [1m[94m14332[0m [1m[94m|[0m                 paint.set_shader(gradient_shader::sweep(
conformance-and-platform	Build Linux example	2026-10-05T13:51:43.6728659Z       [1m[94m|[0m                                                   [1m[33m^^^^^[0m
conformance-and-platform	Build Linux example	2026-10-05T13:51:43.6729126Z 
conformance-and-platform	Build Linux example	2026-10-05T13:51:43.6729965Z [1m[33mwarning[0m[1m: use of deprecated function `skia_safe::gradient_shader::sweep_with_interpolation`: Use the skia_safe::gradient module[0m
conformance-and-platform	Build Linux example	2026-10-05T13:51:43.6731168Z      [1m[94m--> [0mopenui-paint/src/painter.rs:14346:51
conformance-and-platform	Build Linux example	2026-10-05T13:51:43.6732337Z       [1m[94m|[0m
conformance-and-platform	Build Linux example	2026-10-05T13:51:43.6733185Z [1m[94m14346[0m [1m[94m|[0m                 paint.set_shader(gradient_shader::sweep_with_interpolation(
conformance-and-platform	Build Linux example	2026-10-05T13:51:43.6734243Z       [1m[94m|[0m                                                   [1m[33m^^^^^^^^^^^^^^^^^^^^^^^^[0m
conformance-and-platform	Build Linux example	2026-10-05T13:51:43.6734708Z 
conformance-and-platform	Build Linux example	2026-10-05T13:51:43.6735519Z [1m[33mwarning[0m[1m: use of deprecated function `skia_safe::gradient_shader::linear`: Use the skia_safe::gradient module[0m
conformance-and-platform	Build Linux example	2026-10-05T13:51:43.6736576Z      [1m[94m--> [0mopenui-paint/src/painter.rs:17719:55
conformance-and-platform	Build Linux example	2026-10-05T13:51:43.6737242Z       [1m[94m|[0m
conformance-and-platform	Build Linux example	2026-10-05T13:51:43.6738034Z [1m[94m17719[0m [1m[94m|[0m                     paint.set_shader(gradient_shader::linear(
conformance-and-platform	Build Linux example	2026-10-05T13:51:43.6738916Z       [1m[94m|[0m                                                       [1m[33m^^^^^^[0m
conformance-and-platform	Build Linux example	2026-10-05T13:51:43.6739358Z 
conformance-and-platform	Build Linux example	2026-10-05T13:51:43.6739726Z [1m[33mwarning[0m[1m: variant `RestoreTo` is never constructed[0m
conformance-and-platform	Build Linux example	2026-10-05T13:51:43.6740615Z   [1m[94m--> [0mopenui-paint/src/paint_record.rs:16:5
conformance-and-platform	Build Linux example	2026-10-05T13:51:43.6741189Z    [1m[94m|[0m
conformance-and-platform	Build Linux example	2026-10-05T13:51:43.6741968Z [1m[94m13[0m [1m[94m|[0m enum Operation {
conformance-and-platform	Build Linux example	2026-10-05T13:51:43.6742673Z    [1m[94m|[0m      [1m[94m---------[0m [1m[94mvariant in this enum[0m
conformance-and-platform	Build Linux example	2026-10-05T13:51:43.6743298Z [1m[94m...[0m
conformance-and-platform	Build Linux example	2026-10-05T13:51:43.6743916Z [1m[94m16[0m [1m[94m|[0m     RestoreTo(usize),
conformance-and-platform	Build Linux example	2026-10-05T13:51:43.6744608Z    [1m[94m|[0m     [1m[33m^^^^^^^^^[0m
conformance-and-platform	Build Linux example	2026-10-05T13:51:43.6745171Z    [1m[94m|[0m
conformance-and-platform	Build Linux example	2026-10-05T13:51:43.6746226Z    [1m[94m= [0m[1mnote[0m: `Operation` has a derived impl for the trait `Clone`, but this is intentionally ignored during dead code analysis
conformance-and-platform	Build Linux example	2026-10-05T13:51:43.6747690Z    [1m[94m= [0m[1mnote[0m: `#[warn(dead_code)]` (part of `#[warn(unused)]`) on by default
conformance-and-platform	Build Linux example	2026-10-05T13:51:43.6748331Z 
conformance-and-platform	Build Linux example	2026-10-05T13:51:43.6748808Z [1m[33mwarning[0m[1m: methods `restore_to_count` and `save_count` are never used[0m
conformance-and-platform	Build Linux example	2026-10-05T13:51:43.6749719Z    [1m[94m--> [0mopenui-paint/src/paint_record.rs:131:19
conformance-and-platform	Build Linux example	2026-10-05T13:51:43.6750344Z     [1m[94m|[0m
conformance-and-platform	Build Linux example	2026-10-05T13:51:43.6750890Z [1m[94m119[0m [1m[94m|[0m impl dyn PaintCanvas + '_ {
conformance-and-platform	Build Linux example	2026-10-05T13:51:43.6751929Z     [1m[94m|[0m [1m[94m-------------------------[0m [1m[94mmethods in this implementation[0m
conformance-and-platform	Build Linux example	2026-10-05T13:51:43.6752759Z [1m[94m...[0m
conformance-and-platform	Build Linux example	2026-10-05T13:51:43.6753485Z [1m[94m131[0m [1m[94m|[0m     pub(crate) fn restore_to_count(&self, count: usize) -> &Self {
conformance-and-platform	Build Linux example	2026-10-05T13:51:43.6754363Z     [1m[94m|[0m                   [1m[33m^^^^^^^^^^^^^^^^[0m
conformance-and-platform	Build Linux example	2026-10-05T13:51:43.6754932Z [1m[94m...[0m
conformance-and-platform	Build Linux example	2026-10-05T13:51:43.6755634Z [1m[94m137[0m [1m[94m|[0m     pub(crate) fn save_count(&self) -> usize {
conformance-and-platform	Build Linux example	2026-10-05T13:51:43.6756342Z     [1m[94m|[0m                   [1m[33m^^^^^^^^^^[0m
conformance-and-platform	Build Linux example	2026-10-05T13:51:43.6756720Z 
conformance-and-platform	Build Linux example	2026-10-05T13:51:43.7685351Z [1m[92m   Compiling[0m openui-compositor v0.2.0 (/home/runner/work/open-ui/open-ui/bindings/rust/openui-compositor)
conformance-and-platform	Build Linux example	2026-10-05T13:51:43.8145553Z [1m[33mwarning[0m: `openui-layout` (lib) generated 10 warnings (run `cargo fix --lib -p openui-layout` to apply 7 suggestions)
conformance-and-platform	Build Linux example	2026-10-05T13:51:43.8147197Z [1m[92m   Compiling[0m openui-engine v0.2.0 (/home/runner/work/open-ui/open-ui/bindings/rust/openui-engine)
conformance-and-platform	Build Linux example	2026-10-05T13:51:44.0126504Z [1m[33mwarning[0m: `openui-paint` (lib) generated 17 warnings
conformance-and-platform	Build Linux example	2026-10-05T13:51:44.0129506Z [1m[92m   Compiling[0m openui v0.2.0 (/home/runner/work/open-ui/open-ui/bindings/rust/openui)
conformance-and-platform	Build Linux example	2026-10-05T13:51:44.8391061Z [1m[92m   Compiling[0m hello v0.2.0 (/home/runner/work/open-ui/open-ui/bindings/rust/examples/hello)
conformance-and-platform	Build Linux example	2026-10-05T13:51:45.8234765Z [1m[92m    Finished[0m `dev` profile [unoptimized + debuginfo] target(s) in 6.33s
conformance-and-platform	Build and test the C Linux application surface	﻿2026-10-05T13:51:45.8440098Z ##[group]Run RUST_MIN_STACK=4194304 cargo test --locked --package openui-ffi --features linux
conformance-and-platform	Build and test the C Linux application surface	2026-10-05T13:51:45.8440799Z [36;1mRUST_MIN_STACK=4194304 cargo test --locked --package openui-ffi --features linux[0m
conformance-and-platform	Build and test the C Linux application surface	2026-10-05T13:51:45.8441368Z [36;1mcargo build --locked --package openui-ffi --features linux[0m
conformance-and-platform	Build and test the C Linux application surface	2026-10-05T13:51:45.8482227Z shell: /usr/bin/bash -e {0}
conformance-and-platform	Build and test the C Linux application surface	2026-10-05T13:51:45.8482627Z env:
conformance-and-platform	Build and test the C Linux application surface	2026-10-05T13:51:45.8482937Z   BINDGEN_EXTRA_CLANG_ARGS: 
conformance-and-platform	Build and test the C Linux application surface	2026-10-05T13:51:45.8483302Z   CARGO_TARGET_X86_64_UNKNOWN_LINUX_GNU_RUSTFLAGS: 
conformance-and-platform	Build and test the C Linux application surface	2026-10-05T13:51:45.8483670Z   CC: clang
conformance-and-platform	Build and test the C Linux application surface	2026-10-05T13:51:45.8484009Z   CXX: clang++
conformance-and-platform	Build and test the C Linux application surface	2026-10-05T13:51:45.8484278Z   CXXFLAGS: 
conformance-and-platform	Build and test the C Linux application surface	2026-10-05T13:51:45.8484566Z   CARGO_TERM_COLOR: always
conformance-and-platform	Build and test the C Linux application surface	2026-10-05T13:51:45.8484878Z   FORCE_SKIA_BUILD: 1
conformance-and-platform	Build and test the C Linux application surface	2026-10-05T13:51:45.8485194Z   PKG_CONFIG_SYSROOT_DIR: 
conformance-and-platform	Build and test the C Linux application surface	2026-10-05T13:51:45.8485931Z   SKIA_GN_ARGS: extra_cflags += [ "-DSK_SUPPORT_LEGACY_CONIC_CHOP", "-DSK_USE_FREETYPE_EMBOLDEN", "-DSK_GAMMA_EXPONENT=1.2", "-DSK_GAMMA_CONTRAST=0.2", "-fno-strict-aliasing", "-msse3" ]
conformance-and-platform	Build and test the C Linux application surface	2026-10-05T13:51:45.8486711Z   SKIA_NINJA_COMMAND: ninja
conformance-and-platform	Build and test the C Linux application surface	2026-10-05T13:51:45.8487051Z ##[endgroup]
conformance-and-platform	Build and test the C Linux application surface	2026-10-05T13:51:46.0063545Z [1m[33mwarning[0m[1m: unused import: `BfcOffset`[0m
conformance-and-platform	Build and test the C Linux application surface	2026-10-05T13:51:46.0064418Z   [1m[94m--> [0mopenui-layout/src/bfc_resolution.rs:17:23
conformance-and-platform	Build and test the C Linux application surface	2026-10-05T13:51:46.0065026Z    [1m[94m|[0m
conformance-and-platform	Build and test the C Linux application surface	2026-10-05T13:51:46.0066043Z [1m[94m17[0m [1m[94m|[0m use openui_geometry::{BfcOffset, BoxStrut, LayoutUnit, MarginStrut};
conformance-and-platform	Build and test the C Linux application surface	2026-10-05T13:51:46.0066731Z    [1m[94m|[0m                       [1m[33m^^^^^^^^^[0m
conformance-and-platform	Build and test the C Linux application surface	2026-10-05T13:51:46.0067332Z    [1m[94m|[0m
conformance-and-platform	Build and test the C Linux application surface	2026-10-05T13:51:46.0067978Z    [1m[94m= [0m[1mnote[0m: `#[warn(unused_imports)]` (part of `#[warn(unused)]`) on by default
conformance-and-platform	Build and test the C Linux application surface	2026-10-05T13:51:46.0068559Z 
conformance-and-platform	Build and test the C Linux application surface	2026-10-05T13:51:46.0068916Z [1m[33mwarning[0m[1m: unused import: `balance_columns`[0m
conformance-and-platform	Build and test the C Linux application surface	2026-10-05T13:51:46.0069904Z      [1m[94m--> [0mopenui-layout/src/block.rs:19571:9
conformance-and-platform	Build and test the C Linux application surface	2026-10-05T13:51:46.0070493Z       [1m[94m|[0m
conformance-and-platform	Build and test the C Linux application surface	2026-10-05T13:51:46.0071336Z [1m[94m19571[0m [1m[94m|[0m         balance_columns, balance_columns_with_margins, compute_column_positions,
conformance-and-platform	Build and test the C Linux application surface	2026-10-05T13:51:46.0072612Z       [1m[94m|[0m         [1m[33m^^^^^^^^^^^^^^^[0m
conformance-and-platform	Build and test the C Linux application surface	2026-10-05T13:51:46.0072990Z 
conformance-and-platform	Build and test the C Linux application surface	2026-10-05T13:51:46.0073482Z [1m[33mwarning[0m[1m: unused import: `super::*`[0m
conformance-and-platform	Build and test the C Linux application surface	2026-10-05T13:51:46.0074227Z     [1m[94m--> [0mopenui-layout/src/intrinsic_sizing.rs:3974:9
conformance-and-platform	Build and test the C Linux application surface	2026-10-05T13:51:46.0075020Z      [1m[94m|[0m
conformance-and-platform	Build and test the C Linux application surface	2026-10-05T13:51:46.0075635Z [1m[94m3974[0m [1m[94m|[0m     use super::*;
conformance-and-platform	Build and test the C Linux application surface	2026-10-05T13:51:46.0076320Z      [1m[94m|[0m         [1m[33m^^^^^^^^[0m
conformance-and-platform	Build and test the C Linux application surface	2026-10-05T13:51:46.0076708Z 
conformance-and-platform	Build and test the C Linux application surface	2026-10-05T13:51:46.0077107Z [1m[33mwarning[0m[1m: unused import: `std::sync::Arc`[0m
conformance-and-platform	Build and test the C Linux application surface	2026-10-05T13:51:46.0077967Z   [1m[94m--> [0mopenui-layout/src/new_formatting_context.rs:17:5
conformance-and-platform	Build and test the C Linux application surface	2026-10-05T13:51:46.0078732Z    [1m[94m|[0m
conformance-and-platform	Build and test the C Linux application surface	2026-10-05T13:51:46.0079273Z [1m[94m17[0m [1m[94m|[0m use std::sync::Arc;
conformance-and-platform	Build and test the C Linux application surface	2026-10-05T13:51:46.0079932Z    [1m[94m|[0m     [1m[33m^^^^^^^^^^^^^^[0m
conformance-and-platform	Build and test the C Linux application surface	2026-10-05T13:51:46.0080232Z 
conformance-and-platform	Build and test the C Linux application surface	2026-10-05T13:51:46.0080558Z [1m[33mwarning[0m[1m: unused import: `ClearType`[0m
conformance-and-platform	Build and test the C Linux application surface	2026-10-05T13:51:46.0081266Z   [1m[94m--> [0mopenui-layout/src/new_formatting_context.rs:24:25
conformance-and-platform	Build and test the C Linux application surface	2026-10-05T13:51:46.0082090Z    [1m[94m|[0m
conformance-and-platform	Build and test the C Linux application surface	2026-10-05T13:51:46.0082759Z [1m[94m24[0m [1m[94m|[0m use crate::exclusions::{ClearType, ExclusionSpace};
conformance-and-platform	Build and test the C Linux application surface	2026-10-05T13:51:46.0083290Z    [1m[94m|[0m                         [1m[33m^^^^^^^^^[0m
conformance-and-platform	Build and test the C Linux application surface	2026-10-05T13:51:46.0083545Z 
conformance-and-platform	Build and test the C Linux application surface	2026-10-05T13:51:46.0083840Z [1m[33mwarning[0m[1m: unused import: `crate::layout_result::LayoutResult`[0m
conformance-and-platform	Build and test the C Linux application surface	2026-10-05T13:51:46.0084378Z   [1m[94m--> [0mopenui-layout/src/new_formatting_context.rs:26:5
conformance-and-platform	Build and test the C Linux application surface	2026-10-05T13:51:46.0084814Z    [1m[94m|[0m
conformance-and-platform	Build and test the C Linux application surface	2026-10-05T13:51:46.0085249Z [1m[94m26[0m [1m[94m|[0m use crate::layout_result::LayoutResult;
conformance-and-platform	Build and test the C Linux application surface	2026-10-05T13:51:46.0085764Z    [1m[94m|[0m     [1m[33m^^^^^^^^^^^^^^^^^^^^^^^^^^^^^^^^^^[0m
conformance-and-platform	Build and test the C Linux application surface	2026-10-05T13:51:46.0086024Z 
conformance-and-platform	Build and test the C Linux application surface	2026-10-05T13:51:46.0086589Z [1m[33mwarning[0m[1m: variable `reconstructed_block_in_inline` is assigned to, but never used[0m
conformance-and-platform	Build and test the C Linux application surface	2026-10-05T13:51:46.0087176Z     [1m[94m--> [0mopenui-layout/src/block.rs:2104:9
conformance-and-platform	Build and test the C Linux application surface	2026-10-05T13:51:46.0087590Z      [1m[94m|[0m
conformance-and-platform	Build and test the C Linux application surface	2026-10-05T13:51:46.0088016Z [1m[94m2104[0m [1m[94m|[0m     let mut reconstructed_block_in_inline = false;
conformance-and-platform	Build and test the C Linux application surface	2026-10-05T13:51:46.0088609Z      [1m[94m|[0m         [1m[33m^^^^^^^^^^^^^^^^^^^^^^^^^^^^^^^^^[0m
conformance-and-platform	Build and test the C Linux application surface	2026-10-05T13:51:46.0089005Z      [1m[94m|[0m
conformance-and-platform	Build and test the C Linux application surface	2026-10-05T13:51:46.0089467Z      [1m[94m= [0m[1mnote[0m: consider using `_reconstructed_block_in_inline` instead
conformance-and-platform	Build and test the C Linux application surface	2026-10-05T13:51:46.0090112Z      [1m[94m= [0m[1mnote[0m: `#[warn(unused_variables)]` (part of `#[warn(unused)]`) on by default
conformance-and-platform	Build and test the C Linux application surface	2026-10-05T13:51:46.0090463Z 
conformance-and-platform	Build and test the C Linux application surface	2026-10-05T13:51:46.0090721Z [1m[33mwarning[0m[1m: variable does not need to be mutable[0m
conformance-and-platform	Build and test the C Linux application surface	2026-10-05T13:51:46.0091197Z     [1m[94m--> [0mopenui-layout/src/block.rs:6781:9
conformance-and-platform	Build and test the C Linux application surface	2026-10-05T13:51:46.0091736Z      [1m[94m|[0m
conformance-and-platform	Build and test the C Linux application surface	2026-10-05T13:51:46.0092237Z [1m[94m6781[0m [1m[94m|[0m     let mut child_margin = resolve_margins_in_parent_axes(
conformance-and-platform	Build and test the C Linux application surface	2026-10-05T13:51:46.0092777Z      [1m[94m|[0m         [1m[94m----[0m[1m[33m^^^^^^^^^^^^[0m
conformance-and-platform	Build and test the C Linux application surface	2026-10-05T13:51:46.0093188Z      [1m[94m|[0m         [1m[94m|[0m
conformance-and-platform	Build and test the C Linux application surface	2026-10-05T13:51:46.0093616Z      [1m[94m|[0m         [1m[94mhelp: remove this `mut`[0m
conformance-and-platform	Build and test the C Linux application surface	2026-10-05T13:51:46.0094057Z      [1m[94m|[0m
conformance-and-platform	Build and test the C Linux application surface	2026-10-05T13:51:46.0095027Z      [1m[94m= [0m[1mnote[0m: `#[warn(unused_mut)]` (part of `#[warn(unused)]`) on by default
conformance-and-platform	Build and test the C Linux application surface	2026-10-05T13:51:46.0095727Z 
conformance-and-platform	Build and test the C Linux application surface	2026-10-05T13:51:46.0096176Z [1m[33mwarning[0m[1m: field `source_caption_end` is never read[0m
conformance-and-platform	Build and test the C Linux application surface	2026-10-05T13:51:46.0096945Z     [1m[94m--> [0mopenui-layout/src/block.rs:9551:5
conformance-and-platform	Build and test the C Linux application surface	2026-10-05T13:51:46.0097461Z      [1m[94m|[0m
conformance-and-platform	Build and test the C Linux application surface	2026-10-05T13:51:46.0097993Z [1m[94m9550[0m [1m[94m|[0m struct CaptionedRepeatedTableFlow {
conformance-and-platform	Build and test the C Linux application surface	2026-10-05T13:51:46.0099033Z      [1m[94m|[0m        [1m[94m--------------------------[0m [1m[94mfield in this struct[0m
conformance-and-platform	Build and test the C Linux application surface	2026-10-05T13:51:46.0099833Z [1m[94m9551[0m [1m[94m|[0m     source_caption_end: LayoutUnit,
conformance-and-platform	Build and test the C Linux application surface	2026-10-05T13:51:46.0100454Z      [1m[94m|[0m     [1m[33m^^^^^^^^^^^^^^^^^^[0m
conformance-and-platform	Build and test the C Linux application surface	2026-10-05T13:51:46.0100902Z      [1m[94m|[0m
conformance-and-platform	Build and test the C Linux application surface	2026-10-05T13:51:46.0101929Z      [1m[94m= [0m[1mnote[0m: `CaptionedRepeatedTableFlow` has derived impls for the traits `Debug` and `Clone`, but these are intentionally ignored during dead code analysis
conformance-and-platform	Build and test the C Linux application surface	2026-10-05T13:51:46.0103105Z      [1m[94m= [0m[1mnote[0m: `#[warn(dead_code)]` (part of `#[warn(unused)]`) on by default
conformance-and-platform	Build and test the C Linux application surface	2026-10-05T13:51:46.0103477Z 
conformance-and-platform	Build and test the C Linux application surface	2026-10-05T13:51:46.0103848Z [1m[33mwarning[0m[1m: function `columns_needed_for_height` is never used[0m
conformance-and-platform	Build and test the C Linux application surface	2026-10-05T13:51:46.0104496Z    [1m[94m--> [0mopenui-layout/src/multicol/mod.rs:705:4
conformance-and-platform	Build and test the C Linux application surface	2026-10-05T13:51:46.0105016Z     [1m[94m|[0m
conformance-and-platform	Build and test the C Linux application surface	2026-10-05T13:51:46.0105485Z [1m[94m705[0m [1m[94m|[0m fn columns_needed_for_height(
conformance-and-platform	Build and test the C Linux application surface	2026-10-05T13:51:46.0106079Z     [1m[94m|[0m    [1m[33m^^^^^^^^^^^^^^^^^^^^^^^^^[0m
conformance-and-platform	Build and test the C Linux application surface	2026-10-05T13:51:46.0106400Z 
conformance-and-platform	Build and test the C Linux application surface	2026-10-05T13:51:46.0106981Z [1m[33mwarning[0m: `openui-layout` (lib) generated 10 warnings (run `cargo fix --lib -p openui-layout` to apply 7 suggestions)
conformance-and-platform	Build and test the C Linux application surface	2026-10-05T13:51:46.0108387Z [1m[33mwarning[0m[1m: use of deprecated module `skia_safe::gradient_shader`: Use the skia_safe::gradient module[0m
conformance-and-platform	Build and test the C Linux application surface	2026-10-05T13:51:46.0109301Z   [1m[94m--> [0mopenui-paint/src/painter.rs:39:20
conformance-and-platform	Build and test the C Linux application surface	2026-10-05T13:51:46.0109920Z    [1m[94m|[0m
conformance-and-platform	Build and test the C Linux application surface	2026-10-05T13:51:46.0110714Z [1m[94m39[0m [1m[94m|[0m     color_filters, gradient_shader, image_filters, surfaces, AlphaType, BlendMode, ClipOp, Color4f,
conformance-and-platform	Build and test the C Linux application surface	2026-10-05T13:51:46.0111703Z    [1m[94m|[0m                    [1m[33m^^^^^^^^^^^^^^^[0m
conformance-and-platform	Build and test the C Linux application surface	2026-10-05T13:51:46.0112287Z    [1m[94m|[0m
conformance-and-platform	Build and test the C Linux application surface	2026-10-05T13:51:46.0112864Z    [1m[94m= [0m[1mnote[0m: `#[warn(deprecated)]` on by default
conformance-and-platform	Build and test the C Linux application surface	2026-10-05T13:51:46.0113213Z 
conformance-and-platform	Build and test the C Linux application surface	2026-10-05T13:51:46.0114137Z [1m[33mwarning[0m[1m: use of deprecated function `skia_safe::gradient_shader::linear_with_interpolation`: Use the skia_safe::gradient module[0m
conformance-and-platform	Build and test the C Linux application surface	2026-10-05T13:51:46.0115340Z     [1m[94m--> [0mopenui-paint/src/painter.rs:1860:45
conformance-and-platform	Build and test the C Linux application surface	2026-10-05T13:51:46.0116006Z      [1m[94m|[0m
conformance-and-platform	Build and test the C Linux application surface	2026-10-05T13:51:46.0116804Z [1m[94m1860[0m [1m[94m|[0m     scrim_paint.set_shader(gradient_shader::linear_with_interpolation(
conformance-and-platform	Build and test the C Linux application surface	2026-10-05T13:51:46.0117726Z      [1m[94m|[0m                                             [1m[33m^^^^^^^^^^^^^^^^^^^^^^^^^[0m
conformance-and-platform	Build and test the C Linux application surface	2026-10-05T13:51:46.0118155Z 
conformance-and-platform	Build and test the C Linux application surface	2026-10-05T13:51:46.0118927Z [1m[33mwarning[0m[1m: use of deprecated function `skia_safe::gradient_shader::linear_with_interpolation`: Use the skia_safe::gradient module[0m
conformance-and-platform	Build and test the C Linux application surface	2026-10-05T13:51:46.0119954Z      [1m[94m--> [0mopenui-paint/src/painter.rs:14056:51
conformance-and-platform	Build and test the C Linux application surface	2026-10-05T13:51:46.0120506Z       [1m[94m|[0m
conformance-and-platform	Build and test the C Linux application surface	2026-10-05T13:51:46.0121310Z [1m[94m14056[0m [1m[94m|[0m                 paint.set_shader(gradient_shader::linear_with_interpolation(
conformance-and-platform	Build and test the C Linux application surface	2026-10-05T13:51:46.0122571Z       [1m[94m|[0m                                                   [1m[33m^^^^^^^^^^^^^^^^^^^^^^^^^[0m
conformance-and-platform	Build and test the C Linux application surface	2026-10-05T13:51:46.0123044Z 
conformance-and-platform	Build and test the C Linux application surface	2026-10-05T13:51:46.0123841Z [1m[33mwarning[0m[1m: use of deprecated function `skia_safe::gradient_shader::linear`: Use the skia_safe::gradient module[0m
conformance-and-platform	Build and test the C Linux application surface	2026-10-05T13:51:46.0124875Z      [1m[94m--> [0mopenui-paint/src/painter.rs:14069:51
conformance-and-platform	Build and test the C Linux application surface	2026-10-05T13:51:46.0125465Z       [1m[94m|[0m
conformance-and-platform	Build and test the C Linux application surface	2026-10-05T13:51:46.0126259Z [1m[94m14069[0m [1m[94m|[0m                 paint.set_shader(gradient_shader::linear(
conformance-and-platform	Build and test the C Linux application surface	2026-10-05T13:51:46.0127067Z       [1m[94m|[0m                                                   [1m[33m^^^^^^[0m
conformance-and-platform	Build and test the C Linux application surface	2026-10-05T13:51:46.0127494Z 
conformance-and-platform	Build and test the C Linux application surface	2026-10-05T13:51:46.0128329Z [1m[33mwarning[0m[1m: use of deprecated function `skia_safe::gradient_shader::linear_with_interpolation`: Use the skia_safe::gradient module[0m
conformance-and-platform	Build and test the C Linux application surface	2026-10-05T13:51:46.0129738Z      [1m[94m--> [0mopenui-paint/src/painter.rs:14082:51
conformance-and-platform	Build and test the C Linux application surface	2026-10-05T13:51:46.0130380Z       [1m[94m|[0m
conformance-and-platform	Build and test the C Linux application surface	2026-10-05T13:51:46.0131279Z [1m[94m14082[0m [1m[94m|[0m                 paint.set_shader(gradient_shader::linear_with_interpolation(
conformance-and-platform	Build and test the C Linux application surface	2026-10-05T13:51:46.0132441Z       [1m[94m|[0m                                                   [1m[33m^^^^^^^^^^^^^^^^^^^^^^^^^[0m
conformance-and-platform	Build and test the C Linux application surface	2026-10-05T13:51:46.0132986Z 
conformance-and-platform	Build and test the C Linux application surface	2026-10-05T13:51:46.0133939Z [1m[33mwarning[0m[1m: use of deprecated function `skia_safe::gradient_shader::two_point_conical_with_interpolation`: Use the skia_safe::gradient module[0m
conformance-and-platform	Build and test the C Linux application surface	2026-10-05T13:51:46.0135110Z      [1m[94m--> [0mopenui-paint/src/painter.rs:14178:55
conformance-and-platform	Build and test the C Linux application surface	2026-10-05T13:51:46.0135754Z       [1m[94m|[0m
conformance-and-platform	Build and test the C Linux application surface	2026-10-05T13:51:46.0136777Z [1m[94m14178[0m [1m[94m|[0m                     paint.set_shader(gradient_shader::two_point_conical_with_interpolation(
conformance-and-platform	Build and test the C Linux application surface	2026-10-05T13:51:46.0137866Z       [1m[94m|[0m                                                       [1m[33m^^^^^^^^^^^^^^^^^^^^^^^^^^^^^^^^^^^^[0m
conformance-and-platform	Build and test the C Linux application surface	2026-10-05T13:51:46.0138410Z 
conformance-and-platform	Build and test the C Linux application surface	2026-10-05T13:51:46.0139197Z [1m[33mwarning[0m[1m: use of deprecated function `skia_safe::gradient_shader::two_point_conical`: Use the skia_safe::gradient module[0m
conformance-and-platform	Build and test the C Linux application surface	2026-10-05T13:51:46.0140286Z      [1m[94m--> [0mopenui-paint/src/painter.rs:14192:55
conformance-and-platform	Build and test the C Linux application surface	2026-10-05T13:51:46.0140958Z       [1m[94m|[0m
conformance-and-platform	Build and test the C Linux application surface	2026-10-05T13:51:46.0141844Z [1m[94m14192[0m [1m[94m|[0m                     paint.set_shader(gradient_shader::two_point_conical(
conformance-and-platform	Build and test the C Linux application surface	2026-10-05T13:51:46.0142794Z       [1m[94m|[0m                                                       [1m[33m^^^^^^^^^^^^^^^^^[0m
conformance-and-platform	Build and test the C Linux application surface	2026-10-05T13:51:46.0143279Z 
conformance-and-platform	Build and test the C Linux application surface	2026-10-05T13:51:46.0144486Z [1m[33mwarning[0m[1m: use of deprecated function `skia_safe::gradient_shader::two_point_conical_with_interpolation`: Use the skia_safe::gradient module[0m
conformance-and-platform	Build and test the C Linux application surface	2026-10-05T13:51:46.0145660Z      [1m[94m--> [0mopenui-paint/src/painter.rs:14208:55
conformance-and-platform	Build and test the C Linux application surface	2026-10-05T13:51:46.0146327Z       [1m[94m|[0m
conformance-and-platform	Build and test the C Linux application surface	2026-10-05T13:51:46.0147314Z [1m[94m14208[0m [1m[94m|[0m                     paint.set_shader(gradient_shader::two_point_conical_with_interpolation(
conformance-and-platform	Build and test the C Linux application surface	2026-10-05T13:51:46.0148563Z       [1m[94m|[0m                                                       [1m[33m^^^^^^^^^^^^^^^^^^^^^^^^^^^^^^^^^^^^[0m
conformance-and-platform	Build and test the C Linux application surface	2026-10-05T13:51:46.0149042Z 
conformance-and-platform	Build and test the C Linux application surface	2026-10-05T13:51:46.0149890Z [1m[33mwarning[0m[1m: use of deprecated function `skia_safe::gradient_shader::two_point_conical_with_interpolation`: Use the skia_safe::gradient module[0m
conformance-and-platform	Build and test the C Linux application surface	2026-10-05T13:51:46.0151071Z      [1m[94m--> [0mopenui-paint/src/painter.rs:14228:51
conformance-and-platform	Build and test the C Linux application surface	2026-10-05T13:51:46.0151902Z       [1m[94m|[0m
conformance-and-platform	Build and test the C Linux application surface	2026-10-05T13:51:46.0152797Z [1m[94m14228[0m [1m[94m|[0m                 paint.set_shader(gradient_shader::two_point_conical_with_interpolation(
conformance-and-platform	Build and test the C Linux application surface	2026-10-05T13:51:46.0153838Z       [1m[94m|[0m                                                   [1m[33m^^^^^^^^^^^^^^^^^^^^^^^^^^^^^^^^^^^^[0m
conformance-and-platform	Build and test the C Linux application surface	2026-10-05T13:51:46.0154541Z 
conformance-and-platform	Build and test the C Linux application surface	2026-10-05T13:51:46.0155296Z [1m[33mwarning[0m[1m: use of deprecated function `skia_safe::gradient_shader::two_point_conical`: Use the skia_safe::gradient module[0m
conformance-and-platform	Build and test the C Linux application surface	2026-10-05T13:51:46.0156496Z      [1m[94m--> [0mopenui-paint/src/painter.rs:14242:51
conformance-and-platform	Build and test the C Linux application surface	2026-10-05T13:51:46.0157078Z       [1m[94m|[0m
conformance-and-platform	Build and test the C Linux application surface	2026-10-05T13:51:46.0157837Z [1m[94m14242[0m [1m[94m|[0m                 paint.set_shader(gradient_shader::two_point_conical(
conformance-and-platform	Build and test the C Linux application surface	2026-10-05T13:51:46.0158784Z       [1m[94m|[0m                                                   [1m[33m^^^^^^^^^^^^^^^^^[0m
conformance-and-platform	Build and test the C Linux application surface	2026-10-05T13:51:46.0159230Z 
conformance-and-platform	Build and test the C Linux application surface	2026-10-05T13:51:46.0160503Z [1m[33mwarning[0m[1m: use of deprecated function `skia_safe::gradient_shader::two_point_conical_with_interpolation`: Use the skia_safe::gradient module[0m
conformance-and-platform	Build and test the C Linux application surface	2026-10-05T13:51:46.0161897Z      [1m[94m--> [0mopenui-paint/src/painter.rs:14258:51
conformance-and-platform	Build and test the C Linux application surface	2026-10-05T13:51:46.0162456Z       [1m[94m|[0m
conformance-and-platform	Build and test the C Linux application surface	2026-10-05T13:51:46.0163427Z [1m[94m14258[0m [1m[94m|[0m                 paint.set_shader(gradient_shader::two_point_conical_with_interpolation(
conformance-and-platform	Build and test the C Linux application surface	2026-10-05T13:51:46.0164671Z       [1m[94m|[0m                                                   [1m[33m^^^^^^^^^^^^^^^^^^^^^^^^^^^^^^^^^^^^[0m
conformance-and-platform	Build and test the C Linux application surface	2026-10-05T13:51:46.0165181Z 
conformance-and-platform	Build and test the C Linux application surface	2026-10-05T13:51:46.0166073Z [1m[33mwarning[0m[1m: use of deprecated function `skia_safe::gradient_shader::sweep_with_interpolation`: Use the skia_safe::gradient module[0m
conformance-and-platform	Build and test the C Linux application surface	2026-10-05T13:51:46.0167207Z      [1m[94m--> [0mopenui-paint/src/painter.rs:14318:51
conformance-and-platform	Build and test the C Linux application surface	2026-10-05T13:51:46.0167736Z       [1m[94m|[0m
conformance-and-platform	Build and test the C Linux application surface	2026-10-05T13:51:46.0168613Z [1m[94m14318[0m [1m[94m|[0m                 paint.set_shader(gradient_shader::sweep_with_interpolation(
conformance-and-platform	Build and test the C Linux application surface	2026-10-05T13:51:46.0169536Z       [1m[94m|[0m                                                   [1m[33m^^^^^^^^^^^^^^^^^^^^^^^^[0m
conformance-and-platform	Build and test the C Linux application surface	2026-10-05T13:51:46.0170026Z 
conformance-and-platform	Build and test the C Linux application surface	2026-10-05T13:51:46.0170726Z [1m[33mwarning[0m[1m: use of deprecated function `skia_safe::gradient_shader::sweep`: Use the skia_safe::gradient module[0m
conformance-and-platform	Build and test the C Linux application surface	2026-10-05T13:51:46.0172001Z      [1m[94m--> [0mopenui-paint/src/painter.rs:14332:51
conformance-and-platform	Build and test the C Linux application surface	2026-10-05T13:51:46.0172591Z       [1m[94m|[0m
conformance-and-platform	Build and test the C Linux application surface	2026-10-05T13:51:46.0173372Z [1m[94m14332[0m [1m[94m|[0m                 paint.set_shader(gradient_shader::sweep(
conformance-and-platform	Build and test the C Linux application surface	2026-10-05T13:51:46.0174218Z       [1m[94m|[0m                                                   [1m[33m^^^^^[0m
conformance-and-platform	Build and test the C Linux application surface	2026-10-05T13:51:46.0174625Z 
conformance-and-platform	Build and test the C Linux application surface	2026-10-05T13:51:46.0175644Z [1m[33mwarning[0m[1m: use of deprecated function `skia_safe::gradient_shader::sweep_with_interpolation`: Use the skia_safe::gradient module[0m
conformance-and-platform	Build and test the C Linux application surface	2026-10-05T13:51:46.0441754Z      [1m[94m--> [0mopenui-paint/src/painter.rs:14346:51
conformance-and-platform	Build and test the C Linux application surface	2026-10-05T13:51:46.0442353Z       [1m[94m|[0m
conformance-and-platform	Build and test the C Linux application surface	2026-10-05T13:51:46.0443188Z [1m[94m14346[0m [1m[94m|[0m                 paint.set_shader(gradient_shader::sweep_with_interpolation(
conformance-and-platform	Build and test the C Linux application surface	2026-10-05T13:51:46.0443963Z       [1m[94m|[0m                                                   [1m[33m^^^^^^^^^^^^^^^^^^^^^^^^[0m
conformance-and-platform	Build and test the C Linux application surface	2026-10-05T13:51:46.0444323Z 
conformance-and-platform	Build and test the C Linux application surface	2026-10-05T13:51:46.0444985Z [1m[33mwarning[0m[1m: use of deprecated function `skia_safe::gradient_shader::linear`: Use the skia_safe::gradient module[0m
conformance-and-platform	Build and test the C Linux application surface	2026-10-05T13:51:46.0446414Z      [1m[94m--> [0mopenui-paint/src/painter.rs:17719:55
conformance-and-platform	Build and test the C Linux application surface	2026-10-05T13:51:46.0447518Z       [1m[94m|[0m
conformance-and-platform	Build and test the C Linux application surface	2026-10-05T13:51:46.0448485Z [1m[94m17719[0m [1m[94m|[0m                     paint.set_shader(gradient_shader::linear(
conformance-and-platform	Build and test the C Linux application surface	2026-10-05T13:51:46.0449579Z       [1m[94m|[0m                                                       [1m[33m^^^^^^[0m
conformance-and-platform	Build and test the C Linux application surface	2026-10-05T13:51:46.0449993Z 
conformance-and-platform	Build and test the C Linux application surface	2026-10-05T13:51:46.0450309Z [1m[33mwarning[0m[1m: variant `RestoreTo` is never constructed[0m
conformance-and-platform	Build and test the C Linux application surface	2026-10-05T13:51:46.0450846Z   [1m[94m--> [0mopenui-paint/src/paint_record.rs:16:5
conformance-and-platform	Build and test the C Linux application surface	2026-10-05T13:51:46.0451260Z    [1m[94m|[0m
conformance-and-platform	Build and test the C Linux application surface	2026-10-05T13:51:46.0451772Z [1m[94m13[0m [1m[94m|[0m enum Operation {
conformance-and-platform	Build and test the C Linux application surface	2026-10-05T13:51:46.0452365Z    [1m[94m|[0m      [1m[94m---------[0m [1m[94mvariant in this enum[0m
conformance-and-platform	Build and test the C Linux application surface	2026-10-05T13:51:46.0452870Z [1m[94m...[0m
conformance-and-platform	Build and test the C Linux application surface	2026-10-05T13:51:46.0453282Z [1m[94m16[0m [1m[94m|[0m     RestoreTo(usize),
conformance-and-platform	Build and test the C Linux application surface	2026-10-05T13:51:46.0453797Z    [1m[94m|[0m     [1m[33m^^^^^^^^^[0m
conformance-and-platform	Build and test the C Linux application surface	2026-10-05T13:51:46.0454180Z    [1m[94m|[0m
conformance-and-platform	Build and test the C Linux application surface	2026-10-05T13:51:46.0455000Z    [1m[94m= [0m[1mnote[0m: `Operation` has a derived impl for the trait `Clone`, but this is intentionally ignored during dead code analysis
conformance-and-platform	Build and test the C Linux application surface	2026-10-05T13:51:46.0456066Z    [1m[94m= [0m[1mnote[0m: `#[warn(dead_code)]` (part of `#[warn(unused)]`) on by default
conformance-and-platform	Build and test the C Linux application surface	2026-10-05T13:51:46.0456488Z 
conformance-and-platform	Build and test the C Linux application surface	2026-10-05T13:51:46.0456881Z [1m[33mwarning[0m[1m: methods `restore_to_count` and `save_count` are never used[0m
conformance-and-platform	Build and test the C Linux application surface	2026-10-05T13:51:46.0457566Z    [1m[94m--> [0mopenui-paint/src/paint_record.rs:131:19
conformance-and-platform	Build and test the C Linux application surface	2026-10-05T13:51:46.0458053Z     [1m[94m|[0m
conformance-and-platform	Build and test the C Linux application surface	2026-10-05T13:51:46.0458470Z [1m[94m119[0m [1m[94m|[0m impl dyn PaintCanvas + '_ {
conformance-and-platform	Build and test the C Linux application surface	2026-10-05T13:51:46.0459207Z     [1m[94m|[0m [1m[94m-------------------------[0m [1m[94mmethods in this implementation[0m
conformance-and-platform	Build and test the C Linux application surface	2026-10-05T13:51:46.0460278Z [1m[94m...[0m
conformance-and-platform	Build and test the C Linux application surface	2026-10-05T13:51:46.0461124Z [1m[94m131[0m [1m[94m|[0m     pub(crate) fn restore_to_count(&self, count: usize) -> &Self {
conformance-and-platform	Build and test the C Linux application surface	2026-10-05T13:51:46.0462043Z     [1m[94m|[0m                   [1m[33m^^^^^^^^^^^^^^^^[0m
conformance-and-platform	Build and test the C Linux application surface	2026-10-05T13:51:46.0462501Z [1m[94m...[0m
conformance-and-platform	Build and test the C Linux application surface	2026-10-05T13:51:46.0463010Z [1m[94m137[0m [1m[94m|[0m     pub(crate) fn save_count(&self) -> usize {
conformance-and-platform	Build and test the C Linux application surface	2026-10-05T13:51:46.0463621Z     [1m[94m|[0m                   [1m[33m^^^^^^^^^^[0m
conformance-and-platform	Build and test the C Linux application surface	2026-10-05T13:51:46.0463926Z 
conformance-and-platform	Build and test the C Linux application surface	2026-10-05T13:51:46.0464239Z [1m[33mwarning[0m: `openui-paint` (lib) generated 17 warnings
conformance-and-platform	Build and test the C Linux application surface	2026-10-05T13:51:46.0465150Z [1m[92m   Compiling[0m openui-ffi v0.2.0 (/home/runner/work/open-ui/open-ui/bindings/rust/openui-ffi)
conformance-and-platform	Build and test the C Linux application surface	2026-10-05T13:51:46.0466159Z [1m[92m   Compiling[0m openui v0.2.0 (/home/runner/work/open-ui/open-ui/bindings/rust/openui)
conformance-and-platform	Build and test the C Linux application surface	2026-10-05T13:51:55.1856219Z [1m[92m    Finished[0m `test` profile [unoptimized + debuginfo] target(s) in 9.32s
conformance-and-platform	Build and test the C Linux application surface	2026-10-05T13:51:55.1980681Z [1m[92m     Running[0m unittests src/lib.rs (target/debug/deps/openui_ffi-23defc8c3772f92f)
conformance-and-platform	Build and test the C Linux application surface	2026-10-05T13:51:55.2022902Z 
conformance-and-platform	Build and test the C Linux application surface	2026-10-05T13:51:55.2023638Z running 32 tests
conformance-and-platform	Build and test the C Linux application surface	2026-10-05T13:51:55.2062441Z test registry::miri_handle_tests::opaque_handles_reject_wrong_kind_thread_and_reuse ... ok
conformance-and-platform	Build and test the C Linux application surface	2026-10-05T13:51:55.2122332Z test native_app_tests::native_run_config_and_lifecycle_reject_invalid_ownership ... ok
conformance-and-platform	Build and test the C Linux application surface	2026-10-05T13:51:55.2142107Z test tests::app_and_document_handles_have_independent_explicit_lifetimes ... ok
conformance-and-platform	Build and test the C Linux application surface	2026-10-05T13:51:55.2173035Z test native_app_tests::linux::native_accessibility_actions_reach_c_controls_and_c_listeners ... ok
conformance-and-platform	Build and test the C Linux application surface	2026-10-05T13:51:55.2222317Z test tests::c_accessibility_snapshot_rejects_wrong_document_and_outlives_its_document ... ok
conformance-and-platform	Build and test the C Linux application surface	2026-10-05T13:51:55.2223370Z test native_app_tests::linux::c_native_keyboard_uses_rust_editing_and_reentrant_cancellation ... ok
conformance-and-platform	Build and test the C Linux application surface	2026-10-05T13:51:55.2252431Z test tests::c_accessibility_updates_actions_and_validation_share_engine_state ... ok
conformance-and-platform	Build and test the C Linux application surface	2026-10-05T13:51:55.2264662Z test tests::c_animation_api_samples_controls_and_reports_events ... ok
conformance-and-platform	Build and test the C Linux application surface	2026-10-05T13:51:55.2265715Z test tests::c_composition_dispatch_commits_final_text_and_restores_canceled_edits ... ok
conformance-and-platform	Build and test the C Linux application surface	2026-10-05T13:51:55.2278739Z test tests::c_events_hit_testing_and_control_state_share_engine_defaults ... ok
conformance-and-platform	Build and test the C Linux application surface	2026-10-05T13:51:55.2322526Z test tests::c_id_lookup_returns_owned_attached_element_handles ... ok
conformance-and-platform	Build and test the C Linux application surface	2026-10-05T13:51:55.2331139Z test tests::c_font_registration_queries_and_removal_validate_lifetimes ... ok
conformance-and-platform	Build and test the C Linux application surface	2026-10-05T13:51:55.2360250Z test tests::c_scroll_metrics_preserve_larger_caller_storage_and_absent_boxes ... ok
conformance-and-platform	Build and test the C Linux application surface	2026-10-05T13:51:55.2382419Z test tests::c_typography_literal_values_are_typed_and_owned ... ok
conformance-and-platform	Build and test the C Linux application surface	2026-10-05T13:51:55.2412101Z test tests::c_scroll_metrics_validate_output_headers_and_ownership ... ok
conformance-and-platform	Build and test the C Linux application surface	2026-10-05T13:51:55.2413074Z test tests::frozen_layout_metadata_matches_rust ... ok
conformance-and-platform	Build and test the C Linux application surface	2026-10-05T13:51:55.2432553Z test tests::detached_c_nodes_keep_their_handles_until_explicit_removal ... ok
conformance-and-platform	Build and test the C Linux application surface	2026-10-05T13:51:55.2433297Z test tests::event_order_is_deterministic_and_callbacks_can_reenter ... ok
conformance-and-platform	Build and test the C Linux application surface	2026-10-05T13:51:55.2435225Z test tests::invalid_float_colors_leave_output_unchanged ... ok
conformance-and-platform	Build and test the C Linux application surface	2026-10-05T13:51:55.2435917Z test tests::invalid_native_literals_preserve_output_and_existing_scalar_encodings ... ok
conformance-and-platform	Build and test the C Linux application surface	2026-10-05T13:51:55.2436654Z test tests::malformed_inputs_report_structured_thread_local_errors ... ok
conformance-and-platform	Build and test the C Linux application surface	2026-10-05T13:51:55.2453456Z test tests::handles_are_thread_affine_without_dereferencing_foreign_tokens ... ok
conformance-and-platform	Build and test the C Linux application surface	2026-10-05T13:51:55.2517975Z test tests::normalized_c_input_validates_headers_utf8_and_thread_ownership ... ok
conformance-and-platform	Build and test the C Linux application surface	2026-10-05T13:51:55.2523999Z test tests::c_font_metadata_matches_pinned_multiformat_fixtures ... ok
conformance-and-platform	Build and test the C Linux application surface	2026-10-05T13:51:55.2549561Z test tests::normalized_c_keyboard_and_text_share_cancelable_document_defaults ... ok
conformance-and-platform	Build and test the C Linux application surface	2026-10-05T13:51:55.2550872Z test tests::panics_are_contained ... ok
conformance-and-platform	Build and test the C Linux application surface	2026-10-05T13:51:55.2592407Z test tests::native_float_colors_preserve_precision_property_identity_and_ownership ... ok
conformance-and-platform	Build and test the C Linux application surface	2026-10-05T13:51:55.2622121Z test tests::transactions_and_compound_types_are_checked ... ok
conformance-and-platform	Build and test the C Linux application surface	2026-10-05T13:51:55.2632286Z test tests::ownership_generation_and_value_tags_are_validated ... ok
conformance-and-platform	Build and test the C Linux application surface	2026-10-05T13:51:55.2667423Z test tests::typed_tree_renders_and_buffers_have_explicit_lifetimes ... ok
conformance-and-platform	Build and test the C Linux application surface	2026-10-05T13:51:55.2683250Z test tests::rust_and_c_paths_produce_identical_headless_pixels ... ok
conformance-and-platform	Build and test the C Linux application surface	2026-10-05T13:51:55.2765959Z test tests::native_scalar_extensions_keep_owned_property_identity_and_full_values ... ok
conformance-and-platform	Build and test the C Linux application surface	2026-10-05T13:51:55.2766547Z 
conformance-and-platform	Build and test the C Linux application surface	2026-10-05T13:51:55.2766907Z test result: ok. 32 passed; 0 failed; 0 ignored; 0 measured; 0 filtered out; finished in 0.07s
conformance-and-platform	Build and test the C Linux application surface	2026-10-05T13:51:55.2767376Z 
conformance-and-platform	Build and test the C Linux application surface	2026-10-05T13:51:55.2776141Z [1m[92m   Doc-tests[0m openui_ffi
conformance-and-platform	Build and test the C Linux application surface	2026-10-05T13:51:55.3469028Z 
conformance-and-platform	Build and test the C Linux application surface	2026-10-05T13:51:55.3470024Z running 0 tests
conformance-and-platform	Build and test the C Linux application surface	2026-10-05T13:51:55.3470287Z 
conformance-and-platform	Build and test the C Linux application surface	2026-10-05T13:51:55.3470547Z test result: ok. 0 passed; 0 failed; 0 ignored; 0 measured; 0 filtered out; finished in 0.00s
conformance-and-platform	Build and test the C Linux application surface	2026-10-05T13:51:55.3470864Z 
conformance-and-platform	Build and test the C Linux application surface	2026-10-05T13:51:55.5002662Z [1m[33mwarning[0m[1m: unused import: `BfcOffset`[0m
conformance-and-platform	Build and test the C Linux application surface	2026-10-05T13:51:55.5003450Z   [1m[94m--> [0mopenui-layout/src/bfc_resolution.rs:17:23
conformance-and-platform	Build and test the C Linux application surface	2026-10-05T13:51:55.5003930Z    [1m[94m|[0m
conformance-and-platform	Build and test the C Linux application surface	2026-10-05T13:51:55.5004795Z [1m[94m17[0m [1m[94m|[0m use openui_geometry::{BfcOffset, BoxStrut, LayoutUnit, MarginStrut};
conformance-and-platform	Build and test the C Linux application surface	2026-10-05T13:51:55.5005555Z    [1m[94m|[0m                       [1m[33m^^^^^^^^^[0m
conformance-and-platform	Build and test the C Linux application surface	2026-10-05T13:51:55.5006004Z    [1m[94m|[0m
conformance-and-platform	Build and test the C Linux application surface	2026-10-05T13:51:55.5006602Z    [1m[94m= [0m[1mnote[0m: `#[warn(unused_imports)]` (part of `#[warn(unused)]`) on by default
conformance-and-platform	Build and test the C Linux application surface	2026-10-05T13:51:55.5007086Z 
conformance-and-platform	Build and test the C Linux application surface	2026-10-05T13:51:55.5007458Z [1m[33mwarning[0m[1m: unused import: `balance_columns`[0m
conformance-and-platform	Build and test the C Linux application surface	2026-10-05T13:51:55.5008050Z      [1m[94m--> [0mopenui-layout/src/block.rs:19571:9
conformance-and-platform	Build and test the C Linux application surface	2026-10-05T13:51:55.5008518Z       [1m[94m|[0m
conformance-and-platform	Build and test the C Linux application surface	2026-10-05T13:51:55.5009188Z [1m[94m19571[0m [1m[94m|[0m         balance_columns, balance_columns_with_margins, compute_column_positions,
conformance-and-platform	Build and test the C Linux application surface	2026-10-05T13:51:55.5009931Z       [1m[94m|[0m         [1m[33m^^^^^^^^^^^^^^^[0m
conformance-and-platform	Build and test the C Linux application surface	2026-10-05T13:51:55.5010234Z 
conformance-and-platform	Build and test the C Linux application surface	2026-10-05T13:51:55.5010552Z [1m[33mwarning[0m[1m: unused import: `super::*`[0m
conformance-and-platform	Build and test the C Linux application surface	2026-10-05T13:51:55.5011645Z     [1m[94m--> [0mopenui-layout/src/intrinsic_sizing.rs:3974:9
conformance-and-platform	Build and test the C Linux application surface	2026-10-05T13:51:55.5012137Z      [1m[94m|[0m
conformance-and-platform	Build and test the C Linux application surface	2026-10-05T13:51:55.5012581Z [1m[94m3974[0m [1m[94m|[0m     use super::*;
conformance-and-platform	Build and test the C Linux application surface	2026-10-05T13:51:55.5013055Z      [1m[94m|[0m         [1m[33m^^^^^^^^[0m
conformance-and-platform	Build and test the C Linux application surface	2026-10-05T13:51:55.5013308Z 
conformance-and-platform	Build and test the C Linux application surface	2026-10-05T13:51:55.5013623Z [1m[33mwarning[0m[1m: unused import: `std::sync::Arc`[0m
conformance-and-platform	Build and test the C Linux application surface	2026-10-05T13:51:55.5014220Z   [1m[94m--> [0mopenui-layout/src/new_formatting_context.rs:17:5
conformance-and-platform	Build and test the C Linux application surface	2026-10-05T13:51:55.5014685Z    [1m[94m|[0m
conformance-and-platform	Build and test the C Linux application surface	2026-10-05T13:51:55.5015091Z [1m[94m17[0m [1m[94m|[0m use std::sync::Arc;
conformance-and-platform	Build and test the C Linux application surface	2026-10-05T13:51:55.5015550Z    [1m[94m|[0m     [1m[33m^^^^^^^^^^^^^^[0m
conformance-and-platform	Build and test the C Linux application surface	2026-10-05T13:51:55.5015813Z 
conformance-and-platform	Build and test the C Linux application surface	2026-10-05T13:51:55.5016058Z [1m[33mwarning[0m[1m: unused import: `ClearType`[0m
conformance-and-platform	Build and test the C Linux application surface	2026-10-05T13:51:55.5016647Z   [1m[94m--> [0mopenui-layout/src/new_formatting_context.rs:24:25
conformance-and-platform	Build and test the C Linux application surface	2026-10-05T13:51:55.5017123Z    [1m[94m|[0m
conformance-and-platform	Build and test the C Linux application surface	2026-10-05T13:51:55.5017665Z [1m[94m24[0m [1m[94m|[0m use crate::exclusions::{ClearType, ExclusionSpace};
conformance-and-platform	Build and test the C Linux application surface	2026-10-05T13:51:55.5018286Z    [1m[94m|[0m                         [1m[33m^^^^^^^^^[0m
conformance-and-platform	Build and test the C Linux application surface	2026-10-05T13:51:55.5018575Z 
conformance-and-platform	Build and test the C Linux application surface	2026-10-05T13:51:55.5018987Z [1m[33mwarning[0m[1m: unused import: `crate::layout_result::LayoutResult`[0m
conformance-and-platform	Build and test the C Linux application surface	2026-10-05T13:51:55.5019764Z   [1m[94m--> [0mopenui-layout/src/new_formatting_context.rs:26:5
conformance-and-platform	Build and test the C Linux application surface	2026-10-05T13:51:55.5020323Z    [1m[94m|[0m
conformance-and-platform	Build and test the C Linux application surface	2026-10-05T13:51:55.5020847Z [1m[94m26[0m [1m[94m|[0m use crate::layout_result::LayoutResult;
conformance-and-platform	Build and test the C Linux application surface	2026-10-05T13:51:55.5021583Z    [1m[94m|[0m     [1m[33m^^^^^^^^^^^^^^^^^^^^^^^^^^^^^^^^^^[0m
conformance-and-platform	Build and test the C Linux application surface	2026-10-05T13:51:55.5021899Z 
conformance-and-platform	Build and test the C Linux application surface	2026-10-05T13:51:55.5022361Z [1m[33mwarning[0m[1m: variable `reconstructed_block_in_inline` is assigned to, but never used[0m
conformance-and-platform	Build and test the C Linux application surface	2026-10-05T13:51:55.5023077Z     [1m[94m--> [0mopenui-layout/src/block.rs:2104:9
conformance-and-platform	Build and test the C Linux application surface	2026-10-05T13:51:55.5023656Z      [1m[94m|[0m
conformance-and-platform	Build and test the C Linux application surface	2026-10-05T13:51:55.5024157Z [1m[94m2104[0m [1m[94m|[0m     let mut reconstructed_block_in_inline = false;
conformance-and-platform	Build and test the C Linux application surface	2026-10-05T13:51:55.5024791Z      [1m[94m|[0m         [1m[33m^^^^^^^^^^^^^^^^^^^^^^^^^^^^^^^^^[0m
conformance-and-platform	Build and test the C Linux application surface	2026-10-05T13:51:55.5025235Z      [1m[94m|[0m
conformance-and-platform	Build and test the C Linux application surface	2026-10-05T13:51:55.5025752Z      [1m[94m= [0m[1mnote[0m: consider using `_reconstructed_block_in_inline` instead
conformance-and-platform	Build and test the C Linux application surface	2026-10-05T13:51:55.5026567Z      [1m[94m= [0m[1mnote[0m: `#[warn(unused_variables)]` (part of `#[warn(unused)]`) on by default
conformance-and-platform	Build and test the C Linux application surface	2026-10-05T13:51:55.5027007Z 
conformance-and-platform	Build and test the C Linux application surface	2026-10-05T13:51:55.5027301Z [1m[33mwarning[0m[1m: variable does not need to be mutable[0m
conformance-and-platform	Build and test the C Linux application surface	2026-10-05T13:51:55.5027854Z     [1m[94m--> [0mopenui-layout/src/block.rs:6781:9
conformance-and-platform	Build and test the C Linux application surface	2026-10-05T13:51:55.5028269Z      [1m[94m|[0m
conformance-and-platform	Build and test the C Linux application surface	2026-10-05T13:51:55.5028792Z [1m[94m6781[0m [1m[94m|[0m     let mut child_margin = resolve_margins_in_parent_axes(
conformance-and-platform	Build and test the C Linux application surface	2026-10-05T13:51:55.5029436Z      [1m[94m|[0m         [1m[94m----[0m[1m[33m^^^^^^^^^^^^[0m
conformance-and-platform	Build and test the C Linux application surface	2026-10-05T13:51:55.5029909Z      [1m[94m|[0m         [1m[94m|[0m
conformance-and-platform	Build and test the C Linux application surface	2026-10-05T13:51:55.5030390Z      [1m[94m|[0m         [1m[94mhelp: remove this `mut`[0m
conformance-and-platform	Build and test the C Linux application surface	2026-10-05T13:51:55.5030827Z      [1m[94m|[0m
conformance-and-platform	Build and test the C Linux application surface	2026-10-05T13:51:55.5031307Z      [1m[94m= [0m[1mnote[0m: `#[warn(unused_mut)]` (part of `#[warn(unused)]`) on by default
conformance-and-platform	Build and test the C Linux application surface	2026-10-05T13:51:55.5031808Z 
conformance-and-platform	Build and test the C Linux application surface	2026-10-05T13:51:55.5032067Z [1m[33mwarning[0m[1m: field `source_caption_end` is never read[0m
conformance-and-platform	Build and test the C Linux application surface	2026-10-05T13:51:55.5032514Z     [1m[94m--> [0mopenui-layout/src/block.rs:9551:5
conformance-and-platform	Build and test the C Linux application surface	2026-10-05T13:51:55.5032866Z      [1m[94m|[0m
conformance-and-platform	Build and test the C Linux application surface	2026-10-05T13:51:55.5033248Z [1m[94m9550[0m [1m[94m|[0m struct CaptionedRepeatedTableFlow {
conformance-and-platform	Build and test the C Linux application surface	2026-10-05T13:51:55.5033720Z      [1m[94m|[0m        [1m[94m--------------------------[0m [1m[94mfield in this struct[0m
conformance-and-platform	Build and test the C Linux application surface	2026-10-05T13:51:55.5034270Z [1m[94m9551[0m [1m[94m|[0m     source_caption_end: LayoutUnit,
conformance-and-platform	Build and test the C Linux application surface	2026-10-05T13:51:55.5034758Z      [1m[94m|[0m     [1m[33m^^^^^^^^^^^^^^^^^^[0m
conformance-and-platform	Build and test the C Linux application surface	2026-10-05T13:51:55.5035116Z      [1m[94m|[0m
conformance-and-platform	Build and test the C Linux application surface	2026-10-05T13:51:55.5036069Z      [1m[94m= [0m[1mnote[0m: `CaptionedRepeatedTableFlow` has derived impls for the traits `Debug` and `Clone`, but these are intentionally ignored during dead code analysis
conformance-and-platform	Build and test the C Linux application surface	2026-10-05T13:51:55.5037425Z      [1m[94m= [0m[1mnote[0m: `#[warn(dead_code)]` (part of `#[warn(unused)]`) on by default
conformance-and-platform	Build and test the C Linux application surface	2026-10-05T13:51:55.5037813Z 
conformance-and-platform	Build and test the C Linux application surface	2026-10-05T13:51:55.5038161Z [1m[33mwarning[0m[1m: function `columns_needed_for_height` is never used[0m
conformance-and-platform	Build and test the C Linux application surface	2026-10-05T13:51:55.5038796Z    [1m[94m--> [0mopenui-layout/src/multicol/mod.rs:705:4
conformance-and-platform	Build and test the C Linux application surface	2026-10-05T13:51:55.5039234Z     [1m[94m|[0m
conformance-and-platform	Build and test the C Linux application surface	2026-10-05T13:51:55.5039652Z [1m[94m705[0m [1m[94m|[0m fn columns_needed_for_height(
conformance-and-platform	Build and test the C Linux application surface	2026-10-05T13:51:55.5040175Z     [1m[94m|[0m    [1m[33m^^^^^^^^^^^^^^^^^^^^^^^^^[0m
conformance-and-platform	Build and test the C Linux application surface	2026-10-05T13:51:55.5040450Z 
conformance-and-platform	Build and test the C Linux application surface	2026-10-05T13:51:55.5041054Z [1m[33mwarning[0m: `openui-layout` (lib) generated 10 warnings (run `cargo fix --lib -p openui-layout` to apply 7 suggestions)
conformance-and-platform	Build and test the C Linux application surface	2026-10-05T13:51:55.5042464Z [1m[33mwarning[0m[1m: use of deprecated module `skia_safe::gradient_shader`: Use the skia_safe::gradient module[0m
conformance-and-platform	Build and test the C Linux application surface	2026-10-05T13:51:55.5043260Z   [1m[94m--> [0mopenui-paint/src/painter.rs:39:20
conformance-and-platform	Build and test the C Linux application surface	2026-10-05T13:51:55.5043679Z    [1m[94m|[0m
conformance-and-platform	Build and test the C Linux application surface	2026-10-05T13:51:55.5044410Z [1m[94m39[0m [1m[94m|[0m     color_filters, gradient_shader, image_filters, surfaces, AlphaType, BlendMode, ClipOp, Color4f,
conformance-and-platform	Build and test the C Linux application surface	2026-10-05T13:51:55.5045236Z    [1m[94m|[0m                    [1m[33m^^^^^^^^^^^^^^^[0m
conformance-and-platform	Build and test the C Linux application surface	2026-10-05T13:51:55.5045656Z    [1m[94m|[0m
conformance-and-platform	Build and test the C Linux application surface	2026-10-05T13:51:55.5046076Z    [1m[94m= [0m[1mnote[0m: `#[warn(deprecated)]` on by default
conformance-and-platform	Build and test the C Linux application surface	2026-10-05T13:51:55.5046397Z 
conformance-and-platform	Build and test the C Linux application surface	2026-10-05T13:51:55.5047128Z [1m[33mwarning[0m[1m: use of deprecated function `skia_safe::gradient_shader::linear_with_interpolation`: Use the skia_safe::gradient module[0m
conformance-and-platform	Build and test the C Linux application surface	2026-10-05T13:51:55.5048043Z     [1m[94m--> [0mopenui-paint/src/painter.rs:1860:45
conformance-and-platform	Build and test the C Linux application surface	2026-10-05T13:51:55.5048739Z      [1m[94m|[0m
conformance-and-platform	Build and test the C Linux application surface	2026-10-05T13:51:55.5049401Z [1m[94m1860[0m [1m[94m|[0m     scrim_paint.set_shader(gradient_shader::linear_with_interpolation(
conformance-and-platform	Build and test the C Linux application surface	2026-10-05T13:51:55.5050175Z      [1m[94m|[0m                                             [1m[33m^^^^^^^^^^^^^^^^^^^^^^^^^[0m
conformance-and-platform	Build and test the C Linux application surface	2026-10-05T13:51:55.5050522Z 
conformance-and-platform	Build and test the C Linux application surface	2026-10-05T13:51:55.5051245Z [1m[33mwarning[0m[1m: use of deprecated function `skia_safe::gradient_shader::linear_with_interpolation`: Use the skia_safe::gradient module[0m
conformance-and-platform	Build and test the C Linux application surface	2026-10-05T13:51:55.5052295Z      [1m[94m--> [0mopenui-paint/src/painter.rs:14056:51
conformance-and-platform	Build and test the C Linux application surface	2026-10-05T13:51:55.5052742Z       [1m[94m|[0m
conformance-and-platform	Build and test the C Linux application surface	2026-10-05T13:51:55.5053415Z [1m[94m14056[0m [1m[94m|[0m                 paint.set_shader(gradient_shader::linear_with_interpolation(
conformance-and-platform	Build and test the C Linux application surface	2026-10-05T13:51:55.5054194Z       [1m[94m|[0m                                                   [1m[33m^^^^^^^^^^^^^^^^^^^^^^^^^[0m
conformance-and-platform	Build and test the C Linux application surface	2026-10-05T13:51:55.5054544Z 
conformance-and-platform	Build and test the C Linux application surface	2026-10-05T13:51:55.5055190Z [1m[33mwarning[0m[1m: use of deprecated function `skia_safe::gradient_shader::linear`: Use the skia_safe::gradient module[0m
conformance-and-platform	Build and test the C Linux application surface	2026-10-05T13:51:55.5056023Z      [1m[94m--> [0mopenui-paint/src/painter.rs:14069:51
conformance-and-platform	Build and test the C Linux application surface	2026-10-05T13:51:55.5056464Z       [1m[94m|[0m
conformance-and-platform	Build and test the C Linux application surface	2026-10-05T13:51:55.5057032Z [1m[94m14069[0m [1m[94m|[0m                 paint.set_shader(gradient_shader::linear(
conformance-and-platform	Build and test the C Linux application surface	2026-10-05T13:51:55.5057699Z       [1m[94m|[0m                                                   [1m[33m^^^^^^[0m
conformance-and-platform	Build and test the C Linux application surface	2026-10-05T13:51:55.5058017Z 
conformance-and-platform	Build and test the C Linux application surface	2026-10-05T13:51:55.5058972Z [1m[33mwarning[0m[1m: use of deprecated function `skia_safe::gradient_shader::linear_with_interpolation`: Use the skia_safe::gradient module[0m
conformance-and-platform	Build and test the C Linux application surface	2026-10-05T13:51:55.5059909Z      [1m[94m--> [0mopenui-paint/src/painter.rs:14082:51
conformance-and-platform	Build and test the C Linux application surface	2026-10-05T13:51:55.5060339Z       [1m[94m|[0m
conformance-and-platform	Build and test the C Linux application surface	2026-10-05T13:51:55.5060990Z [1m[94m14082[0m [1m[94m|[0m                 paint.set_shader(gradient_shader::linear_with_interpolation(
conformance-and-platform	Build and test the C Linux application surface	2026-10-05T13:51:55.5061873Z       [1m[94m|[0m                                                   [1m[33m^^^^^^^^^^^^^^^^^^^^^^^^^[0m
conformance-and-platform	Build and test the C Linux application surface	2026-10-05T13:51:55.5062243Z 
conformance-and-platform	Build and test the C Linux application surface	2026-10-05T13:51:55.5063151Z [1m[33mwarning[0m[1m: use of deprecated function `skia_safe::gradient_shader::two_point_conical_with_interpolation`: Use the skia_safe::gradient module[0m
conformance-and-platform	Build and test the C Linux application surface	2026-10-05T13:51:55.5064122Z      [1m[94m--> [0mopenui-paint/src/painter.rs:14178:55
conformance-and-platform	Build and test the C Linux application surface	2026-10-05T13:51:55.5064553Z       [1m[94m|[0m
conformance-and-platform	Build and test the C Linux application surface	2026-10-05T13:51:55.5065267Z [1m[94m14178[0m [1m[94m|[0m                     paint.set_shader(gradient_shader::two_point_conical_with_interpolation(
conformance-and-platform	Build and test the C Linux application surface	2026-10-05T13:51:55.5066129Z       [1m[94m|[0m                                                       [1m[33m^^^^^^^^^^^^^^^^^^^^^^^^^^^^^^^^^^^^[0m
conformance-and-platform	Build and test the C Linux application surface	2026-10-05T13:51:55.5066511Z 
conformance-and-platform	Build and test the C Linux application surface	2026-10-05T13:51:55.5067202Z [1m[33mwarning[0m[1m: use of deprecated function `skia_safe::gradient_shader::two_point_conical`: Use the skia_safe::gradient module[0m
conformance-and-platform	Build and test the C Linux application surface	2026-10-05T13:51:55.5068072Z      [1m[94m--> [0mopenui-paint/src/painter.rs:14192:55
conformance-and-platform	Build and test the C Linux application surface	2026-10-05T13:51:55.5068497Z       [1m[94m|[0m
conformance-and-platform	Build and test the C Linux application surface	2026-10-05T13:51:55.5069128Z [1m[94m14192[0m [1m[94m|[0m                     paint.set_shader(gradient_shader::two_point_conical(
conformance-and-platform	Build and test the C Linux application surface	2026-10-05T13:51:55.5069872Z       [1m[94m|[0m                                                       [1m[33m^^^^^^^^^^^^^^^^^[0m
conformance-and-platform	Build and test the C Linux application surface	2026-10-05T13:51:55.5070223Z 
conformance-and-platform	Build and test the C Linux application surface	2026-10-05T13:51:55.5070997Z [1m[33mwarning[0m[1m: use of deprecated function `skia_safe::gradient_shader::two_point_conical_with_interpolation`: Use the skia_safe::gradient module[0m
conformance-and-platform	Build and test the C Linux application surface	2026-10-05T13:51:55.5072049Z      [1m[94m--> [0mopenui-paint/src/painter.rs:14208:55
conformance-and-platform	Build and test the C Linux application surface	2026-10-05T13:51:55.5072484Z       [1m[94m|[0m
conformance-and-platform	Build and test the C Linux application surface	2026-10-05T13:51:55.5073195Z [1m[94m14208[0m [1m[94m|[0m                     paint.set_shader(gradient_shader::two_point_conical_with_interpolation(
conformance-and-platform	Build and test the C Linux application surface	2026-10-05T13:51:55.5074062Z       [1m[94m|[0m                                                       [1m[33m^^^^^^^^^^^^^^^^^^^^^^^^^^^^^^^^^^^^[0m
conformance-and-platform	Build and test the C Linux application surface	2026-10-05T13:51:55.5074548Z 
conformance-and-platform	Build and test the C Linux application surface	2026-10-05T13:51:55.5075340Z [1m[33mwarning[0m[1m: use of deprecated function `skia_safe::gradient_shader::two_point_conical_with_interpolation`: Use the skia_safe::gradient module[0m
conformance-and-platform	Build and test the C Linux application surface	2026-10-05T13:51:55.5076295Z      [1m[94m--> [0mopenui-paint/src/painter.rs:14228:51
conformance-and-platform	Build and test the C Linux application surface	2026-10-05T13:51:55.5076717Z       [1m[94m|[0m
conformance-and-platform	Build and test the C Linux application surface	2026-10-05T13:51:55.5077426Z [1m[94m14228[0m [1m[94m|[0m                 paint.set_shader(gradient_shader::two_point_conical_with_interpolation(
conformance-and-platform	Build and test the C Linux application surface	2026-10-05T13:51:55.5078295Z       [1m[94m|[0m                                                   [1m[33m^^^^^^^^^^^^^^^^^^^^^^^^^^^^^^^^^^^^[0m
conformance-and-platform	Build and test the C Linux application surface	2026-10-05T13:51:55.5078666Z 
conformance-and-platform	Build and test the C Linux application surface	2026-10-05T13:51:55.5079344Z [1m[33mwarning[0m[1m: use of deprecated function `skia_safe::gradient_shader::two_point_conical`: Use the skia_safe::gradient module[0m
conformance-and-platform	Build and test the C Linux application surface	2026-10-05T13:51:55.5080212Z      [1m[94m--> [0mopenui-paint/src/painter.rs:14242:51
conformance-and-platform	Build and test the C Linux application surface	2026-10-05T13:51:55.5080642Z       [1m[94m|[0m
conformance-and-platform	Build and test the C Linux application surface	2026-10-05T13:51:55.5081240Z [1m[94m14242[0m [1m[94m|[0m                 paint.set_shader(gradient_shader::two_point_conical(
conformance-and-platform	Build and test the C Linux application surface	2026-10-05T13:51:55.5082075Z       [1m[94m|[0m                                                   [1m[33m^^^^^^^^^^^^^^^^^[0m
conformance-and-platform	Build and test the C Linux application surface	2026-10-05T13:51:55.5082432Z 
conformance-and-platform	Build and test the C Linux application surface	2026-10-05T13:51:55.5083212Z [1m[33mwarning[0m[1m: use of deprecated function `skia_safe::gradient_shader::two_point_conical_with_interpolation`: Use the skia_safe::gradient module[0m
conformance-and-platform	Build and test the C Linux application surface	2026-10-05T13:51:55.5084172Z      [1m[94m--> [0mopenui-paint/src/painter.rs:14258:51
conformance-and-platform	Build and test the C Linux application surface	2026-10-05T13:51:55.5084603Z       [1m[94m|[0m
conformance-and-platform	Build and test the C Linux application surface	2026-10-05T13:51:55.5085301Z [1m[94m14258[0m [1m[94m|[0m                 paint.set_shader(gradient_shader::two_point_conical_with_interpolation(
conformance-and-platform	Build and test the C Linux application surface	2026-10-05T13:51:55.5086236Z       [1m[94m|[0m                                                   [1m[33m^^^^^^^^^^^^^^^^^^^^^^^^^^^^^^^^^^^^[0m
conformance-and-platform	Build and test the C Linux application surface	2026-10-05T13:51:55.5086617Z 
conformance-and-platform	Build and test the C Linux application surface	2026-10-05T13:51:55.5087351Z [1m[33mwarning[0m[1m: use of deprecated function `skia_safe::gradient_shader::sweep_with_interpolation`: Use the skia_safe::gradient module[0m
conformance-and-platform	Build and test the C Linux application surface	2026-10-05T13:51:55.5088258Z      [1m[94m--> [0mopenui-paint/src/painter.rs:14318:51
conformance-and-platform	Build and test the C Linux application surface	2026-10-05T13:51:55.5088788Z       [1m[94m|[0m
conformance-and-platform	Build and test the C Linux application surface	2026-10-05T13:51:55.5089440Z [1m[94m14318[0m [1m[94m|[0m                 paint.set_shader(gradient_shader::sweep_with_interpolation(
conformance-and-platform	Build and test the C Linux application surface	2026-10-05T13:51:55.5090205Z       [1m[94m|[0m                                                   [1m[33m^^^^^^^^^^^^^^^^^^^^^^^^[0m
conformance-and-platform	Build and test the C Linux application surface	2026-10-05T13:51:55.5090554Z 
conformance-and-platform	Build and test the C Linux application surface	2026-10-05T13:51:55.5091167Z [1m[33mwarning[0m[1m: use of deprecated function `skia_safe::gradient_shader::sweep`: Use the skia_safe::gradient module[0m
conformance-and-platform	Build and test the C Linux application surface	2026-10-05T13:51:55.5092098Z      [1m[94m--> [0mopenui-paint/src/painter.rs:14332:51
conformance-and-platform	Build and test the C Linux application surface	2026-10-05T13:51:55.5092525Z       [1m[94m|[0m
conformance-and-platform	Build and test the C Linux application surface	2026-10-05T13:51:55.5093075Z [1m[94m14332[0m [1m[94m|[0m                 paint.set_shader(gradient_shader::sweep(
conformance-and-platform	Build and test the C Linux application surface	2026-10-05T13:51:55.5093722Z       [1m[94m|[0m                                                   [1m[33m^^^^^[0m
conformance-and-platform	Build and test the C Linux application surface	2026-10-05T13:51:55.5094051Z 
conformance-and-platform	Build and test the C Linux application surface	2026-10-05T13:51:55.5094777Z [1m[33mwarning[0m[1m: use of deprecated function `skia_safe::gradient_shader::sweep_with_interpolation`: Use the skia_safe::gradient module[0m
conformance-and-platform	Build and test the C Linux application surface	2026-10-05T13:51:55.5095692Z      [1m[94m--> [0mopenui-paint/src/painter.rs:14346:51
conformance-and-platform	Build and test the C Linux application surface	2026-10-05T13:51:55.5096118Z       [1m[94m|[0m
conformance-and-platform	Build and test the C Linux application surface	2026-10-05T13:51:55.5096751Z [1m[94m14346[0m [1m[94m|[0m                 paint.set_shader(gradient_shader::sweep_with_interpolation(
conformance-and-platform	Build and test the C Linux application surface	2026-10-05T13:51:55.5097516Z       [1m[94m|[0m                                                   [1m[33m^^^^^^^^^^^^^^^^^^^^^^^^[0m
conformance-and-platform	Build and test the C Linux application surface	2026-10-05T13:51:55.5097868Z 
conformance-and-platform	Build and test the C Linux application surface	2026-10-05T13:51:55.5098482Z [1m[33mwarning[0m[1m: use of deprecated function `skia_safe::gradient_shader::linear`: Use the skia_safe::gradient module[0m
conformance-and-platform	Build and test the C Linux application surface	2026-10-05T13:51:55.5099309Z      [1m[94m--> [0mopenui-paint/src/painter.rs:17719:55
conformance-and-platform	Build and test the C Linux application surface	2026-10-05T13:51:55.5099741Z       [1m[94m|[0m
conformance-and-platform	Build and test the C Linux application surface	2026-10-05T13:51:55.5100314Z [1m[94m17719[0m [1m[94m|[0m                     paint.set_shader(gradient_shader::linear(
conformance-and-platform	Build and test the C Linux application surface	2026-10-05T13:51:55.5101077Z       [1m[94m|[0m                                                       [1m[33m^^^^^^[0m
conformance-and-platform	Build and test the C Linux application surface	2026-10-05T13:51:55.5101508Z 
conformance-and-platform	Build and test the C Linux application surface	2026-10-05T13:51:55.5101877Z [1m[33mwarning[0m[1m: variant `RestoreTo` is never constructed[0m
conformance-and-platform	Build and test the C Linux application surface	2026-10-05T13:51:55.5102490Z   [1m[94m--> [0mopenui-paint/src/paint_record.rs:16:5
conformance-and-platform	Build and test the C Linux application surface	2026-10-05T13:51:55.5102939Z    [1m[94m|[0m
conformance-and-platform	Build and test the C Linux application surface	2026-10-05T13:51:55.5103309Z [1m[94m13[0m [1m[94m|[0m enum Operation {
conformance-and-platform	Build and test the C Linux application surface	2026-10-05T13:51:55.5103885Z    [1m[94m|[0m      [1m[94m---------[0m [1m[94mvariant in this enum[0m
conformance-and-platform	Build and test the C Linux application surface	2026-10-05T13:51:55.5104380Z [1m[94m...[0m
conformance-and-platform	Build and test the C Linux application surface	2026-10-05T13:51:55.5104768Z [1m[94m16[0m [1m[94m|[0m     RestoreTo(usize),
conformance-and-platform	Build and test the C Linux application surface	2026-10-05T13:51:55.5105242Z    [1m[94m|[0m     [1m[33m^^^^^^^^^[0m
conformance-and-platform	Build and test the C Linux application surface	2026-10-05T13:51:55.5105634Z    [1m[94m|[0m
conformance-and-platform	Build and test the C Linux application surface	2026-10-05T13:51:55.5106452Z    [1m[94m= [0m[1mnote[0m: `Operation` has a derived impl for the trait `Clone`, but this is intentionally ignored during dead code analysis
conformance-and-platform	Build and test the C Linux application surface	2026-10-05T13:51:55.5107455Z    [1m[94m= [0m[1mnote[0m: `#[warn(dead_code)]` (part of `#[warn(unused)]`) on by default
conformance-and-platform	Build and test the C Linux application surface	2026-10-05T13:51:55.5107856Z 
conformance-and-platform	Build and test the C Linux application surface	2026-10-05T13:51:55.5108222Z [1m[33mwarning[0m[1m: methods `restore_to_count` and `save_count` are never used[0m
conformance-and-platform	Build and test the C Linux application surface	2026-10-05T13:51:55.5108898Z    [1m[94m--> [0mopenui-paint/src/paint_record.rs:131:19
conformance-and-platform	Build and test the C Linux application surface	2026-10-05T13:51:55.5109338Z     [1m[94m|[0m
conformance-and-platform	Build and test the C Linux application surface	2026-10-05T13:51:55.5109747Z [1m[94m119[0m [1m[94m|[0m impl dyn PaintCanvas + '_ {
conformance-and-platform	Build and test the C Linux application surface	2026-10-05T13:51:55.5110429Z     [1m[94m|[0m [1m[94m-------------------------[0m [1m[94mmethods in this implementation[0m
conformance-and-platform	Build and test the C Linux application surface	2026-10-05T13:51:55.5110994Z [1m[94m...[0m
conformance-and-platform	Build and test the C Linux application surface	2026-10-05T13:51:55.5111624Z [1m[94m131[0m [1m[94m|[0m     pub(crate) fn restore_to_count(&self, count: usize) -> &Self {
conformance-and-platform	Build and test the C Linux application surface	2026-10-05T13:51:55.5112301Z     [1m[94m|[0m                   [1m[33m^^^^^^^^^^^^^^^^[0m
conformance-and-platform	Build and test the C Linux application surface	2026-10-05T13:51:55.5112719Z [1m[94m...[0m
conformance-and-platform	Build and test the C Linux application surface	2026-10-05T13:51:55.5113191Z [1m[94m137[0m [1m[94m|[0m     pub(crate) fn save_count(&self) -> usize {
conformance-and-platform	Build and test the C Linux application surface	2026-10-05T13:51:55.5113765Z     [1m[94m|[0m                   [1m[33m^^^^^^^^^^[0m
conformance-and-platform	Build and test the C Linux application surface	2026-10-05T13:51:55.5114159Z 
conformance-and-platform	Build and test the C Linux application surface	2026-10-05T13:51:55.5114439Z [1m[33mwarning[0m: `openui-paint` (lib) generated 17 warnings
conformance-and-platform	Build and test the C Linux application surface	2026-10-05T13:51:55.6060743Z [1m[92m    Finished[0m `dev` profile [unoptimized + debuginfo] target(s) in 0.24s
conformance-and-platform	Exercise native C and C++ windows on X11 with software and Mesa OpenGL	﻿2026-10-05T13:51:55.6229726Z ##[group]Run xvfb-run --auto-servernum python3 tools/ffi/verify_native_window.py \
conformance-and-platform	Exercise native C and C++ windows on X11 with software and Mesa OpenGL	2026-10-05T13:51:55.6230275Z [36;1mxvfb-run --auto-servernum python3 tools/ffi/verify_native_window.py \[0m
conformance-and-platform	Exercise native C and C++ windows on X11 with software and Mesa OpenGL	2026-10-05T13:51:55.6230783Z [36;1m  --protocol x11 --backend software --report "$RUNNER_TEMP/native-x11-software.json"[0m
conformance-and-platform	Exercise native C and C++ windows on X11 with software and Mesa OpenGL	2026-10-05T13:51:55.6231276Z [36;1mxvfb-run --auto-servernum python3 tools/ffi/verify_native_window.py \[0m
conformance-and-platform	Exercise native C and C++ windows on X11 with software and Mesa OpenGL	2026-10-05T13:51:55.6231941Z [36;1m  --protocol x11 --backend opengl --report "$RUNNER_TEMP/native-x11-opengl.json"[0m
conformance-and-platform	Exercise native C and C++ windows on X11 with software and Mesa OpenGL	2026-10-05T13:51:55.6272820Z shell: /usr/bin/bash -e {0}
conformance-and-platform	Exercise native C and C++ windows on X11 with software and Mesa OpenGL	2026-10-05T13:51:55.6273119Z env:
conformance-and-platform	Exercise native C and C++ windows on X11 with software and Mesa OpenGL	2026-10-05T13:51:55.6273329Z   BINDGEN_EXTRA_CLANG_ARGS: 
conformance-and-platform	Exercise native C and C++ windows on X11 with software and Mesa OpenGL	2026-10-05T13:51:55.6273606Z   CARGO_TARGET_X86_64_UNKNOWN_LINUX_GNU_RUSTFLAGS: 
conformance-and-platform	Exercise native C and C++ windows on X11 with software and Mesa OpenGL	2026-10-05T13:51:55.6273889Z   CC: clang
conformance-and-platform	Exercise native C and C++ windows on X11 with software and Mesa OpenGL	2026-10-05T13:51:55.6274074Z   CXX: clang++
conformance-and-platform	Exercise native C and C++ windows on X11 with software and Mesa OpenGL	2026-10-05T13:51:55.6274264Z   CXXFLAGS: 
conformance-and-platform	Exercise native C and C++ windows on X11 with software and Mesa OpenGL	2026-10-05T13:51:55.6274469Z   CARGO_TERM_COLOR: always
conformance-and-platform	Exercise native C and C++ windows on X11 with software and Mesa OpenGL	2026-10-05T13:51:55.6274689Z   FORCE_SKIA_BUILD: 1
conformance-and-platform	Exercise native C and C++ windows on X11 with software and Mesa OpenGL	2026-10-05T13:51:55.6274948Z   PKG_CONFIG_SYSROOT_DIR: 
conformance-and-platform	Exercise native C and C++ windows on X11 with software and Mesa OpenGL	2026-10-05T13:51:55.6275538Z   SKIA_GN_ARGS: extra_cflags += [ "-DSK_SUPPORT_LEGACY_CONIC_CHOP", "-DSK_USE_FREETYPE_EMBOLDEN", "-DSK_GAMMA_EXPONENT=1.2", "-DSK_GAMMA_CONTRAST=0.2", "-fno-strict-aliasing", "-msse3" ]
conformance-and-platform	Exercise native C and C++ windows on X11 with software and Mesa OpenGL	2026-10-05T13:51:55.6276140Z   SKIA_NINJA_COMMAND: ninja
conformance-and-platform	Exercise native C and C++ windows on X11 with software and Mesa OpenGL	2026-10-05T13:51:55.6276374Z ##[endgroup]
conformance-and-platform	Exercise native C and C++ windows on X11 with software and Mesa OpenGL	2026-10-05T13:52:03.8496268Z native C: backend=2 frames=2 resized=1 input=2
conformance-and-platform	Exercise native C and C++ windows on X11 with software and Mesa OpenGL	2026-10-05T13:52:03.8497049Z native C++: backend=2 frames=2
conformance-and-platform	Exercise native C and C++ windows on X11 with software and Mesa OpenGL	2026-10-05T13:52:03.8497772Z native C/C++ window consumers passed: protocol=x11 backend=software
conformance-and-platform	Exercise native C and C++ windows on X11 with software and Mesa OpenGL	2026-10-05T13:52:06.0505342Z native C: backend=1 frames=2 resized=1 input=2
conformance-and-platform	Exercise native C and C++ windows on X11 with software and Mesa OpenGL	2026-10-05T13:52:06.0506139Z native C++: backend=1 frames=2
conformance-and-platform	Exercise native C and C++ windows on X11 with software and Mesa OpenGL	2026-10-05T13:52:06.0506849Z native C/C++ window consumers passed: protocol=x11 backend=opengl
conformance-and-platform	Smoke-test X11 with Mesa OpenGL	﻿2026-10-05T13:52:06.0643343Z ##[group]Run xvfb-run --auto-servernum env OUI_BACKEND=opengl OUI_SMOKE_EXIT=1 target/debug/hello
conformance-and-platform	Smoke-test X11 with Mesa OpenGL	2026-10-05T13:52:06.0644137Z [36;1mxvfb-run --auto-servernum env OUI_BACKEND=opengl OUI_SMOKE_EXIT=1 target/debug/hello[0m
conformance-and-platform	Smoke-test X11 with Mesa OpenGL	2026-10-05T13:52:06.0685940Z shell: /usr/bin/bash -e {0}
conformance-and-platform	Smoke-test X11 with Mesa OpenGL	2026-10-05T13:52:06.0686228Z env:
conformance-and-platform	Smoke-test X11 with Mesa OpenGL	2026-10-05T13:52:06.0686575Z   BINDGEN_EXTRA_CLANG_ARGS: 
conformance-and-platform	Smoke-test X11 with Mesa OpenGL	2026-10-05T13:52:06.0686857Z   CARGO_TARGET_X86_64_UNKNOWN_LINUX_GNU_RUSTFLAGS: 
conformance-and-platform	Smoke-test X11 with Mesa OpenGL	2026-10-05T13:52:06.0687145Z   CC: clang
conformance-and-platform	Smoke-test X11 with Mesa OpenGL	2026-10-05T13:52:06.0687348Z   CXX: clang++
conformance-and-platform	Smoke-test X11 with Mesa OpenGL	2026-10-05T13:52:06.0687543Z   CXXFLAGS: 
conformance-and-platform	Smoke-test X11 with Mesa OpenGL	2026-10-05T13:52:06.0687742Z   CARGO_TERM_COLOR: always
conformance-and-platform	Smoke-test X11 with Mesa OpenGL	2026-10-05T13:52:06.0687966Z   FORCE_SKIA_BUILD: 1
conformance-and-platform	Smoke-test X11 with Mesa OpenGL	2026-10-05T13:52:06.0688179Z   PKG_CONFIG_SYSROOT_DIR: 
conformance-and-platform	Smoke-test X11 with Mesa OpenGL	2026-10-05T13:52:06.0688794Z   SKIA_GN_ARGS: extra_cflags += [ "-DSK_SUPPORT_LEGACY_CONIC_CHOP", "-DSK_USE_FREETYPE_EMBOLDEN", "-DSK_GAMMA_EXPONENT=1.2", "-DSK_GAMMA_CONTRAST=0.2", "-fno-strict-aliasing", "-msse3" ]
conformance-and-platform	Smoke-test X11 with Mesa OpenGL	2026-10-05T13:52:06.0689397Z   SKIA_NINJA_COMMAND: ninja
conformance-and-platform	Smoke-test X11 with Mesa OpenGL	2026-10-05T13:52:06.0689675Z ##[endgroup]
conformance-and-platform	Smoke-test pure Wayland software presentation	﻿2026-10-05T13:52:06.2739503Z ##[group]Run export XDG_RUNTIME_DIR="$RUNNER_TEMP/openui-wayland"
conformance-and-platform	Smoke-test pure Wayland software presentation	2026-10-05T13:52:06.2740210Z [36;1mexport XDG_RUNTIME_DIR="$RUNNER_TEMP/openui-wayland"[0m
conformance-and-platform	Smoke-test pure Wayland software presentation	2026-10-05T13:52:06.2740705Z [36;1mmkdir -p "$XDG_RUNTIME_DIR"[0m
conformance-and-platform	Smoke-test pure Wayland software presentation	2026-10-05T13:52:06.2741103Z [36;1mchmod 700 "$XDG_RUNTIME_DIR"[0m
conformance-and-platform	Smoke-test pure Wayland software presentation	2026-10-05T13:52:06.2742323Z [36;1mweston --backend=headless-backend.so --socket=wayland-openui --idle-time=0 >"$RUNNER_TEMP/weston.log" 2>&1 &[0m
conformance-and-platform	Smoke-test pure Wayland software presentation	2026-10-05T13:52:06.2743573Z [36;1mweston_pid=$![0m
conformance-and-platform	Smoke-test pure Wayland software presentation	2026-10-05T13:52:06.2744033Z [36;1mtrap 'kill "$weston_pid" || true' EXIT[0m
conformance-and-platform	Smoke-test pure Wayland software presentation	2026-10-05T13:52:06.2744533Z [36;1mfor attempt in $(seq 1 50); do[0m
conformance-and-platform	Smoke-test pure Wayland software presentation	2026-10-05T13:52:06.2745039Z [36;1m  test -S "$XDG_RUNTIME_DIR/wayland-openui" && break[0m
conformance-and-platform	Smoke-test pure Wayland software presentation	2026-10-05T13:52:06.2745585Z [36;1m  sleep 0.1[0m
conformance-and-platform	Smoke-test pure Wayland software presentation	2026-10-05T13:52:06.2745912Z [36;1mdone[0m
conformance-and-platform	Smoke-test pure Wayland software presentation	2026-10-05T13:52:06.2746590Z [36;1menv -u DISPLAY WAYLAND_DISPLAY=wayland-openui OUI_BACKEND=software OUI_SMOKE_EXIT=1 target/debug/hello[0m
conformance-and-platform	Smoke-test pure Wayland software presentation	2026-10-05T13:52:06.2747454Z [36;1menv -u DISPLAY WAYLAND_DISPLAY=wayland-openui \[0m
conformance-and-platform	Smoke-test pure Wayland software presentation	2026-10-05T13:52:06.2748170Z [36;1m  python3 ../../tools/ffi/verify_native_window.py --protocol wayland \[0m
conformance-and-platform	Smoke-test pure Wayland software presentation	2026-10-05T13:52:06.2748923Z [36;1m    --backend software --report "$RUNNER_TEMP/native-wayland-software.json"[0m
conformance-and-platform	Smoke-test pure Wayland software presentation	2026-10-05T13:52:06.2807233Z shell: /usr/bin/bash -e {0}
conformance-and-platform	Smoke-test pure Wayland software presentation	2026-10-05T13:52:06.2807656Z env:
conformance-and-platform	Smoke-test pure Wayland software presentation	2026-10-05T13:52:06.2807963Z   BINDGEN_EXTRA_CLANG_ARGS: 
conformance-and-platform	Smoke-test pure Wayland software presentation	2026-10-05T13:52:06.2808424Z   CARGO_TARGET_X86_64_UNKNOWN_LINUX_GNU_RUSTFLAGS: 
conformance-and-platform	Smoke-test pure Wayland software presentation	2026-10-05T13:52:06.2808845Z   CC: clang
conformance-and-platform	Smoke-test pure Wayland software presentation	2026-10-05T13:52:06.2809095Z   CXX: clang++
conformance-and-platform	Smoke-test pure Wayland software presentation	2026-10-05T13:52:06.2809362Z   CXXFLAGS: 
conformance-and-platform	Smoke-test pure Wayland software presentation	2026-10-05T13:52:06.2809646Z   CARGO_TERM_COLOR: always
conformance-and-platform	Smoke-test pure Wayland software presentation	2026-10-05T13:52:06.2809989Z   FORCE_SKIA_BUILD: 1
conformance-and-platform	Smoke-test pure Wayland software presentation	2026-10-05T13:52:06.2810292Z   PKG_CONFIG_SYSROOT_DIR: 
conformance-and-platform	Smoke-test pure Wayland software presentation	2026-10-05T13:52:06.2811374Z   SKIA_GN_ARGS: extra_cflags += [ "-DSK_SUPPORT_LEGACY_CONIC_CHOP", "-DSK_USE_FREETYPE_EMBOLDEN", "-DSK_GAMMA_EXPONENT=1.2", "-DSK_GAMMA_CONTRAST=0.2", "-fno-strict-aliasing", "-msse3" ]
conformance-and-platform	Smoke-test pure Wayland software presentation	2026-10-05T13:52:06.2812599Z   SKIA_NINJA_COMMAND: ninja
conformance-and-platform	Smoke-test pure Wayland software presentation	2026-10-05T13:52:06.2812927Z ##[endgroup]
conformance-and-platform	Smoke-test pure Wayland software presentation	2026-10-05T13:52:07.2460585Z native C: backend=2 frames=2 resized=1 input=2
conformance-and-platform	Smoke-test pure Wayland software presentation	2026-10-05T13:52:07.2461023Z native C++: backend=2 frames=2
conformance-and-platform	Smoke-test pure Wayland software presentation	2026-10-05T13:52:07.2461369Z native C/C++ window consumers passed: protocol=wayland backend=software
conformance-and-platform	Preserve native C/C++ smoke reports	﻿2026-10-05T13:52:07.2616669Z ##[group]Run actions/upload-artifact@v7
conformance-and-platform	Preserve native C/C++ smoke reports	2026-10-05T13:52:07.2616956Z with:
conformance-and-platform	Preserve native C/C++ smoke reports	2026-10-05T13:52:07.2617182Z   name: native-c-cpp-window-smokes
conformance-and-platform	Preserve native C/C++ smoke reports	2026-10-05T13:52:07.2617477Z   path: /home/runner/work/_temp/native-*.json
conformance-and-platform	Preserve native C/C++ smoke reports	2026-10-05T13:52:07.2617760Z   if-no-files-found: ignore
conformance-and-platform	Preserve native C/C++ smoke reports	2026-10-05T13:52:07.2617996Z   compression-level: 6
conformance-and-platform	Preserve native C/C++ smoke reports	2026-10-05T13:52:07.2618207Z   overwrite: false
conformance-and-platform	Preserve native C/C++ smoke reports	2026-10-05T13:52:07.2618547Z   include-hidden-files: false
conformance-and-platform	Preserve native C/C++ smoke reports	2026-10-05T13:52:07.2618771Z   archive: true
conformance-and-platform	Preserve native C/C++ smoke reports	2026-10-05T13:52:07.2618959Z env:
conformance-and-platform	Preserve native C/C++ smoke reports	2026-10-05T13:52:07.2619143Z   BINDGEN_EXTRA_CLANG_ARGS: 
conformance-and-platform	Preserve native C/C++ smoke reports	2026-10-05T13:52:07.2619401Z   CARGO_TARGET_X86_64_UNKNOWN_LINUX_GNU_RUSTFLAGS: 
conformance-and-platform	Preserve native C/C++ smoke reports	2026-10-05T13:52:07.2619680Z   CC: clang
conformance-and-platform	Preserve native C/C++ smoke reports	2026-10-05T13:52:07.2619863Z   CXX: clang++
conformance-and-platform	Preserve native C/C++ smoke reports	2026-10-05T13:52:07.2620051Z   CXXFLAGS: 
conformance-and-platform	Preserve native C/C++ smoke reports	2026-10-05T13:52:07.2620243Z   CARGO_TERM_COLOR: always
conformance-and-platform	Preserve native C/C++ smoke reports	2026-10-05T13:52:07.2620469Z   FORCE_SKIA_BUILD: 1
conformance-and-platform	Preserve native C/C++ smoke reports	2026-10-05T13:52:07.2620678Z   PKG_CONFIG_SYSROOT_DIR: 
conformance-and-platform	Preserve native C/C++ smoke reports	2026-10-05T13:52:07.2621260Z   SKIA_GN_ARGS: extra_cflags += [ "-DSK_SUPPORT_LEGACY_CONIC_CHOP", "-DSK_USE_FREETYPE_EMBOLDEN", "-DSK_GAMMA_EXPONENT=1.2", "-DSK_GAMMA_CONTRAST=0.2", "-fno-strict-aliasing", "-msse3" ]
conformance-and-platform	Preserve native C/C++ smoke reports	2026-10-05T13:52:07.2622121Z   SKIA_NINJA_COMMAND: ninja
conformance-and-platform	Preserve native C/C++ smoke reports	2026-10-05T13:52:07.2622352Z ##[endgroup]
conformance-and-platform	Preserve native C/C++ smoke reports	2026-10-05T13:52:07.3933279Z With the provided path, there will be 3 files uploaded
conformance-and-platform	Preserve native C/C++ smoke reports	2026-10-05T13:52:07.3937813Z Artifact name is valid!
conformance-and-platform	Preserve native C/C++ smoke reports	2026-10-05T13:52:07.3938218Z Root directory input is valid!
conformance-and-platform	Preserve native C/C++ smoke reports	2026-10-05T13:52:07.7379924Z Uploading artifact: native-c-cpp-window-smokes.zip
conformance-and-platform	Preserve native C/C++ smoke reports	2026-10-05T13:52:07.7416972Z Beginning upload of artifact content to blob storage
conformance-and-platform	Preserve native C/C++ smoke reports	2026-10-05T13:52:07.9716323Z Uploaded bytes 2434
conformance-and-platform	Preserve native C/C++ smoke reports	2026-10-05T13:52:08.0275173Z Finished uploading artifact content to blob storage!
conformance-and-platform	Preserve native C/C++ smoke reports	2026-10-05T13:52:08.0275936Z SHA256 digest of uploaded artifact is 02fbdcf99371b2ebf47cb0234297975341546033215b77ee1e947f161a084857
conformance-and-platform	Preserve native C/C++ smoke reports	2026-10-05T13:52:08.0276593Z Finalizing artifact upload
conformance-and-platform	Preserve native C/C++ smoke reports	2026-10-05T13:52:08.4634824Z Artifact native-c-cpp-window-smokes successfully finalized. Artifact ID 11349109098
conformance-and-platform	Preserve native C/C++ smoke reports	2026-10-05T13:52:08.4635965Z Artifact native-c-cpp-window-smokes has been successfully uploaded! Final size is 2434 bytes. Artifact ID is 11349109098
conformance-and-platform	Preserve native C/C++ smoke reports	2026-10-05T13:52:08.4639013Z Artifact download URL: https://github.com/zhuowcui/open-ui/actions/runs/37319597750/artifacts/11349109098
conformance-and-platform	Post Run actions/cache@v5	﻿2026-10-05T13:52:09.4531583Z Post job cleanup.
conformance-and-platform	Post Run actions/cache@v5	2026-10-05T13:52:09.5774113Z Cache hit occurred on the primary key v02-hardening-Linux-1.94.1-fb34f7045b13690422332ca00f8747395dca2fa1d8a8e28868ee97a1a1a44b75, not saving cache.
conformance-and-platform	Post Run actions/checkout@v6	﻿2026-10-05T13:52:09.5883274Z Post job cleanup.
conformance-and-platform	Post Run actions/checkout@v6	2026-10-05T13:52:09.6690789Z [command]/usr/bin/git version
conformance-and-platform	Post Run actions/checkout@v6	2026-10-05T13:52:09.6723898Z git version 2.55.0
conformance-and-platform	Post Run actions/checkout@v6	2026-10-05T13:52:09.6759200Z Temporarily overriding HOME='/home/runner/work/_temp/24e6b91f-5bc9-477b-b84f-a8227af3b7f7' before making global git config changes
conformance-and-platform	Post Run actions/checkout@v6	2026-10-05T13:52:09.6760604Z Adding repository directory to the temporary git global config as a safe directory
conformance-and-platform	Post Run actions/checkout@v6	2026-10-05T13:52:09.6764935Z [command]/usr/bin/git config --global --add safe.directory /home/runner/work/open-ui/open-ui
conformance-and-platform	Post Run actions/checkout@v6	2026-10-05T13:52:09.6793200Z Removing SSH command configuration
conformance-and-platform	Post Run actions/checkout@v6	2026-10-05T13:52:09.6799912Z [command]/usr/bin/git config --local --name-only --get-regexp core\.sshCommand
conformance-and-platform	Post Run actions/checkout@v6	2026-10-05T13:52:09.6832348Z [command]/usr/bin/git submodule foreach --recursive sh -c "git config --local --name-only --get-regexp 'core\.sshCommand' && git config --local --unset-all 'core.sshCommand' || :"
conformance-and-platform	Post Run actions/checkout@v6	2026-10-05T13:52:09.7057333Z Removing HTTP extra header
conformance-and-platform	Post Run actions/checkout@v6	2026-10-05T13:52:09.7063769Z [command]/usr/bin/git config --local --name-only --get-regexp http\.https\:\/\/github\.com\/\.extraheader
conformance-and-platform	Post Run actions/checkout@v6	2026-10-05T13:52:09.7091916Z [command]/usr/bin/git submodule foreach --recursive sh -c "git config --local --name-only --get-regexp 'http\.https\:\/\/github\.com\/\.extraheader' && git config --local --unset-all 'http.https://github.com/.extraheader' || :"
conformance-and-platform	Post Run actions/checkout@v6	2026-10-05T13:52:09.7291801Z Removing includeIf entries pointing to credentials config files
conformance-and-platform	Post Run actions/checkout@v6	2026-10-05T13:52:09.7299486Z [command]/usr/bin/git config --local --name-only --get-regexp ^includeIf\.gitdir:
conformance-and-platform	Post Run actions/checkout@v6	2026-10-05T13:52:09.7324924Z includeif.gitdir:/home/runner/work/open-ui/open-ui/.git.path
conformance-and-platform	Post Run actions/checkout@v6	2026-10-05T13:52:09.7325661Z includeif.gitdir:/home/runner/work/open-ui/open-ui/.git/worktrees/*.path
conformance-and-platform	Post Run actions/checkout@v6	2026-10-05T13:52:09.7326284Z includeif.gitdir:/github/workspace/.git.path
conformance-and-platform	Post Run actions/checkout@v6	2026-10-05T13:52:09.7326768Z includeif.gitdir:/github/workspace/.git/worktrees/*.path
conformance-and-platform	Post Run actions/checkout@v6	2026-10-05T13:52:09.7333373Z [command]/usr/bin/git config --local --get-all includeif.gitdir:/home/runner/work/open-ui/open-ui/.git.path
conformance-and-platform	Post Run actions/checkout@v6	2026-10-05T13:52:09.7352196Z /home/runner/work/_temp/git-credentials-c5c6fad1-659e-4840-af7f-68e0de8dbcc6.config
conformance-and-platform	Post Run actions/checkout@v6	2026-10-05T13:52:09.7361954Z [command]/usr/bin/git config --local --unset includeif.gitdir:/home/runner/work/open-ui/open-ui/.git.path /home/runner/work/_temp/git-credentials-c5c6fad1-659e-4840-af7f-68e0de8dbcc6.config
conformance-and-platform	Post Run actions/checkout@v6	2026-10-05T13:52:09.7397045Z [command]/usr/bin/git config --local --get-all includeif.gitdir:/home/runner/work/open-ui/open-ui/.git/worktrees/*.path
conformance-and-platform	Post Run actions/checkout@v6	2026-10-05T13:52:09.7416601Z /home/runner/work/_temp/git-credentials-c5c6fad1-659e-4840-af7f-68e0de8dbcc6.config
conformance-and-platform	Post Run actions/checkout@v6	2026-10-05T13:52:09.7424373Z [command]/usr/bin/git config --local --unset includeif.gitdir:/home/runner/work/open-ui/open-ui/.git/worktrees/*.path /home/runner/work/_temp/git-credentials-c5c6fad1-659e-4840-af7f-68e0de8dbcc6.config
conformance-and-platform	Post Run actions/checkout@v6	2026-10-05T13:52:09.7455134Z [command]/usr/bin/git config --local --get-all includeif.gitdir:/github/workspace/.git.path
conformance-and-platform	Post Run actions/checkout@v6	2026-10-05T13:52:09.7473652Z /github/runner_temp/git-credentials-c5c6fad1-659e-4840-af7f-68e0de8dbcc6.config
conformance-and-platform	Post Run actions/checkout@v6	2026-10-05T13:52:09.7480195Z [command]/usr/bin/git config --local --unset includeif.gitdir:/github/workspace/.git.path /github/runner_temp/git-credentials-c5c6fad1-659e-4840-af7f-68e0de8dbcc6.config
conformance-and-platform	Post Run actions/checkout@v6	2026-10-05T13:52:09.7510953Z [command]/usr/bin/git config --local --get-all includeif.gitdir:/github/workspace/.git/worktrees/*.path
conformance-and-platform	Post Run actions/checkout@v6	2026-10-05T13:52:09.7533136Z /github/runner_temp/git-credentials-c5c6fad1-659e-4840-af7f-68e0de8dbcc6.config
conformance-and-platform	Post Run actions/checkout@v6	2026-10-05T13:52:09.7539669Z [command]/usr/bin/git config --local --unset includeif.gitdir:/github/workspace/.git/worktrees/*.path /github/runner_temp/git-credentials-c5c6fad1-659e-4840-af7f-68e0de8dbcc6.config
conformance-and-platform	Post Run actions/checkout@v6	2026-10-05T13:52:09.7570781Z [command]/usr/bin/git submodule foreach --recursive git config --local --show-origin --name-only --get-regexp remote.origin.url
conformance-and-platform	Post Run actions/checkout@v6	2026-10-05T13:52:09.7773479Z Removing credentials config '/home/runner/work/_temp/git-credentials-c5c6fad1-659e-4840-af7f-68e0de8dbcc6.config'
conformance-and-platform	Complete job	﻿2026-10-05T13:52:09.7906754Z Cleaning up orphan processes
