conformance-and-platform	Set up job	﻿2026-10-05T14:44:02.1805479Z Current runner version: '2.337.0'
conformance-and-platform	Set up job	2026-10-05T14:44:02.1840830Z ##[group]Runner Image Provisioner
conformance-and-platform	Set up job	2026-10-05T14:44:02.1842264Z Hosted Compute Agent
conformance-and-platform	Set up job	2026-10-05T14:44:02.1843105Z Version: 20260901.588
conformance-and-platform	Set up job	2026-10-05T14:44:02.1844038Z Commit: f88ec8081b781fac6c440065ac7ff9e710ce3d0b
conformance-and-platform	Set up job	2026-10-05T14:44:02.1845159Z Build Date: 2026-09-01T19:56:44Z
conformance-and-platform	Set up job	2026-10-05T14:44:02.1846215Z Worker ID: {718ce713-d276-437d-8310-e5983f55d271}
conformance-and-platform	Set up job	2026-10-05T14:44:02.1847296Z Azure Region: eastus2
conformance-and-platform	Set up job	2026-10-05T14:44:02.1848098Z ##[endgroup]
conformance-and-platform	Set up job	2026-10-05T14:44:02.1850210Z ##[group]Operating System
conformance-and-platform	Set up job	2026-10-05T14:44:02.1851141Z Ubuntu
conformance-and-platform	Set up job	2026-10-05T14:44:02.1852179Z 24.04.5
conformance-and-platform	Set up job	2026-10-05T14:44:02.1852949Z LTS
conformance-and-platform	Set up job	2026-10-05T14:44:02.1853663Z ##[endgroup]
conformance-and-platform	Set up job	2026-10-05T14:44:02.1854445Z ##[group]Runner Image
conformance-and-platform	Set up job	2026-10-05T14:44:02.1855335Z Image: ubuntu-24.04
conformance-and-platform	Set up job	2026-10-05T14:44:02.1856139Z Version: 20260927.320.1
conformance-and-platform	Set up job	2026-10-05T14:44:02.1857811Z Included Software: https://github.com/actions/runner-images/blob/ubuntu24/20260927.320/images/ubuntu/Ubuntu2404-Readme.md
conformance-and-platform	Set up job	2026-10-05T14:44:02.1860431Z Image Release: https://github.com/actions/runner-images/releases/tag/ubuntu24%2F20260927.320
conformance-and-platform	Set up job	2026-10-05T14:44:02.1862230Z ##[endgroup]
conformance-and-platform	Set up job	2026-10-05T14:44:02.1863830Z ##[group]GITHUB_TOKEN Permissions
conformance-and-platform	Set up job	2026-10-05T14:44:02.1866317Z Contents: read
conformance-and-platform	Set up job	2026-10-05T14:44:02.1867176Z Metadata: read
conformance-and-platform	Set up job	2026-10-05T14:44:02.1867969Z ##[endgroup]
conformance-and-platform	Set up job	2026-10-05T14:44:02.1870935Z Secret source: Actions
conformance-and-platform	Set up job	2026-10-05T14:44:02.1872555Z Cache mode: write
conformance-and-platform	Set up job	2026-10-05T14:44:02.1873615Z Prepare workflow directory
conformance-and-platform	Set up job	2026-10-05T14:44:02.2462736Z Prepare all required actions
conformance-and-platform	Set up job	2026-10-05T14:44:02.2536647Z Getting action download info
conformance-and-platform	Set up job	2026-10-05T14:44:02.4668238Z Download action repository 'actions/checkout@v6' (SHA:d23441a48e516b6c34aea4fa41551a30e30af803)
conformance-and-platform	Set up job	2026-10-05T14:44:02.5875553Z Download action repository 'actions/cache@v5' (SHA:caa296126883cff596d87d8935842f9db880ef25)
conformance-and-platform	Set up job	2026-10-05T14:44:02.7395277Z Download action repository 'actions/upload-artifact@v7' (SHA:043fb46d1a93c77aae656e7c1c64a875d1fc6a0a)
conformance-and-platform	Set up job	2026-10-05T14:44:02.9074536Z Complete job name: conformance-and-platform
conformance-and-platform	Run actions/checkout@v6	﻿2026-10-05T14:44:02.9959049Z ##[group]Run actions/checkout@v6
conformance-and-platform	Run actions/checkout@v6	2026-10-05T14:44:02.9959953Z with:
conformance-and-platform	Run actions/checkout@v6	2026-10-05T14:44:02.9960409Z   repository: zhuowcui/open-ui
conformance-and-platform	Run actions/checkout@v6	2026-10-05T14:44:02.9964487Z   token: ***
conformance-and-platform	Run actions/checkout@v6	2026-10-05T14:44:02.9964938Z   ssh-strict: true
conformance-and-platform	Run actions/checkout@v6	2026-10-05T14:44:02.9965380Z   ssh-user: git
conformance-and-platform	Run actions/checkout@v6	2026-10-05T14:44:02.9965826Z   persist-credentials: true
conformance-and-platform	Run actions/checkout@v6	2026-10-05T14:44:02.9966316Z   clean: true
conformance-and-platform	Run actions/checkout@v6	2026-10-05T14:44:02.9966767Z   sparse-checkout-cone-mode: true
conformance-and-platform	Run actions/checkout@v6	2026-10-05T14:44:02.9967292Z   fetch-depth: 1
conformance-and-platform	Run actions/checkout@v6	2026-10-05T14:44:02.9967730Z   fetch-tags: false
conformance-and-platform	Run actions/checkout@v6	2026-10-05T14:44:02.9968179Z   show-progress: true
conformance-and-platform	Run actions/checkout@v6	2026-10-05T14:44:02.9968632Z   lfs: false
conformance-and-platform	Run actions/checkout@v6	2026-10-05T14:44:02.9969045Z   submodules: false
conformance-and-platform	Run actions/checkout@v6	2026-10-05T14:44:02.9969502Z   set-safe-directory: true
conformance-and-platform	Run actions/checkout@v6	2026-10-05T14:44:02.9970020Z   allow-unsafe-pr-checkout: false
conformance-and-platform	Run actions/checkout@v6	2026-10-05T14:44:02.9970806Z env:
conformance-and-platform	Run actions/checkout@v6	2026-10-05T14:44:02.9971231Z   BINDGEN_EXTRA_CLANG_ARGS: 
conformance-and-platform	Run actions/checkout@v6	2026-10-05T14:44:02.9971983Z   CARGO_TARGET_X86_64_UNKNOWN_LINUX_GNU_RUSTFLAGS: 
conformance-and-platform	Run actions/checkout@v6	2026-10-05T14:44:02.9972603Z   CC: clang
conformance-and-platform	Run actions/checkout@v6	2026-10-05T14:44:02.9973038Z   CXX: clang++
conformance-and-platform	Run actions/checkout@v6	2026-10-05T14:44:02.9973449Z   CXXFLAGS: 
conformance-and-platform	Run actions/checkout@v6	2026-10-05T14:44:02.9973870Z   CARGO_TERM_COLOR: always
conformance-and-platform	Run actions/checkout@v6	2026-10-05T14:44:02.9974352Z   FORCE_SKIA_BUILD: 1
conformance-and-platform	Run actions/checkout@v6	2026-10-05T14:44:02.9974810Z   PKG_CONFIG_SYSROOT_DIR: 
conformance-and-platform	Run actions/checkout@v6	2026-10-05T14:44:02.9976042Z   SKIA_GN_ARGS: extra_cflags += [ "-DSK_SUPPORT_LEGACY_CONIC_CHOP", "-DSK_USE_FREETYPE_EMBOLDEN", "-DSK_GAMMA_EXPONENT=1.2", "-DSK_GAMMA_CONTRAST=0.2", "-fno-strict-aliasing", "-msse3" ]
conformance-and-platform	Run actions/checkout@v6	2026-10-05T14:44:02.9977346Z   SKIA_NINJA_COMMAND: ninja
conformance-and-platform	Run actions/checkout@v6	2026-10-05T14:44:02.9977825Z ##[endgroup]
conformance-and-platform	Run actions/checkout@v6	2026-10-05T14:44:03.0982690Z Syncing repository: zhuowcui/open-ui
conformance-and-platform	Run actions/checkout@v6	2026-10-05T14:44:03.0984510Z ##[group]Getting Git version info
conformance-and-platform	Run actions/checkout@v6	2026-10-05T14:44:03.0985266Z Working directory is '/home/runner/work/open-ui/open-ui'
conformance-and-platform	Run actions/checkout@v6	2026-10-05T14:44:03.0986272Z [command]/usr/bin/git version
conformance-and-platform	Run actions/checkout@v6	2026-10-05T14:44:03.1076864Z git version 2.55.0
conformance-and-platform	Run actions/checkout@v6	2026-10-05T14:44:03.1099495Z ##[endgroup]
conformance-and-platform	Run actions/checkout@v6	2026-10-05T14:44:03.1113460Z Temporarily overriding HOME='/home/runner/work/_temp/2499f2dd-c488-467c-bbee-288f92e1b3b2' before making global git config changes
conformance-and-platform	Run actions/checkout@v6	2026-10-05T14:44:03.1115347Z Adding repository directory to the temporary git global config as a safe directory
conformance-and-platform	Run actions/checkout@v6	2026-10-05T14:44:03.1119284Z [command]/usr/bin/git config --global --add safe.directory /home/runner/work/open-ui/open-ui
conformance-and-platform	Run actions/checkout@v6	2026-10-05T14:44:03.1168117Z Deleting the contents of '/home/runner/work/open-ui/open-ui'
conformance-and-platform	Run actions/checkout@v6	2026-10-05T14:44:03.1173126Z ##[group]Determining repository object format
conformance-and-platform	Run actions/checkout@v6	2026-10-05T14:44:03.1175414Z ##[endgroup]
conformance-and-platform	Run actions/checkout@v6	2026-10-05T14:44:03.1176319Z ##[group]Initializing the repository
conformance-and-platform	Run actions/checkout@v6	2026-10-05T14:44:03.1179570Z [command]/usr/bin/git init /home/runner/work/open-ui/open-ui
conformance-and-platform	Run actions/checkout@v6	2026-10-05T14:44:03.1310482Z hint: Using 'master' as the name for the initial branch. This default branch name
conformance-and-platform	Run actions/checkout@v6	2026-10-05T14:44:03.1312698Z hint: will change to "main" in Git 3.0. To configure the initial branch name
conformance-and-platform	Run actions/checkout@v6	2026-10-05T14:44:03.1313951Z hint: to use in all of your new repositories, which will suppress this warning,
conformance-and-platform	Run actions/checkout@v6	2026-10-05T14:44:03.1315184Z hint: call:
conformance-and-platform	Run actions/checkout@v6	2026-10-05T14:44:03.1316150Z hint:
conformance-and-platform	Run actions/checkout@v6	2026-10-05T14:44:03.1316881Z hint: 	git config --global init.defaultBranch <name>
conformance-and-platform	Run actions/checkout@v6	2026-10-05T14:44:03.1318307Z hint:
conformance-and-platform	Run actions/checkout@v6	2026-10-05T14:44:03.1319800Z hint: Names commonly chosen instead of 'master' are 'main', 'trunk' and
conformance-and-platform	Run actions/checkout@v6	2026-10-05T14:44:03.1322234Z hint: 'development'. The just-created branch can be renamed via this command:
conformance-and-platform	Run actions/checkout@v6	2026-10-05T14:44:03.1324118Z hint:
conformance-and-platform	Run actions/checkout@v6	2026-10-05T14:44:03.1325170Z hint: 	git branch -m <name>
conformance-and-platform	Run actions/checkout@v6	2026-10-05T14:44:03.1326168Z hint:
conformance-and-platform	Run actions/checkout@v6	2026-10-05T14:44:03.1327410Z hint: Disable this message with "git config set advice.defaultBranchName false"
conformance-and-platform	Run actions/checkout@v6	2026-10-05T14:44:03.1329571Z Initialized empty Git repository in /home/runner/work/open-ui/open-ui/.git/
conformance-and-platform	Run actions/checkout@v6	2026-10-05T14:44:03.1333453Z [command]/usr/bin/git remote add origin https://github.com/zhuowcui/open-ui
conformance-and-platform	Run actions/checkout@v6	2026-10-05T14:44:03.1381934Z ##[endgroup]
conformance-and-platform	Run actions/checkout@v6	2026-10-05T14:44:03.1382779Z ##[group]Disabling automatic garbage collection
conformance-and-platform	Run actions/checkout@v6	2026-10-05T14:44:03.1386028Z [command]/usr/bin/git config --local gc.auto 0
conformance-and-platform	Run actions/checkout@v6	2026-10-05T14:44:03.1416007Z ##[endgroup]
conformance-and-platform	Run actions/checkout@v6	2026-10-05T14:44:03.1417259Z ##[group]Setting up auth
conformance-and-platform	Run actions/checkout@v6	2026-10-05T14:44:03.1417930Z Removing SSH command configuration
conformance-and-platform	Run actions/checkout@v6	2026-10-05T14:44:03.1424184Z [command]/usr/bin/git config --local --name-only --get-regexp core\.sshCommand
conformance-and-platform	Run actions/checkout@v6	2026-10-05T14:44:03.1455418Z [command]/usr/bin/git submodule foreach --recursive sh -c "git config --local --name-only --get-regexp 'core\.sshCommand' && git config --local --unset-all 'core.sshCommand' || :"
conformance-and-platform	Run actions/checkout@v6	2026-10-05T14:44:03.1845614Z Removing HTTP extra header
conformance-and-platform	Run actions/checkout@v6	2026-10-05T14:44:03.1851934Z [command]/usr/bin/git config --local --name-only --get-regexp http\.https\:\/\/github\.com\/\.extraheader
conformance-and-platform	Run actions/checkout@v6	2026-10-05T14:44:03.1886756Z [command]/usr/bin/git submodule foreach --recursive sh -c "git config --local --name-only --get-regexp 'http\.https\:\/\/github\.com\/\.extraheader' && git config --local --unset-all 'http.https://github.com/.extraheader' || :"
conformance-and-platform	Run actions/checkout@v6	2026-10-05T14:44:03.2152221Z Removing includeIf entries pointing to credentials config files
conformance-and-platform	Run actions/checkout@v6	2026-10-05T14:44:03.2154377Z [command]/usr/bin/git config --local --name-only --get-regexp ^includeIf\.gitdir:
conformance-and-platform	Run actions/checkout@v6	2026-10-05T14:44:03.2192161Z [command]/usr/bin/git submodule foreach --recursive git config --local --show-origin --name-only --get-regexp remote.origin.url
conformance-and-platform	Run actions/checkout@v6	2026-10-05T14:44:03.2439050Z [command]/usr/bin/git config --file /home/runner/work/_temp/git-credentials-46bec59e-27d1-46f4-8c85-6e96180afb58.config http.https://github.com/.extraheader AUTHORIZATION: basic ***
conformance-and-platform	Run actions/checkout@v6	2026-10-05T14:44:03.2492742Z [command]/usr/bin/git config --local includeIf.gitdir:/home/runner/work/open-ui/open-ui/.git.path /home/runner/work/_temp/git-credentials-46bec59e-27d1-46f4-8c85-6e96180afb58.config
conformance-and-platform	Run actions/checkout@v6	2026-10-05T14:44:03.2525326Z [command]/usr/bin/git config --local includeIf.gitdir:/home/runner/work/open-ui/open-ui/.git/worktrees/*.path /home/runner/work/_temp/git-credentials-46bec59e-27d1-46f4-8c85-6e96180afb58.config
conformance-and-platform	Run actions/checkout@v6	2026-10-05T14:44:03.2558400Z [command]/usr/bin/git config --local includeIf.gitdir:/github/workspace/.git.path /github/runner_temp/git-credentials-46bec59e-27d1-46f4-8c85-6e96180afb58.config
conformance-and-platform	Run actions/checkout@v6	2026-10-05T14:44:03.2588912Z [command]/usr/bin/git config --local includeIf.gitdir:/github/workspace/.git/worktrees/*.path /github/runner_temp/git-credentials-46bec59e-27d1-46f4-8c85-6e96180afb58.config
conformance-and-platform	Run actions/checkout@v6	2026-10-05T14:44:03.2615256Z ##[endgroup]
conformance-and-platform	Run actions/checkout@v6	2026-10-05T14:44:03.2616055Z ##[group]Fetching the repository
conformance-and-platform	Run actions/checkout@v6	2026-10-05T14:44:03.2623538Z [command]/usr/bin/git -c protocol.version=2 fetch --no-tags --prune --no-recurse-submodules --depth=1 origin +2cccf5b2d5a7aac3a85572434e8fe7b5e660eb67:refs/remotes/pull/3/merge
conformance-and-platform	Run actions/checkout@v6	2026-10-05T14:44:06.1602139Z From https://github.com/zhuowcui/open-ui
conformance-and-platform	Run actions/checkout@v6	2026-10-05T14:44:06.1605588Z  * [new ref]         2cccf5b2d5a7aac3a85572434e8fe7b5e660eb67 -> pull/3/merge
conformance-and-platform	Run actions/checkout@v6	2026-10-05T14:44:06.1616783Z ##[endgroup]
conformance-and-platform	Run actions/checkout@v6	2026-10-05T14:44:06.1617595Z ##[group]Determining the checkout info
conformance-and-platform	Run actions/checkout@v6	2026-10-05T14:44:06.1618451Z ##[endgroup]
conformance-and-platform	Run actions/checkout@v6	2026-10-05T14:44:06.1618988Z [command]/usr/bin/git sparse-checkout disable
conformance-and-platform	Run actions/checkout@v6	2026-10-05T14:44:06.1678888Z [command]/usr/bin/git config --local --unset-all extensions.worktreeConfig
conformance-and-platform	Run actions/checkout@v6	2026-10-05T14:44:06.1709254Z ##[group]Checking out the ref
conformance-and-platform	Run actions/checkout@v6	2026-10-05T14:44:06.1713541Z [command]/usr/bin/git checkout --progress --force refs/remotes/pull/3/merge
conformance-and-platform	Run actions/checkout@v6	2026-10-05T14:44:07.1945808Z Updating files:  92% (10392/11248)
conformance-and-platform	Run actions/checkout@v6	2026-10-05T14:44:07.2020273Z Updating files:  93% (10461/11248)
conformance-and-platform	Run actions/checkout@v6	2026-10-05T14:44:07.2095347Z Updating files:  94% (10574/11248)
conformance-and-platform	Run actions/checkout@v6	2026-10-05T14:44:07.2171905Z Updating files:  95% (10686/11248)
conformance-and-platform	Run actions/checkout@v6	2026-10-05T14:44:07.2246499Z Updating files:  96% (10799/11248)
conformance-and-platform	Run actions/checkout@v6	2026-10-05T14:44:07.2344015Z Updating files:  97% (10911/11248)
conformance-and-platform	Run actions/checkout@v6	2026-10-05T14:44:07.2913194Z Updating files:  98% (11024/11248)
conformance-and-platform	Run actions/checkout@v6	2026-10-05T14:44:07.3018629Z Updating files:  99% (11136/11248)
conformance-and-platform	Run actions/checkout@v6	2026-10-05T14:44:07.3019386Z Updating files: 100% (11248/11248)
conformance-and-platform	Run actions/checkout@v6	2026-10-05T14:44:07.3019970Z Updating files: 100% (11248/11248), done.
conformance-and-platform	Run actions/checkout@v6	2026-10-05T14:44:07.3226312Z Note: switching to 'refs/remotes/pull/3/merge'.
conformance-and-platform	Run actions/checkout@v6	2026-10-05T14:44:07.3227488Z 
conformance-and-platform	Run actions/checkout@v6	2026-10-05T14:44:07.3228515Z You are in 'detached HEAD' state. You can look around, make experimental
conformance-and-platform	Run actions/checkout@v6	2026-10-05T14:44:07.3229980Z changes and commit them, and you can discard any commits you make in this
conformance-and-platform	Run actions/checkout@v6	2026-10-05T14:44:07.3231047Z state without impacting any branches by switching back to a branch.
conformance-and-platform	Run actions/checkout@v6	2026-10-05T14:44:07.3231873Z 
conformance-and-platform	Run actions/checkout@v6	2026-10-05T14:44:07.3232352Z If you want to create a new branch to retain commits you create, you may
conformance-and-platform	Run actions/checkout@v6	2026-10-05T14:44:07.3233229Z do so (now or later) by using -c with the switch command. Example:
conformance-and-platform	Run actions/checkout@v6	2026-10-05T14:44:07.3233759Z 
conformance-and-platform	Run actions/checkout@v6	2026-10-05T14:44:07.3234001Z   git switch -c <new-branch-name>
conformance-and-platform	Run actions/checkout@v6	2026-10-05T14:44:07.3234383Z 
conformance-and-platform	Run actions/checkout@v6	2026-10-05T14:44:07.3234692Z Or undo this operation with:
conformance-and-platform	Run actions/checkout@v6	2026-10-05T14:44:07.3235015Z 
conformance-and-platform	Run actions/checkout@v6	2026-10-05T14:44:07.3235208Z   git switch -
conformance-and-platform	Run actions/checkout@v6	2026-10-05T14:44:07.3235540Z 
conformance-and-platform	Run actions/checkout@v6	2026-10-05T14:44:07.3235995Z Turn off this advice by setting config variable advice.detachedHead to false
conformance-and-platform	Run actions/checkout@v6	2026-10-05T14:44:07.3236594Z 
conformance-and-platform	Run actions/checkout@v6	2026-10-05T14:44:07.3237275Z HEAD is now at 2cccf5b Merge 4144c85a26f567d70d07ae09932d4b4d05c68792 into 1d7a4cc544b26f320266c298080c892efabad442
conformance-and-platform	Run actions/checkout@v6	2026-10-05T14:44:07.3273323Z ##[endgroup]
conformance-and-platform	Run actions/checkout@v6	2026-10-05T14:44:07.3321410Z [command]/usr/bin/git log -1 --format=%H
conformance-and-platform	Run actions/checkout@v6	2026-10-05T14:44:07.3346189Z 2cccf5b2d5a7aac3a85572434e8fe7b5e660eb67
conformance-and-platform	Install toolchain and Linux runtime dependencies	﻿2026-10-05T14:44:07.3563854Z ##[group]Run sudo apt-get update
conformance-and-platform	Install toolchain and Linux runtime dependencies	2026-10-05T14:44:07.3564335Z [36;1msudo apt-get update[0m
conformance-and-platform	Install toolchain and Linux runtime dependencies	2026-10-05T14:44:07.3564741Z [36;1msudo apt-get install --yes --no-install-recommends \[0m
conformance-and-platform	Install toolchain and Linux runtime dependencies	2026-10-05T14:44:07.3565268Z [36;1m  build-essential clang libclang-18-dev libfontconfig1-dev \[0m
conformance-and-platform	Install toolchain and Linux runtime dependencies	2026-10-05T14:44:07.3565791Z [36;1m  libfreetype-dev libgl1-mesa-dev libwayland-dev libx11-dev \[0m
conformance-and-platform	Install toolchain and Linux runtime dependencies	2026-10-05T14:44:07.3566307Z [36;1m  libx11-xcb-dev libxcb1-dev libxkbcommon-dev mesa-utils \[0m
conformance-and-platform	Install toolchain and Linux runtime dependencies	2026-10-05T14:44:07.3566830Z [36;1m  ninja-build pkg-config python3 weston xvfb libxkbcommon-x11-0[0m
conformance-and-platform	Install toolchain and Linux runtime dependencies	2026-10-05T14:44:07.3567402Z [36;1mrustup toolchain install 1.94.1 --profile minimal --component rustfmt[0m
conformance-and-platform	Install toolchain and Linux runtime dependencies	2026-10-05T14:44:07.3567863Z [36;1mrustup default 1.94.1[0m
conformance-and-platform	Install toolchain and Linux runtime dependencies	2026-10-05T14:44:07.3860098Z shell: /usr/bin/bash -e {0}
conformance-and-platform	Install toolchain and Linux runtime dependencies	2026-10-05T14:44:07.3860620Z env:
conformance-and-platform	Install toolchain and Linux runtime dependencies	2026-10-05T14:44:07.3861003Z   BINDGEN_EXTRA_CLANG_ARGS: 
conformance-and-platform	Install toolchain and Linux runtime dependencies	2026-10-05T14:44:07.3861713Z   CARGO_TARGET_X86_64_UNKNOWN_LINUX_GNU_RUSTFLAGS: 
conformance-and-platform	Install toolchain and Linux runtime dependencies	2026-10-05T14:44:07.3862268Z   CC: clang
conformance-and-platform	Install toolchain and Linux runtime dependencies	2026-10-05T14:44:07.3862683Z   CXX: clang++
conformance-and-platform	Install toolchain and Linux runtime dependencies	2026-10-05T14:44:07.3863052Z   CXXFLAGS: 
conformance-and-platform	Install toolchain and Linux runtime dependencies	2026-10-05T14:44:07.3863430Z   CARGO_TERM_COLOR: always
conformance-and-platform	Install toolchain and Linux runtime dependencies	2026-10-05T14:44:07.3863861Z   FORCE_SKIA_BUILD: 1
conformance-and-platform	Install toolchain and Linux runtime dependencies	2026-10-05T14:44:07.3864274Z   PKG_CONFIG_SYSROOT_DIR: 
conformance-and-platform	Install toolchain and Linux runtime dependencies	2026-10-05T14:44:07.3865200Z   SKIA_GN_ARGS: extra_cflags += [ "-DSK_SUPPORT_LEGACY_CONIC_CHOP", "-DSK_USE_FREETYPE_EMBOLDEN", "-DSK_GAMMA_EXPONENT=1.2", "-DSK_GAMMA_CONTRAST=0.2", "-fno-strict-aliasing", "-msse3" ]
conformance-and-platform	Install toolchain and Linux runtime dependencies	2026-10-05T14:44:07.3866142Z   SKIA_NINJA_COMMAND: ninja
conformance-and-platform	Install toolchain and Linux runtime dependencies	2026-10-05T14:44:07.3866467Z ##[endgroup]
conformance-and-platform	Install toolchain and Linux runtime dependencies	2026-10-05T14:44:07.4699275Z Get:1 file:/etc/apt/apt-mirrors.txt Mirrorlist [144 B]
conformance-and-platform	Install toolchain and Linux runtime dependencies	2026-10-05T14:44:07.4993484Z Hit:2 http://azure.archive.ubuntu.com/ubuntu noble InRelease
conformance-and-platform	Install toolchain and Linux runtime dependencies	2026-10-05T14:44:07.5002095Z Get:3 http://azure.archive.ubuntu.com/ubuntu noble-updates InRelease [126 kB]
conformance-and-platform	Install toolchain and Linux runtime dependencies	2026-10-05T14:44:07.5030103Z Get:4 http://azure.archive.ubuntu.com/ubuntu noble-backports InRelease [126 kB]
conformance-and-platform	Install toolchain and Linux runtime dependencies	2026-10-05T14:44:07.5058968Z Get:5 http://azure.archive.ubuntu.com/ubuntu noble-security InRelease [126 kB]
conformance-and-platform	Install toolchain and Linux runtime dependencies	2026-10-05T14:44:07.5208995Z Get:6 https://packages.microsoft.com/ubuntu/24.04/prod noble InRelease [3600 B]
conformance-and-platform	Install toolchain and Linux runtime dependencies	2026-10-05T14:44:07.6292729Z Get:7 http://azure.archive.ubuntu.com/ubuntu noble-updates/main amd64 Packages [1366 kB]
conformance-and-platform	Install toolchain and Linux runtime dependencies	2026-10-05T14:44:07.6462796Z Get:8 http://azure.archive.ubuntu.com/ubuntu noble-updates/main Translation-en [304 kB]
conformance-and-platform	Install toolchain and Linux runtime dependencies	2026-10-05T14:44:07.6479193Z Get:9 http://azure.archive.ubuntu.com/ubuntu noble-updates/main amd64 Components [181 kB]
conformance-and-platform	Install toolchain and Linux runtime dependencies	2026-10-05T14:44:07.6504715Z Get:10 http://azure.archive.ubuntu.com/ubuntu noble-updates/universe amd64 Packages [1699 kB]
conformance-and-platform	Install toolchain and Linux runtime dependencies	2026-10-05T14:44:07.6617903Z Get:11 http://azure.archive.ubuntu.com/ubuntu noble-updates/universe Translation-en [341 kB]
conformance-and-platform	Install toolchain and Linux runtime dependencies	2026-10-05T14:44:07.6682751Z Get:12 http://azure.archive.ubuntu.com/ubuntu noble-updates/universe amd64 Components [388 kB]
conformance-and-platform	Install toolchain and Linux runtime dependencies	2026-10-05T14:44:07.6685961Z Get:13 http://azure.archive.ubuntu.com/ubuntu noble-updates/restricted amd64 Packages [1724 kB]
conformance-and-platform	Install toolchain and Linux runtime dependencies	2026-10-05T14:44:07.6745129Z Get:14 http://azure.archive.ubuntu.com/ubuntu noble-updates/restricted Translation-en [394 kB]
conformance-and-platform	Install toolchain and Linux runtime dependencies	2026-10-05T14:44:07.6772641Z Get:15 http://azure.archive.ubuntu.com/ubuntu noble-updates/multiverse amd64 Components [940 B]
conformance-and-platform	Install toolchain and Linux runtime dependencies	2026-10-05T14:44:07.6973469Z Get:16 http://azure.archive.ubuntu.com/ubuntu noble-backports/main amd64 Components [5776 B]
conformance-and-platform	Install toolchain and Linux runtime dependencies	2026-10-05T14:44:07.7433506Z Get:17 http://azure.archive.ubuntu.com/ubuntu noble-backports/universe amd64 Components [12.6 kB]
conformance-and-platform	Install toolchain and Linux runtime dependencies	2026-10-05T14:44:07.7499131Z Get:18 http://azure.archive.ubuntu.com/ubuntu noble-security/main amd64 Packages [1069 kB]
conformance-and-platform	Install toolchain and Linux runtime dependencies	2026-10-05T14:44:07.7555552Z Get:19 http://azure.archive.ubuntu.com/ubuntu noble-security/main Translation-en [221 kB]
conformance-and-platform	Install toolchain and Linux runtime dependencies	2026-10-05T14:44:07.7570339Z Get:20 http://azure.archive.ubuntu.com/ubuntu noble-security/main amd64 Components [46.4 kB]
conformance-and-platform	Install toolchain and Linux runtime dependencies	2026-10-05T14:44:07.7580526Z Get:21 http://azure.archive.ubuntu.com/ubuntu noble-security/universe amd64 Packages [1216 kB]
conformance-and-platform	Install toolchain and Linux runtime dependencies	2026-10-05T14:44:07.7653116Z Get:22 http://azure.archive.ubuntu.com/ubuntu noble-security/universe Translation-en [244 kB]
conformance-and-platform	Install toolchain and Linux runtime dependencies	2026-10-05T14:44:07.7674524Z Get:23 http://azure.archive.ubuntu.com/ubuntu noble-security/universe amd64 Components [76.4 kB]
conformance-and-platform	Install toolchain and Linux runtime dependencies	2026-10-05T14:44:07.7686498Z Get:24 http://azure.archive.ubuntu.com/ubuntu noble-security/restricted amd64 Packages [1566 kB]
conformance-and-platform	Install toolchain and Linux runtime dependencies	2026-10-05T14:44:07.7776006Z Get:25 http://azure.archive.ubuntu.com/ubuntu noble-security/restricted Translation-en [361 kB]
conformance-and-platform	Install toolchain and Linux runtime dependencies	2026-10-05T14:44:07.8086539Z Get:26 https://packages.microsoft.com/ubuntu/24.04/prod noble/main arm64 Packages [458 kB]
conformance-and-platform	Install toolchain and Linux runtime dependencies	2026-10-05T14:44:07.8169910Z Get:27 https://packages.microsoft.com/ubuntu/24.04/prod noble/main armhf Packages [12.6 kB]
conformance-and-platform	Install toolchain and Linux runtime dependencies	2026-10-05T14:44:07.8205765Z Get:28 https://packages.microsoft.com/ubuntu/24.04/prod noble/main amd64 Packages [511 kB]
conformance-and-platform	Install toolchain and Linux runtime dependencies	2026-10-05T14:44:12.0536383Z Fetched 12.6 MB in 1s (9283 kB/s)
conformance-and-platform	Install toolchain and Linux runtime dependencies	2026-10-05T14:44:12.8911998Z Reading package lists...
conformance-and-platform	Install toolchain and Linux runtime dependencies	2026-10-05T14:44:12.9212583Z Reading package lists...
conformance-and-platform	Install toolchain and Linux runtime dependencies	2026-10-05T14:44:13.0913030Z Building dependency tree...
conformance-and-platform	Install toolchain and Linux runtime dependencies	2026-10-05T14:44:13.0919736Z Reading state information...
conformance-and-platform	Install toolchain and Linux runtime dependencies	2026-10-05T14:44:13.2292820Z pkg-config is already the newest version (1.8.1-2build1).
conformance-and-platform	Install toolchain and Linux runtime dependencies	2026-10-05T14:44:13.2293771Z python3 is already the newest version (3.12.3-0ubuntu2.1).
conformance-and-platform	Install toolchain and Linux runtime dependencies	2026-10-05T14:44:13.2294955Z xvfb is already the newest version (2:21.1.12-1ubuntu1.8).
conformance-and-platform	Install toolchain and Linux runtime dependencies	2026-10-05T14:44:13.2295728Z The following additional packages will be installed:
conformance-and-platform	Install toolchain and Linux runtime dependencies	2026-10-05T14:44:13.2298083Z   libaml0t64 libass9 libasyncns0 libavcodec60 libavfilter9 libavformat60
conformance-and-platform	Install toolchain and Linux runtime dependencies	2026-10-05T14:44:13.2303085Z   libavutil58 libblas3 libbluray2 libbrotli-dev libbs2b0 libbz2-dev
conformance-and-platform	Install toolchain and Linux runtime dependencies	2026-10-05T14:44:13.2304196Z   libchromaprint1 libcjson1 libcodec2-1.2 libdav1d7 libdecor-0-0 libegl-dev
conformance-and-platform	Install toolchain and Linux runtime dependencies	2026-10-05T14:44:13.2305507Z   libegl-mesa0 libegl1 libflac12t64 libflite1 libfontconfig-dev
conformance-and-platform	Install toolchain and Linux runtime dependencies	2026-10-05T14:44:13.2306623Z   libfreerdp-server2-2t64 libfreerdp2-2t64 libgbm1 libgl-dev libgl1-mesa-dri
conformance-and-platform	Install toolchain and Linux runtime dependencies	2026-10-05T14:44:13.2307749Z   libgles-dev libgles1 libgles2 libglvnd-core-dev libglvnd-dev libglx-dev
conformance-and-platform	Install toolchain and Linux runtime dependencies	2026-10-05T14:44:13.2308811Z   libglx-mesa0 libgme0 libgsm1 libgstreamer-plugins-base1.0-0 libhwy1t64
conformance-and-platform	Install toolchain and Linux runtime dependencies	2026-10-05T14:44:13.2309925Z   libinput-bin libinput10 libjxl0.7 liblapack3 liblilv-0-0 libmbedcrypto7t64
conformance-and-platform	Install toolchain and Linux runtime dependencies	2026-10-05T14:44:13.2310871Z   libmp3lame0 libmpg123-0t64 libmtdev1t64 libmysofa1 libneatvnc0 libopengl-dev
conformance-and-platform	Install toolchain and Linux runtime dependencies	2026-10-05T14:44:13.2312219Z   libopengl0 libopenmpt0t64 libopus0 liborc-0.4-0t64 libpipewire-0.3-0t64
conformance-and-platform	Install toolchain and Linux runtime dependencies	2026-10-05T14:44:13.2313339Z   libplacebo338 libpng-dev libpocketsphinx3 libpostproc57
conformance-and-platform	Install toolchain and Linux runtime dependencies	2026-10-05T14:44:13.2314274Z   libpthread-stubs0-dev libpulse0 librav1e0 librist4 librsvg2-2 librubberband2
conformance-and-platform	Install toolchain and Linux runtime dependencies	2026-10-05T14:44:13.2315204Z   libsamplerate0 libseat1 libserd-0-0 libshine3 libsndfile1 libsord-0-0
conformance-and-platform	Install toolchain and Linux runtime dependencies	2026-10-05T14:44:13.2316130Z   libsoxr0 libspa-0.2-modules libspeex1 libsphinxbase3t64 libsratom-0-0
conformance-and-platform	Install toolchain and Linux runtime dependencies	2026-10-05T14:44:13.2317098Z   libsrt1.5-gnutls libssh-gcrypt-4 libsvtav1enc1d1 libswresample4 libswscale7
conformance-and-platform	Install toolchain and Linux runtime dependencies	2026-10-05T14:44:13.2318059Z   libtheora0 libturbojpeg libtwolame0 libudfread0 libunibreak5 libva-drm2
conformance-and-platform	Install toolchain and Linux runtime dependencies	2026-10-05T14:44:13.2319045Z   libva-x11-2 libva2 libvdpau1 libvidstab1.1 libvorbisenc2 libvpl2 libvpx9
conformance-and-platform	Install toolchain and Linux runtime dependencies	2026-10-05T14:44:13.2319889Z   libwacom-common libwacom9 libwayland-bin libwayland-server0
conformance-and-platform	Install toolchain and Linux runtime dependencies	2026-10-05T14:44:13.2320732Z   libwebrtc-audio-processing1 libweston-13-0 libwinpr2-2t64 libx264-164
conformance-and-platform	Install toolchain and Linux runtime dependencies	2026-10-05T14:44:13.2321886Z   libx265-199 libxau-dev libxcb-composite0 libxcb-xkb1 libxdmcp-dev
conformance-and-platform	Install toolchain and Linux runtime dependencies	2026-10-05T14:44:13.2322813Z   libxvidcore4 libzimg2 libzix-0-0 libzvbi-common libzvbi0t64 mesa-libgallium
conformance-and-platform	Install toolchain and Linux runtime dependencies	2026-10-05T14:44:13.2323813Z   mesa-utils-bin ocl-icd-libopencl1 uuid-dev x11proto-dev xorg-sgml-doctools
conformance-and-platform	Install toolchain and Linux runtime dependencies	2026-10-05T14:44:13.2324550Z   xtrans-dev
conformance-and-platform	Install toolchain and Linux runtime dependencies	2026-10-05T14:44:13.2324907Z Suggested packages:
conformance-and-platform	Install toolchain and Linux runtime dependencies	2026-10-05T14:44:13.2325468Z   libcuda1 libnvcuvid1 libnvidia-encode1 libbluray-bdj freerdp2-x11
conformance-and-platform	Install toolchain and Linux runtime dependencies	2026-10-05T14:44:13.2326377Z   freetype2-doc libvisual-0.4-plugins opus-tools pipewire pulseaudio
conformance-and-platform	Install toolchain and Linux runtime dependencies	2026-10-05T14:44:13.2327262Z   librsvg2-bin serdi sordi speex libwacom-bin libwayland-doc libx11-doc
conformance-and-platform	Install toolchain and Linux runtime dependencies	2026-10-05T14:44:13.2327998Z   libxcb-doc opencl-icd wayland-utils
conformance-and-platform	Install toolchain and Linux runtime dependencies	2026-10-05T14:44:13.2329035Z Recommended packages:
conformance-and-platform	Install toolchain and Linux runtime dependencies	2026-10-05T14:44:13.2329673Z   libaacs0 bzip2-doc default-libdecor-0-plugin-1 | libdecor-0-plugin-1
conformance-and-platform	Install toolchain and Linux runtime dependencies	2026-10-05T14:44:13.2330556Z   gstreamer1.0-plugins-base libpipewire-0.3-common libpng-tools
conformance-and-platform	Install toolchain and Linux runtime dependencies	2026-10-05T14:44:13.2331357Z   pocketsphinx-en-us librsvg2-common va-driver-all | va-driver
conformance-and-platform	Install toolchain and Linux runtime dependencies	2026-10-05T14:44:13.2332324Z   vdpau-driver-all | vdpau-driver
conformance-and-platform	Install toolchain and Linux runtime dependencies	2026-10-05T14:44:13.2841391Z The following NEW packages will be installed:
conformance-and-platform	Install toolchain and Linux runtime dependencies	2026-10-05T14:44:13.2844241Z   build-essential clang libaml0t64 libass9 libasyncns0 libavcodec60
conformance-and-platform	Install toolchain and Linux runtime dependencies	2026-10-05T14:44:13.2845482Z   libavfilter9 libavformat60 libavutil58 libblas3 libbluray2 libbrotli-dev
conformance-and-platform	Install toolchain and Linux runtime dependencies	2026-10-05T14:44:13.2846507Z   libbs2b0 libbz2-dev libchromaprint1 libcjson1 libclang-18-dev libcodec2-1.2
conformance-and-platform	Install toolchain and Linux runtime dependencies	2026-10-05T14:44:13.2847734Z   libdav1d7 libdecor-0-0 libegl-dev libegl-mesa0 libegl1 libflac12t64
conformance-and-platform	Install toolchain and Linux runtime dependencies	2026-10-05T14:44:13.2848456Z   libflite1 libfontconfig-dev libfontconfig1-dev libfreerdp-server2-2t64
conformance-and-platform	Install toolchain and Linux runtime dependencies	2026-10-05T14:44:13.2849217Z   libfreerdp2-2t64 libfreetype-dev libgl-dev libgl1-mesa-dev libgles-dev
conformance-and-platform	Install toolchain and Linux runtime dependencies	2026-10-05T14:44:13.2849957Z   libgles1 libgles2 libglvnd-core-dev libglvnd-dev libglx-dev libgme0 libgsm1
conformance-and-platform	Install toolchain and Linux runtime dependencies	2026-10-05T14:44:13.2850755Z   libgstreamer-plugins-base1.0-0 libhwy1t64 libinput-bin libinput10 libjxl0.7
conformance-and-platform	Install toolchain and Linux runtime dependencies	2026-10-05T14:44:13.2852405Z   liblapack3 liblilv-0-0 libmbedcrypto7t64 libmp3lame0 libmpg123-0t64
conformance-and-platform	Install toolchain and Linux runtime dependencies	2026-10-05T14:44:13.2853637Z   libmtdev1t64 libmysofa1 libneatvnc0 libopengl-dev libopengl0 libopenmpt0t64
conformance-and-platform	Install toolchain and Linux runtime dependencies	2026-10-05T14:44:13.2854853Z   libopus0 liborc-0.4-0t64 libpipewire-0.3-0t64 libplacebo338 libpng-dev
conformance-and-platform	Install toolchain and Linux runtime dependencies	2026-10-05T14:44:13.2855738Z   libpocketsphinx3 libpostproc57 libpthread-stubs0-dev libpulse0 librav1e0
conformance-and-platform	Install toolchain and Linux runtime dependencies	2026-10-05T14:44:13.2856621Z   librist4 librsvg2-2 librubberband2 libsamplerate0 libseat1 libserd-0-0
conformance-and-platform	Install toolchain and Linux runtime dependencies	2026-10-05T14:44:13.2857192Z   libshine3 libsndfile1 libsord-0-0 libsoxr0 libspa-0.2-modules libspeex1
conformance-and-platform	Install toolchain and Linux runtime dependencies	2026-10-05T14:44:13.2857698Z   libsphinxbase3t64 libsratom-0-0 libsrt1.5-gnutls libssh-gcrypt-4
conformance-and-platform	Install toolchain and Linux runtime dependencies	2026-10-05T14:44:13.2858222Z   libsvtav1enc1d1 libswresample4 libswscale7 libtheora0 libturbojpeg
conformance-and-platform	Install toolchain and Linux runtime dependencies	2026-10-05T14:44:13.2858747Z   libtwolame0 libudfread0 libunibreak5 libva-drm2 libva-x11-2 libva2 libvdpau1
conformance-and-platform	Install toolchain and Linux runtime dependencies	2026-10-05T14:44:13.2859282Z   libvidstab1.1 libvorbisenc2 libvpl2 libvpx9 libwacom-common libwacom9
conformance-and-platform	Install toolchain and Linux runtime dependencies	2026-10-05T14:44:13.2859831Z   libwayland-bin libwayland-dev libwayland-server0 libwebrtc-audio-processing1
conformance-and-platform	Install toolchain and Linux runtime dependencies	2026-10-05T14:44:13.2860377Z   libweston-13-0 libwinpr2-2t64 libx11-dev libx11-xcb-dev libx264-164
conformance-and-platform	Install toolchain and Linux runtime dependencies	2026-10-05T14:44:13.2860852Z   libx265-199 libxau-dev libxcb-composite0 libxcb-xkb1 libxcb1-dev
conformance-and-platform	Install toolchain and Linux runtime dependencies	2026-10-05T14:44:13.2861342Z   libxdmcp-dev libxkbcommon-dev libxkbcommon-x11-0 libxvidcore4 libzimg2
conformance-and-platform	Install toolchain and Linux runtime dependencies	2026-10-05T14:44:13.2862571Z   libzix-0-0 libzvbi-common libzvbi0t64 mesa-utils mesa-utils-bin ninja-build
conformance-and-platform	Install toolchain and Linux runtime dependencies	2026-10-05T14:44:13.2863273Z   ocl-icd-libopencl1 uuid-dev weston x11proto-dev xorg-sgml-doctools
conformance-and-platform	Install toolchain and Linux runtime dependencies	2026-10-05T14:44:13.2863952Z   xtrans-dev
conformance-and-platform	Install toolchain and Linux runtime dependencies	2026-10-05T14:44:13.2864342Z The following packages will be upgraded:
conformance-and-platform	Install toolchain and Linux runtime dependencies	2026-10-05T14:44:13.2864950Z   libgbm1 libgl1-mesa-dri libglx-mesa0 mesa-libgallium
conformance-and-platform	Install toolchain and Linux runtime dependencies	2026-10-05T14:44:13.3066600Z 4 upgraded, 131 newly installed, 0 to remove and 21 not upgraded.
conformance-and-platform	Install toolchain and Linux runtime dependencies	2026-10-05T14:44:13.3067432Z Need to get 109 MB of archives.
conformance-and-platform	Install toolchain and Linux runtime dependencies	2026-10-05T14:44:13.3068021Z After this operation, 494 MB of additional disk space will be used.
conformance-and-platform	Install toolchain and Linux runtime dependencies	2026-10-05T14:44:13.3068721Z Get:1 file:/etc/apt/apt-mirrors.txt Mirrorlist [144 B]
conformance-and-platform	Install toolchain and Linux runtime dependencies	2026-10-05T14:44:13.4077828Z Get:2 http://azure.archive.ubuntu.com/ubuntu noble/main amd64 build-essential amd64 12.10ubuntu1 [4928 B]
conformance-and-platform	Install toolchain and Linux runtime dependencies	2026-10-05T14:44:13.4935764Z Get:3 http://azure.archive.ubuntu.com/ubuntu noble/universe amd64 clang amd64 1:18.0-59~exp2 [5846 B]
conformance-and-platform	Install toolchain and Linux runtime dependencies	2026-10-05T14:44:13.5799923Z Get:4 http://azure.archive.ubuntu.com/ubuntu noble/universe amd64 libaml0t64 amd64 0.3.0-1.1build1 [11.6 kB]
conformance-and-platform	Install toolchain and Linux runtime dependencies	2026-10-05T14:44:13.6656607Z Get:5 http://azure.archive.ubuntu.com/ubuntu noble/universe amd64 libunibreak5 amd64 5.1-2build1 [25.0 kB]
conformance-and-platform	Install toolchain and Linux runtime dependencies	2026-10-05T14:44:13.7592702Z Get:6 http://azure.archive.ubuntu.com/ubuntu noble/universe amd64 libass9 amd64 1:0.17.1-2build1 [104 kB]
conformance-and-platform	Install toolchain and Linux runtime dependencies	2026-10-05T14:44:13.8440146Z Get:7 http://azure.archive.ubuntu.com/ubuntu noble/main amd64 libasyncns0 amd64 0.8-6build4 [11.3 kB]
conformance-and-platform	Install toolchain and Linux runtime dependencies	2026-10-05T14:44:13.9241374Z Get:8 http://azure.archive.ubuntu.com/ubuntu noble-updates/universe amd64 libva2 amd64 2.20.0-2ubuntu0.2 [66.4 kB]
conformance-and-platform	Install toolchain and Linux runtime dependencies	2026-10-05T14:44:14.0052934Z Get:9 http://azure.archive.ubuntu.com/ubuntu noble-updates/universe amd64 libva-drm2 amd64 2.20.0-2ubuntu0.2 [7124 B]
conformance-and-platform	Install toolchain and Linux runtime dependencies	2026-10-05T14:44:14.0909383Z Get:10 http://azure.archive.ubuntu.com/ubuntu noble-updates/universe amd64 libva-x11-2 amd64 2.20.0-2ubuntu0.2 [12.0 kB]
conformance-and-platform	Install toolchain and Linux runtime dependencies	2026-10-05T14:44:14.1766943Z Get:11 http://azure.archive.ubuntu.com/ubuntu noble/main amd64 libvdpau1 amd64 1.5-2build1 [27.8 kB]
conformance-and-platform	Install toolchain and Linux runtime dependencies	2026-10-05T14:44:14.2629138Z Get:12 http://azure.archive.ubuntu.com/ubuntu noble/universe amd64 libvpl2 amd64 2023.3.0-1build1 [99.8 kB]
conformance-and-platform	Install toolchain and Linux runtime dependencies	2026-10-05T14:44:14.3498931Z Get:13 http://azure.archive.ubuntu.com/ubuntu noble/universe amd64 ocl-icd-libopencl1 amd64 2.3.2-1build1 [38.5 kB]
conformance-and-platform	Install toolchain and Linux runtime dependencies	2026-10-05T14:44:14.4360608Z Get:14 http://azure.archive.ubuntu.com/ubuntu noble/universe amd64 libavutil58 amd64 7:6.1.1-3ubuntu5 [401 kB]
conformance-and-platform	Install toolchain and Linux runtime dependencies	2026-10-05T14:44:14.5329305Z Get:15 http://azure.archive.ubuntu.com/ubuntu noble/universe amd64 libcodec2-1.2 amd64 1.2.0-2build1 [8998 kB]
conformance-and-platform	Install toolchain and Linux runtime dependencies	2026-10-05T14:44:15.0696373Z Get:16 http://azure.archive.ubuntu.com/ubuntu noble/universe amd64 libdav1d7 amd64 1.4.1-1build1 [604 kB]
conformance-and-platform	Install toolchain and Linux runtime dependencies	2026-10-05T14:44:15.1685253Z Get:17 http://azure.archive.ubuntu.com/ubuntu noble/universe amd64 libgsm1 amd64 1.0.22-1build1 [27.8 kB]
conformance-and-platform	Install toolchain and Linux runtime dependencies	2026-10-05T14:44:15.2493185Z Get:18 http://azure.archive.ubuntu.com/ubuntu noble/universe amd64 libhwy1t64 amd64 1.0.7-8.1build1 [584 kB]
conformance-and-platform	Install toolchain and Linux runtime dependencies	2026-10-05T14:44:15.3484596Z Get:19 http://azure.archive.ubuntu.com/ubuntu noble-updates/universe amd64 libjxl0.7 amd64 0.7.0-10.2ubuntu6.1 [1001 kB]
conformance-and-platform	Install toolchain and Linux runtime dependencies	2026-10-05T14:44:15.4377593Z Get:20 http://azure.archive.ubuntu.com/ubuntu noble/main amd64 libmp3lame0 amd64 3.100-6build1 [142 kB]
conformance-and-platform	Install toolchain and Linux runtime dependencies	2026-10-05T14:44:15.5240275Z Get:21 http://azure.archive.ubuntu.com/ubuntu noble/main amd64 libopus0 amd64 1.4-1build1 [208 kB]
conformance-and-platform	Install toolchain and Linux runtime dependencies	2026-10-05T14:44:15.6119449Z Get:22 http://azure.archive.ubuntu.com/ubuntu noble/universe amd64 librav1e0 amd64 0.7.1-2 [1022 kB]
conformance-and-platform	Install toolchain and Linux runtime dependencies	2026-10-05T14:44:15.7193967Z Get:23 http://azure.archive.ubuntu.com/ubuntu noble/main amd64 librsvg2-2 amd64 2.58.0+dfsg-1build1 [2135 kB]
conformance-and-platform	Install toolchain and Linux runtime dependencies	2026-10-05T14:44:15.8375680Z Get:24 http://azure.archive.ubuntu.com/ubuntu noble/universe amd64 libshine3 amd64 3.1.1-2build1 [23.2 kB]
conformance-and-platform	Install toolchain and Linux runtime dependencies	2026-10-05T14:44:15.9235315Z Get:25 http://azure.archive.ubuntu.com/ubuntu noble-updates/main amd64 libspeex1 amd64 1.2.1-2ubuntu2.24.04.1 [59.6 kB]
conformance-and-platform	Install toolchain and Linux runtime dependencies	2026-10-05T14:44:16.0097712Z Get:26 http://azure.archive.ubuntu.com/ubuntu noble/universe amd64 libsvtav1enc1d1 amd64 1.7.0+dfsg-2build1 [2425 kB]
conformance-and-platform	Install toolchain and Linux runtime dependencies	2026-10-05T14:44:16.1606045Z Get:27 http://azure.archive.ubuntu.com/ubuntu noble/universe amd64 libsoxr0 amd64 0.1.3-4build3 [80.0 kB]
conformance-and-platform	Install toolchain and Linux runtime dependencies	2026-10-05T14:44:16.2490300Z Get:28 http://azure.archive.ubuntu.com/ubuntu noble/universe amd64 libswresample4 amd64 7:6.1.1-3ubuntu5 [63.8 kB]
conformance-and-platform	Install toolchain and Linux runtime dependencies	2026-10-05T14:44:16.3356643Z Get:29 http://azure.archive.ubuntu.com/ubuntu noble/main amd64 libtheora0 amd64 1.1.1+dfsg.1-16.1build3 [211 kB]
conformance-and-platform	Install toolchain and Linux runtime dependencies	2026-10-05T14:44:16.4263007Z Get:30 http://azure.archive.ubuntu.com/ubuntu noble/main amd64 libtwolame0 amd64 0.4.0-2build3 [52.3 kB]
conformance-and-platform	Install toolchain and Linux runtime dependencies	2026-10-05T14:44:16.5123006Z Get:31 http://azure.archive.ubuntu.com/ubuntu noble/main amd64 libvorbisenc2 amd64 1.3.7-1build3 [80.8 kB]
conformance-and-platform	Install toolchain and Linux runtime dependencies	2026-10-05T14:44:16.5986477Z Get:32 http://azure.archive.ubuntu.com/ubuntu noble-updates/main amd64 libvpx9 amd64 1.14.0-1ubuntu2.3 [1143 kB]
conformance-and-platform	Install toolchain and Linux runtime dependencies	2026-10-05T14:44:16.7133846Z Get:33 http://azure.archive.ubuntu.com/ubuntu noble/universe amd64 libx264-164 amd64 2:0.164.3108+git31e19f9-1 [604 kB]
conformance-and-platform	Install toolchain and Linux runtime dependencies	2026-10-05T14:44:16.8141926Z Get:34 http://azure.archive.ubuntu.com/ubuntu noble/universe amd64 libx265-199 amd64 3.5-2build1 [1226 kB]
conformance-and-platform	Install toolchain and Linux runtime dependencies	2026-10-05T14:44:16.9315227Z Get:35 http://azure.archive.ubuntu.com/ubuntu noble/universe amd64 libxvidcore4 amd64 2:1.3.7-1build1 [219 kB]
conformance-and-platform	Install toolchain and Linux runtime dependencies	2026-10-05T14:44:17.0216871Z Get:36 http://azure.archive.ubuntu.com/ubuntu noble/universe amd64 libzvbi-common all 0.2.42-2 [42.4 kB]
conformance-and-platform	Install toolchain and Linux runtime dependencies	2026-10-05T14:44:17.1086249Z Get:37 http://azure.archive.ubuntu.com/ubuntu noble/universe amd64 libzvbi0t64 amd64 0.2.42-2 [261 kB]
conformance-and-platform	Install toolchain and Linux runtime dependencies	2026-10-05T14:44:17.2013770Z Get:38 http://azure.archive.ubuntu.com/ubuntu noble/universe amd64 libavcodec60 amd64 7:6.1.1-3ubuntu5 [5851 kB]
conformance-and-platform	Install toolchain and Linux runtime dependencies	2026-10-05T14:44:17.4431998Z Get:39 http://azure.archive.ubuntu.com/ubuntu noble/universe amd64 libudfread0 amd64 1.1.2-1build1 [19.0 kB]
conformance-and-platform	Install toolchain and Linux runtime dependencies	2026-10-05T14:44:17.5294287Z Get:40 http://azure.archive.ubuntu.com/ubuntu noble/universe amd64 libbluray2 amd64 1:1.3.4-1build1 [159 kB]
conformance-and-platform	Install toolchain and Linux runtime dependencies	2026-10-05T14:44:17.6186526Z Get:41 http://azure.archive.ubuntu.com/ubuntu noble/universe amd64 libchromaprint1 amd64 1.5.1-5 [30.5 kB]
conformance-and-platform	Install toolchain and Linux runtime dependencies	2026-10-05T14:44:17.7048934Z Get:42 http://azure.archive.ubuntu.com/ubuntu noble/universe amd64 libgme0 amd64 0.6.3-7build1 [134 kB]
conformance-and-platform	Install toolchain and Linux runtime dependencies	2026-10-05T14:44:17.7947490Z Get:43 http://azure.archive.ubuntu.com/ubuntu noble-updates/main amd64 libmpg123-0t64 amd64 1.32.5-1ubuntu1.1 [169 kB]
conformance-and-platform	Install toolchain and Linux runtime dependencies	2026-10-05T14:44:17.8879267Z Get:44 http://azure.archive.ubuntu.com/ubuntu noble/universe amd64 libopenmpt0t64 amd64 0.7.3-1.1build3 [647 kB]
conformance-and-platform	Install toolchain and Linux runtime dependencies	2026-10-05T14:44:17.9896598Z Get:45 http://azure.archive.ubuntu.com/ubuntu noble/universe amd64 libcjson1 amd64 1.7.17-1 [24.8 kB]
conformance-and-platform	Install toolchain and Linux runtime dependencies	2026-10-05T14:44:18.0753204Z Get:46 http://azure.archive.ubuntu.com/ubuntu noble/universe amd64 libmbedcrypto7t64 amd64 2.28.8-1 [209 kB]
conformance-and-platform	Install toolchain and Linux runtime dependencies	2026-10-05T14:44:18.1662466Z Get:47 http://azure.archive.ubuntu.com/ubuntu noble/universe amd64 librist4 amd64 0.2.10+dfsg-2 [74.9 kB]
conformance-and-platform	Install toolchain and Linux runtime dependencies	2026-10-05T14:44:18.2532295Z Get:48 http://azure.archive.ubuntu.com/ubuntu noble/universe amd64 libsrt1.5-gnutls amd64 1.5.3-1build2 [316 kB]
conformance-and-platform	Install toolchain and Linux runtime dependencies	2026-10-05T14:44:18.3473863Z Get:49 http://azure.archive.ubuntu.com/ubuntu noble-updates/main amd64 libssh-gcrypt-4 amd64 0.10.6-2ubuntu0.5 [226 kB]
conformance-and-platform	Install toolchain and Linux runtime dependencies	2026-10-05T14:44:18.4382747Z Get:50 http://azure.archive.ubuntu.com/ubuntu noble/universe amd64 libavformat60 amd64 7:6.1.1-3ubuntu5 [1153 kB]
conformance-and-platform	Install toolchain and Linux runtime dependencies	2026-10-05T14:44:18.5549277Z Get:51 http://azure.archive.ubuntu.com/ubuntu noble/universe amd64 libbs2b0 amd64 3.1.0+dfsg-7build1 [10.6 kB]
conformance-and-platform	Install toolchain and Linux runtime dependencies	2026-10-05T14:44:18.6402501Z Get:52 http://azure.archive.ubuntu.com/ubuntu noble/universe amd64 libflite1 amd64 2.2-6build3 [13.6 MB]
conformance-and-platform	Install toolchain and Linux runtime dependencies	2026-10-05T14:44:19.1167497Z Get:53 http://azure.archive.ubuntu.com/ubuntu noble/universe amd64 libserd-0-0 amd64 0.32.2-1 [43.6 kB]
conformance-and-platform	Install toolchain and Linux runtime dependencies	2026-10-05T14:44:19.2035372Z Get:54 http://azure.archive.ubuntu.com/ubuntu noble/universe amd64 libzix-0-0 amd64 0.4.2-2build1 [23.6 kB]
conformance-and-platform	Install toolchain and Linux runtime dependencies	2026-10-05T14:44:19.2900862Z Get:55 http://azure.archive.ubuntu.com/ubuntu noble/universe amd64 libsord-0-0 amd64 0.16.16-2build1 [15.8 kB]
conformance-and-platform	Install toolchain and Linux runtime dependencies	2026-10-05T14:44:19.3763051Z Get:56 http://azure.archive.ubuntu.com/ubuntu noble/universe amd64 libsratom-0-0 amd64 0.6.16-1build1 [17.3 kB]
conformance-and-platform	Install toolchain and Linux runtime dependencies	2026-10-05T14:44:19.4632249Z Get:57 http://azure.archive.ubuntu.com/ubuntu noble/universe amd64 liblilv-0-0 amd64 0.24.22-1build1 [41.0 kB]
conformance-and-platform	Install toolchain and Linux runtime dependencies	2026-10-05T14:44:19.5502528Z Get:58 http://azure.archive.ubuntu.com/ubuntu noble/universe amd64 libmysofa1 amd64 1.3.2+dfsg-2ubuntu2 [1158 kB]
conformance-and-platform	Install toolchain and Linux runtime dependencies	2026-10-05T14:44:23.2448757Z Get:59 http://azure.archive.ubuntu.com/ubuntu noble/universe amd64 libplacebo338 amd64 6.338.2-2build1 [2654 kB]
conformance-and-platform	Install toolchain and Linux runtime dependencies	2026-10-05T14:44:23.4010100Z Get:60 http://azure.archive.ubuntu.com/ubuntu noble-updates/main amd64 libblas3 amd64 3.12.0-3build1.1 [238 kB]
conformance-and-platform	Install toolchain and Linux runtime dependencies	2026-10-05T14:44:23.4924997Z Get:61 http://azure.archive.ubuntu.com/ubuntu noble-updates/main amd64 liblapack3 amd64 3.12.0-3build1.1 [2646 kB]
conformance-and-platform	Install toolchain and Linux runtime dependencies	2026-10-05T14:44:23.6153749Z Get:62 http://azure.archive.ubuntu.com/ubuntu noble/main amd64 libflac12t64 amd64 1.4.3+ds-2.1ubuntu2 [197 kB]
conformance-and-platform	Install toolchain and Linux runtime dependencies	2026-10-05T14:44:23.7555107Z Get:63 http://azure.archive.ubuntu.com/ubuntu noble-updates/main amd64 libsndfile1 amd64 1.2.2-1ubuntu5.24.04.1 [209 kB]
conformance-and-platform	Install toolchain and Linux runtime dependencies	2026-10-05T14:44:23.8507285Z Get:64 http://azure.archive.ubuntu.com/ubuntu noble-updates/main amd64 libpulse0 amd64 1:16.1+dfsg1-2ubuntu10.1 [292 kB]
conformance-and-platform	Install toolchain and Linux runtime dependencies	2026-10-05T14:44:23.9440003Z Get:65 http://azure.archive.ubuntu.com/ubuntu noble/universe amd64 libsphinxbase3t64 amd64 0.8+5prealpha+1-17build2 [126 kB]
conformance-and-platform	Install toolchain and Linux runtime dependencies	2026-10-05T14:44:24.1343138Z Get:66 http://azure.archive.ubuntu.com/ubuntu noble/universe amd64 libpocketsphinx3 amd64 0.8.0+real5prealpha+1-15ubuntu5 [133 kB]
conformance-and-platform	Install toolchain and Linux runtime dependencies	2026-10-05T14:44:24.2326998Z Get:67 http://azure.archive.ubuntu.com/ubuntu noble/universe amd64 libpostproc57 amd64 7:6.1.1-3ubuntu5 [49.9 kB]
conformance-and-platform	Install toolchain and Linux runtime dependencies	2026-10-05T14:44:24.3335264Z Get:68 http://azure.archive.ubuntu.com/ubuntu noble/main amd64 libsamplerate0 amd64 0.2.2-4build1 [1344 kB]
conformance-and-platform	Install toolchain and Linux runtime dependencies	2026-10-05T14:44:24.4741274Z Get:69 http://azure.archive.ubuntu.com/ubuntu noble/universe amd64 librubberband2 amd64 3.3.0+dfsg-2build1 [130 kB]
conformance-and-platform	Install toolchain and Linux runtime dependencies	2026-10-05T14:44:24.5664056Z Get:70 http://azure.archive.ubuntu.com/ubuntu noble/universe amd64 libswscale7 amd64 7:6.1.1-3ubuntu5 [193 kB]
conformance-and-platform	Install toolchain and Linux runtime dependencies	2026-10-05T14:44:24.6616620Z Get:71 http://azure.archive.ubuntu.com/ubuntu noble/universe amd64 libvidstab1.1 amd64 1.1.0-2build1 [38.5 kB]
conformance-and-platform	Install toolchain and Linux runtime dependencies	2026-10-05T14:44:24.7492640Z Get:72 http://azure.archive.ubuntu.com/ubuntu noble/universe amd64 libzimg2 amd64 3.0.5+ds1-1build1 [254 kB]
conformance-and-platform	Install toolchain and Linux runtime dependencies	2026-10-05T14:44:24.8465633Z Get:73 http://azure.archive.ubuntu.com/ubuntu noble/universe amd64 libavfilter9 amd64 7:6.1.1-3ubuntu5 [4235 kB]
conformance-and-platform	Install toolchain and Linux runtime dependencies	2026-10-05T14:44:25.2207736Z Get:74 http://azure.archive.ubuntu.com/ubuntu noble/main amd64 libbrotli-dev amd64 1.1.0-2build2 [353 kB]
conformance-and-platform	Install toolchain and Linux runtime dependencies	2026-10-05T14:44:25.3311157Z Get:75 http://azure.archive.ubuntu.com/ubuntu noble-updates/main amd64 libbz2-dev amd64 1.0.8-5.1ubuntu0.1 [33.6 kB]
conformance-and-platform	Install toolchain and Linux runtime dependencies	2026-10-05T14:44:25.4187864Z Get:76 http://azure.archive.ubuntu.com/ubuntu noble-updates/universe amd64 libclang-18-dev amd64 1:18.1.3-1ubuntu1 [28.8 MB]
conformance-and-platform	Install toolchain and Linux runtime dependencies	2026-10-05T14:44:26.7767874Z Get:77 http://azure.archive.ubuntu.com/ubuntu noble/main amd64 libdecor-0-0 amd64 0.2.2-1build2 [16.5 kB]
conformance-and-platform	Install toolchain and Linux runtime dependencies	2026-10-05T14:44:26.9472907Z Get:78 http://azure.archive.ubuntu.com/ubuntu noble-updates/main amd64 libgl1-mesa-dri amd64 25.2.8-0ubuntu0.24.04.4 [38.0 kB]
conformance-and-platform	Install toolchain and Linux runtime dependencies	2026-10-05T14:44:27.1243348Z Get:79 http://azure.archive.ubuntu.com/ubuntu noble-updates/main amd64 libglx-mesa0 amd64 25.2.8-0ubuntu0.24.04.4 [110 kB]
conformance-and-platform	Install toolchain and Linux runtime dependencies	2026-10-05T14:44:27.2202223Z Get:80 http://azure.archive.ubuntu.com/ubuntu noble-updates/main amd64 libgbm1 amd64 25.2.8-0ubuntu0.24.04.4 [34.2 kB]
conformance-and-platform	Install toolchain and Linux runtime dependencies	2026-10-05T14:44:27.3087341Z Get:81 http://azure.archive.ubuntu.com/ubuntu noble-updates/main amd64 mesa-libgallium amd64 25.2.8-0ubuntu0.24.04.4 [10.8 MB]
conformance-and-platform	Install toolchain and Linux runtime dependencies	2026-10-05T14:44:27.8929038Z Get:82 http://azure.archive.ubuntu.com/ubuntu noble-updates/main amd64 libegl-mesa0 amd64 25.2.8-0ubuntu0.24.04.4 [117 kB]
conformance-and-platform	Install toolchain and Linux runtime dependencies	2026-10-05T14:44:27.9778595Z Get:83 http://azure.archive.ubuntu.com/ubuntu noble/main amd64 libegl1 amd64 1.7.0-1build1 [28.7 kB]
conformance-and-platform	Install toolchain and Linux runtime dependencies	2026-10-05T14:44:28.0600706Z Get:84 http://azure.archive.ubuntu.com/ubuntu noble/main amd64 xorg-sgml-doctools all 1:1.11-1.1 [10.9 kB]
conformance-and-platform	Install toolchain and Linux runtime dependencies	2026-10-05T14:44:28.1437182Z Get:85 http://azure.archive.ubuntu.com/ubuntu noble/main amd64 x11proto-dev all 2023.2-1 [602 kB]
conformance-and-platform	Install toolchain and Linux runtime dependencies	2026-10-05T14:44:28.3295174Z Get:86 http://azure.archive.ubuntu.com/ubuntu noble/main amd64 libxau-dev amd64 1:1.0.9-1build6 [9570 B]
conformance-and-platform	Install toolchain and Linux runtime dependencies	2026-10-05T14:44:28.4166647Z Get:87 http://azure.archive.ubuntu.com/ubuntu noble/main amd64 libxdmcp-dev amd64 1:1.1.3-0ubuntu6 [26.5 kB]
conformance-and-platform	Install toolchain and Linux runtime dependencies	2026-10-05T14:44:28.5069177Z Get:88 http://azure.archive.ubuntu.com/ubuntu noble/main amd64 xtrans-dev all 1.4.0-1 [68.9 kB]
conformance-and-platform	Install toolchain and Linux runtime dependencies	2026-10-05T14:44:28.5991242Z Get:89 http://azure.archive.ubuntu.com/ubuntu noble/main amd64 libpthread-stubs0-dev amd64 0.4-1build3 [4746 B]
conformance-and-platform	Install toolchain and Linux runtime dependencies	2026-10-05T14:44:28.6862133Z Get:90 http://azure.archive.ubuntu.com/ubuntu noble/main amd64 libxcb1-dev amd64 1.15-1ubuntu2 [85.8 kB]
conformance-and-platform	Install toolchain and Linux runtime dependencies	2026-10-05T14:44:28.7816642Z Get:91 http://azure.archive.ubuntu.com/ubuntu noble/main amd64 libx11-dev amd64 2:1.8.7-1build1 [732 kB]
conformance-and-platform	Install toolchain and Linux runtime dependencies	2026-10-05T14:44:28.9616740Z Get:92 http://azure.archive.ubuntu.com/ubuntu noble/main amd64 libglx-dev amd64 1.7.0-1build1 [14.2 kB]
conformance-and-platform	Install toolchain and Linux runtime dependencies	2026-10-05T14:44:29.0484855Z Get:93 http://azure.archive.ubuntu.com/ubuntu noble/main amd64 libgl-dev amd64 1.7.0-1build1 [102 kB]
conformance-and-platform	Install toolchain and Linux runtime dependencies	2026-10-05T14:44:29.1426282Z Get:94 http://azure.archive.ubuntu.com/ubuntu noble/main amd64 libegl-dev amd64 1.7.0-1build1 [18.2 kB]
conformance-and-platform	Install toolchain and Linux runtime dependencies	2026-10-05T14:44:29.2313978Z Get:95 http://azure.archive.ubuntu.com/ubuntu noble-updates/main amd64 libpng-dev amd64 1.6.43-5ubuntu0.6 [265 kB]
conformance-and-platform	Install toolchain and Linux runtime dependencies	2026-10-05T14:44:29.3403836Z Get:96 http://azure.archive.ubuntu.com/ubuntu noble-updates/main amd64 libfreetype-dev amd64 2.13.2+dfsg-1ubuntu0.1 [575 kB]
conformance-and-platform	Install toolchain and Linux runtime dependencies	2026-10-05T14:44:29.4683868Z Get:97 http://azure.archive.ubuntu.com/ubuntu noble-updates/main amd64 uuid-dev amd64 2.39.3-9ubuntu6.6 [33.5 kB]
conformance-and-platform	Install toolchain and Linux runtime dependencies	2026-10-05T14:44:29.5566534Z Get:98 http://azure.archive.ubuntu.com/ubuntu noble/main amd64 libfontconfig-dev amd64 2.15.0-1.1ubuntu2 [161 kB]
conformance-and-platform	Install toolchain and Linux runtime dependencies	2026-10-05T14:44:29.6531022Z Get:99 http://azure.archive.ubuntu.com/ubuntu noble/main amd64 libfontconfig1-dev amd64 2.15.0-1.1ubuntu2 [1840 B]
conformance-and-platform	Install toolchain and Linux runtime dependencies	2026-10-05T14:44:29.7397784Z Get:100 http://azure.archive.ubuntu.com/ubuntu noble/universe amd64 libwinpr2-2t64 amd64 2.11.5+dfsg1-1build2 [350 kB]
conformance-and-platform	Install toolchain and Linux runtime dependencies	2026-10-05T14:44:29.8404208Z Get:101 http://azure.archive.ubuntu.com/ubuntu noble/universe amd64 libfreerdp2-2t64 amd64 2.11.5+dfsg1-1build2 [559 kB]
conformance-and-platform	Install toolchain and Linux runtime dependencies	2026-10-05T14:44:29.9614305Z Get:102 http://azure.archive.ubuntu.com/ubuntu noble/universe amd64 libfreerdp-server2-2t64 amd64 2.11.5+dfsg1-1build2 [108 kB]
conformance-and-platform	Install toolchain and Linux runtime dependencies	2026-10-05T14:44:30.0729195Z Get:103 http://azure.archive.ubuntu.com/ubuntu noble/main amd64 libgles1 amd64 1.7.0-1build1 [11.6 kB]
conformance-and-platform	Install toolchain and Linux runtime dependencies	2026-10-05T14:44:30.1749255Z Get:104 http://azure.archive.ubuntu.com/ubuntu noble/main amd64 libgles2 amd64 1.7.0-1build1 [17.1 kB]
conformance-and-platform	Install toolchain and Linux runtime dependencies	2026-10-05T14:44:30.2774634Z Get:105 http://azure.archive.ubuntu.com/ubuntu noble/main amd64 libgles-dev amd64 1.7.0-1build1 [50.5 kB]
conformance-and-platform	Install toolchain and Linux runtime dependencies	2026-10-05T14:44:30.3859276Z Get:106 http://azure.archive.ubuntu.com/ubuntu noble-updates/main amd64 liborc-0.4-0t64 amd64 1:0.4.38-1ubuntu0.1 [207 kB]
conformance-and-platform	Install toolchain and Linux runtime dependencies	2026-10-05T14:44:30.5205164Z Get:107 http://azure.archive.ubuntu.com/ubuntu noble-updates/main amd64 libgstreamer-plugins-base1.0-0 amd64 1.24.2-1ubuntu0.5 [862 kB]
conformance-and-platform	Install toolchain and Linux runtime dependencies	2026-10-05T14:44:30.7102495Z Get:108 http://azure.archive.ubuntu.com/ubuntu noble/main amd64 libwacom-common all 2.10.0-2 [63.4 kB]
conformance-and-platform	Install toolchain and Linux runtime dependencies	2026-10-05T14:44:30.8346947Z Get:109 http://azure.archive.ubuntu.com/ubuntu noble/main amd64 libwacom9 amd64 2.10.0-2 [23.9 kB]
conformance-and-platform	Install toolchain and Linux runtime dependencies	2026-10-05T14:44:30.9580255Z Get:110 http://azure.archive.ubuntu.com/ubuntu noble-updates/main amd64 libinput-bin amd64 1.25.0-1ubuntu3.7 [23.6 kB]
conformance-and-platform	Install toolchain and Linux runtime dependencies	2026-10-05T14:44:31.0790612Z Get:111 http://azure.archive.ubuntu.com/ubuntu noble/main amd64 libmtdev1t64 amd64 1.1.6-1.1build1 [14.4 kB]
conformance-and-platform	Install toolchain and Linux runtime dependencies	2026-10-05T14:44:31.2003318Z Get:112 http://azure.archive.ubuntu.com/ubuntu noble-updates/main amd64 libinput10 amd64 1.25.0-1ubuntu3.7 [133 kB]
conformance-and-platform	Install toolchain and Linux runtime dependencies	2026-10-05T14:44:31.3075977Z Get:113 http://azure.archive.ubuntu.com/ubuntu noble/universe amd64 libturbojpeg amd64 1:2.1.5-2ubuntu2 [192 kB]
conformance-and-platform	Install toolchain and Linux runtime dependencies	2026-10-05T14:44:31.4125867Z Get:114 http://azure.archive.ubuntu.com/ubuntu noble/universe amd64 libneatvnc0 amd64 0.7.1+dfsg-2build3 [55.7 kB]
conformance-and-platform	Install toolchain and Linux runtime dependencies	2026-10-05T14:44:31.5179430Z Get:115 http://azure.archive.ubuntu.com/ubuntu noble/main amd64 libopengl0 amd64 1.7.0-1build1 [32.8 kB]
conformance-and-platform	Install toolchain and Linux runtime dependencies	2026-10-05T14:44:31.6357700Z Get:116 http://azure.archive.ubuntu.com/ubuntu noble/main amd64 libopengl-dev amd64 1.7.0-1build1 [3454 B]
conformance-and-platform	Install toolchain and Linux runtime dependencies	2026-10-05T14:44:31.7412664Z Get:117 http://azure.archive.ubuntu.com/ubuntu noble/main amd64 libwebrtc-audio-processing1 amd64 0.3.1-0ubuntu6 [290 kB]
conformance-and-platform	Install toolchain and Linux runtime dependencies	2026-10-05T14:44:31.8598411Z Get:118 http://azure.archive.ubuntu.com/ubuntu noble-updates/main amd64 libspa-0.2-modules amd64 1.0.5-1ubuntu3.3 [628 kB]
conformance-and-platform	Install toolchain and Linux runtime dependencies	2026-10-05T14:44:31.9803294Z Get:119 http://azure.archive.ubuntu.com/ubuntu noble-updates/main amd64 libpipewire-0.3-0t64 amd64 1.0.5-1ubuntu3.3 [252 kB]
conformance-and-platform	Install toolchain and Linux runtime dependencies	2026-10-05T14:44:32.0884027Z Get:120 http://azure.archive.ubuntu.com/ubuntu noble/universe amd64 libseat1 amd64 0.8.0-1 [28.3 kB]
conformance-and-platform	Install toolchain and Linux runtime dependencies	2026-10-05T14:44:32.1944394Z Get:121 http://azure.archive.ubuntu.com/ubuntu noble/main amd64 libwayland-server0 amd64 1.22.0-2.1build1 [33.9 kB]
conformance-and-platform	Install toolchain and Linux runtime dependencies	2026-10-05T14:44:32.2978317Z Get:122 http://azure.archive.ubuntu.com/ubuntu noble/main amd64 libxcb-composite0 amd64 1.15-1ubuntu2 [5304 B]
conformance-and-platform	Install toolchain and Linux runtime dependencies	2026-10-05T14:44:32.3995797Z Get:123 http://azure.archive.ubuntu.com/ubuntu noble/main amd64 libxcb-xkb1 amd64 1.15-1ubuntu2 [32.3 kB]
conformance-and-platform	Install toolchain and Linux runtime dependencies	2026-10-05T14:44:32.5010909Z Get:124 http://azure.archive.ubuntu.com/ubuntu noble/universe amd64 libweston-13-0 amd64 13.0.0-4build3 [415 kB]
conformance-and-platform	Install toolchain and Linux runtime dependencies	2026-10-05T14:44:32.6140903Z Get:125 http://azure.archive.ubuntu.com/ubuntu noble/main amd64 libx11-xcb-dev amd64 2:1.8.7-1build1 [9950 B]
conformance-and-platform	Install toolchain and Linux runtime dependencies	2026-10-05T14:44:32.7159200Z Get:126 http://azure.archive.ubuntu.com/ubuntu noble/main amd64 libxkbcommon-dev amd64 1.6.0-1build1 [56.3 kB]
conformance-and-platform	Install toolchain and Linux runtime dependencies	2026-10-05T14:44:32.8173244Z Get:127 http://azure.archive.ubuntu.com/ubuntu noble/main amd64 libxkbcommon-x11-0 amd64 1.6.0-1build1 [14.5 kB]
conformance-and-platform	Install toolchain and Linux runtime dependencies	2026-10-05T14:44:32.9188224Z Get:128 http://azure.archive.ubuntu.com/ubuntu noble/universe amd64 mesa-utils-bin amd64 9.0.0-2 [164 kB]
conformance-and-platform	Install toolchain and Linux runtime dependencies	2026-10-05T14:44:33.0330115Z Get:129 http://azure.archive.ubuntu.com/ubuntu noble/universe amd64 ninja-build amd64 1.11.1-2 [129 kB]
conformance-and-platform	Install toolchain and Linux runtime dependencies	2026-10-05T14:44:33.1352811Z Get:130 http://azure.archive.ubuntu.com/ubuntu noble/universe amd64 weston amd64 13.0.0-4build3 [953 kB]
conformance-and-platform	Install toolchain and Linux runtime dependencies	2026-10-05T14:44:33.2566982Z Get:131 http://azure.archive.ubuntu.com/ubuntu noble/main amd64 libglvnd-core-dev amd64 1.7.0-1build1 [13.6 kB]
conformance-and-platform	Install toolchain and Linux runtime dependencies	2026-10-05T14:44:33.3587804Z Get:132 http://azure.archive.ubuntu.com/ubuntu noble/main amd64 libglvnd-dev amd64 1.7.0-1build1 [3198 B]
conformance-and-platform	Install toolchain and Linux runtime dependencies	2026-10-05T14:44:33.4803975Z Get:133 http://azure.archive.ubuntu.com/ubuntu noble-updates/main amd64 libgl1-mesa-dev amd64 25.2.8-0ubuntu0.24.04.4 [22.8 kB]
conformance-and-platform	Install toolchain and Linux runtime dependencies	2026-10-05T14:44:33.6020427Z Get:134 http://azure.archive.ubuntu.com/ubuntu noble/main amd64 libwayland-bin amd64 1.22.0-2.1build1 [20.6 kB]
conformance-and-platform	Install toolchain and Linux runtime dependencies	2026-10-05T14:44:33.7247098Z Get:135 http://azure.archive.ubuntu.com/ubuntu noble/main amd64 libwayland-dev amd64 1.22.0-2.1build1 [71.3 kB]
conformance-and-platform	Install toolchain and Linux runtime dependencies	2026-10-05T14:44:33.8476533Z Get:136 http://azure.archive.ubuntu.com/ubuntu noble/universe amd64 mesa-utils amd64 9.0.0-2 [1051 kB]
conformance-and-platform	Install toolchain and Linux runtime dependencies	2026-10-05T14:44:34.2475042Z Fetched 109 MB in 21s (5274 kB/s)
conformance-and-platform	Install toolchain and Linux runtime dependencies	2026-10-05T14:44:34.2711051Z Selecting previously unselected package build-essential.
conformance-and-platform	Install toolchain and Linux runtime dependencies	2026-10-05T14:44:34.3027733Z (Reading database ... 
conformance-and-platform	Install toolchain and Linux runtime dependencies	2026-10-05T14:44:34.3028265Z (Reading database ... 5%
conformance-and-platform	Install toolchain and Linux runtime dependencies	2026-10-05T14:44:34.3028557Z (Reading database ... 10%
conformance-and-platform	Install toolchain and Linux runtime dependencies	2026-10-05T14:44:34.3028820Z (Reading database ... 15%
conformance-and-platform	Install toolchain and Linux runtime dependencies	2026-10-05T14:44:34.3029069Z (Reading database ... 20%
conformance-and-platform	Install toolchain and Linux runtime dependencies	2026-10-05T14:44:34.3029317Z (Reading database ... 25%
conformance-and-platform	Install toolchain and Linux runtime dependencies	2026-10-05T14:44:34.3029563Z (Reading database ... 30%
conformance-and-platform	Install toolchain and Linux runtime dependencies	2026-10-05T14:44:34.3029810Z (Reading database ... 35%
conformance-and-platform	Install toolchain and Linux runtime dependencies	2026-10-05T14:44:34.3030081Z (Reading database ... 40%
conformance-and-platform	Install toolchain and Linux runtime dependencies	2026-10-05T14:44:34.3030326Z (Reading database ... 45%
conformance-and-platform	Install toolchain and Linux runtime dependencies	2026-10-05T14:44:34.3030573Z (Reading database ... 50%
conformance-and-platform	Install toolchain and Linux runtime dependencies	2026-10-05T14:44:34.3091218Z (Reading database ... 55%
conformance-and-platform	Install toolchain and Linux runtime dependencies	2026-10-05T14:44:34.3997310Z (Reading database ... 60%
conformance-and-platform	Install toolchain and Linux runtime dependencies	2026-10-05T14:44:34.4909778Z (Reading database ... 65%
conformance-and-platform	Install toolchain and Linux runtime dependencies	2026-10-05T14:44:34.6488772Z (Reading database ... 70%
conformance-and-platform	Install toolchain and Linux runtime dependencies	2026-10-05T14:44:34.8326633Z (Reading database ... 75%
conformance-and-platform	Install toolchain and Linux runtime dependencies	2026-10-05T14:44:34.9894771Z (Reading database ... 80%
conformance-and-platform	Install toolchain and Linux runtime dependencies	2026-10-05T14:44:35.1954087Z (Reading database ... 85%
conformance-and-platform	Install toolchain and Linux runtime dependencies	2026-10-05T14:44:35.3842746Z (Reading database ... 90%
conformance-and-platform	Install toolchain and Linux runtime dependencies	2026-10-05T14:44:35.5520645Z (Reading database ... 95%
conformance-and-platform	Install toolchain and Linux runtime dependencies	2026-10-05T14:44:35.5521312Z (Reading database ... 100%
conformance-and-platform	Install toolchain and Linux runtime dependencies	2026-10-05T14:44:35.5522331Z (Reading database ... 202296 files and directories currently installed.)
conformance-and-platform	Install toolchain and Linux runtime dependencies	2026-10-05T14:44:35.5565719Z Preparing to unpack .../000-build-essential_12.10ubuntu1_amd64.deb ...
conformance-and-platform	Install toolchain and Linux runtime dependencies	2026-10-05T14:44:35.5588744Z Unpacking build-essential (12.10ubuntu1) ...
conformance-and-platform	Install toolchain and Linux runtime dependencies	2026-10-05T14:44:35.5790994Z Selecting previously unselected package clang.
conformance-and-platform	Install toolchain and Linux runtime dependencies	2026-10-05T14:44:35.5916594Z Preparing to unpack .../001-clang_1%3a18.0-59~exp2_amd64.deb ...
conformance-and-platform	Install toolchain and Linux runtime dependencies	2026-10-05T14:44:35.5923869Z Unpacking clang (1:18.0-59~exp2) ...
conformance-and-platform	Install toolchain and Linux runtime dependencies	2026-10-05T14:44:35.6149976Z Selecting previously unselected package libaml0t64:amd64.
conformance-and-platform	Install toolchain and Linux runtime dependencies	2026-10-05T14:44:35.6272848Z Preparing to unpack .../002-libaml0t64_0.3.0-1.1build1_amd64.deb ...
conformance-and-platform	Install toolchain and Linux runtime dependencies	2026-10-05T14:44:35.6290281Z Unpacking libaml0t64:amd64 (0.3.0-1.1build1) ...
conformance-and-platform	Install toolchain and Linux runtime dependencies	2026-10-05T14:44:35.6509995Z Selecting previously unselected package libunibreak5:amd64.
conformance-and-platform	Install toolchain and Linux runtime dependencies	2026-10-05T14:44:35.6638247Z Preparing to unpack .../003-libunibreak5_5.1-2build1_amd64.deb ...
conformance-and-platform	Install toolchain and Linux runtime dependencies	2026-10-05T14:44:35.6646656Z Unpacking libunibreak5:amd64 (5.1-2build1) ...
conformance-and-platform	Install toolchain and Linux runtime dependencies	2026-10-05T14:44:35.6856037Z Selecting previously unselected package libass9:amd64.
conformance-and-platform	Install toolchain and Linux runtime dependencies	2026-10-05T14:44:35.6984883Z Preparing to unpack .../004-libass9_1%3a0.17.1-2build1_amd64.deb ...
conformance-and-platform	Install toolchain and Linux runtime dependencies	2026-10-05T14:44:35.6991872Z Unpacking libass9:amd64 (1:0.17.1-2build1) ...
conformance-and-platform	Install toolchain and Linux runtime dependencies	2026-10-05T14:44:35.7200578Z Selecting previously unselected package libasyncns0:amd64.
conformance-and-platform	Install toolchain and Linux runtime dependencies	2026-10-05T14:44:35.7328726Z Preparing to unpack .../005-libasyncns0_0.8-6build4_amd64.deb ...
conformance-and-platform	Install toolchain and Linux runtime dependencies	2026-10-05T14:44:35.7335903Z Unpacking libasyncns0:amd64 (0.8-6build4) ...
conformance-and-platform	Install toolchain and Linux runtime dependencies	2026-10-05T14:44:35.7537993Z Selecting previously unselected package libva2:amd64.
conformance-and-platform	Install toolchain and Linux runtime dependencies	2026-10-05T14:44:35.7667127Z Preparing to unpack .../006-libva2_2.20.0-2ubuntu0.2_amd64.deb ...
conformance-and-platform	Install toolchain and Linux runtime dependencies	2026-10-05T14:44:35.7674755Z Unpacking libva2:amd64 (2.20.0-2ubuntu0.2) ...
conformance-and-platform	Install toolchain and Linux runtime dependencies	2026-10-05T14:44:35.7883626Z Selecting previously unselected package libva-drm2:amd64.
conformance-and-platform	Install toolchain and Linux runtime dependencies	2026-10-05T14:44:35.8008882Z Preparing to unpack .../007-libva-drm2_2.20.0-2ubuntu0.2_amd64.deb ...
conformance-and-platform	Install toolchain and Linux runtime dependencies	2026-10-05T14:44:35.8015150Z Unpacking libva-drm2:amd64 (2.20.0-2ubuntu0.2) ...
conformance-and-platform	Install toolchain and Linux runtime dependencies	2026-10-05T14:44:35.8208158Z Selecting previously unselected package libva-x11-2:amd64.
conformance-and-platform	Install toolchain and Linux runtime dependencies	2026-10-05T14:44:35.8332938Z Preparing to unpack .../008-libva-x11-2_2.20.0-2ubuntu0.2_amd64.deb ...
conformance-and-platform	Install toolchain and Linux runtime dependencies	2026-10-05T14:44:35.8373414Z Unpacking libva-x11-2:amd64 (2.20.0-2ubuntu0.2) ...
conformance-and-platform	Install toolchain and Linux runtime dependencies	2026-10-05T14:44:35.8567559Z Selecting previously unselected package libvdpau1:amd64.
conformance-and-platform	Install toolchain and Linux runtime dependencies	2026-10-05T14:44:35.8698194Z Preparing to unpack .../009-libvdpau1_1.5-2build1_amd64.deb ...
conformance-and-platform	Install toolchain and Linux runtime dependencies	2026-10-05T14:44:35.8707943Z Unpacking libvdpau1:amd64 (1.5-2build1) ...
conformance-and-platform	Install toolchain and Linux runtime dependencies	2026-10-05T14:44:35.8919632Z Selecting previously unselected package libvpl2.
conformance-and-platform	Install toolchain and Linux runtime dependencies	2026-10-05T14:44:35.9045968Z Preparing to unpack .../010-libvpl2_2023.3.0-1build1_amd64.deb ...
conformance-and-platform	Install toolchain and Linux runtime dependencies	2026-10-05T14:44:35.9053251Z Unpacking libvpl2 (2023.3.0-1build1) ...
conformance-and-platform	Install toolchain and Linux runtime dependencies	2026-10-05T14:44:35.9930944Z Selecting previously unselected package ocl-icd-libopencl1:amd64.
conformance-and-platform	Install toolchain and Linux runtime dependencies	2026-10-05T14:44:36.0061313Z Preparing to unpack .../011-ocl-icd-libopencl1_2.3.2-1build1_amd64.deb ...
conformance-and-platform	Install toolchain and Linux runtime dependencies	2026-10-05T14:44:36.0069354Z Unpacking ocl-icd-libopencl1:amd64 (2.3.2-1build1) ...
conformance-and-platform	Install toolchain and Linux runtime dependencies	2026-10-05T14:44:36.0309699Z Selecting previously unselected package libavutil58:amd64.
conformance-and-platform	Install toolchain and Linux runtime dependencies	2026-10-05T14:44:36.0435228Z Preparing to unpack .../012-libavutil58_7%3a6.1.1-3ubuntu5_amd64.deb ...
conformance-and-platform	Install toolchain and Linux runtime dependencies	2026-10-05T14:44:36.0443378Z Unpacking libavutil58:amd64 (7:6.1.1-3ubuntu5) ...
conformance-and-platform	Install toolchain and Linux runtime dependencies	2026-10-05T14:44:36.0687350Z Selecting previously unselected package libcodec2-1.2:amd64.
conformance-and-platform	Install toolchain and Linux runtime dependencies	2026-10-05T14:44:36.0817348Z Preparing to unpack .../013-libcodec2-1.2_1.2.0-2build1_amd64.deb ...
conformance-and-platform	Install toolchain and Linux runtime dependencies	2026-10-05T14:44:36.0824929Z Unpacking libcodec2-1.2:amd64 (1.2.0-2build1) ...
conformance-and-platform	Install toolchain and Linux runtime dependencies	2026-10-05T14:44:36.1565647Z Selecting previously unselected package libdav1d7:amd64.
conformance-and-platform	Install toolchain and Linux runtime dependencies	2026-10-05T14:44:36.1692182Z Preparing to unpack .../014-libdav1d7_1.4.1-1build1_amd64.deb ...
conformance-and-platform	Install toolchain and Linux runtime dependencies	2026-10-05T14:44:36.1701819Z Unpacking libdav1d7:amd64 (1.4.1-1build1) ...
conformance-and-platform	Install toolchain and Linux runtime dependencies	2026-10-05T14:44:36.1959732Z Selecting previously unselected package libgsm1:amd64.
conformance-and-platform	Install toolchain and Linux runtime dependencies	2026-10-05T14:44:36.2085470Z Preparing to unpack .../015-libgsm1_1.0.22-1build1_amd64.deb ...
conformance-and-platform	Install toolchain and Linux runtime dependencies	2026-10-05T14:44:36.2093609Z Unpacking libgsm1:amd64 (1.0.22-1build1) ...
conformance-and-platform	Install toolchain and Linux runtime dependencies	2026-10-05T14:44:36.2295017Z Selecting previously unselected package libhwy1t64:amd64.
conformance-and-platform	Install toolchain and Linux runtime dependencies	2026-10-05T14:44:36.2419621Z Preparing to unpack .../016-libhwy1t64_1.0.7-8.1build1_amd64.deb ...
conformance-and-platform	Install toolchain and Linux runtime dependencies	2026-10-05T14:44:36.2428004Z Unpacking libhwy1t64:amd64 (1.0.7-8.1build1) ...
conformance-and-platform	Install toolchain and Linux runtime dependencies	2026-10-05T14:44:36.2735420Z Selecting previously unselected package libjxl0.7:amd64.
conformance-and-platform	Install toolchain and Linux runtime dependencies	2026-10-05T14:44:36.2859870Z Preparing to unpack .../017-libjxl0.7_0.7.0-10.2ubuntu6.1_amd64.deb ...
conformance-and-platform	Install toolchain and Linux runtime dependencies	2026-10-05T14:44:36.2867139Z Unpacking libjxl0.7:amd64 (0.7.0-10.2ubuntu6.1) ...
conformance-and-platform	Install toolchain and Linux runtime dependencies	2026-10-05T14:44:36.3188027Z Selecting previously unselected package libmp3lame0:amd64.
conformance-and-platform	Install toolchain and Linux runtime dependencies	2026-10-05T14:44:36.3325304Z Preparing to unpack .../018-libmp3lame0_3.100-6build1_amd64.deb ...
conformance-and-platform	Install toolchain and Linux runtime dependencies	2026-10-05T14:44:36.3396780Z Unpacking libmp3lame0:amd64 (3.100-6build1) ...
conformance-and-platform	Install toolchain and Linux runtime dependencies	2026-10-05T14:44:36.3716506Z Selecting previously unselected package libopus0:amd64.
conformance-and-platform	Install toolchain and Linux runtime dependencies	2026-10-05T14:44:36.3841271Z Preparing to unpack .../019-libopus0_1.4-1build1_amd64.deb ...
conformance-and-platform	Install toolchain and Linux runtime dependencies	2026-10-05T14:44:36.3849072Z Unpacking libopus0:amd64 (1.4-1build1) ...
conformance-and-platform	Install toolchain and Linux runtime dependencies	2026-10-05T14:44:36.4063417Z Selecting previously unselected package librav1e0:amd64.
conformance-and-platform	Install toolchain and Linux runtime dependencies	2026-10-05T14:44:36.4187653Z Preparing to unpack .../020-librav1e0_0.7.1-2_amd64.deb ...
conformance-and-platform	Install toolchain and Linux runtime dependencies	2026-10-05T14:44:36.4195764Z Unpacking librav1e0:amd64 (0.7.1-2) ...
conformance-and-platform	Install toolchain and Linux runtime dependencies	2026-10-05T14:44:36.4512971Z Selecting previously unselected package librsvg2-2:amd64.
conformance-and-platform	Install toolchain and Linux runtime dependencies	2026-10-05T14:44:36.4639998Z Preparing to unpack .../021-librsvg2-2_2.58.0+dfsg-1build1_amd64.deb ...
conformance-and-platform	Install toolchain and Linux runtime dependencies	2026-10-05T14:44:36.4647589Z Unpacking librsvg2-2:amd64 (2.58.0+dfsg-1build1) ...
conformance-and-platform	Install toolchain and Linux runtime dependencies	2026-10-05T14:44:36.5100403Z Selecting previously unselected package libshine3:amd64.
conformance-and-platform	Install toolchain and Linux runtime dependencies	2026-10-05T14:44:36.5225463Z Preparing to unpack .../022-libshine3_3.1.1-2build1_amd64.deb ...
conformance-and-platform	Install toolchain and Linux runtime dependencies	2026-10-05T14:44:36.5232437Z Unpacking libshine3:amd64 (3.1.1-2build1) ...
conformance-and-platform	Install toolchain and Linux runtime dependencies	2026-10-05T14:44:36.5424157Z Selecting previously unselected package libspeex1:amd64.
conformance-and-platform	Install toolchain and Linux runtime dependencies	2026-10-05T14:44:36.5549191Z Preparing to unpack .../023-libspeex1_1.2.1-2ubuntu2.24.04.1_amd64.deb ...
conformance-and-platform	Install toolchain and Linux runtime dependencies	2026-10-05T14:44:36.5556504Z Unpacking libspeex1:amd64 (1.2.1-2ubuntu2.24.04.1) ...
conformance-and-platform	Install toolchain and Linux runtime dependencies	2026-10-05T14:44:36.5755911Z Selecting previously unselected package libsvtav1enc1d1:amd64.
conformance-and-platform	Install toolchain and Linux runtime dependencies	2026-10-05T14:44:36.5882965Z Preparing to unpack .../024-libsvtav1enc1d1_1.7.0+dfsg-2build1_amd64.deb ...
conformance-and-platform	Install toolchain and Linux runtime dependencies	2026-10-05T14:44:36.5891755Z Unpacking libsvtav1enc1d1:amd64 (1.7.0+dfsg-2build1) ...
conformance-and-platform	Install toolchain and Linux runtime dependencies	2026-10-05T14:44:36.6365340Z Selecting previously unselected package libsoxr0:amd64.
conformance-and-platform	Install toolchain and Linux runtime dependencies	2026-10-05T14:44:36.6491209Z Preparing to unpack .../025-libsoxr0_0.1.3-4build3_amd64.deb ...
conformance-and-platform	Install toolchain and Linux runtime dependencies	2026-10-05T14:44:36.6498801Z Unpacking libsoxr0:amd64 (0.1.3-4build3) ...
conformance-and-platform	Install toolchain and Linux runtime dependencies	2026-10-05T14:44:36.6696335Z Selecting previously unselected package libswresample4:amd64.
conformance-and-platform	Install toolchain and Linux runtime dependencies	2026-10-05T14:44:36.6820097Z Preparing to unpack .../026-libswresample4_7%3a6.1.1-3ubuntu5_amd64.deb ...
conformance-and-platform	Install toolchain and Linux runtime dependencies	2026-10-05T14:44:36.6826761Z Unpacking libswresample4:amd64 (7:6.1.1-3ubuntu5) ...
conformance-and-platform	Install toolchain and Linux runtime dependencies	2026-10-05T14:44:36.7029679Z Selecting previously unselected package libtheora0:amd64.
conformance-and-platform	Install toolchain and Linux runtime dependencies	2026-10-05T14:44:36.7155598Z Preparing to unpack .../027-libtheora0_1.1.1+dfsg.1-16.1build3_amd64.deb ...
conformance-and-platform	Install toolchain and Linux runtime dependencies	2026-10-05T14:44:36.7162590Z Unpacking libtheora0:amd64 (1.1.1+dfsg.1-16.1build3) ...
conformance-and-platform	Install toolchain and Linux runtime dependencies	2026-10-05T14:44:36.7389463Z Selecting previously unselected package libtwolame0:amd64.
conformance-and-platform	Install toolchain and Linux runtime dependencies	2026-10-05T14:44:36.7517683Z Preparing to unpack .../028-libtwolame0_0.4.0-2build3_amd64.deb ...
conformance-and-platform	Install toolchain and Linux runtime dependencies	2026-10-05T14:44:36.7525933Z Unpacking libtwolame0:amd64 (0.4.0-2build3) ...
conformance-and-platform	Install toolchain and Linux runtime dependencies	2026-10-05T14:44:36.7732872Z Selecting previously unselected package libvorbisenc2:amd64.
conformance-and-platform	Install toolchain and Linux runtime dependencies	2026-10-05T14:44:36.7858034Z Preparing to unpack .../029-libvorbisenc2_1.3.7-1build3_amd64.deb ...
conformance-and-platform	Install toolchain and Linux runtime dependencies	2026-10-05T14:44:36.7868348Z Unpacking libvorbisenc2:amd64 (1.3.7-1build3) ...
conformance-and-platform	Install toolchain and Linux runtime dependencies	2026-10-05T14:44:36.8085702Z Selecting previously unselected package libvpx9:amd64.
conformance-and-platform	Install toolchain and Linux runtime dependencies	2026-10-05T14:44:36.8210007Z Preparing to unpack .../030-libvpx9_1.14.0-1ubuntu2.3_amd64.deb ...
conformance-and-platform	Install toolchain and Linux runtime dependencies	2026-10-05T14:44:36.8216926Z Unpacking libvpx9:amd64 (1.14.0-1ubuntu2.3) ...
conformance-and-platform	Install toolchain and Linux runtime dependencies	2026-10-05T14:44:36.8642385Z Selecting previously unselected package libx264-164:amd64.
conformance-and-platform	Install toolchain and Linux runtime dependencies	2026-10-05T14:44:36.8765852Z Preparing to unpack .../031-libx264-164_2%3a0.164.3108+git31e19f9-1_amd64.deb ...
conformance-and-platform	Install toolchain and Linux runtime dependencies	2026-10-05T14:44:36.8772982Z Unpacking libx264-164:amd64 (2:0.164.3108+git31e19f9-1) ...
conformance-and-platform	Install toolchain and Linux runtime dependencies	2026-10-05T14:44:36.9040314Z Selecting previously unselected package libx265-199:amd64.
conformance-and-platform	Install toolchain and Linux runtime dependencies	2026-10-05T14:44:36.9165635Z Preparing to unpack .../032-libx265-199_3.5-2build1_amd64.deb ...
conformance-and-platform	Install toolchain and Linux runtime dependencies	2026-10-05T14:44:36.9172470Z Unpacking libx265-199:amd64 (3.5-2build1) ...
conformance-and-platform	Install toolchain and Linux runtime dependencies	2026-10-05T14:44:36.9825072Z Selecting previously unselected package libxvidcore4:amd64.
conformance-and-platform	Install toolchain and Linux runtime dependencies	2026-10-05T14:44:36.9952100Z Preparing to unpack .../033-libxvidcore4_2%3a1.3.7-1build1_amd64.deb ...
conformance-and-platform	Install toolchain and Linux runtime dependencies	2026-10-05T14:44:36.9959690Z Unpacking libxvidcore4:amd64 (2:1.3.7-1build1) ...
conformance-and-platform	Install toolchain and Linux runtime dependencies	2026-10-05T14:44:37.0169715Z Selecting previously unselected package libzvbi-common.
conformance-and-platform	Install toolchain and Linux runtime dependencies	2026-10-05T14:44:37.0294519Z Preparing to unpack .../034-libzvbi-common_0.2.42-2_all.deb ...
conformance-and-platform	Install toolchain and Linux runtime dependencies	2026-10-05T14:44:37.0301083Z Unpacking libzvbi-common (0.2.42-2) ...
conformance-and-platform	Install toolchain and Linux runtime dependencies	2026-10-05T14:44:37.0644037Z Selecting previously unselected package libzvbi0t64:amd64.
conformance-and-platform	Install toolchain and Linux runtime dependencies	2026-10-05T14:44:37.0770457Z Preparing to unpack .../035-libzvbi0t64_0.2.42-2_amd64.deb ...
conformance-and-platform	Install toolchain and Linux runtime dependencies	2026-10-05T14:44:37.0778151Z Unpacking libzvbi0t64:amd64 (0.2.42-2) ...
conformance-and-platform	Install toolchain and Linux runtime dependencies	2026-10-05T14:44:37.1013307Z Selecting previously unselected package libavcodec60:amd64.
conformance-and-platform	Install toolchain and Linux runtime dependencies	2026-10-05T14:44:37.1138682Z Preparing to unpack .../036-libavcodec60_7%3a6.1.1-3ubuntu5_amd64.deb ...
conformance-and-platform	Install toolchain and Linux runtime dependencies	2026-10-05T14:44:37.1146057Z Unpacking libavcodec60:amd64 (7:6.1.1-3ubuntu5) ...
conformance-and-platform	Install toolchain and Linux runtime dependencies	2026-10-05T14:44:37.1966631Z Selecting previously unselected package libudfread0:amd64.
conformance-and-platform	Install toolchain and Linux runtime dependencies	2026-10-05T14:44:37.2094136Z Preparing to unpack .../037-libudfread0_1.1.2-1build1_amd64.deb ...
conformance-and-platform	Install toolchain and Linux runtime dependencies	2026-10-05T14:44:37.2102205Z Unpacking libudfread0:amd64 (1.1.2-1build1) ...
conformance-and-platform	Install toolchain and Linux runtime dependencies	2026-10-05T14:44:37.2299177Z Selecting previously unselected package libbluray2:amd64.
conformance-and-platform	Install toolchain and Linux runtime dependencies	2026-10-05T14:44:37.2425857Z Preparing to unpack .../038-libbluray2_1%3a1.3.4-1build1_amd64.deb ...
conformance-and-platform	Install toolchain and Linux runtime dependencies	2026-10-05T14:44:37.2432623Z Unpacking libbluray2:amd64 (1:1.3.4-1build1) ...
conformance-and-platform	Install toolchain and Linux runtime dependencies	2026-10-05T14:44:37.2644641Z Selecting previously unselected package libchromaprint1:amd64.
conformance-and-platform	Install toolchain and Linux runtime dependencies	2026-10-05T14:44:37.2771709Z Preparing to unpack .../039-libchromaprint1_1.5.1-5_amd64.deb ...
conformance-and-platform	Install toolchain and Linux runtime dependencies	2026-10-05T14:44:37.2778943Z Unpacking libchromaprint1:amd64 (1.5.1-5) ...
conformance-and-platform	Install toolchain and Linux runtime dependencies	2026-10-05T14:44:37.2981945Z Selecting previously unselected package libgme0:amd64.
conformance-and-platform	Install toolchain and Linux runtime dependencies	2026-10-05T14:44:37.3111231Z Preparing to unpack .../040-libgme0_0.6.3-7build1_amd64.deb ...
conformance-and-platform	Install toolchain and Linux runtime dependencies	2026-10-05T14:44:37.3118850Z Unpacking libgme0:amd64 (0.6.3-7build1) ...
conformance-and-platform	Install toolchain and Linux runtime dependencies	2026-10-05T14:44:37.3336655Z Selecting previously unselected package libmpg123-0t64:amd64.
conformance-and-platform	Install toolchain and Linux runtime dependencies	2026-10-05T14:44:37.3464817Z Preparing to unpack .../041-libmpg123-0t64_1.32.5-1ubuntu1.1_amd64.deb ...
conformance-and-platform	Install toolchain and Linux runtime dependencies	2026-10-05T14:44:37.3473306Z Unpacking libmpg123-0t64:amd64 (1.32.5-1ubuntu1.1) ...
conformance-and-platform	Install toolchain and Linux runtime dependencies	2026-10-05T14:44:37.3690471Z Selecting previously unselected package libopenmpt0t64:amd64.
conformance-and-platform	Install toolchain and Linux runtime dependencies	2026-10-05T14:44:37.3816573Z Preparing to unpack .../042-libopenmpt0t64_0.7.3-1.1build3_amd64.deb ...
conformance-and-platform	Install toolchain and Linux runtime dependencies	2026-10-05T14:44:37.3823371Z Unpacking libopenmpt0t64:amd64 (0.7.3-1.1build3) ...
conformance-and-platform	Install toolchain and Linux runtime dependencies	2026-10-05T14:44:37.4088567Z Selecting previously unselected package libcjson1:amd64.
conformance-and-platform	Install toolchain and Linux runtime dependencies	2026-10-05T14:44:37.4216470Z Preparing to unpack .../043-libcjson1_1.7.17-1_amd64.deb ...
conformance-and-platform	Install toolchain and Linux runtime dependencies	2026-10-05T14:44:37.4223902Z Unpacking libcjson1:amd64 (1.7.17-1) ...
conformance-and-platform	Install toolchain and Linux runtime dependencies	2026-10-05T14:44:37.4433168Z Selecting previously unselected package libmbedcrypto7t64:amd64.
conformance-and-platform	Install toolchain and Linux runtime dependencies	2026-10-05T14:44:37.4561268Z Preparing to unpack .../044-libmbedcrypto7t64_2.28.8-1_amd64.deb ...
conformance-and-platform	Install toolchain and Linux runtime dependencies	2026-10-05T14:44:37.4569610Z Unpacking libmbedcrypto7t64:amd64 (2.28.8-1) ...
conformance-and-platform	Install toolchain and Linux runtime dependencies	2026-10-05T14:44:37.4806036Z Selecting previously unselected package librist4:amd64.
conformance-and-platform	Install toolchain and Linux runtime dependencies	2026-10-05T14:44:37.4933322Z Preparing to unpack .../045-librist4_0.2.10+dfsg-2_amd64.deb ...
conformance-and-platform	Install toolchain and Linux runtime dependencies	2026-10-05T14:44:37.4942633Z Unpacking librist4:amd64 (0.2.10+dfsg-2) ...
conformance-and-platform	Install toolchain and Linux runtime dependencies	2026-10-05T14:44:37.5143165Z Selecting previously unselected package libsrt1.5-gnutls:amd64.
conformance-and-platform	Install toolchain and Linux runtime dependencies	2026-10-05T14:44:37.5269459Z Preparing to unpack .../046-libsrt1.5-gnutls_1.5.3-1build2_amd64.deb ...
conformance-and-platform	Install toolchain and Linux runtime dependencies	2026-10-05T14:44:37.5276723Z Unpacking libsrt1.5-gnutls:amd64 (1.5.3-1build2) ...
conformance-and-platform	Install toolchain and Linux runtime dependencies	2026-10-05T14:44:37.5500972Z Selecting previously unselected package libssh-gcrypt-4:amd64.
conformance-and-platform	Install toolchain and Linux runtime dependencies	2026-10-05T14:44:37.5625705Z Preparing to unpack .../047-libssh-gcrypt-4_0.10.6-2ubuntu0.5_amd64.deb ...
conformance-and-platform	Install toolchain and Linux runtime dependencies	2026-10-05T14:44:37.5632486Z Unpacking libssh-gcrypt-4:amd64 (0.10.6-2ubuntu0.5) ...
conformance-and-platform	Install toolchain and Linux runtime dependencies	2026-10-05T14:44:37.5848655Z Selecting previously unselected package libavformat60:amd64.
conformance-and-platform	Install toolchain and Linux runtime dependencies	2026-10-05T14:44:37.5974076Z Preparing to unpack .../048-libavformat60_7%3a6.1.1-3ubuntu5_amd64.deb ...
conformance-and-platform	Install toolchain and Linux runtime dependencies	2026-10-05T14:44:37.5981937Z Unpacking libavformat60:amd64 (7:6.1.1-3ubuntu5) ...
conformance-and-platform	Install toolchain and Linux runtime dependencies	2026-10-05T14:44:37.6280595Z Selecting previously unselected package libbs2b0:amd64.
conformance-and-platform	Install toolchain and Linux runtime dependencies	2026-10-05T14:44:37.6404458Z Preparing to unpack .../049-libbs2b0_3.1.0+dfsg-7build1_amd64.deb ...
conformance-and-platform	Install toolchain and Linux runtime dependencies	2026-10-05T14:44:37.6412889Z Unpacking libbs2b0:amd64 (3.1.0+dfsg-7build1) ...
conformance-and-platform	Install toolchain and Linux runtime dependencies	2026-10-05T14:44:37.6624217Z Selecting previously unselected package libflite1:amd64.
conformance-and-platform	Install toolchain and Linux runtime dependencies	2026-10-05T14:44:37.6748721Z Preparing to unpack .../050-libflite1_2.2-6build3_amd64.deb ...
conformance-and-platform	Install toolchain and Linux runtime dependencies	2026-10-05T14:44:37.6755453Z Unpacking libflite1:amd64 (2.2-6build3) ...
conformance-and-platform	Install toolchain and Linux runtime dependencies	2026-10-05T14:44:37.7802765Z Selecting previously unselected package libserd-0-0:amd64.
conformance-and-platform	Install toolchain and Linux runtime dependencies	2026-10-05T14:44:37.7927840Z Preparing to unpack .../051-libserd-0-0_0.32.2-1_amd64.deb ...
conformance-and-platform	Install toolchain and Linux runtime dependencies	2026-10-05T14:44:37.7935313Z Unpacking libserd-0-0:amd64 (0.32.2-1) ...
conformance-and-platform	Install toolchain and Linux runtime dependencies	2026-10-05T14:44:37.8126530Z Selecting previously unselected package libzix-0-0:amd64.
conformance-and-platform	Install toolchain and Linux runtime dependencies	2026-10-05T14:44:37.8249906Z Preparing to unpack .../052-libzix-0-0_0.4.2-2build1_amd64.deb ...
conformance-and-platform	Install toolchain and Linux runtime dependencies	2026-10-05T14:44:37.8271416Z Unpacking libzix-0-0:amd64 (0.4.2-2build1) ...
conformance-and-platform	Install toolchain and Linux runtime dependencies	2026-10-05T14:44:37.8459374Z Selecting previously unselected package libsord-0-0:amd64.
conformance-and-platform	Install toolchain and Linux runtime dependencies	2026-10-05T14:44:37.8583567Z Preparing to unpack .../053-libsord-0-0_0.16.16-2build1_amd64.deb ...
conformance-and-platform	Install toolchain and Linux runtime dependencies	2026-10-05T14:44:37.8589944Z Unpacking libsord-0-0:amd64 (0.16.16-2build1) ...
conformance-and-platform	Install toolchain and Linux runtime dependencies	2026-10-05T14:44:37.8777706Z Selecting previously unselected package libsratom-0-0:amd64.
conformance-and-platform	Install toolchain and Linux runtime dependencies	2026-10-05T14:44:37.8900117Z Preparing to unpack .../054-libsratom-0-0_0.6.16-1build1_amd64.deb ...
conformance-and-platform	Install toolchain and Linux runtime dependencies	2026-10-05T14:44:37.8907059Z Unpacking libsratom-0-0:amd64 (0.6.16-1build1) ...
conformance-and-platform	Install toolchain and Linux runtime dependencies	2026-10-05T14:44:37.9095294Z Selecting previously unselected package liblilv-0-0:amd64.
conformance-and-platform	Install toolchain and Linux runtime dependencies	2026-10-05T14:44:37.9216436Z Preparing to unpack .../055-liblilv-0-0_0.24.22-1build1_amd64.deb ...
conformance-and-platform	Install toolchain and Linux runtime dependencies	2026-10-05T14:44:37.9223557Z Unpacking liblilv-0-0:amd64 (0.24.22-1build1) ...
conformance-and-platform	Install toolchain and Linux runtime dependencies	2026-10-05T14:44:37.9415235Z Selecting previously unselected package libmysofa1:amd64.
conformance-and-platform	Install toolchain and Linux runtime dependencies	2026-10-05T14:44:37.9540540Z Preparing to unpack .../056-libmysofa1_1.3.2+dfsg-2ubuntu2_amd64.deb ...
conformance-and-platform	Install toolchain and Linux runtime dependencies	2026-10-05T14:44:37.9548470Z Unpacking libmysofa1:amd64 (1.3.2+dfsg-2ubuntu2) ...
conformance-and-platform	Install toolchain and Linux runtime dependencies	2026-10-05T14:44:37.9778863Z Selecting previously unselected package libplacebo338:amd64.
conformance-and-platform	Install toolchain and Linux runtime dependencies	2026-10-05T14:44:37.9903116Z Preparing to unpack .../057-libplacebo338_6.338.2-2build1_amd64.deb ...
conformance-and-platform	Install toolchain and Linux runtime dependencies	2026-10-05T14:44:37.9909443Z Unpacking libplacebo338:amd64 (6.338.2-2build1) ...
conformance-and-platform	Install toolchain and Linux runtime dependencies	2026-10-05T14:44:38.0425622Z Selecting previously unselected package libblas3:amd64.
conformance-and-platform	Install toolchain and Linux runtime dependencies	2026-10-05T14:44:38.0551857Z Preparing to unpack .../058-libblas3_3.12.0-3build1.1_amd64.deb ...
conformance-and-platform	Install toolchain and Linux runtime dependencies	2026-10-05T14:44:38.0578772Z Unpacking libblas3:amd64 (3.12.0-3build1.1) ...
conformance-and-platform	Install toolchain and Linux runtime dependencies	2026-10-05T14:44:38.0824860Z Selecting previously unselected package liblapack3:amd64.
conformance-and-platform	Install toolchain and Linux runtime dependencies	2026-10-05T14:44:38.0947800Z Preparing to unpack .../059-liblapack3_3.12.0-3build1.1_amd64.deb ...
conformance-and-platform	Install toolchain and Linux runtime dependencies	2026-10-05T14:44:38.0976060Z Unpacking liblapack3:amd64 (3.12.0-3build1.1) ...
conformance-and-platform	Install toolchain and Linux runtime dependencies	2026-10-05T14:44:38.1450971Z Selecting previously unselected package libflac12t64:amd64.
conformance-and-platform	Install toolchain and Linux runtime dependencies	2026-10-05T14:44:38.1577370Z Preparing to unpack .../060-libflac12t64_1.4.3+ds-2.1ubuntu2_amd64.deb ...
conformance-and-platform	Install toolchain and Linux runtime dependencies	2026-10-05T14:44:38.1586121Z Unpacking libflac12t64:amd64 (1.4.3+ds-2.1ubuntu2) ...
conformance-and-platform	Install toolchain and Linux runtime dependencies	2026-10-05T14:44:38.1798382Z Selecting previously unselected package libsndfile1:amd64.
conformance-and-platform	Install toolchain and Linux runtime dependencies	2026-10-05T14:44:38.1922400Z Preparing to unpack .../061-libsndfile1_1.2.2-1ubuntu5.24.04.1_amd64.deb ...
conformance-and-platform	Install toolchain and Linux runtime dependencies	2026-10-05T14:44:38.1929862Z Unpacking libsndfile1:amd64 (1.2.2-1ubuntu5.24.04.1) ...
conformance-and-platform	Install toolchain and Linux runtime dependencies	2026-10-05T14:44:38.2272105Z Selecting previously unselected package libpulse0:amd64.
conformance-and-platform	Install toolchain and Linux runtime dependencies	2026-10-05T14:44:38.2395997Z Preparing to unpack .../062-libpulse0_1%3a16.1+dfsg1-2ubuntu10.1_amd64.deb ...
conformance-and-platform	Install toolchain and Linux runtime dependencies	2026-10-05T14:44:38.2459947Z Unpacking libpulse0:amd64 (1:16.1+dfsg1-2ubuntu10.1) ...
conformance-and-platform	Install toolchain and Linux runtime dependencies	2026-10-05T14:44:38.2694770Z Selecting previously unselected package libsphinxbase3t64:amd64.
conformance-and-platform	Install toolchain and Linux runtime dependencies	2026-10-05T14:44:38.2820276Z Preparing to unpack .../063-libsphinxbase3t64_0.8+5prealpha+1-17build2_amd64.deb ...
conformance-and-platform	Install toolchain and Linux runtime dependencies	2026-10-05T14:44:38.2827838Z Unpacking libsphinxbase3t64:amd64 (0.8+5prealpha+1-17build2) ...
conformance-and-platform	Install toolchain and Linux runtime dependencies	2026-10-05T14:44:38.3032129Z Selecting previously unselected package libpocketsphinx3:amd64.
conformance-and-platform	Install toolchain and Linux runtime dependencies	2026-10-05T14:44:38.3153821Z Preparing to unpack .../064-libpocketsphinx3_0.8.0+real5prealpha+1-15ubuntu5_amd64.deb ...
conformance-and-platform	Install toolchain and Linux runtime dependencies	2026-10-05T14:44:38.3160093Z Unpacking libpocketsphinx3:amd64 (0.8.0+real5prealpha+1-15ubuntu5) ...
conformance-and-platform	Install toolchain and Linux runtime dependencies	2026-10-05T14:44:38.3359210Z Selecting previously unselected package libpostproc57:amd64.
conformance-and-platform	Install toolchain and Linux runtime dependencies	2026-10-05T14:44:38.3482574Z Preparing to unpack .../065-libpostproc57_7%3a6.1.1-3ubuntu5_amd64.deb ...
conformance-and-platform	Install toolchain and Linux runtime dependencies	2026-10-05T14:44:38.3488995Z Unpacking libpostproc57:amd64 (7:6.1.1-3ubuntu5) ...
conformance-and-platform	Install toolchain and Linux runtime dependencies	2026-10-05T14:44:38.3681319Z Selecting previously unselected package libsamplerate0:amd64.
conformance-and-platform	Install toolchain and Linux runtime dependencies	2026-10-05T14:44:38.3803554Z Preparing to unpack .../066-libsamplerate0_0.2.2-4build1_amd64.deb ...
conformance-and-platform	Install toolchain and Linux runtime dependencies	2026-10-05T14:44:38.3810442Z Unpacking libsamplerate0:amd64 (0.2.2-4build1) ...
conformance-and-platform	Install toolchain and Linux runtime dependencies	2026-10-05T14:44:38.4055374Z Selecting previously unselected package librubberband2:amd64.
conformance-and-platform	Install toolchain and Linux runtime dependencies	2026-10-05T14:44:38.4175482Z Preparing to unpack .../067-librubberband2_3.3.0+dfsg-2build1_amd64.deb ...
conformance-and-platform	Install toolchain and Linux runtime dependencies	2026-10-05T14:44:38.4182475Z Unpacking librubberband2:amd64 (3.3.0+dfsg-2build1) ...
conformance-and-platform	Install toolchain and Linux runtime dependencies	2026-10-05T14:44:38.4391381Z Selecting previously unselected package libswscale7:amd64.
conformance-and-platform	Install toolchain and Linux runtime dependencies	2026-10-05T14:44:38.4515703Z Preparing to unpack .../068-libswscale7_7%3a6.1.1-3ubuntu5_amd64.deb ...
conformance-and-platform	Install toolchain and Linux runtime dependencies	2026-10-05T14:44:38.4522616Z Unpacking libswscale7:amd64 (7:6.1.1-3ubuntu5) ...
conformance-and-platform	Install toolchain and Linux runtime dependencies	2026-10-05T14:44:38.4735371Z Selecting previously unselected package libvidstab1.1:amd64.
conformance-and-platform	Install toolchain and Linux runtime dependencies	2026-10-05T14:44:38.4858316Z Preparing to unpack .../069-libvidstab1.1_1.1.0-2build1_amd64.deb ...
conformance-and-platform	Install toolchain and Linux runtime dependencies	2026-10-05T14:44:38.4865469Z Unpacking libvidstab1.1:amd64 (1.1.0-2build1) ...
conformance-and-platform	Install toolchain and Linux runtime dependencies	2026-10-05T14:44:38.5061013Z Selecting previously unselected package libzimg2:amd64.
conformance-and-platform	Install toolchain and Linux runtime dependencies	2026-10-05T14:44:38.5181787Z Preparing to unpack .../070-libzimg2_3.0.5+ds1-1build1_amd64.deb ...
conformance-and-platform	Install toolchain and Linux runtime dependencies	2026-10-05T14:44:38.5189216Z Unpacking libzimg2:amd64 (3.0.5+ds1-1build1) ...
conformance-and-platform	Install toolchain and Linux runtime dependencies	2026-10-05T14:44:38.5412009Z Selecting previously unselected package libavfilter9:amd64.
conformance-and-platform	Install toolchain and Linux runtime dependencies	2026-10-05T14:44:38.5537007Z Preparing to unpack .../071-libavfilter9_7%3a6.1.1-3ubuntu5_amd64.deb ...
conformance-and-platform	Install toolchain and Linux runtime dependencies	2026-10-05T14:44:38.5545298Z Unpacking libavfilter9:amd64 (7:6.1.1-3ubuntu5) ...
conformance-and-platform	Install toolchain and Linux runtime dependencies	2026-10-05T14:44:38.6222245Z Selecting previously unselected package libbrotli-dev:amd64.
conformance-and-platform	Install toolchain and Linux runtime dependencies	2026-10-05T14:44:38.6349803Z Preparing to unpack .../072-libbrotli-dev_1.1.0-2build2_amd64.deb ...
conformance-and-platform	Install toolchain and Linux runtime dependencies	2026-10-05T14:44:38.6357033Z Unpacking libbrotli-dev:amd64 (1.1.0-2build2) ...
conformance-and-platform	Install toolchain and Linux runtime dependencies	2026-10-05T14:44:38.6604907Z Selecting previously unselected package libbz2-dev:amd64.
conformance-and-platform	Install toolchain and Linux runtime dependencies	2026-10-05T14:44:38.6732674Z Preparing to unpack .../073-libbz2-dev_1.0.8-5.1ubuntu0.1_amd64.deb ...
conformance-and-platform	Install toolchain and Linux runtime dependencies	2026-10-05T14:44:38.6739661Z Unpacking libbz2-dev:amd64 (1.0.8-5.1ubuntu0.1) ...
conformance-and-platform	Install toolchain and Linux runtime dependencies	2026-10-05T14:44:38.6926279Z Selecting previously unselected package libclang-18-dev.
conformance-and-platform	Install toolchain and Linux runtime dependencies	2026-10-05T14:44:38.7052986Z Preparing to unpack .../074-libclang-18-dev_1%3a18.1.3-1ubuntu1_amd64.deb ...
conformance-and-platform	Install toolchain and Linux runtime dependencies	2026-10-05T14:44:38.7059769Z Unpacking libclang-18-dev (1:18.1.3-1ubuntu1) ...
conformance-and-platform	Install toolchain and Linux runtime dependencies	2026-10-05T14:44:39.6321810Z Selecting previously unselected package libdecor-0-0:amd64.
conformance-and-platform	Install toolchain and Linux runtime dependencies	2026-10-05T14:44:39.6454528Z Preparing to unpack .../075-libdecor-0-0_0.2.2-1build2_amd64.deb ...
conformance-and-platform	Install toolchain and Linux runtime dependencies	2026-10-05T14:44:39.6461421Z Unpacking libdecor-0-0:amd64 (0.2.2-1build2) ...
conformance-and-platform	Install toolchain and Linux runtime dependencies	2026-10-05T14:44:39.6786676Z Preparing to unpack .../076-libgl1-mesa-dri_25.2.8-0ubuntu0.24.04.4_amd64.deb ...
conformance-and-platform	Install toolchain and Linux runtime dependencies	2026-10-05T14:44:39.6924712Z Unpacking libgl1-mesa-dri:amd64 (25.2.8-0ubuntu0.24.04.4) over (25.2.8-0ubuntu0.24.04.2) ...
conformance-and-platform	Install toolchain and Linux runtime dependencies	2026-10-05T14:44:39.7410138Z Preparing to unpack .../077-libglx-mesa0_25.2.8-0ubuntu0.24.04.4_amd64.deb ...
conformance-and-platform	Install toolchain and Linux runtime dependencies	2026-10-05T14:44:39.7434130Z Unpacking libglx-mesa0:amd64 (25.2.8-0ubuntu0.24.04.4) over (25.2.8-0ubuntu0.24.04.2) ...
conformance-and-platform	Install toolchain and Linux runtime dependencies	2026-10-05T14:44:39.7788242Z Preparing to unpack .../078-libgbm1_25.2.8-0ubuntu0.24.04.4_amd64.deb ...
conformance-and-platform	Install toolchain and Linux runtime dependencies	2026-10-05T14:44:39.7810076Z Unpacking libgbm1:amd64 (25.2.8-0ubuntu0.24.04.4) over (25.2.8-0ubuntu0.24.04.2) ...
conformance-and-platform	Install toolchain and Linux runtime dependencies	2026-10-05T14:44:39.8160661Z Preparing to unpack .../079-mesa-libgallium_25.2.8-0ubuntu0.24.04.4_amd64.deb ...
conformance-and-platform	Install toolchain and Linux runtime dependencies	2026-10-05T14:44:39.8421654Z Unpacking mesa-libgallium:amd64 (25.2.8-0ubuntu0.24.04.4) over (25.2.8-0ubuntu0.24.04.2) ...
conformance-and-platform	Install toolchain and Linux runtime dependencies	2026-10-05T14:44:40.0137972Z Selecting previously unselected package libegl-mesa0:amd64.
conformance-and-platform	Install toolchain and Linux runtime dependencies	2026-10-05T14:44:40.0265008Z Preparing to unpack .../080-libegl-mesa0_25.2.8-0ubuntu0.24.04.4_amd64.deb ...
conformance-and-platform	Install toolchain and Linux runtime dependencies	2026-10-05T14:44:40.0273152Z Unpacking libegl-mesa0:amd64 (25.2.8-0ubuntu0.24.04.4) ...
conformance-and-platform	Install toolchain and Linux runtime dependencies	2026-10-05T14:44:40.0484558Z Selecting previously unselected package libegl1:amd64.
conformance-and-platform	Install toolchain and Linux runtime dependencies	2026-10-05T14:44:40.0610411Z Preparing to unpack .../081-libegl1_1.7.0-1build1_amd64.deb ...
conformance-and-platform	Install toolchain and Linux runtime dependencies	2026-10-05T14:44:40.0617676Z Unpacking libegl1:amd64 (1.7.0-1build1) ...
conformance-and-platform	Install toolchain and Linux runtime dependencies	2026-10-05T14:44:40.0826478Z Selecting previously unselected package xorg-sgml-doctools.
conformance-and-platform	Install toolchain and Linux runtime dependencies	2026-10-05T14:44:40.0952476Z Preparing to unpack .../082-xorg-sgml-doctools_1%3a1.11-1.1_all.deb ...
conformance-and-platform	Install toolchain and Linux runtime dependencies	2026-10-05T14:44:40.0958751Z Unpacking xorg-sgml-doctools (1:1.11-1.1) ...
conformance-and-platform	Install toolchain and Linux runtime dependencies	2026-10-05T14:44:40.1224133Z Selecting previously unselected package x11proto-dev.
conformance-and-platform	Install toolchain and Linux runtime dependencies	2026-10-05T14:44:40.1351446Z Preparing to unpack .../083-x11proto-dev_2023.2-1_all.deb ...
conformance-and-platform	Install toolchain and Linux runtime dependencies	2026-10-05T14:44:40.1357581Z Unpacking x11proto-dev (2023.2-1) ...
conformance-and-platform	Install toolchain and Linux runtime dependencies	2026-10-05T14:44:40.1837189Z Selecting previously unselected package libxau-dev:amd64.
conformance-and-platform	Install toolchain and Linux runtime dependencies	2026-10-05T14:44:40.1963587Z Preparing to unpack .../084-libxau-dev_1%3a1.0.9-1build6_amd64.deb ...
conformance-and-platform	Install toolchain and Linux runtime dependencies	2026-10-05T14:44:40.1977461Z Unpacking libxau-dev:amd64 (1:1.0.9-1build6) ...
conformance-and-platform	Install toolchain and Linux runtime dependencies	2026-10-05T14:44:40.2217054Z Selecting previously unselected package libxdmcp-dev:amd64.
conformance-and-platform	Install toolchain and Linux runtime dependencies	2026-10-05T14:44:40.2340212Z Preparing to unpack .../085-libxdmcp-dev_1%3a1.1.3-0ubuntu6_amd64.deb ...
conformance-and-platform	Install toolchain and Linux runtime dependencies	2026-10-05T14:44:40.2346693Z Unpacking libxdmcp-dev:amd64 (1:1.1.3-0ubuntu6) ...
conformance-and-platform	Install toolchain and Linux runtime dependencies	2026-10-05T14:44:40.2531376Z Selecting previously unselected package xtrans-dev.
conformance-and-platform	Install toolchain and Linux runtime dependencies	2026-10-05T14:44:40.2655320Z Preparing to unpack .../086-xtrans-dev_1.4.0-1_all.deb ...
conformance-and-platform	Install toolchain and Linux runtime dependencies	2026-10-05T14:44:40.2663330Z Unpacking xtrans-dev (1.4.0-1) ...
conformance-and-platform	Install toolchain and Linux runtime dependencies	2026-10-05T14:44:40.2893247Z Selecting previously unselected package libpthread-stubs0-dev:amd64.
conformance-and-platform	Install toolchain and Linux runtime dependencies	2026-10-05T14:44:40.3016142Z Preparing to unpack .../087-libpthread-stubs0-dev_0.4-1build3_amd64.deb ...
conformance-and-platform	Install toolchain and Linux runtime dependencies	2026-10-05T14:44:40.3023063Z Unpacking libpthread-stubs0-dev:amd64 (0.4-1build3) ...
conformance-and-platform	Install toolchain and Linux runtime dependencies	2026-10-05T14:44:40.3201373Z Selecting previously unselected package libxcb1-dev:amd64.
conformance-and-platform	Install toolchain and Linux runtime dependencies	2026-10-05T14:44:40.3325452Z Preparing to unpack .../088-libxcb1-dev_1.15-1ubuntu2_amd64.deb ...
conformance-and-platform	Install toolchain and Linux runtime dependencies	2026-10-05T14:44:40.3333669Z Unpacking libxcb1-dev:amd64 (1.15-1ubuntu2) ...
conformance-and-platform	Install toolchain and Linux runtime dependencies	2026-10-05T14:44:40.3543706Z Selecting previously unselected package libx11-dev:amd64.
conformance-and-platform	Install toolchain and Linux runtime dependencies	2026-10-05T14:44:40.3666252Z Preparing to unpack .../089-libx11-dev_2%3a1.8.7-1build1_amd64.deb ...
conformance-and-platform	Install toolchain and Linux runtime dependencies	2026-10-05T14:44:40.3673435Z Unpacking libx11-dev:amd64 (2:1.8.7-1build1) ...
conformance-and-platform	Install toolchain and Linux runtime dependencies	2026-10-05T14:44:40.3952081Z Selecting previously unselected package libglx-dev:amd64.
conformance-and-platform	Install toolchain and Linux runtime dependencies	2026-10-05T14:44:40.4076732Z Preparing to unpack .../090-libglx-dev_1.7.0-1build1_amd64.deb ...
conformance-and-platform	Install toolchain and Linux runtime dependencies	2026-10-05T14:44:40.4083282Z Unpacking libglx-dev:amd64 (1.7.0-1build1) ...
conformance-and-platform	Install toolchain and Linux runtime dependencies	2026-10-05T14:44:40.4266374Z Selecting previously unselected package libgl-dev:amd64.
conformance-and-platform	Install toolchain and Linux runtime dependencies	2026-10-05T14:44:40.4387069Z Preparing to unpack .../091-libgl-dev_1.7.0-1build1_amd64.deb ...
conformance-and-platform	Install toolchain and Linux runtime dependencies	2026-10-05T14:44:40.4393214Z Unpacking libgl-dev:amd64 (1.7.0-1build1) ...
conformance-and-platform	Install toolchain and Linux runtime dependencies	2026-10-05T14:44:40.4628427Z Selecting previously unselected package libegl-dev:amd64.
conformance-and-platform	Install toolchain and Linux runtime dependencies	2026-10-05T14:44:40.4750429Z Preparing to unpack .../092-libegl-dev_1.7.0-1build1_amd64.deb ...
conformance-and-platform	Install toolchain and Linux runtime dependencies	2026-10-05T14:44:40.4756969Z Unpacking libegl-dev:amd64 (1.7.0-1build1) ...
conformance-and-platform	Install toolchain and Linux runtime dependencies	2026-10-05T14:44:40.4951003Z Selecting previously unselected package libpng-dev:amd64.
conformance-and-platform	Install toolchain and Linux runtime dependencies	2026-10-05T14:44:40.5071090Z Preparing to unpack .../093-libpng-dev_1.6.43-5ubuntu0.6_amd64.deb ...
conformance-and-platform	Install toolchain and Linux runtime dependencies	2026-10-05T14:44:40.5077547Z Unpacking libpng-dev:amd64 (1.6.43-5ubuntu0.6) ...
conformance-and-platform	Install toolchain and Linux runtime dependencies	2026-10-05T14:44:40.5346923Z Selecting previously unselected package libfreetype-dev:amd64.
conformance-and-platform	Install toolchain and Linux runtime dependencies	2026-10-05T14:44:40.5468794Z Preparing to unpack .../094-libfreetype-dev_2.13.2+dfsg-1ubuntu0.1_amd64.deb ...
conformance-and-platform	Install toolchain and Linux runtime dependencies	2026-10-05T14:44:40.5475388Z Unpacking libfreetype-dev:amd64 (2.13.2+dfsg-1ubuntu0.1) ...
conformance-and-platform	Install toolchain and Linux runtime dependencies	2026-10-05T14:44:40.5805132Z Selecting previously unselected package uuid-dev:amd64.
conformance-and-platform	Install toolchain and Linux runtime dependencies	2026-10-05T14:44:40.5928207Z Preparing to unpack .../095-uuid-dev_2.39.3-9ubuntu6.6_amd64.deb ...
conformance-and-platform	Install toolchain and Linux runtime dependencies	2026-10-05T14:44:40.5934972Z Unpacking uuid-dev:amd64 (2.39.3-9ubuntu6.6) ...
conformance-and-platform	Install toolchain and Linux runtime dependencies	2026-10-05T14:44:40.6145927Z Selecting previously unselected package libfontconfig-dev:amd64.
conformance-and-platform	Install toolchain and Linux runtime dependencies	2026-10-05T14:44:40.6269664Z Preparing to unpack .../096-libfontconfig-dev_2.15.0-1.1ubuntu2_amd64.deb ...
conformance-and-platform	Install toolchain and Linux runtime dependencies	2026-10-05T14:44:40.6275420Z Unpacking libfontconfig-dev:amd64 (2.15.0-1.1ubuntu2) ...
conformance-and-platform	Install toolchain and Linux runtime dependencies	2026-10-05T14:44:40.6497093Z Selecting previously unselected package libfontconfig1-dev:amd64.
conformance-and-platform	Install toolchain and Linux runtime dependencies	2026-10-05T14:44:40.6620810Z Preparing to unpack .../097-libfontconfig1-dev_2.15.0-1.1ubuntu2_amd64.deb ...
conformance-and-platform	Install toolchain and Linux runtime dependencies	2026-10-05T14:44:40.6627944Z Unpacking libfontconfig1-dev:amd64 (2.15.0-1.1ubuntu2) ...
conformance-and-platform	Install toolchain and Linux runtime dependencies	2026-10-05T14:44:40.6820879Z Selecting previously unselected package libwinpr2-2t64:amd64.
conformance-and-platform	Install toolchain and Linux runtime dependencies	2026-10-05T14:44:40.6944512Z Preparing to unpack .../098-libwinpr2-2t64_2.11.5+dfsg1-1build2_amd64.deb ...
conformance-and-platform	Install toolchain and Linux runtime dependencies	2026-10-05T14:44:40.6951774Z Unpacking libwinpr2-2t64:amd64 (2.11.5+dfsg1-1build2) ...
conformance-and-platform	Install toolchain and Linux runtime dependencies	2026-10-05T14:44:40.7199447Z Selecting previously unselected package libfreerdp2-2t64:amd64.
conformance-and-platform	Install toolchain and Linux runtime dependencies	2026-10-05T14:44:40.7322627Z Preparing to unpack .../099-libfreerdp2-2t64_2.11.5+dfsg1-1build2_amd64.deb ...
conformance-and-platform	Install toolchain and Linux runtime dependencies	2026-10-05T14:44:40.7329803Z Unpacking libfreerdp2-2t64:amd64 (2.11.5+dfsg1-1build2) ...
conformance-and-platform	Install toolchain and Linux runtime dependencies	2026-10-05T14:44:40.7583371Z Selecting previously unselected package libfreerdp-server2-2t64:amd64.
conformance-and-platform	Install toolchain and Linux runtime dependencies	2026-10-05T14:44:40.7707199Z Preparing to unpack .../100-libfreerdp-server2-2t64_2.11.5+dfsg1-1build2_amd64.deb ...
conformance-and-platform	Install toolchain and Linux runtime dependencies	2026-10-05T14:44:40.7713991Z Unpacking libfreerdp-server2-2t64:amd64 (2.11.5+dfsg1-1build2) ...
conformance-and-platform	Install toolchain and Linux runtime dependencies	2026-10-05T14:44:40.7924800Z Selecting previously unselected package libgles1:amd64.
conformance-and-platform	Install toolchain and Linux runtime dependencies	2026-10-05T14:44:40.8047378Z Preparing to unpack .../101-libgles1_1.7.0-1build1_amd64.deb ...
conformance-and-platform	Install toolchain and Linux runtime dependencies	2026-10-05T14:44:40.8054287Z Unpacking libgles1:amd64 (1.7.0-1build1) ...
conformance-and-platform	Install toolchain and Linux runtime dependencies	2026-10-05T14:44:40.8244933Z Selecting previously unselected package libgles2:amd64.
conformance-and-platform	Install toolchain and Linux runtime dependencies	2026-10-05T14:44:40.8365342Z Preparing to unpack .../102-libgles2_1.7.0-1build1_amd64.deb ...
conformance-and-platform	Install toolchain and Linux runtime dependencies	2026-10-05T14:44:40.8372832Z Unpacking libgles2:amd64 (1.7.0-1build1) ...
conformance-and-platform	Install toolchain and Linux runtime dependencies	2026-10-05T14:44:40.8557599Z Selecting previously unselected package libgles-dev:amd64.
conformance-and-platform	Install toolchain and Linux runtime dependencies	2026-10-05T14:44:40.8680481Z Preparing to unpack .../103-libgles-dev_1.7.0-1build1_amd64.deb ...
conformance-and-platform	Install toolchain and Linux runtime dependencies	2026-10-05T14:44:40.8686775Z Unpacking libgles-dev:amd64 (1.7.0-1build1) ...
conformance-and-platform	Install toolchain and Linux runtime dependencies	2026-10-05T14:44:40.8928086Z Selecting previously unselected package liborc-0.4-0t64:amd64.
conformance-and-platform	Install toolchain and Linux runtime dependencies	2026-10-05T14:44:40.9052551Z Preparing to unpack .../104-liborc-0.4-0t64_1%3a0.4.38-1ubuntu0.1_amd64.deb ...
conformance-and-platform	Install toolchain and Linux runtime dependencies	2026-10-05T14:44:40.9059955Z Unpacking liborc-0.4-0t64:amd64 (1:0.4.38-1ubuntu0.1) ...
conformance-and-platform	Install toolchain and Linux runtime dependencies	2026-10-05T14:44:40.9289542Z Selecting previously unselected package libgstreamer-plugins-base1.0-0:amd64.
conformance-and-platform	Install toolchain and Linux runtime dependencies	2026-10-05T14:44:40.9413748Z Preparing to unpack .../105-libgstreamer-plugins-base1.0-0_1.24.2-1ubuntu0.5_amd64.deb ...
conformance-and-platform	Install toolchain and Linux runtime dependencies	2026-10-05T14:44:40.9421290Z Unpacking libgstreamer-plugins-base1.0-0:amd64 (1.24.2-1ubuntu0.5) ...
conformance-and-platform	Install toolchain and Linux runtime dependencies	2026-10-05T14:44:40.9737833Z Selecting previously unselected package libwacom-common.
conformance-and-platform	Install toolchain and Linux runtime dependencies	2026-10-05T14:44:40.9863835Z Preparing to unpack .../106-libwacom-common_2.10.0-2_all.deb ...
conformance-and-platform	Install toolchain and Linux runtime dependencies	2026-10-05T14:44:40.9871122Z Unpacking libwacom-common (2.10.0-2) ...
conformance-and-platform	Install toolchain and Linux runtime dependencies	2026-10-05T14:44:41.0830230Z Selecting previously unselected package libwacom9:amd64.
conformance-and-platform	Install toolchain and Linux runtime dependencies	2026-10-05T14:44:41.0958754Z Preparing to unpack .../107-libwacom9_2.10.0-2_amd64.deb ...
conformance-and-platform	Install toolchain and Linux runtime dependencies	2026-10-05T14:44:41.0965475Z Unpacking libwacom9:amd64 (2.10.0-2) ...
conformance-and-platform	Install toolchain and Linux runtime dependencies	2026-10-05T14:44:41.1150993Z Selecting previously unselected package libinput-bin.
conformance-and-platform	Install toolchain and Linux runtime dependencies	2026-10-05T14:44:41.1276374Z Preparing to unpack .../108-libinput-bin_1.25.0-1ubuntu3.7_amd64.deb ...
conformance-and-platform	Install toolchain and Linux runtime dependencies	2026-10-05T14:44:41.1283439Z Unpacking libinput-bin (1.25.0-1ubuntu3.7) ...
conformance-and-platform	Install toolchain and Linux runtime dependencies	2026-10-05T14:44:41.1546789Z Selecting previously unselected package libmtdev1t64:amd64.
conformance-and-platform	Install toolchain and Linux runtime dependencies	2026-10-05T14:44:41.1670259Z Preparing to unpack .../109-libmtdev1t64_1.1.6-1.1build1_amd64.deb ...
conformance-and-platform	Install toolchain and Linux runtime dependencies	2026-10-05T14:44:41.1677305Z Unpacking libmtdev1t64:amd64 (1.1.6-1.1build1) ...
conformance-and-platform	Install toolchain and Linux runtime dependencies	2026-10-05T14:44:41.1888871Z Selecting previously unselected package libinput10:amd64.
conformance-and-platform	Install toolchain and Linux runtime dependencies	2026-10-05T14:44:41.2012609Z Preparing to unpack .../110-libinput10_1.25.0-1ubuntu3.7_amd64.deb ...
conformance-and-platform	Install toolchain and Linux runtime dependencies	2026-10-05T14:44:41.2020412Z Unpacking libinput10:amd64 (1.25.0-1ubuntu3.7) ...
conformance-and-platform	Install toolchain and Linux runtime dependencies	2026-10-05T14:44:41.2225041Z Selecting previously unselected package libturbojpeg:amd64.
conformance-and-platform	Install toolchain and Linux runtime dependencies	2026-10-05T14:44:41.2348953Z Preparing to unpack .../111-libturbojpeg_1%3a2.1.5-2ubuntu2_amd64.deb ...
conformance-and-platform	Install toolchain and Linux runtime dependencies	2026-10-05T14:44:41.2356378Z Unpacking libturbojpeg:amd64 (1:2.1.5-2ubuntu2) ...
conformance-and-platform	Install toolchain and Linux runtime dependencies	2026-10-05T14:44:41.2577947Z Selecting previously unselected package libneatvnc0:amd64.
conformance-and-platform	Install toolchain and Linux runtime dependencies	2026-10-05T14:44:41.2703400Z Preparing to unpack .../112-libneatvnc0_0.7.1+dfsg-2build3_amd64.deb ...
conformance-and-platform	Install toolchain and Linux runtime dependencies	2026-10-05T14:44:41.2711329Z Unpacking libneatvnc0:amd64 (0.7.1+dfsg-2build3) ...
conformance-and-platform	Install toolchain and Linux runtime dependencies	2026-10-05T14:44:41.2917267Z Selecting previously unselected package libopengl0:amd64.
conformance-and-platform	Install toolchain and Linux runtime dependencies	2026-10-05T14:44:41.3042131Z Preparing to unpack .../113-libopengl0_1.7.0-1build1_amd64.deb ...
conformance-and-platform	Install toolchain and Linux runtime dependencies	2026-10-05T14:44:41.3048571Z Unpacking libopengl0:amd64 (1.7.0-1build1) ...
conformance-and-platform	Install toolchain and Linux runtime dependencies	2026-10-05T14:44:41.3249619Z Selecting previously unselected package libopengl-dev:amd64.
conformance-and-platform	Install toolchain and Linux runtime dependencies	2026-10-05T14:44:41.3376348Z Preparing to unpack .../114-libopengl-dev_1.7.0-1build1_amd64.deb ...
conformance-and-platform	Install toolchain and Linux runtime dependencies	2026-10-05T14:44:41.3383640Z Unpacking libopengl-dev:amd64 (1.7.0-1build1) ...
conformance-and-platform	Install toolchain and Linux runtime dependencies	2026-10-05T14:44:41.3578199Z Selecting previously unselected package libwebrtc-audio-processing1:amd64.
conformance-and-platform	Install toolchain and Linux runtime dependencies	2026-10-05T14:44:41.3703915Z Preparing to unpack .../115-libwebrtc-audio-processing1_0.3.1-0ubuntu6_amd64.deb ...
conformance-and-platform	Install toolchain and Linux runtime dependencies	2026-10-05T14:44:41.3710914Z Unpacking libwebrtc-audio-processing1:amd64 (0.3.1-0ubuntu6) ...
conformance-and-platform	Install toolchain and Linux runtime dependencies	2026-10-05T14:44:41.3934398Z Selecting previously unselected package libspa-0.2-modules:amd64.
conformance-and-platform	Install toolchain and Linux runtime dependencies	2026-10-05T14:44:41.4054880Z Preparing to unpack .../116-libspa-0.2-modules_1.0.5-1ubuntu3.3_amd64.deb ...
conformance-and-platform	Install toolchain and Linux runtime dependencies	2026-10-05T14:44:41.4061070Z Unpacking libspa-0.2-modules:amd64 (1.0.5-1ubuntu3.3) ...
conformance-and-platform	Install toolchain and Linux runtime dependencies	2026-10-05T14:44:41.4355488Z Selecting previously unselected package libpipewire-0.3-0t64:amd64.
conformance-and-platform	Install toolchain and Linux runtime dependencies	2026-10-05T14:44:41.4498216Z Preparing to unpack .../117-libpipewire-0.3-0t64_1.0.5-1ubuntu3.3_amd64.deb ...
conformance-and-platform	Install toolchain and Linux runtime dependencies	2026-10-05T14:44:41.4862631Z Unpacking libpipewire-0.3-0t64:amd64 (1.0.5-1ubuntu3.3) ...
conformance-and-platform	Install toolchain and Linux runtime dependencies	2026-10-05T14:44:41.5175739Z Selecting previously unselected package libseat1:amd64.
conformance-and-platform	Install toolchain and Linux runtime dependencies	2026-10-05T14:44:41.5307421Z Preparing to unpack .../118-libseat1_0.8.0-1_amd64.deb ...
conformance-and-platform	Install toolchain and Linux runtime dependencies	2026-10-05T14:44:41.5364531Z Unpacking libseat1:amd64 (0.8.0-1) ...
conformance-and-platform	Install toolchain and Linux runtime dependencies	2026-10-05T14:44:41.7477858Z Selecting previously unselected package libwayland-server0:amd64.
conformance-and-platform	Install toolchain and Linux runtime dependencies	2026-10-05T14:44:41.7610392Z Preparing to unpack .../119-libwayland-server0_1.22.0-2.1build1_amd64.deb ...
conformance-and-platform	Install toolchain and Linux runtime dependencies	2026-10-05T14:44:41.7930080Z Unpacking libwayland-server0:amd64 (1.22.0-2.1build1) ...
conformance-and-platform	Install toolchain and Linux runtime dependencies	2026-10-05T14:44:41.8162658Z Selecting previously unselected package libxcb-composite0:amd64.
conformance-and-platform	Install toolchain and Linux runtime dependencies	2026-10-05T14:44:41.8293791Z Preparing to unpack .../120-libxcb-composite0_1.15-1ubuntu2_amd64.deb ...
conformance-and-platform	Install toolchain and Linux runtime dependencies	2026-10-05T14:44:41.8319618Z Unpacking libxcb-composite0:amd64 (1.15-1ubuntu2) ...
conformance-and-platform	Install toolchain and Linux runtime dependencies	2026-10-05T14:44:41.8574300Z Selecting previously unselected package libxcb-xkb1:amd64.
conformance-and-platform	Install toolchain and Linux runtime dependencies	2026-10-05T14:44:41.8716344Z Preparing to unpack .../121-libxcb-xkb1_1.15-1ubuntu2_amd64.deb ...
conformance-and-platform	Install toolchain and Linux runtime dependencies	2026-10-05T14:44:41.8733846Z Unpacking libxcb-xkb1:amd64 (1.15-1ubuntu2) ...
conformance-and-platform	Install toolchain and Linux runtime dependencies	2026-10-05T14:44:42.1854167Z Selecting previously unselected package libweston-13-0:amd64.
conformance-and-platform	Install toolchain and Linux runtime dependencies	2026-10-05T14:44:42.1983345Z Preparing to unpack .../122-libweston-13-0_13.0.0-4build3_amd64.deb ...
conformance-and-platform	Install toolchain and Linux runtime dependencies	2026-10-05T14:44:42.1996427Z Unpacking libweston-13-0:amd64 (13.0.0-4build3) ...
conformance-and-platform	Install toolchain and Linux runtime dependencies	2026-10-05T14:44:42.2262724Z Selecting previously unselected package libx11-xcb-dev:amd64.
conformance-and-platform	Install toolchain and Linux runtime dependencies	2026-10-05T14:44:42.2388602Z Preparing to unpack .../123-libx11-xcb-dev_2%3a1.8.7-1build1_amd64.deb ...
conformance-and-platform	Install toolchain and Linux runtime dependencies	2026-10-05T14:44:42.2396904Z Unpacking libx11-xcb-dev:amd64 (2:1.8.7-1build1) ...
conformance-and-platform	Install toolchain and Linux runtime dependencies	2026-10-05T14:44:42.2591654Z Selecting previously unselected package libxkbcommon-dev:amd64.
conformance-and-platform	Install toolchain and Linux runtime dependencies	2026-10-05T14:44:42.2715799Z Preparing to unpack .../124-libxkbcommon-dev_1.6.0-1build1_amd64.deb ...
conformance-and-platform	Install toolchain and Linux runtime dependencies	2026-10-05T14:44:42.2722380Z Unpacking libxkbcommon-dev:amd64 (1.6.0-1build1) ...
conformance-and-platform	Install toolchain and Linux runtime dependencies	2026-10-05T14:44:42.2942343Z Selecting previously unselected package libxkbcommon-x11-0:amd64.
conformance-and-platform	Install toolchain and Linux runtime dependencies	2026-10-05T14:44:42.3067750Z Preparing to unpack .../125-libxkbcommon-x11-0_1.6.0-1build1_amd64.deb ...
conformance-and-platform	Install toolchain and Linux runtime dependencies	2026-10-05T14:44:42.3079511Z Unpacking libxkbcommon-x11-0:amd64 (1.6.0-1build1) ...
conformance-and-platform	Install toolchain and Linux runtime dependencies	2026-10-05T14:44:42.3279159Z Selecting previously unselected package mesa-utils-bin:amd64.
conformance-and-platform	Install toolchain and Linux runtime dependencies	2026-10-05T14:44:42.3405170Z Preparing to unpack .../126-mesa-utils-bin_9.0.0-2_amd64.deb ...
conformance-and-platform	Install toolchain and Linux runtime dependencies	2026-10-05T14:44:42.3412408Z Unpacking mesa-utils-bin:amd64 (9.0.0-2) ...
conformance-and-platform	Install toolchain and Linux runtime dependencies	2026-10-05T14:44:42.3655683Z Selecting previously unselected package ninja-build.
conformance-and-platform	Install toolchain and Linux runtime dependencies	2026-10-05T14:44:42.3781270Z Preparing to unpack .../127-ninja-build_1.11.1-2_amd64.deb ...
conformance-and-platform	Install toolchain and Linux runtime dependencies	2026-10-05T14:44:42.3788273Z Unpacking ninja-build (1.11.1-2) ...
conformance-and-platform	Install toolchain and Linux runtime dependencies	2026-10-05T14:44:42.4131386Z Selecting previously unselected package weston.
conformance-and-platform	Install toolchain and Linux runtime dependencies	2026-10-05T14:44:42.4256828Z Preparing to unpack .../128-weston_13.0.0-4build3_amd64.deb ...
conformance-and-platform	Install toolchain and Linux runtime dependencies	2026-10-05T14:44:42.4264653Z Unpacking weston (13.0.0-4build3) ...
conformance-and-platform	Install toolchain and Linux runtime dependencies	2026-10-05T14:44:42.4759925Z Selecting previously unselected package libglvnd-core-dev:amd64.
conformance-and-platform	Install toolchain and Linux runtime dependencies	2026-10-05T14:44:42.4889379Z Preparing to unpack .../129-libglvnd-core-dev_1.7.0-1build1_amd64.deb ...
conformance-and-platform	Install toolchain and Linux runtime dependencies	2026-10-05T14:44:42.4896021Z Unpacking libglvnd-core-dev:amd64 (1.7.0-1build1) ...
conformance-and-platform	Install toolchain and Linux runtime dependencies	2026-10-05T14:44:42.5093296Z Selecting previously unselected package libglvnd-dev:amd64.
conformance-and-platform	Install toolchain and Linux runtime dependencies	2026-10-05T14:44:42.5220176Z Preparing to unpack .../130-libglvnd-dev_1.7.0-1build1_amd64.deb ...
conformance-and-platform	Install toolchain and Linux runtime dependencies	2026-10-05T14:44:42.5228147Z Unpacking libglvnd-dev:amd64 (1.7.0-1build1) ...
conformance-and-platform	Install toolchain and Linux runtime dependencies	2026-10-05T14:44:42.5416179Z Selecting previously unselected package libgl1-mesa-dev:amd64.
conformance-and-platform	Install toolchain and Linux runtime dependencies	2026-10-05T14:44:42.5542916Z Preparing to unpack .../131-libgl1-mesa-dev_25.2.8-0ubuntu0.24.04.4_amd64.deb ...
conformance-and-platform	Install toolchain and Linux runtime dependencies	2026-10-05T14:44:42.5549624Z Unpacking libgl1-mesa-dev:amd64 (25.2.8-0ubuntu0.24.04.4) ...
conformance-and-platform	Install toolchain and Linux runtime dependencies	2026-10-05T14:44:42.5762925Z Selecting previously unselected package libwayland-bin.
conformance-and-platform	Install toolchain and Linux runtime dependencies	2026-10-05T14:44:42.5888509Z Preparing to unpack .../132-libwayland-bin_1.22.0-2.1build1_amd64.deb ...
conformance-and-platform	Install toolchain and Linux runtime dependencies	2026-10-05T14:44:42.5895185Z Unpacking libwayland-bin (1.22.0-2.1build1) ...
conformance-and-platform	Install toolchain and Linux runtime dependencies	2026-10-05T14:44:42.6083903Z Selecting previously unselected package libwayland-dev:amd64.
conformance-and-platform	Install toolchain and Linux runtime dependencies	2026-10-05T14:44:42.6207159Z Preparing to unpack .../133-libwayland-dev_1.22.0-2.1build1_amd64.deb ...
conformance-and-platform	Install toolchain and Linux runtime dependencies	2026-10-05T14:44:42.6213372Z Unpacking libwayland-dev:amd64 (1.22.0-2.1build1) ...
conformance-and-platform	Install toolchain and Linux runtime dependencies	2026-10-05T14:44:42.6446387Z Selecting previously unselected package mesa-utils.
conformance-and-platform	Install toolchain and Linux runtime dependencies	2026-10-05T14:44:42.6570795Z Preparing to unpack .../134-mesa-utils_9.0.0-2_amd64.deb ...
conformance-and-platform	Install toolchain and Linux runtime dependencies	2026-10-05T14:44:42.6577493Z Unpacking mesa-utils (9.0.0-2) ...
conformance-and-platform	Install toolchain and Linux runtime dependencies	2026-10-05T14:44:42.7250170Z Setting up libgme0:amd64 (0.6.3-7build1) ...
conformance-and-platform	Install toolchain and Linux runtime dependencies	2026-10-05T14:44:42.7273549Z Setting up libchromaprint1:amd64 (1.5.1-5) ...
conformance-and-platform	Install toolchain and Linux runtime dependencies	2026-10-05T14:44:42.7292779Z Setting up libssh-gcrypt-4:amd64 (0.10.6-2ubuntu0.5) ...
conformance-and-platform	Install toolchain and Linux runtime dependencies	2026-10-05T14:44:42.7309822Z Setting up libhwy1t64:amd64 (1.0.7-8.1build1) ...
conformance-and-platform	Install toolchain and Linux runtime dependencies	2026-10-05T14:44:42.7329833Z Setting up libudfread0:amd64 (1.1.2-1build1) ...
conformance-and-platform	Install toolchain and Linux runtime dependencies	2026-10-05T14:44:42.7350818Z Setting up libwayland-server0:amd64 (1.22.0-2.1build1) ...
conformance-and-platform	Install toolchain and Linux runtime dependencies	2026-10-05T14:44:42.7368534Z Setting up mesa-libgallium:amd64 (25.2.8-0ubuntu0.24.04.4) ...
conformance-and-platform	Install toolchain and Linux runtime dependencies	2026-10-05T14:44:42.7386502Z Setting up libspeex1:amd64 (1.2.1-2ubuntu2.24.04.1) ...
conformance-and-platform	Install toolchain and Linux runtime dependencies	2026-10-05T14:44:42.7404885Z Setting up libshine3:amd64 (3.1.1-2build1) ...
conformance-and-platform	Install toolchain and Linux runtime dependencies	2026-10-05T14:44:42.7423301Z Setting up libvpl2 (2023.3.0-1build1) ...
conformance-and-platform	Install toolchain and Linux runtime dependencies	2026-10-05T14:44:42.7441977Z Setting up libglvnd-core-dev:amd64 (1.7.0-1build1) ...
conformance-and-platform	Install toolchain and Linux runtime dependencies	2026-10-05T14:44:42.7459213Z Setting up libx264-164:amd64 (2:0.164.3108+git31e19f9-1) ...
conformance-and-platform	Install toolchain and Linux runtime dependencies	2026-10-05T14:44:42.7483059Z Setting up libtwolame0:amd64 (0.4.0-2build3) ...
conformance-and-platform	Install toolchain and Linux runtime dependencies	2026-10-05T14:44:42.7503029Z Setting up libmbedcrypto7t64:amd64 (2.28.8-1) ...
conformance-and-platform	Install toolchain and Linux runtime dependencies	2026-10-05T14:44:42.7524893Z Setting up libgbm1:amd64 (25.2.8-0ubuntu0.24.04.4) ...
conformance-and-platform	Install toolchain and Linux runtime dependencies	2026-10-05T14:44:42.7543321Z Setting up libgsm1:amd64 (1.0.22-1build1) ...
conformance-and-platform	Install toolchain and Linux runtime dependencies	2026-10-05T14:44:42.7562148Z Setting up libaml0t64:amd64 (0.3.0-1.1build1) ...
conformance-and-platform	Install toolchain and Linux runtime dependencies	2026-10-05T14:44:42.7582181Z Setting up libsoxr0:amd64 (0.1.3-4build3) ...
conformance-and-platform	Install toolchain and Linux runtime dependencies	2026-10-05T14:44:42.7600978Z Setting up libzix-0-0:amd64 (0.4.2-2build1) ...
conformance-and-platform	Install toolchain and Linux runtime dependencies	2026-10-05T14:44:42.7620465Z Setting up libcodec2-1.2:amd64 (1.2.0-2build1) ...
conformance-and-platform	Install toolchain and Linux runtime dependencies	2026-10-05T14:44:42.7641990Z Setting up libwinpr2-2t64:amd64 (2.11.5+dfsg1-1build2) ...
conformance-and-platform	Install toolchain and Linux runtime dependencies	2026-10-05T14:44:42.7659373Z Setting up libxkbcommon-dev:amd64 (1.6.0-1build1) ...
conformance-and-platform	Install toolchain and Linux runtime dependencies	2026-10-05T14:44:42.7677022Z Setting up libgl1-mesa-dri:amd64 (25.2.8-0ubuntu0.24.04.4) ...
conformance-and-platform	Install toolchain and Linux runtime dependencies	2026-10-05T14:44:42.7775428Z Setting up libpng-dev:amd64 (1.6.43-5ubuntu0.6) ...
conformance-and-platform	Install toolchain and Linux runtime dependencies	2026-10-05T14:44:42.7795977Z Setting up libmysofa1:amd64 (1.3.2+dfsg-2ubuntu2) ...
conformance-and-platform	Install toolchain and Linux runtime dependencies	2026-10-05T14:44:42.7815050Z Setting up libwebrtc-audio-processing1:amd64 (0.3.1-0ubuntu6) ...
conformance-and-platform	Install toolchain and Linux runtime dependencies	2026-10-05T14:44:42.7832172Z Setting up libsvtav1enc1d1:amd64 (1.7.0+dfsg-2build1) ...
conformance-and-platform	Install toolchain and Linux runtime dependencies	2026-10-05T14:44:42.7849547Z Setting up libmpg123-0t64:amd64 (1.32.5-1ubuntu1.1) ...
conformance-and-platform	Install toolchain and Linux runtime dependencies	2026-10-05T14:44:42.7867736Z Setting up libcjson1:amd64 (1.7.17-1) ...
conformance-and-platform	Install toolchain and Linux runtime dependencies	2026-10-05T14:44:42.7886530Z Setting up libxvidcore4:amd64 (2:1.3.7-1build1) ...
conformance-and-platform	Install toolchain and Linux runtime dependencies	2026-10-05T14:44:42.7906187Z Setting up libpthread-stubs0-dev:amd64 (0.4-1build3) ...
conformance-and-platform	Install toolchain and Linux runtime dependencies	2026-10-05T14:44:42.7925669Z Setting up librav1e0:amd64 (0.7.1-2) ...
conformance-and-platform	Install toolchain and Linux runtime dependencies	2026-10-05T14:44:42.7948795Z Setting up libopengl0:amd64 (1.7.0-1build1) ...
conformance-and-platform	Install toolchain and Linux runtime dependencies	2026-10-05T14:44:42.7965553Z Setting up ninja-build (1.11.1-2) ...
conformance-and-platform	Install toolchain and Linux runtime dependencies	2026-10-05T14:44:42.7987694Z Setting up liborc-0.4-0t64:amd64 (1:0.4.38-1ubuntu0.1) ...
conformance-and-platform	Install toolchain and Linux runtime dependencies	2026-10-05T14:44:42.8004833Z Setting up libxcb-xkb1:amd64 (1.15-1ubuntu2) ...
conformance-and-platform	Install toolchain and Linux runtime dependencies	2026-10-05T14:44:42.8022213Z Setting up librist4:amd64 (0.2.10+dfsg-2) ...
conformance-and-platform	Install toolchain and Linux runtime dependencies	2026-10-05T14:44:42.8039199Z Setting up librsvg2-2:amd64 (2.58.0+dfsg-1build1) ...
conformance-and-platform	Install toolchain and Linux runtime dependencies	2026-10-05T14:44:42.8060978Z Setting up libclang-18-dev (1:18.1.3-1ubuntu1) ...
conformance-and-platform	Install toolchain and Linux runtime dependencies	2026-10-05T14:44:42.8078015Z Setting up xtrans-dev (1.4.0-1) ...
conformance-and-platform	Install toolchain and Linux runtime dependencies	2026-10-05T14:44:42.8095408Z Setting up libwayland-bin (1.22.0-2.1build1) ...
conformance-and-platform	Install toolchain and Linux runtime dependencies	2026-10-05T14:44:42.8118038Z Setting up libblas3:amd64 (3.12.0-3build1.1) ...
conformance-and-platform	Install toolchain and Linux runtime dependencies	2026-10-05T14:44:42.8176934Z update-alternatives: using /usr/lib/x86_64-linux-gnu/blas/libblas.so.3 to provide /usr/lib/x86_64-linux-gnu/libblas.so.3 (libblas.so.3-x86_64-linux-gnu) in auto mode
conformance-and-platform	Install toolchain and Linux runtime dependencies	2026-10-05T14:44:42.8194665Z Setting up libegl-mesa0:amd64 (25.2.8-0ubuntu0.24.04.4) ...
conformance-and-platform	Install toolchain and Linux runtime dependencies	2026-10-05T14:44:42.8212471Z Setting up libplacebo338:amd64 (6.338.2-2build1) ...
conformance-and-platform	Install toolchain and Linux runtime dependencies	2026-10-05T14:44:42.8230054Z Setting up libgles2:amd64 (1.7.0-1build1) ...
conformance-and-platform	Install toolchain and Linux runtime dependencies	2026-10-05T14:44:42.8251071Z Setting up libva2:amd64 (2.20.0-2ubuntu0.2) ...
conformance-and-platform	Install toolchain and Linux runtime dependencies	2026-10-05T14:44:42.8283438Z Setting up libspa-0.2-modules:amd64 (1.0.5-1ubuntu3.3) ...
conformance-and-platform	Install toolchain and Linux runtime dependencies	2026-10-05T14:44:42.8303851Z Setting up uuid-dev:amd64 (2.39.3-9ubuntu6.6) ...
conformance-and-platform	Install toolchain and Linux runtime dependencies	2026-10-05T14:44:42.8323347Z Setting up clang (1:18.0-59~exp2) ...
conformance-and-platform	Install toolchain and Linux runtime dependencies	2026-10-05T14:44:42.8532226Z Setting up libgles1:amd64 (1.7.0-1build1) ...
conformance-and-platform	Install toolchain and Linux runtime dependencies	2026-10-05T14:44:42.8550667Z Setting up libopus0:amd64 (1.4-1build1) ...
conformance-and-platform	Install toolchain and Linux runtime dependencies	2026-10-05T14:44:42.8572547Z Setting up libxkbcommon-x11-0:amd64 (1.6.0-1build1) ...
conformance-and-platform	Install toolchain and Linux runtime dependencies	2026-10-05T14:44:42.8592986Z Setting up libunibreak5:amd64 (5.1-2build1) ...
conformance-and-platform	Install toolchain and Linux runtime dependencies	2026-10-05T14:44:42.8610057Z Setting up libjxl0.7:amd64 (0.7.0-10.2ubuntu6.1) ...
conformance-and-platform	Install toolchain and Linux runtime dependencies	2026-10-05T14:44:42.8632877Z Setting up libx265-199:amd64 (3.5-2build1) ...
conformance-and-platform	Install toolchain and Linux runtime dependencies	2026-10-05T14:44:42.8649513Z Setting up libturbojpeg:amd64 (1:2.1.5-2ubuntu2) ...
conformance-and-platform	Install toolchain and Linux runtime dependencies	2026-10-05T14:44:42.8670593Z Setting up libvidstab1.1:amd64 (1.1.0-2build1) ...
conformance-and-platform	Install toolchain and Linux runtime dependencies	2026-10-05T14:44:42.8687715Z Setting up libvpx9:amd64 (1.14.0-1ubuntu2.3) ...
conformance-and-platform	Install toolchain and Linux runtime dependencies	2026-10-05T14:44:42.8706836Z Setting up libsrt1.5-gnutls:amd64 (1.5.3-1build2) ...
conformance-and-platform	Install toolchain and Linux runtime dependencies	2026-10-05T14:44:42.8726452Z Setting up libxcb-composite0:amd64 (1.15-1ubuntu2) ...
conformance-and-platform	Install toolchain and Linux runtime dependencies	2026-10-05T14:44:42.8748254Z Setting up libflite1:amd64 (2.2-6build3) ...
conformance-and-platform	Install toolchain and Linux runtime dependencies	2026-10-05T14:44:42.8765509Z Setting up libdav1d7:amd64 (1.4.1-1build1) ...
conformance-and-platform	Install toolchain and Linux runtime dependencies	2026-10-05T14:44:42.8783719Z Setting up libmtdev1t64:amd64 (1.1.6-1.1build1) ...
conformance-and-platform	Install toolchain and Linux runtime dependencies	2026-10-05T14:44:42.8802297Z Setting up libva-drm2:amd64 (2.20.0-2ubuntu0.2) ...
conformance-and-platform	Install toolchain and Linux runtime dependencies	2026-10-05T14:44:42.8820803Z Setting up ocl-icd-libopencl1:amd64 (2.3.2-1build1) ...
conformance-and-platform	Install toolchain and Linux runtime dependencies	2026-10-05T14:44:42.8838341Z Setting up libasyncns0:amd64 (0.8-6build4) ...
conformance-and-platform	Install toolchain and Linux runtime dependencies	2026-10-05T14:44:42.8857549Z Setting up libvdpau1:amd64 (1.5-2build1) ...
conformance-and-platform	Install toolchain and Linux runtime dependencies	2026-10-05T14:44:42.8882918Z Setting up libbs2b0:amd64 (3.1.0+dfsg-7build1) ...
conformance-and-platform	Install toolchain and Linux runtime dependencies	2026-10-05T14:44:42.8905798Z Setting up libtheora0:amd64 (1.1.1+dfsg.1-16.1build3) ...
conformance-and-platform	Install toolchain and Linux runtime dependencies	2026-10-05T14:44:42.8926651Z Setting up libegl1:amd64 (1.7.0-1build1) ...
conformance-and-platform	Install toolchain and Linux runtime dependencies	2026-10-05T14:44:42.8944191Z Setting up libfreerdp2-2t64:amd64 (2.11.5+dfsg1-1build2) ...
conformance-and-platform	Install toolchain and Linux runtime dependencies	2026-10-05T14:44:42.8962739Z Setting up libdecor-0-0:amd64 (0.2.2-1build2) ...
conformance-and-platform	Install toolchain and Linux runtime dependencies	2026-10-05T14:44:42.8984075Z Setting up libzimg2:amd64 (3.0.5+ds1-1build1) ...
conformance-and-platform	Install toolchain and Linux runtime dependencies	2026-10-05T14:44:42.9000218Z Setting up build-essential (12.10ubuntu1) ...
conformance-and-platform	Install toolchain and Linux runtime dependencies	2026-10-05T14:44:42.9019612Z Setting up xorg-sgml-doctools (1:1.11-1.1) ...
conformance-and-platform	Install toolchain and Linux runtime dependencies	2026-10-05T14:44:42.9038828Z Setting up libflac12t64:amd64 (1.4.3+ds-2.1ubuntu2) ...
conformance-and-platform	Install toolchain and Linux runtime dependencies	2026-10-05T14:44:42.9059040Z Setting up libseat1:amd64 (0.8.0-1) ...
conformance-and-platform	Install toolchain and Linux runtime dependencies	2026-10-05T14:44:42.9076678Z Setting up libopengl-dev:amd64 (1.7.0-1build1) ...
conformance-and-platform	Install toolchain and Linux runtime dependencies	2026-10-05T14:44:42.9093315Z Setting up libbluray2:amd64 (1:1.3.4-1build1) ...
conformance-and-platform	Install toolchain and Linux runtime dependencies	2026-10-05T14:44:42.9114641Z Setting up libsamplerate0:amd64 (0.2.2-4build1) ...
conformance-and-platform	Install toolchain and Linux runtime dependencies	2026-10-05T14:44:42.9133304Z Setting up libva-x11-2:amd64 (2.20.0-2ubuntu0.2) ...
conformance-and-platform	Install toolchain and Linux runtime dependencies	2026-10-05T14:44:42.9153922Z Setting up libpipewire-0.3-0t64:amd64 (1.0.5-1ubuntu3.3) ...
conformance-and-platform	Install toolchain and Linux runtime dependencies	2026-10-05T14:44:42.9173690Z Setting up libopenmpt0t64:amd64 (0.7.3-1.1build3) ...
conformance-and-platform	Install toolchain and Linux runtime dependencies	2026-10-05T14:44:42.9192231Z Setting up libbrotli-dev:amd64 (1.1.0-2build2) ...
conformance-and-platform	Install toolchain and Linux runtime dependencies	2026-10-05T14:44:42.9470506Z Setting up libzvbi-common (0.2.42-2) ...
conformance-and-platform	Install toolchain and Linux runtime dependencies	2026-10-05T14:44:42.9493648Z Setting up libmp3lame0:amd64 (3.100-6build1) ...
conformance-and-platform	Install toolchain and Linux runtime dependencies	2026-10-05T14:44:42.9511112Z Setting up libvorbisenc2:amd64 (1.3.7-1build3) ...
conformance-and-platform	Install toolchain and Linux runtime dependencies	2026-10-05T14:44:42.9546412Z Setting up libserd-0-0:amd64 (0.32.2-1) ...
conformance-and-platform	Install toolchain and Linux runtime dependencies	2026-10-05T14:44:42.9565296Z Setting up libwacom-common (2.10.0-2) ...
conformance-and-platform	Install toolchain and Linux runtime dependencies	2026-10-05T14:44:42.9582170Z Setting up libbz2-dev:amd64 (1.0.8-5.1ubuntu0.1) ...
conformance-and-platform	Install toolchain and Linux runtime dependencies	2026-10-05T14:44:42.9598865Z Setting up liblapack3:amd64 (3.12.0-3build1.1) ...
conformance-and-platform	Install toolchain and Linux runtime dependencies	2026-10-05T14:44:42.9658031Z update-alternatives: using /usr/lib/x86_64-linux-gnu/lapack/liblapack.so.3 to provide /usr/lib/x86_64-linux-gnu/liblapack.so.3 (liblapack.so.3-x86_64-linux-gnu) in auto mode
conformance-and-platform	Install toolchain and Linux runtime dependencies	2026-10-05T14:44:42.9673903Z Setting up libglx-mesa0:amd64 (25.2.8-0ubuntu0.24.04.4) ...
conformance-and-platform	Install toolchain and Linux runtime dependencies	2026-10-05T14:44:42.9696181Z Setting up libzvbi0t64:amd64 (0.2.42-2) ...
conformance-and-platform	Install toolchain and Linux runtime dependencies	2026-10-05T14:44:42.9714883Z Setting up libwacom9:amd64 (2.10.0-2) ...
conformance-and-platform	Install toolchain and Linux runtime dependencies	2026-10-05T14:44:42.9732843Z Setting up libgstreamer-plugins-base1.0-0:amd64 (1.24.2-1ubuntu0.5) ...
conformance-and-platform	Install toolchain and Linux runtime dependencies	2026-10-05T14:44:42.9751450Z Setting up libavutil58:amd64 (7:6.1.1-3ubuntu5) ...
conformance-and-platform	Install toolchain and Linux runtime dependencies	2026-10-05T14:44:42.9768264Z Setting up libwayland-dev:amd64 (1.22.0-2.1build1) ...
conformance-and-platform	Install toolchain and Linux runtime dependencies	2026-10-05T14:44:42.9788183Z Setting up libinput-bin (1.25.0-1ubuntu3.7) ...
conformance-and-platform	Install toolchain and Linux runtime dependencies	2026-10-05T14:44:42.9806859Z Setting up libfreetype-dev:amd64 (2.13.2+dfsg-1ubuntu0.1) ...
conformance-and-platform	Install toolchain and Linux runtime dependencies	2026-10-05T14:44:42.9824776Z Setting up libass9:amd64 (1:0.17.1-2build1) ...
conformance-and-platform	Install toolchain and Linux runtime dependencies	2026-10-05T14:44:42.9844533Z Setting up mesa-utils-bin:amd64 (9.0.0-2) ...
conformance-and-platform	Install toolchain and Linux runtime dependencies	2026-10-05T14:44:42.9861716Z Setting up libswresample4:amd64 (7:6.1.1-3ubuntu5) ...
conformance-and-platform	Install toolchain and Linux runtime dependencies	2026-10-05T14:44:42.9882303Z Setting up libfreerdp-server2-2t64:amd64 (2.11.5+dfsg1-1build2) ...
conformance-and-platform	Install toolchain and Linux runtime dependencies	2026-10-05T14:44:42.9899281Z Setting up libavcodec60:amd64 (7:6.1.1-3ubuntu5) ...
conformance-and-platform	Install toolchain and Linux runtime dependencies	2026-10-05T14:44:42.9917392Z Setting up librubberband2:amd64 (3.3.0+dfsg-2build1) ...
conformance-and-platform	Install toolchain and Linux runtime dependencies	2026-10-05T14:44:42.9936876Z Setting up libsord-0-0:amd64 (0.16.16-2build1) ...
conformance-and-platform	Install toolchain and Linux runtime dependencies	2026-10-05T14:44:42.9953812Z Setting up libpostproc57:amd64 (7:6.1.1-3ubuntu5) ...
conformance-and-platform	Install toolchain and Linux runtime dependencies	2026-10-05T14:44:42.9974907Z Setting up libsratom-0-0:amd64 (0.6.16-1build1) ...
conformance-and-platform	Install toolchain and Linux runtime dependencies	2026-10-05T14:44:42.9991213Z Setting up libsndfile1:amd64 (1.2.2-1ubuntu5.24.04.1) ...
conformance-and-platform	Install toolchain and Linux runtime dependencies	2026-10-05T14:44:43.0010524Z Setting up liblilv-0-0:amd64 (0.24.22-1build1) ...
conformance-and-platform	Install toolchain and Linux runtime dependencies	2026-10-05T14:44:43.0033815Z Setting up libswscale7:amd64 (7:6.1.1-3ubuntu5) ...
conformance-and-platform	Install toolchain and Linux runtime dependencies	2026-10-05T14:44:43.0053877Z Setting up libinput10:amd64 (1.25.0-1ubuntu3.7) ...
conformance-and-platform	Install toolchain and Linux runtime dependencies	2026-10-05T14:44:43.0072652Z Setting up libpulse0:amd64 (1:16.1+dfsg1-2ubuntu10.1) ...
conformance-and-platform	Install toolchain and Linux runtime dependencies	2026-10-05T14:44:43.0145957Z Setting up libfontconfig-dev:amd64 (2.15.0-1.1ubuntu2) ...
conformance-and-platform	Install toolchain and Linux runtime dependencies	2026-10-05T14:44:43.0164140Z Setting up libavformat60:amd64 (7:6.1.1-3ubuntu5) ...
conformance-and-platform	Install toolchain and Linux runtime dependencies	2026-10-05T14:44:43.0188083Z Setting up libsphinxbase3t64:amd64 (0.8+5prealpha+1-17build2) ...
conformance-and-platform	Install toolchain and Linux runtime dependencies	2026-10-05T14:44:43.0208628Z Setting up mesa-utils (9.0.0-2) ...
conformance-and-platform	Install toolchain and Linux runtime dependencies	2026-10-05T14:44:43.0230907Z Setting up libfontconfig1-dev:amd64 (2.15.0-1.1ubuntu2) ...
conformance-and-platform	Install toolchain and Linux runtime dependencies	2026-10-05T14:44:43.0249331Z Setting up libpocketsphinx3:amd64 (0.8.0+real5prealpha+1-15ubuntu5) ...
conformance-and-platform	Install toolchain and Linux runtime dependencies	2026-10-05T14:44:43.0267219Z Setting up libavfilter9:amd64 (7:6.1.1-3ubuntu5) ...
conformance-and-platform	Install toolchain and Linux runtime dependencies	2026-10-05T14:44:43.0285944Z Setting up libneatvnc0:amd64 (0.7.1+dfsg-2build3) ...
conformance-and-platform	Install toolchain and Linux runtime dependencies	2026-10-05T14:44:43.0304388Z Setting up libweston-13-0:amd64 (13.0.0-4build3) ...
conformance-and-platform	Install toolchain and Linux runtime dependencies	2026-10-05T14:44:43.0325788Z Setting up weston (13.0.0-4build3) ...
conformance-and-platform	Install toolchain and Linux runtime dependencies	2026-10-05T14:44:43.0433461Z Processing triggers for libc-bin (2.39-0ubuntu8.9) ...
conformance-and-platform	Install toolchain and Linux runtime dependencies	2026-10-05T14:44:43.0864990Z Processing triggers for man-db (2.12.0-4build2) ...
conformance-and-platform	Install toolchain and Linux runtime dependencies	2026-10-05T14:44:43.0888374Z Not building database; man-db/auto-update is not 'true'.
conformance-and-platform	Install toolchain and Linux runtime dependencies	2026-10-05T14:44:43.0904607Z Processing triggers for udev (255.4-1ubuntu8.17) ...
conformance-and-platform	Install toolchain and Linux runtime dependencies	2026-10-05T14:44:43.6081891Z Processing triggers for sgml-base (1.31) ...
conformance-and-platform	Install toolchain and Linux runtime dependencies	2026-10-05T14:44:43.6308030Z Setting up x11proto-dev (2023.2-1) ...
conformance-and-platform	Install toolchain and Linux runtime dependencies	2026-10-05T14:44:43.6328822Z Setting up libxau-dev:amd64 (1:1.0.9-1build6) ...
conformance-and-platform	Install toolchain and Linux runtime dependencies	2026-10-05T14:44:43.6363101Z Setting up libxdmcp-dev:amd64 (1:1.1.3-0ubuntu6) ...
conformance-and-platform	Install toolchain and Linux runtime dependencies	2026-10-05T14:44:43.6401229Z Setting up libxcb1-dev:amd64 (1.15-1ubuntu2) ...
conformance-and-platform	Install toolchain and Linux runtime dependencies	2026-10-05T14:44:43.6424337Z Setting up libx11-dev:amd64 (2:1.8.7-1build1) ...
conformance-and-platform	Install toolchain and Linux runtime dependencies	2026-10-05T14:44:43.6457211Z Setting up libglx-dev:amd64 (1.7.0-1build1) ...
conformance-and-platform	Install toolchain and Linux runtime dependencies	2026-10-05T14:44:43.6482868Z Setting up libgl-dev:amd64 (1.7.0-1build1) ...
conformance-and-platform	Install toolchain and Linux runtime dependencies	2026-10-05T14:44:43.6509979Z Setting up libx11-xcb-dev:amd64 (2:1.8.7-1build1) ...
conformance-and-platform	Install toolchain and Linux runtime dependencies	2026-10-05T14:44:43.6534383Z Setting up libegl-dev:amd64 (1.7.0-1build1) ...
conformance-and-platform	Install toolchain and Linux runtime dependencies	2026-10-05T14:44:43.6568351Z Setting up libgles-dev:amd64 (1.7.0-1build1) ...
conformance-and-platform	Install toolchain and Linux runtime dependencies	2026-10-05T14:44:43.6590109Z Setting up libglvnd-dev:amd64 (1.7.0-1build1) ...
conformance-and-platform	Install toolchain and Linux runtime dependencies	2026-10-05T14:44:43.6618277Z Setting up libgl1-mesa-dev:amd64 (25.2.8-0ubuntu0.24.04.4) ...
conformance-and-platform	Install toolchain and Linux runtime dependencies	2026-10-05T14:44:44.3286008Z 
conformance-and-platform	Install toolchain and Linux runtime dependencies	2026-10-05T14:44:44.3286600Z Running kernel seems to be up-to-date.
conformance-and-platform	Install toolchain and Linux runtime dependencies	2026-10-05T14:44:44.3287118Z 
conformance-and-platform	Install toolchain and Linux runtime dependencies	2026-10-05T14:44:44.3288137Z No services need to be restarted.
conformance-and-platform	Install toolchain and Linux runtime dependencies	2026-10-05T14:44:44.3288697Z 
conformance-and-platform	Install toolchain and Linux runtime dependencies	2026-10-05T14:44:44.3289017Z No containers need to be restarted.
conformance-and-platform	Install toolchain and Linux runtime dependencies	2026-10-05T14:44:44.3289370Z 
conformance-and-platform	Install toolchain and Linux runtime dependencies	2026-10-05T14:44:44.3289587Z No user sessions are running outdated binaries.
conformance-and-platform	Install toolchain and Linux runtime dependencies	2026-10-05T14:44:44.3289963Z 
conformance-and-platform	Install toolchain and Linux runtime dependencies	2026-10-05T14:44:44.3290293Z No VM guests are running outdated hypervisor (qemu) binaries on this host.
conformance-and-platform	Install toolchain and Linux runtime dependencies	2026-10-05T14:44:45.2103153Z info: syncing channel updates for 1.94.1-x86_64-unknown-linux-gnu
conformance-and-platform	Install toolchain and Linux runtime dependencies	2026-10-05T14:44:45.3883500Z info: latest update on 2026-03-26 for version 1.94.1 (e408947bf 2026-03-25)
conformance-and-platform	Install toolchain and Linux runtime dependencies	2026-10-05T14:44:45.3884030Z info: downloading 4 components
conformance-and-platform	Install toolchain and Linux runtime dependencies	2026-10-05T14:44:52.8583428Z 
conformance-and-platform	Install toolchain and Linux runtime dependencies	2026-10-05T14:44:52.8658237Z   1.94.1-x86_64-unknown-linux-gnu installed - rustc 1.94.1 (e408947bf 2026-03-25)
conformance-and-platform	Install toolchain and Linux runtime dependencies	2026-10-05T14:44:52.8658866Z 
conformance-and-platform	Install toolchain and Linux runtime dependencies	2026-10-05T14:44:52.8736604Z info: using existing install for 1.94.1-x86_64-unknown-linux-gnu
conformance-and-platform	Install toolchain and Linux runtime dependencies	2026-10-05T14:44:52.8742191Z info: default toolchain set to 1.94.1-x86_64-unknown-linux-gnu
conformance-and-platform	Install toolchain and Linux runtime dependencies	2026-10-05T14:44:52.8742685Z 
conformance-and-platform	Install toolchain and Linux runtime dependencies	2026-10-05T14:44:52.8809930Z   1.94.1-x86_64-unknown-linux-gnu unchanged - rustc 1.94.1 (e408947bf 2026-03-25)
conformance-and-platform	Install toolchain and Linux runtime dependencies	2026-10-05T14:44:52.8810681Z 
conformance-and-platform	Run actions/cache@v5	﻿2026-10-05T14:44:53.0502300Z ##[group]Run actions/cache@v5
conformance-and-platform	Run actions/cache@v5	2026-10-05T14:44:53.0502664Z with:
conformance-and-platform	Run actions/cache@v5	2026-10-05T14:44:53.0502989Z   path: ~/.cargo/git
conformance-and-platform	Run actions/cache@v5	~/.cargo/registry
conformance-and-platform	Run actions/cache@v5	bindings/rust/target
conformance-and-platform	Run actions/cache@v5	
conformance-and-platform	Run actions/cache@v5	2026-10-05T14:44:53.0503667Z   key: v02-hardening-Linux-1.94.1-fb34f7045b13690422332ca00f8747395dca2fa1d8a8e28868ee97a1a1a44b75
conformance-and-platform	Run actions/cache@v5	2026-10-05T14:44:53.0504295Z   enableCrossOsArchive: false
conformance-and-platform	Run actions/cache@v5	2026-10-05T14:44:53.0504596Z   fail-on-cache-miss: false
conformance-and-platform	Run actions/cache@v5	2026-10-05T14:44:53.0504876Z   lookup-only: false
conformance-and-platform	Run actions/cache@v5	2026-10-05T14:44:53.0505127Z   save-always: false
conformance-and-platform	Run actions/cache@v5	2026-10-05T14:44:53.0505362Z env:
conformance-and-platform	Run actions/cache@v5	2026-10-05T14:44:53.0505583Z   BINDGEN_EXTRA_CLANG_ARGS: 
conformance-and-platform	Run actions/cache@v5	2026-10-05T14:44:53.0505906Z   CARGO_TARGET_X86_64_UNKNOWN_LINUX_GNU_RUSTFLAGS: 
conformance-and-platform	Run actions/cache@v5	2026-10-05T14:44:53.0506266Z   CC: clang
conformance-and-platform	Run actions/cache@v5	2026-10-05T14:44:53.0506484Z   CXX: clang++
conformance-and-platform	Run actions/cache@v5	2026-10-05T14:44:53.0506702Z   CXXFLAGS: 
conformance-and-platform	Run actions/cache@v5	2026-10-05T14:44:53.0506973Z   CARGO_TERM_COLOR: always
conformance-and-platform	Run actions/cache@v5	2026-10-05T14:44:53.0507239Z   FORCE_SKIA_BUILD: 1
conformance-and-platform	Run actions/cache@v5	2026-10-05T14:44:53.0507493Z   PKG_CONFIG_SYSROOT_DIR: 
conformance-and-platform	Run actions/cache@v5	2026-10-05T14:44:53.0508322Z   SKIA_GN_ARGS: extra_cflags += [ "-DSK_SUPPORT_LEGACY_CONIC_CHOP", "-DSK_USE_FREETYPE_EMBOLDEN", "-DSK_GAMMA_EXPONENT=1.2", "-DSK_GAMMA_CONTRAST=0.2", "-fno-strict-aliasing", "-msse3" ]
conformance-and-platform	Run actions/cache@v5	2026-10-05T14:44:53.0509272Z   SKIA_NINJA_COMMAND: ninja
conformance-and-platform	Run actions/cache@v5	2026-10-05T14:44:53.0509537Z ##[endgroup]
conformance-and-platform	Run actions/cache@v5	2026-10-05T14:44:53.2834807Z Cache hit for: v02-hardening-Linux-1.94.1-fb34f7045b13690422332ca00f8747395dca2fa1d8a8e28868ee97a1a1a44b75
conformance-and-platform	Run actions/cache@v5	2026-10-05T14:44:54.3435616Z Received 255852544 of 2696292356 (9.5%), 244.0 MBs/sec
conformance-and-platform	Run actions/cache@v5	2026-10-05T14:44:55.3482564Z Received 532676608 of 2696292356 (19.8%), 253.9 MBs/sec
conformance-and-platform	Run actions/cache@v5	2026-10-05T14:44:56.3455038Z Received 805306368 of 2696292356 (29.9%), 255.8 MBs/sec
conformance-and-platform	Run actions/cache@v5	2026-10-05T14:44:57.3463992Z Received 1107296256 of 2696292356 (41.1%), 263.8 MBs/sec
conformance-and-platform	Run actions/cache@v5	2026-10-05T14:44:58.3471420Z Received 1388314624 of 2696292356 (51.5%), 264.6 MBs/sec
conformance-and-platform	Run actions/cache@v5	2026-10-05T14:44:59.3542143Z Received 1660944384 of 2696292356 (61.6%), 263.6 MBs/sec
conformance-and-platform	Run actions/cache@v5	2026-10-05T14:45:00.3547279Z Received 1954545664 of 2696292356 (72.5%), 265.9 MBs/sec
conformance-and-platform	Run actions/cache@v5	2026-10-05T14:45:01.3558405Z Received 2206203904 of 2696292356 (81.8%), 262.6 MBs/sec
conformance-and-platform	Run actions/cache@v5	2026-10-05T14:45:02.3559152Z Received 2470445056 of 2696292356 (91.6%), 261.4 MBs/sec
conformance-and-platform	Run actions/cache@v5	2026-10-05T14:45:03.1550270Z Received 2696292356 of 2696292356 (100.0%), 262.1 MBs/sec
conformance-and-platform	Run actions/cache@v5	2026-10-05T14:45:03.1552955Z Cache Size: ~2571 MB (2696292356 B)
conformance-and-platform	Run actions/cache@v5	2026-10-05T14:45:03.1664556Z [command]/usr/bin/tar -xf /home/runner/work/_temp/aca30483-f96e-47c5-be8a-70e9907db3b5/cache.tzst -P -C /home/runner/work/open-ui/open-ui --use-compress-program unzstd
conformance-and-platform	Run actions/cache@v5	2026-10-05T14:45:21.4001180Z Cache restored successfully
conformance-and-platform	Run actions/cache@v5	2026-10-05T14:45:21.7451377Z Cache restored from key: v02-hardening-Linux-1.94.1-fb34f7045b13690422332ca00f8747395dca2fa1d8a8e28868ee97a1a1a44b75
conformance-and-platform	Verify scenario and performance schemas	﻿2026-10-05T14:45:21.7620964Z ##[group]Run python3 tools/conformance/verify_v02.py
conformance-and-platform	Verify scenario and performance schemas	2026-10-05T14:45:21.7621402Z [36;1mpython3 tools/conformance/verify_v02.py[0m
conformance-and-platform	Verify scenario and performance schemas	2026-10-05T14:45:21.7622182Z [36;1mpython3 tools/performance/verify_v02.py[0m
conformance-and-platform	Verify scenario and performance schemas	2026-10-05T14:45:21.7622546Z [36;1mpython3 tools/performance/verify_v02.py \[0m
conformance-and-platform	Verify scenario and performance schemas	2026-10-05T14:45:21.7622942Z [36;1m  tools/performance/results/local-wsl2-2026-09-13.json[0m
conformance-and-platform	Verify scenario and performance schemas	2026-10-05T14:45:22.6856391Z shell: /usr/bin/bash -e {0}
conformance-and-platform	Verify scenario and performance schemas	2026-10-05T14:45:22.6856735Z env:
conformance-and-platform	Verify scenario and performance schemas	2026-10-05T14:45:22.6857008Z   BINDGEN_EXTRA_CLANG_ARGS: 
conformance-and-platform	Verify scenario and performance schemas	2026-10-05T14:45:22.6857383Z   CARGO_TARGET_X86_64_UNKNOWN_LINUX_GNU_RUSTFLAGS: 
conformance-and-platform	Verify scenario and performance schemas	2026-10-05T14:45:22.6857781Z   CC: clang
conformance-and-platform	Verify scenario and performance schemas	2026-10-05T14:45:22.6858023Z   CXX: clang++
conformance-and-platform	Verify scenario and performance schemas	2026-10-05T14:45:22.6858273Z   CXXFLAGS: 
conformance-and-platform	Verify scenario and performance schemas	2026-10-05T14:45:22.6858535Z   CARGO_TERM_COLOR: always
conformance-and-platform	Verify scenario and performance schemas	2026-10-05T14:45:22.6858833Z   FORCE_SKIA_BUILD: 1
conformance-and-platform	Verify scenario and performance schemas	2026-10-05T14:45:22.6859122Z   PKG_CONFIG_SYSROOT_DIR: 
conformance-and-platform	Verify scenario and performance schemas	2026-10-05T14:45:22.6860041Z   SKIA_GN_ARGS: extra_cflags += [ "-DSK_SUPPORT_LEGACY_CONIC_CHOP", "-DSK_USE_FREETYPE_EMBOLDEN", "-DSK_GAMMA_EXPONENT=1.2", "-DSK_GAMMA_CONTRAST=0.2", "-fno-strict-aliasing", "-msse3" ]
conformance-and-platform	Verify scenario and performance schemas	2026-10-05T14:45:22.6861080Z   SKIA_NINJA_COMMAND: ninja
conformance-and-platform	Verify scenario and performance schemas	2026-10-05T14:45:22.6861382Z ##[endgroup]
conformance-and-platform	Verify scenario and performance schemas	2026-10-05T14:45:23.2852936Z v0.2 conformance manifest: 58 scenarios, 10 domains, exact test parity
conformance-and-platform	Verify scenario and performance schemas	2026-10-05T14:45:23.5857256Z v0.2 performance profile: schema valid; qualification still required
conformance-and-platform	Verify scenario and performance schemas	2026-10-05T14:45:23.6184811Z v0.2 local performance smoke gates passed
conformance-and-platform	Run application conformance suite	﻿2026-10-05T14:45:23.6263363Z ##[group]Run cargo test --locked --package openui --test v02_conformance -- --test-threads=1
conformance-and-platform	Run application conformance suite	2026-10-05T14:45:23.6264059Z [36;1mcargo test --locked --package openui --test v02_conformance -- --test-threads=1[0m
conformance-and-platform	Run application conformance suite	2026-10-05T14:45:23.6325557Z shell: /usr/bin/bash -e {0}
conformance-and-platform	Run application conformance suite	2026-10-05T14:45:23.6325825Z env:
conformance-and-platform	Run application conformance suite	2026-10-05T14:45:23.6326031Z   BINDGEN_EXTRA_CLANG_ARGS: 
conformance-and-platform	Run application conformance suite	2026-10-05T14:45:23.6326379Z   CARGO_TARGET_X86_64_UNKNOWN_LINUX_GNU_RUSTFLAGS: 
conformance-and-platform	Run application conformance suite	2026-10-05T14:45:23.6326720Z   CC: clang
conformance-and-platform	Run application conformance suite	2026-10-05T14:45:23.6326917Z   CXX: clang++
conformance-and-platform	Run application conformance suite	2026-10-05T14:45:23.6327132Z   CXXFLAGS: 
conformance-and-platform	Run application conformance suite	2026-10-05T14:45:23.6327336Z   CARGO_TERM_COLOR: always
conformance-and-platform	Run application conformance suite	2026-10-05T14:45:23.6327580Z   FORCE_SKIA_BUILD: 1
conformance-and-platform	Run application conformance suite	2026-10-05T14:45:23.6327811Z   PKG_CONFIG_SYSROOT_DIR: 
conformance-and-platform	Run application conformance suite	2026-10-05T14:45:23.6328552Z   SKIA_GN_ARGS: extra_cflags += [ "-DSK_SUPPORT_LEGACY_CONIC_CHOP", "-DSK_USE_FREETYPE_EMBOLDEN", "-DSK_GAMMA_EXPONENT=1.2", "-DSK_GAMMA_CONTRAST=0.2", "-fno-strict-aliasing", "-msse3" ]
conformance-and-platform	Run application conformance suite	2026-10-05T14:45:23.6329322Z   SKIA_NINJA_COMMAND: ninja
conformance-and-platform	Run application conformance suite	2026-10-05T14:45:23.6329610Z ##[endgroup]
conformance-and-platform	Run application conformance suite	2026-10-05T14:45:25.0434659Z [1m[92m   Compiling[0m bytemuck_derive v1.10.2 (/home/runner/work/open-ui/open-ui/bindings/rust/vendor/bytemuck_derive-v1)
conformance-and-platform	Run application conformance suite	2026-10-05T14:45:25.0437579Z [1m[92m   Compiling[0m openui-geometry v0.2.0 (/home/runner/work/open-ui/open-ui/bindings/rust/openui-geometry)
conformance-and-platform	Run application conformance suite	2026-10-05T14:45:25.6531351Z [1m[92m   Compiling[0m openui-style v0.2.0 (/home/runner/work/open-ui/open-ui/bindings/rust/openui-style)
conformance-and-platform	Run application conformance suite	2026-10-05T14:45:26.0695066Z [1m[92m   Compiling[0m bytemuck v1.25.0 (/home/runner/work/open-ui/open-ui/bindings/rust/vendor/bytemuck-v1)
conformance-and-platform	Run application conformance suite	2026-10-05T14:45:26.1092208Z [1m[92m   Compiling[0m font-types v0.11.0 (/home/runner/work/open-ui/open-ui/bindings/rust/vendor/font-types-v0_11)
conformance-and-platform	Run application conformance suite	2026-10-05T14:45:26.1980869Z [1m[92m   Compiling[0m read-fonts v0.37.0 (/home/runner/work/open-ui/open-ui/bindings/rust/vendor/read-fonts-v0_37)
conformance-and-platform	Run application conformance suite	2026-10-05T14:45:26.2910397Z [1m[92m   Compiling[0m openui-macros v0.2.0 (/home/runner/work/open-ui/open-ui/bindings/rust/openui-macros)
conformance-and-platform	Run application conformance suite	2026-10-05T14:45:27.0508250Z [1m[92m   Compiling[0m skrifa v0.40.0 (/home/runner/work/open-ui/open-ui/bindings/rust/vendor/skrifa-v0_40)
conformance-and-platform	Run application conformance suite	2026-10-05T14:45:27.3735890Z [1m[92m   Compiling[0m openui-text v0.2.0 (/home/runner/work/open-ui/open-ui/bindings/rust/openui-text)
conformance-and-platform	Run application conformance suite	2026-10-05T14:45:27.5696430Z [1m[92m   Compiling[0m openui-dom v0.2.0 (/home/runner/work/open-ui/open-ui/bindings/rust/openui-dom)
conformance-and-platform	Run application conformance suite	2026-10-05T14:45:27.6293044Z [1m[92m   Compiling[0m openui-layout v0.2.0 (/home/runner/work/open-ui/open-ui/bindings/rust/openui-layout)
conformance-and-platform	Run application conformance suite	2026-10-05T14:45:27.9414149Z [1m[33mwarning[0m[1m: unused import: `BfcOffset`[0m
conformance-and-platform	Run application conformance suite	2026-10-05T14:45:27.9414983Z   [1m[94m--> [0mopenui-layout/src/bfc_resolution.rs:17:23
conformance-and-platform	Run application conformance suite	2026-10-05T14:45:27.9415552Z    [1m[94m|[0m
conformance-and-platform	Run application conformance suite	2026-10-05T14:45:27.9421401Z [1m[94m17[0m [1m[94m|[0m use openui_geometry::{BfcOffset, BoxStrut, LayoutUnit, MarginStrut};
conformance-and-platform	Run application conformance suite	2026-10-05T14:45:27.9422948Z    [1m[94m|[0m                       [1m[33m^^^^^^^^^[0m
conformance-and-platform	Run application conformance suite	2026-10-05T14:45:27.9423534Z    [1m[94m|[0m
conformance-and-platform	Run application conformance suite	2026-10-05T14:45:27.9424343Z    [1m[94m= [0m[1mnote[0m: `#[warn(unused_imports)]` (part of `#[warn(unused)]`) on by default
conformance-and-platform	Run application conformance suite	2026-10-05T14:45:27.9425120Z 
conformance-and-platform	Run application conformance suite	2026-10-05T14:45:27.9458556Z [1m[33mwarning[0m[1m: unused import: `balance_columns`[0m
conformance-and-platform	Run application conformance suite	2026-10-05T14:45:27.9459366Z      [1m[94m--> [0mopenui-layout/src/block.rs:19571:9
conformance-and-platform	Run application conformance suite	2026-10-05T14:45:27.9459913Z       [1m[94m|[0m
conformance-and-platform	Run application conformance suite	2026-10-05T14:45:27.9460761Z [1m[94m19571[0m [1m[94m|[0m         balance_columns, balance_columns_with_margins, compute_column_positions,
conformance-and-platform	Run application conformance suite	2026-10-05T14:45:27.9461993Z       [1m[94m|[0m         [1m[33m^^^^^^^^^^^^^^^[0m
conformance-and-platform	Run application conformance suite	2026-10-05T14:45:27.9462357Z 
conformance-and-platform	Run application conformance suite	2026-10-05T14:45:27.9552688Z [1m[33mwarning[0m[1m: unused import: `super::*`[0m
conformance-and-platform	Run application conformance suite	2026-10-05T14:45:27.9554034Z     [1m[94m--> [0mopenui-layout/src/intrinsic_sizing.rs:3974:9
conformance-and-platform	Run application conformance suite	2026-10-05T14:45:27.9555069Z      [1m[94m|[0m
conformance-and-platform	Run application conformance suite	2026-10-05T14:45:27.9555963Z [1m[94m3974[0m [1m[94m|[0m     use super::*;
conformance-and-platform	Run application conformance suite	2026-10-05T14:45:27.9556957Z      [1m[94m|[0m         [1m[33m^^^^^^^^[0m
conformance-and-platform	Run application conformance suite	2026-10-05T14:45:27.9558076Z 
conformance-and-platform	Run application conformance suite	2026-10-05T14:45:27.9558760Z [1m[33mwarning[0m[1m: unused import: `std::sync::Arc`[0m
conformance-and-platform	Run application conformance suite	2026-10-05T14:45:27.9560022Z   [1m[94m--> [0mopenui-layout/src/new_formatting_context.rs:17:5
conformance-and-platform	Run application conformance suite	2026-10-05T14:45:27.9560699Z    [1m[94m|[0m
conformance-and-platform	Run application conformance suite	2026-10-05T14:45:27.9561254Z [1m[94m17[0m [1m[94m|[0m use std::sync::Arc;
conformance-and-platform	Run application conformance suite	2026-10-05T14:45:27.9562245Z    [1m[94m|[0m     [1m[33m^^^^^^^^^^^^^^[0m
conformance-and-platform	Run application conformance suite	2026-10-05T14:45:27.9562624Z 
conformance-and-platform	Run application conformance suite	2026-10-05T14:45:27.9562953Z [1m[33mwarning[0m[1m: unused import: `ClearType`[0m
conformance-and-platform	Run application conformance suite	2026-10-05T14:45:27.9563597Z   [1m[94m--> [0mopenui-layout/src/new_formatting_context.rs:24:25
conformance-and-platform	Run application conformance suite	2026-10-05T14:45:27.9564109Z    [1m[94m|[0m
conformance-and-platform	Run application conformance suite	2026-10-05T14:45:27.9564680Z [1m[94m24[0m [1m[94m|[0m use crate::exclusions::{ClearType, ExclusionSpace};
conformance-and-platform	Run application conformance suite	2026-10-05T14:45:27.9565341Z    [1m[94m|[0m                         [1m[33m^^^^^^^^^[0m
conformance-and-platform	Run application conformance suite	2026-10-05T14:45:27.9565664Z 
conformance-and-platform	Run application conformance suite	2026-10-05T14:45:27.9566085Z [1m[33mwarning[0m[1m: unused import: `crate::layout_result::LayoutResult`[0m
conformance-and-platform	Run application conformance suite	2026-10-05T14:45:27.9566840Z   [1m[94m--> [0mopenui-layout/src/new_formatting_context.rs:26:5
conformance-and-platform	Run application conformance suite	2026-10-05T14:45:27.9567350Z    [1m[94m|[0m
conformance-and-platform	Run application conformance suite	2026-10-05T14:45:27.9567889Z [1m[94m26[0m [1m[94m|[0m use crate::layout_result::LayoutResult;
conformance-and-platform	Run application conformance suite	2026-10-05T14:45:27.9568520Z    [1m[94m|[0m     [1m[33m^^^^^^^^^^^^^^^^^^^^^^^^^^^^^^^^^^[0m
conformance-and-platform	Run application conformance suite	2026-10-05T14:45:27.9568858Z 
conformance-and-platform	Run application conformance suite	2026-10-05T14:45:28.1058574Z [1m[33mwarning[0m[1m: variable `reconstructed_block_in_inline` is assigned to, but never used[0m
conformance-and-platform	Run application conformance suite	2026-10-05T14:45:28.1060083Z     [1m[94m--> [0mopenui-layout/src/block.rs:2104:9
conformance-and-platform	Run application conformance suite	2026-10-05T14:45:28.1060675Z      [1m[94m|[0m
conformance-and-platform	Run application conformance suite	2026-10-05T14:45:28.1061331Z [1m[94m2104[0m [1m[94m|[0m     let mut reconstructed_block_in_inline = false;
conformance-and-platform	Run application conformance suite	2026-10-05T14:45:28.1062637Z      [1m[94m|[0m         [1m[33m^^^^^^^^^^^^^^^^^^^^^^^^^^^^^^^^^[0m
conformance-and-platform	Run application conformance suite	2026-10-05T14:45:28.1063254Z      [1m[94m|[0m
conformance-and-platform	Run application conformance suite	2026-10-05T14:45:28.1064301Z      [1m[94m= [0m[1mnote[0m: consider using `_reconstructed_block_in_inline` instead
conformance-and-platform	Run application conformance suite	2026-10-05T14:45:28.1066082Z      [1m[94m= [0m[1mnote[0m: `#[warn(unused_variables)]` (part of `#[warn(unused)]`) on by default
conformance-and-platform	Run application conformance suite	2026-10-05T14:45:28.1066597Z 
conformance-and-platform	Run application conformance suite	2026-10-05T14:45:28.1066919Z [1m[33mwarning[0m[1m: variable does not need to be mutable[0m
conformance-and-platform	Run application conformance suite	2026-10-05T14:45:28.1067526Z     [1m[94m--> [0mopenui-layout/src/block.rs:6781:9
conformance-and-platform	Run application conformance suite	2026-10-05T14:45:28.1067984Z      [1m[94m|[0m
conformance-and-platform	Run application conformance suite	2026-10-05T14:45:28.1068557Z [1m[94m6781[0m [1m[94m|[0m     let mut child_margin = resolve_margins_in_parent_axes(
conformance-and-platform	Run application conformance suite	2026-10-05T14:45:28.1069277Z      [1m[94m|[0m         [1m[94m----[0m[1m[33m^^^^^^^^^^^^[0m
conformance-and-platform	Run application conformance suite	2026-10-05T14:45:28.1069814Z      [1m[94m|[0m         [1m[94m|[0m
conformance-and-platform	Run application conformance suite	2026-10-05T14:45:28.1070322Z      [1m[94m|[0m         [1m[94mhelp: remove this `mut`[0m
conformance-and-platform	Run application conformance suite	2026-10-05T14:45:28.1070782Z      [1m[94m|[0m
conformance-and-platform	Run application conformance suite	2026-10-05T14:45:28.1071359Z      [1m[94m= [0m[1mnote[0m: `#[warn(unused_mut)]` (part of `#[warn(unused)]`) on by default
conformance-and-platform	Run application conformance suite	2026-10-05T14:45:28.1072022Z 
conformance-and-platform	Run application conformance suite	2026-10-05T14:45:28.1299957Z [1m[33mwarning[0m[1m: field `source_caption_end` is never read[0m
conformance-and-platform	Run application conformance suite	2026-10-05T14:45:28.1301085Z     [1m[94m--> [0mopenui-layout/src/block.rs:9551:5
conformance-and-platform	Run application conformance suite	2026-10-05T14:45:28.1302117Z      [1m[94m|[0m
conformance-and-platform	Run application conformance suite	2026-10-05T14:45:28.1302906Z [1m[94m9550[0m [1m[94m|[0m struct CaptionedRepeatedTableFlow {
conformance-and-platform	Run application conformance suite	2026-10-05T14:45:28.1304050Z      [1m[94m|[0m        [1m[94m--------------------------[0m [1m[94mfield in this struct[0m
conformance-and-platform	Run application conformance suite	2026-10-05T14:45:28.1304817Z [1m[94m9551[0m [1m[94m|[0m     source_caption_end: LayoutUnit,
conformance-and-platform	Run application conformance suite	2026-10-05T14:45:28.1305382Z      [1m[94m|[0m     [1m[33m^^^^^^^^^^^^^^^^^^[0m
conformance-and-platform	Run application conformance suite	2026-10-05T14:45:28.1305812Z      [1m[94m|[0m
conformance-and-platform	Run application conformance suite	2026-10-05T14:45:28.1306916Z      [1m[94m= [0m[1mnote[0m: `CaptionedRepeatedTableFlow` has derived impls for the traits `Debug` and `Clone`, but these are intentionally ignored during dead code analysis
conformance-and-platform	Run application conformance suite	2026-10-05T14:45:28.1308549Z      [1m[94m= [0m[1mnote[0m: `#[warn(dead_code)]` (part of `#[warn(unused)]`) on by default
conformance-and-platform	Run application conformance suite	2026-10-05T14:45:28.1309263Z 
conformance-and-platform	Run application conformance suite	2026-10-05T14:45:28.1309703Z [1m[33mwarning[0m[1m: function `columns_needed_for_height` is never used[0m
conformance-and-platform	Run application conformance suite	2026-10-05T14:45:28.1310446Z    [1m[94m--> [0mopenui-layout/src/multicol/mod.rs:705:4
conformance-and-platform	Run application conformance suite	2026-10-05T14:45:28.1310914Z     [1m[94m|[0m
conformance-and-platform	Run application conformance suite	2026-10-05T14:45:28.1311340Z [1m[94m705[0m [1m[94m|[0m fn columns_needed_for_height(
conformance-and-platform	Run application conformance suite	2026-10-05T14:45:28.1312197Z     [1m[94m|[0m    [1m[33m^^^^^^^^^^^^^^^^^^^^^^^^^[0m
conformance-and-platform	Run application conformance suite	2026-10-05T14:45:28.1312506Z 
conformance-and-platform	Run application conformance suite	2026-10-05T14:45:28.2345256Z [1m[92m   Compiling[0m openui-paint v0.2.0 (/home/runner/work/open-ui/open-ui/bindings/rust/openui-paint)
conformance-and-platform	Run application conformance suite	2026-10-05T14:45:28.4484853Z [1m[33mwarning[0m[1m: use of deprecated module `skia_safe::gradient_shader`: Use the skia_safe::gradient module[0m
conformance-and-platform	Run application conformance suite	2026-10-05T14:45:28.4486045Z   [1m[94m--> [0mopenui-paint/src/painter.rs:39:20
conformance-and-platform	Run application conformance suite	2026-10-05T14:45:28.4486631Z    [1m[94m|[0m
conformance-and-platform	Run application conformance suite	2026-10-05T14:45:28.4487634Z [1m[94m39[0m [1m[94m|[0m     color_filters, gradient_shader, image_filters, surfaces, AlphaType, BlendMode, ClipOp, Color4f,
conformance-and-platform	Run application conformance suite	2026-10-05T14:45:28.4488771Z    [1m[94m|[0m                    [1m[33m^^^^^^^^^^^^^^^[0m
conformance-and-platform	Run application conformance suite	2026-10-05T14:45:28.4489324Z    [1m[94m|[0m
conformance-and-platform	Run application conformance suite	2026-10-05T14:45:28.4489878Z    [1m[94m= [0m[1mnote[0m: `#[warn(deprecated)]` on by default
conformance-and-platform	Run application conformance suite	2026-10-05T14:45:28.4490289Z 
conformance-and-platform	Run application conformance suite	2026-10-05T14:45:28.4492041Z [1m[33mwarning[0m[1m: use of deprecated function `skia_safe::gradient_shader::linear_with_interpolation`: Use the skia_safe::gradient module[0m
conformance-and-platform	Run application conformance suite	2026-10-05T14:45:28.4493554Z     [1m[94m--> [0mopenui-paint/src/painter.rs:1860:45
conformance-and-platform	Run application conformance suite	2026-10-05T14:45:28.4494139Z      [1m[94m|[0m
conformance-and-platform	Run application conformance suite	2026-10-05T14:45:28.4494958Z [1m[94m1860[0m [1m[94m|[0m     scrim_paint.set_shader(gradient_shader::linear_with_interpolation(
conformance-and-platform	Run application conformance suite	2026-10-05T14:45:28.4495997Z      [1m[94m|[0m                                             [1m[33m^^^^^^^^^^^^^^^^^^^^^^^^^[0m
conformance-and-platform	Run application conformance suite	2026-10-05T14:45:28.4496464Z 
conformance-and-platform	Run application conformance suite	2026-10-05T14:45:28.4497521Z [1m[33mwarning[0m[1m: use of deprecated function `skia_safe::gradient_shader::linear_with_interpolation`: Use the skia_safe::gradient module[0m
conformance-and-platform	Run application conformance suite	2026-10-05T14:45:28.4498754Z      [1m[94m--> [0mopenui-paint/src/painter.rs:14056:51
conformance-and-platform	Run application conformance suite	2026-10-05T14:45:28.4499319Z       [1m[94m|[0m
conformance-and-platform	Run application conformance suite	2026-10-05T14:45:28.4500180Z [1m[94m14056[0m [1m[94m|[0m                 paint.set_shader(gradient_shader::linear_with_interpolation(
conformance-and-platform	Run application conformance suite	2026-10-05T14:45:28.4501319Z       [1m[94m|[0m                                                   [1m[33m^^^^^^^^^^^^^^^^^^^^^^^^^[0m
conformance-and-platform	Run application conformance suite	2026-10-05T14:45:28.4502036Z 
conformance-and-platform	Run application conformance suite	2026-10-05T14:45:28.4502920Z [1m[33mwarning[0m[1m: use of deprecated function `skia_safe::gradient_shader::linear`: Use the skia_safe::gradient module[0m
conformance-and-platform	Run application conformance suite	2026-10-05T14:45:28.4504064Z      [1m[94m--> [0mopenui-paint/src/painter.rs:14069:51
conformance-and-platform	Run application conformance suite	2026-10-05T14:45:28.4504622Z       [1m[94m|[0m
conformance-and-platform	Run application conformance suite	2026-10-05T14:45:28.4505377Z [1m[94m14069[0m [1m[94m|[0m                 paint.set_shader(gradient_shader::linear(
conformance-and-platform	Run application conformance suite	2026-10-05T14:45:28.4506261Z       [1m[94m|[0m                                                   [1m[33m^^^^^^[0m
conformance-and-platform	Run application conformance suite	2026-10-05T14:45:28.4506710Z 
conformance-and-platform	Run application conformance suite	2026-10-05T14:45:28.4507709Z [1m[33mwarning[0m[1m: use of deprecated function `skia_safe::gradient_shader::linear_with_interpolation`: Use the skia_safe::gradient module[0m
conformance-and-platform	Run application conformance suite	2026-10-05T14:45:28.4508941Z      [1m[94m--> [0mopenui-paint/src/painter.rs:14082:51
conformance-and-platform	Run application conformance suite	2026-10-05T14:45:28.4509507Z       [1m[94m|[0m
conformance-and-platform	Run application conformance suite	2026-10-05T14:45:28.4510348Z [1m[94m14082[0m [1m[94m|[0m                 paint.set_shader(gradient_shader::linear_with_interpolation(
conformance-and-platform	Run application conformance suite	2026-10-05T14:45:28.4511416Z       [1m[94m|[0m                                                   [1m[33m^^^^^^^^^^^^^^^^^^^^^^^^^[0m
conformance-and-platform	Run application conformance suite	2026-10-05T14:45:28.4512112Z 
conformance-and-platform	Run application conformance suite	2026-10-05T14:45:28.4513206Z [1m[33mwarning[0m[1m: use of deprecated function `skia_safe::gradient_shader::two_point_conical_with_interpolation`: Use the skia_safe::gradient module[0m
conformance-and-platform	Run application conformance suite	2026-10-05T14:45:28.4514513Z      [1m[94m--> [0mopenui-paint/src/painter.rs:14178:55
conformance-and-platform	Run application conformance suite	2026-10-05T14:45:28.4515045Z       [1m[94m|[0m
conformance-and-platform	Run application conformance suite	2026-10-05T14:45:28.4516231Z [1m[94m14178[0m [1m[94m|[0m                     paint.set_shader(gradient_shader::two_point_conical_with_interpolation(
conformance-and-platform	Run application conformance suite	2026-10-05T14:45:28.4517401Z       [1m[94m|[0m                                                       [1m[33m^^^^^^^^^^^^^^^^^^^^^^^^^^^^^^^^^^^^[0m
conformance-and-platform	Run application conformance suite	2026-10-05T14:45:28.4517930Z 
conformance-and-platform	Run application conformance suite	2026-10-05T14:45:28.4518873Z [1m[33mwarning[0m[1m: use of deprecated function `skia_safe::gradient_shader::two_point_conical`: Use the skia_safe::gradient module[0m
conformance-and-platform	Run application conformance suite	2026-10-05T14:45:28.4520067Z      [1m[94m--> [0mopenui-paint/src/painter.rs:14192:55
conformance-and-platform	Run application conformance suite	2026-10-05T14:45:28.4520613Z       [1m[94m|[0m
conformance-and-platform	Run application conformance suite	2026-10-05T14:45:28.4521443Z [1m[94m14192[0m [1m[94m|[0m                     paint.set_shader(gradient_shader::two_point_conical(
conformance-and-platform	Run application conformance suite	2026-10-05T14:45:28.4522744Z       [1m[94m|[0m                                                       [1m[33m^^^^^^^^^^^^^^^^^[0m
conformance-and-platform	Run application conformance suite	2026-10-05T14:45:28.4523329Z 
conformance-and-platform	Run application conformance suite	2026-10-05T14:45:28.4524662Z [1m[33mwarning[0m[1m: use of deprecated function `skia_safe::gradient_shader::two_point_conical_with_interpolation`: Use the skia_safe::gradient module[0m
conformance-and-platform	Run application conformance suite	2026-10-05T14:45:28.4526168Z      [1m[94m--> [0mopenui-paint/src/painter.rs:14208:55
conformance-and-platform	Run application conformance suite	2026-10-05T14:45:28.4526838Z       [1m[94m|[0m
conformance-and-platform	Run application conformance suite	2026-10-05T14:45:28.4527908Z [1m[94m14208[0m [1m[94m|[0m                     paint.set_shader(gradient_shader::two_point_conical_with_interpolation(
conformance-and-platform	Run application conformance suite	2026-10-05T14:45:28.4529261Z       [1m[94m|[0m                                                       [1m[33m^^^^^^^^^^^^^^^^^^^^^^^^^^^^^^^^^^^^[0m
conformance-and-platform	Run application conformance suite	2026-10-05T14:45:28.4530079Z 
conformance-and-platform	Run application conformance suite	2026-10-05T14:45:28.4531192Z [1m[33mwarning[0m[1m: use of deprecated function `skia_safe::gradient_shader::two_point_conical_with_interpolation`: Use the skia_safe::gradient module[0m
conformance-and-platform	Run application conformance suite	2026-10-05T14:45:28.4532954Z      [1m[94m--> [0mopenui-paint/src/painter.rs:14228:51
conformance-and-platform	Run application conformance suite	2026-10-05T14:45:28.4533536Z       [1m[94m|[0m
conformance-and-platform	Run application conformance suite	2026-10-05T14:45:28.4534591Z [1m[94m14228[0m [1m[94m|[0m                 paint.set_shader(gradient_shader::two_point_conical_with_interpolation(
conformance-and-platform	Run application conformance suite	2026-10-05T14:45:28.4535784Z       [1m[94m|[0m                                                   [1m[33m^^^^^^^^^^^^^^^^^^^^^^^^^^^^^^^^^^^^[0m
conformance-and-platform	Run application conformance suite	2026-10-05T14:45:28.4536292Z 
conformance-and-platform	Run application conformance suite	2026-10-05T14:45:28.4537295Z [1m[33mwarning[0m[1m: use of deprecated function `skia_safe::gradient_shader::two_point_conical`: Use the skia_safe::gradient module[0m
conformance-and-platform	Run application conformance suite	2026-10-05T14:45:28.4538507Z      [1m[94m--> [0mopenui-paint/src/painter.rs:14242:51
conformance-and-platform	Run application conformance suite	2026-10-05T14:45:28.4539079Z       [1m[94m|[0m
conformance-and-platform	Run application conformance suite	2026-10-05T14:45:28.4539890Z [1m[94m14242[0m [1m[94m|[0m                 paint.set_shader(gradient_shader::two_point_conical(
conformance-and-platform	Run application conformance suite	2026-10-05T14:45:28.4540866Z       [1m[94m|[0m                                                   [1m[33m^^^^^^^^^^^^^^^^^[0m
conformance-and-platform	Run application conformance suite	2026-10-05T14:45:28.4541303Z 
conformance-and-platform	Run application conformance suite	2026-10-05T14:45:28.4542726Z [1m[33mwarning[0m[1m: use of deprecated function `skia_safe::gradient_shader::two_point_conical_with_interpolation`: Use the skia_safe::gradient module[0m
conformance-and-platform	Run application conformance suite	2026-10-05T14:45:28.4544143Z      [1m[94m--> [0mopenui-paint/src/painter.rs:14258:51
conformance-and-platform	Run application conformance suite	2026-10-05T14:45:28.4544783Z       [1m[94m|[0m
conformance-and-platform	Run application conformance suite	2026-10-05T14:45:28.4545824Z [1m[94m14258[0m [1m[94m|[0m                 paint.set_shader(gradient_shader::two_point_conical_with_interpolation(
conformance-and-platform	Run application conformance suite	2026-10-05T14:45:28.4547082Z       [1m[94m|[0m                                                   [1m[33m^^^^^^^^^^^^^^^^^^^^^^^^^^^^^^^^^^^^[0m
conformance-and-platform	Run application conformance suite	2026-10-05T14:45:28.4567979Z 
conformance-and-platform	Run application conformance suite	2026-10-05T14:45:28.4569134Z [1m[33mwarning[0m[1m: use of deprecated function `skia_safe::gradient_shader::sweep_with_interpolation`: Use the skia_safe::gradient module[0m
conformance-and-platform	Run application conformance suite	2026-10-05T14:45:28.4570422Z      [1m[94m--> [0mopenui-paint/src/painter.rs:14318:51
conformance-and-platform	Run application conformance suite	2026-10-05T14:45:28.4571002Z       [1m[94m|[0m
conformance-and-platform	Run application conformance suite	2026-10-05T14:45:28.4572102Z [1m[94m14318[0m [1m[94m|[0m                 paint.set_shader(gradient_shader::sweep_with_interpolation(
conformance-and-platform	Run application conformance suite	2026-10-05T14:45:28.4573170Z       [1m[94m|[0m                                                   [1m[33m^^^^^^^^^^^^^^^^^^^^^^^^[0m
conformance-and-platform	Run application conformance suite	2026-10-05T14:45:28.4573864Z 
conformance-and-platform	Run application conformance suite	2026-10-05T14:45:28.4574736Z [1m[33mwarning[0m[1m: use of deprecated function `skia_safe::gradient_shader::sweep`: Use the skia_safe::gradient module[0m
conformance-and-platform	Run application conformance suite	2026-10-05T14:45:28.4575824Z      [1m[94m--> [0mopenui-paint/src/painter.rs:14332:51
conformance-and-platform	Run application conformance suite	2026-10-05T14:45:28.4576387Z       [1m[94m|[0m
conformance-and-platform	Run application conformance suite	2026-10-05T14:45:28.4577111Z [1m[94m14332[0m [1m[94m|[0m                 paint.set_shader(gradient_shader::sweep(
conformance-and-platform	Run application conformance suite	2026-10-05T14:45:28.4577972Z       [1m[94m|[0m                                                   [1m[33m^^^^^[0m
conformance-and-platform	Run application conformance suite	2026-10-05T14:45:28.4578398Z 
conformance-and-platform	Run application conformance suite	2026-10-05T14:45:28.4579402Z [1m[33mwarning[0m[1m: use of deprecated function `skia_safe::gradient_shader::sweep_with_interpolation`: Use the skia_safe::gradient module[0m
conformance-and-platform	Run application conformance suite	2026-10-05T14:45:28.4580624Z      [1m[94m--> [0mopenui-paint/src/painter.rs:14346:51
conformance-and-platform	Run application conformance suite	2026-10-05T14:45:28.4581167Z       [1m[94m|[0m
conformance-and-platform	Run application conformance suite	2026-10-05T14:45:28.4582269Z [1m[94m14346[0m [1m[94m|[0m                 paint.set_shader(gradient_shader::sweep_with_interpolation(
conformance-and-platform	Run application conformance suite	2026-10-05T14:45:28.4583341Z       [1m[94m|[0m                                                   [1m[33m^^^^^^^^^^^^^^^^^^^^^^^^[0m
conformance-and-platform	Run application conformance suite	2026-10-05T14:45:28.4583791Z 
conformance-and-platform	Run application conformance suite	2026-10-05T14:45:28.4584634Z [1m[33mwarning[0m[1m: use of deprecated function `skia_safe::gradient_shader::linear`: Use the skia_safe::gradient module[0m
conformance-and-platform	Run application conformance suite	2026-10-05T14:45:28.4585695Z      [1m[94m--> [0mopenui-paint/src/painter.rs:17719:55
conformance-and-platform	Run application conformance suite	2026-10-05T14:45:28.4586444Z       [1m[94m|[0m
conformance-and-platform	Run application conformance suite	2026-10-05T14:45:28.4587154Z [1m[94m17719[0m [1m[94m|[0m                     paint.set_shader(gradient_shader::linear(
conformance-and-platform	Run application conformance suite	2026-10-05T14:45:28.4588028Z       [1m[94m|[0m                                                       [1m[33m^^^^^^[0m
conformance-and-platform	Run application conformance suite	2026-10-05T14:45:28.4588466Z 
conformance-and-platform	Run application conformance suite	2026-10-05T14:45:28.4726258Z [1m[33mwarning[0m[1m: variant `RestoreTo` is never constructed[0m
conformance-and-platform	Run application conformance suite	2026-10-05T14:45:28.4727231Z   [1m[94m--> [0mopenui-paint/src/paint_record.rs:16:5
conformance-and-platform	Run application conformance suite	2026-10-05T14:45:28.4727829Z    [1m[94m|[0m
conformance-and-platform	Run application conformance suite	2026-10-05T14:45:28.4728350Z [1m[94m13[0m [1m[94m|[0m enum Operation {
conformance-and-platform	Run application conformance suite	2026-10-05T14:45:28.4729109Z    [1m[94m|[0m      [1m[94m---------[0m [1m[94mvariant in this enum[0m
conformance-and-platform	Run application conformance suite	2026-10-05T14:45:28.4729752Z [1m[94m...[0m
conformance-and-platform	Run application conformance suite	2026-10-05T14:45:28.4730235Z [1m[94m16[0m [1m[94m|[0m     RestoreTo(usize),
conformance-and-platform	Run application conformance suite	2026-10-05T14:45:28.4730809Z    [1m[94m|[0m     [1m[33m^^^^^^^^^[0m
conformance-and-platform	Run application conformance suite	2026-10-05T14:45:28.4731242Z    [1m[94m|[0m
conformance-and-platform	Run application conformance suite	2026-10-05T14:45:28.4732478Z    [1m[94m= [0m[1mnote[0m: `Operation` has a derived impl for the trait `Clone`, but this is intentionally ignored during dead code analysis
conformance-and-platform	Run application conformance suite	2026-10-05T14:45:28.4733657Z    [1m[94m= [0m[1mnote[0m: `#[warn(dead_code)]` (part of `#[warn(unused)]`) on by default
conformance-and-platform	Run application conformance suite	2026-10-05T14:45:28.4734142Z 
conformance-and-platform	Run application conformance suite	2026-10-05T14:45:28.4734582Z [1m[33mwarning[0m[1m: methods `restore_to_count` and `save_count` are never used[0m
conformance-and-platform	Run application conformance suite	2026-10-05T14:45:28.4735366Z    [1m[94m--> [0mopenui-paint/src/paint_record.rs:131:19
conformance-and-platform	Run application conformance suite	2026-10-05T14:45:28.4735850Z     [1m[94m|[0m
conformance-and-platform	Run application conformance suite	2026-10-05T14:45:28.4736300Z [1m[94m119[0m [1m[94m|[0m impl dyn PaintCanvas + '_ {
conformance-and-platform	Run application conformance suite	2026-10-05T14:45:28.4737091Z     [1m[94m|[0m [1m[94m-------------------------[0m [1m[94mmethods in this implementation[0m
conformance-and-platform	Run application conformance suite	2026-10-05T14:45:28.4737742Z [1m[94m...[0m
conformance-and-platform	Run application conformance suite	2026-10-05T14:45:28.4738451Z [1m[94m131[0m [1m[94m|[0m     pub(crate) fn restore_to_count(&self, count: usize) -> &Self {
conformance-and-platform	Run application conformance suite	2026-10-05T14:45:28.4739239Z     [1m[94m|[0m                   [1m[33m^^^^^^^^^^^^^^^^[0m
conformance-and-platform	Run application conformance suite	2026-10-05T14:45:28.4739722Z [1m[94m...[0m
conformance-and-platform	Run application conformance suite	2026-10-05T14:45:28.4740228Z [1m[94m137[0m [1m[94m|[0m     pub(crate) fn save_count(&self) -> usize {
conformance-and-platform	Run application conformance suite	2026-10-05T14:45:28.4740884Z     [1m[94m|[0m                   [1m[33m^^^^^^^^^^[0m
conformance-and-platform	Run application conformance suite	2026-10-05T14:45:28.4741203Z 
conformance-and-platform	Run application conformance suite	2026-10-05T14:45:28.5080071Z [1m[33mwarning[0m: `openui-layout` (lib) generated 10 warnings (run `cargo fix --lib -p openui-layout` to apply 7 suggestions)
conformance-and-platform	Run application conformance suite	2026-10-05T14:45:28.5376679Z [1m[92m   Compiling[0m openui-compositor v0.2.0 (/home/runner/work/open-ui/open-ui/bindings/rust/openui-compositor)
conformance-and-platform	Run application conformance suite	2026-10-05T14:45:28.5894117Z [1m[92m   Compiling[0m openui-engine v0.2.0 (/home/runner/work/open-ui/open-ui/bindings/rust/openui-engine)
conformance-and-platform	Run application conformance suite	2026-10-05T14:45:28.7010460Z [1m[33mwarning[0m: `openui-paint` (lib) generated 17 warnings
conformance-and-platform	Run application conformance suite	2026-10-05T14:45:28.7225520Z [1m[92m   Compiling[0m openui v0.2.0 (/home/runner/work/open-ui/open-ui/bindings/rust/openui)
conformance-and-platform	Run application conformance suite	2026-10-05T14:45:29.5733723Z [1m[92m    Finished[0m `test` profile [unoptimized + debuginfo] target(s) in 5.92s
conformance-and-platform	Run application conformance suite	2026-10-05T14:45:29.5809152Z [1m[92m     Running[0m tests/v02_conformance.rs (target/debug/deps/v02_conformance-0be5af0020391855)
conformance-and-platform	Run application conformance suite	2026-10-05T14:45:29.5838899Z 
conformance-and-platform	Run application conformance suite	2026-10-05T14:45:29.5839255Z running 58 tests
conformance-and-platform	Run application conformance suite	2026-10-05T14:45:29.6265450Z test accessibility_action_uses_control_pipeline ... ok
conformance-and-platform	Run application conformance suite	2026-10-05T14:45:29.6354932Z test accessibility_relations_reject_cross_document_targets ... ok
conformance-and-platform	Run application conformance suite	2026-10-05T14:45:29.6565100Z test accessibility_tree_has_stable_nodes ... ok
conformance-and-platform	Run application conformance suite	2026-10-05T14:45:29.6609272Z test animation_cancel_restores_underlying_value ... ok
conformance-and-platform	Run application conformance suite	2026-10-05T14:45:29.6924267Z test batched_tree_transaction ... ok
conformance-and-platform	Run application conformance suite	2026-10-05T14:45:29.6973366Z test button_pointer_activation_dispatches_click ... ok
conformance-and-platform	Run application conformance suite	2026-10-05T14:45:29.7017375Z test checkbox_keyboard_activation_toggles ... ok
conformance-and-platform	Run application conformance suite	2026-10-05T14:45:29.7061572Z test clipboard_copy_and_paste ... ok
conformance-and-platform	Run application conformance suite	2026-10-05T14:45:29.7106083Z test computed_style_is_an_owned_native_snapshot ... ok
conformance-and-platform	Run application conformance suite	2026-10-05T14:45:29.7189503Z test cross_document_ownership_is_rejected ... ok
conformance-and-platform	Run application conformance suite	2026-10-05T14:45:29.7234791Z test editing_undo_and_redo ... ok
conformance-and-platform	Run application conformance suite	2026-10-05T14:45:29.7574687Z test emoji_and_bidi_text_render_without_loss ... ok
conformance-and-platform	Run application conformance suite	2026-10-05T14:45:29.7626016Z test flex_dashboard_layout_has_geometry ... ok
conformance-and-platform	Run application conformance suite	2026-10-05T14:45:29.7674393Z test hover_and_active_state_follow_pointer ... ok
conformance-and-platform	Run application conformance suite	2026-10-05T14:45:29.7720380Z test ime_callback_restarting_the_same_control_keeps_the_new_edit ... ok
conformance-and-platform	Run application conformance suite	2026-10-05T14:45:29.7764507Z test ime_callbacks_cannot_redirect_an_edit_to_a_different_focused_control ... ok
conformance-and-platform	Run application conformance suite	2026-10-05T14:45:29.7809259Z test ime_callbacks_may_remove_the_target_without_terminating_input_dispatch ... ok
conformance-and-platform	Run application conformance suite	2026-10-05T14:45:29.7959481Z test ime_cancel_restores_selection_pixels_and_existing_redo ... ok
conformance-and-platform	Run application conformance suite	2026-10-05T14:45:29.8004944Z test ime_commit_can_be_canceled_by_a_native_beforeinput_callback ... ok
conformance-and-platform	Run application conformance suite	2026-10-05T14:45:29.8050605Z test ime_commits_final_text_after_platform_clears_preview_as_one_undo_step ... ok
conformance-and-platform	Run application conformance suite	2026-10-05T14:45:29.8098162Z test ime_composition_commits_once ... ok
conformance-and-platform	Run application conformance suite	2026-10-05T14:45:29.8143533Z test ime_ignores_noneditable_controls_and_cancels_when_disabled ... ok
conformance-and-platform	Run application conformance suite	2026-10-05T14:45:29.8227471Z test independent_documents_keep_focus_isolated ... ok
conformance-and-platform	Run application conformance suite	2026-10-05T14:45:29.8273026Z test keyframe_animation_dispatches_end ... ok
conformance-and-platform	Run application conformance suite	2026-10-05T14:45:29.8374275Z test large_list_updates_remain_mutable ... ok
conformance-and-platform	Run application conformance suite	2026-10-05T14:45:29.8419034Z test modal_focus_is_contained_and_restored ... ok
conformance-and-platform	Run application conformance suite	2026-10-05T14:45:29.8463489Z test named_radio_group_is_exclusive ... ok
conformance-and-platform	Run application conformance suite	2026-10-05T14:45:29.8506777Z test native_class_lookup_tracks_event_driven_updates_and_detachment ... ok
conformance-and-platform	Run application conformance suite	2026-10-05T14:45:29.8554072Z test native_detach_preserves_subtree_handles_and_listeners_for_reattachment ... ok
conformance-and-platform	Run application conformance suite	2026-10-05T14:45:29.8874182Z test native_geometry_includes_all_column_fragments ... ok
conformance-and-platform	Run application conformance suite	2026-10-05T14:45:29.8923864Z test native_geometry_is_independent_of_pointer_and_visibility ... ok
conformance-and-platform	Run application conformance suite	2026-10-05T14:45:29.8972199Z test native_geometry_preserves_empty_and_singular_boxes ... ok
conformance-and-platform	Run application conformance suite	2026-10-05T14:45:29.9280117Z test native_geometry_updates_after_scroll_transform_and_detachment ... ok
conformance-and-platform	Run application conformance suite	2026-10-05T14:45:29.9329413Z test native_id_lookup_follows_attached_document_order ... ok
conformance-and-platform	Run application conformance suite	2026-10-05T14:45:29.9374121Z test native_kind_lookup_tracks_tree_order_and_detachment ... ok
conformance-and-platform	Run application conformance suite	2026-10-05T14:45:29.9423209Z test native_layout_read_then_id_style_mutation_updates_the_same_document ... ok
conformance-and-platform	Run application conformance suite	2026-10-05T14:45:29.9605218Z test native_text_nodes_attach_move_and_keep_element_traversal_typed ... ok
conformance-and-platform	Run application conformance suite	2026-10-05T14:45:29.9655757Z test nested_scroll_container_consumes_wheel ... ok
conformance-and-platform	Run application conformance suite	2026-10-05T14:45:29.9699762Z test pointer_capture_lifecycle_is_validated ... ok
conformance-and-platform	Run application conformance suite	2026-10-05T14:45:29.9908931Z test read_only_text_controls_keep_selection_and_reject_native_edits ... ok
conformance-and-platform	Run application conformance suite	2026-10-05T14:45:29.9953202Z test reduced_motion_finishes_animation ... ok
conformance-and-platform	Run application conformance suite	2026-10-05T14:45:29.9996991Z test removed_weak_handle_expires ... ok
conformance-and-platform	Run application conformance suite	2026-10-05T14:45:30.0060786Z test repeated_headless_frames_are_byte_identical ... ok
conformance-and-platform	Run application conformance suite	2026-10-05T14:45:30.0109641Z test responsive_viewport_reflows_geometry ... ok
conformance-and-platform	Run application conformance suite	2026-10-05T14:45:30.0161217Z test scroll_snap_selects_nearest_point ... ok
conformance-and-platform	Run application conformance suite	2026-10-05T14:45:30.0212174Z test scroll_timeline_samples_from_offset ... ok
conformance-and-platform	Run application conformance suite	2026-10-05T14:45:30.0262243Z test smooth_scroll_uses_manual_clock ... ok
conformance-and-platform	Run application conformance suite	2026-10-05T14:45:30.0317612Z test static_headless_scene ... ok
conformance-and-platform	Run application conformance suite	2026-10-05T14:45:30.0362412Z test synchronous_resource_provider_is_deterministic ... ok
conformance-and-platform	Run application conformance suite	2026-10-05T14:45:30.0407411Z test tab_focus_order_skips_disabled ... ok
conformance-and-platform	Run application conformance suite	2026-10-05T14:45:30.0514426Z test table_application_fixture_lays_out ... ok
conformance-and-platform	Run application conformance suite	2026-10-05T14:45:30.0561360Z test textarea_accepts_multiline_text ... ok
conformance-and-platform	Run application conformance suite	2026-10-05T14:45:30.0607595Z test typed_transition_retains_target ... ok
conformance-and-platform	Run application conformance suite	2026-10-05T14:45:30.0656083Z test unicode_grapheme_editing ... ok
conformance-and-platform	Run application conformance suite	2026-10-05T14:45:30.0706156Z test view_timeline_uses_retained_geometry ... ok
conformance-and-platform	Run application conformance suite	2026-10-05T14:45:30.0770464Z test viewport_native_scroll_clamps_extremes_and_resolves_pending_layout ... ok
conformance-and-platform	Run application conformance suite	2026-10-05T14:45:30.0831349Z test viewport_smooth_scroll_clamps_its_target_and_tracks_content_shrink ... ok
conformance-and-platform	Run application conformance suite	2026-10-05T14:45:30.0980862Z test viewport_wheel_uses_the_same_limits_and_respects_cancelation ... ok
conformance-and-platform	Run application conformance suite	2026-10-05T14:45:30.0981433Z 
conformance-and-platform	Run application conformance suite	2026-10-05T14:45:30.0982085Z test result: ok. 58 passed; 0 failed; 0 ignored; 0 measured; 0 filtered out; finished in 0.51s
conformance-and-platform	Run application conformance suite	2026-10-05T14:45:30.0982693Z 
conformance-and-platform	Build Linux example	﻿2026-10-05T14:45:30.1076170Z ##[group]Run cargo build --locked --package hello --features linux
conformance-and-platform	Build Linux example	2026-10-05T14:45:30.1076693Z [36;1mcargo build --locked --package hello --features linux[0m
conformance-and-platform	Build Linux example	2026-10-05T14:45:30.1139761Z shell: /usr/bin/bash -e {0}
conformance-and-platform	Build Linux example	2026-10-05T14:45:30.1140068Z env:
conformance-and-platform	Build Linux example	2026-10-05T14:45:30.1140312Z   BINDGEN_EXTRA_CLANG_ARGS: 
conformance-and-platform	Build Linux example	2026-10-05T14:45:30.1140659Z   CARGO_TARGET_X86_64_UNKNOWN_LINUX_GNU_RUSTFLAGS: 
conformance-and-platform	Build Linux example	2026-10-05T14:45:30.1141034Z   CC: clang
conformance-and-platform	Build Linux example	2026-10-05T14:45:30.1141264Z   CXX: clang++
conformance-and-platform	Build Linux example	2026-10-05T14:45:30.1141673Z   CXXFLAGS: 
conformance-and-platform	Build Linux example	2026-10-05T14:45:30.1142018Z   CARGO_TERM_COLOR: always
conformance-and-platform	Build Linux example	2026-10-05T14:45:30.1142296Z   FORCE_SKIA_BUILD: 1
conformance-and-platform	Build Linux example	2026-10-05T14:45:30.1142564Z   PKG_CONFIG_SYSROOT_DIR: 
conformance-and-platform	Build Linux example	2026-10-05T14:45:30.1143419Z   SKIA_GN_ARGS: extra_cflags += [ "-DSK_SUPPORT_LEGACY_CONIC_CHOP", "-DSK_USE_FREETYPE_EMBOLDEN", "-DSK_GAMMA_EXPONENT=1.2", "-DSK_GAMMA_CONTRAST=0.2", "-fno-strict-aliasing", "-msse3" ]
conformance-and-platform	Build Linux example	2026-10-05T14:45:30.1144309Z   SKIA_NINJA_COMMAND: ninja
conformance-and-platform	Build Linux example	2026-10-05T14:45:30.1144587Z ##[endgroup]
conformance-and-platform	Build Linux example	2026-10-05T14:45:30.2996988Z [1m[92m   Compiling[0m bytemuck_derive v1.10.2 (/home/runner/work/open-ui/open-ui/bindings/rust/vendor/bytemuck_derive-v1)
conformance-and-platform	Build Linux example	2026-10-05T14:45:30.3090774Z [1m[92m   Compiling[0m openui-macros v0.2.0 (/home/runner/work/open-ui/open-ui/bindings/rust/openui-macros)
conformance-and-platform	Build Linux example	2026-10-05T14:45:30.5402693Z [1m[92m   Compiling[0m bytemuck v1.25.0 (/home/runner/work/open-ui/open-ui/bindings/rust/vendor/bytemuck-v1)
conformance-and-platform	Build Linux example	2026-10-05T14:45:30.5806033Z [1m[92m   Compiling[0m font-types v0.11.0 (/home/runner/work/open-ui/open-ui/bindings/rust/vendor/font-types-v0_11)
conformance-and-platform	Build Linux example	2026-10-05T14:45:30.5806895Z [1m[92m   Compiling[0m winit v0.30.13
conformance-and-platform	Build Linux example	2026-10-05T14:45:30.5807283Z [1m[92m   Compiling[0m softbuffer v0.4.8
conformance-and-platform	Build Linux example	2026-10-05T14:45:30.6972261Z [1m[92m   Compiling[0m read-fonts v0.37.0 (/home/runner/work/open-ui/open-ui/bindings/rust/vendor/read-fonts-v0_37)
conformance-and-platform	Build Linux example	2026-10-05T14:45:31.7116582Z [1m[92m   Compiling[0m skrifa v0.40.0 (/home/runner/work/open-ui/open-ui/bindings/rust/vendor/skrifa-v0_40)
conformance-and-platform	Build Linux example	2026-10-05T14:45:32.1573928Z [1m[92m   Compiling[0m openui-text v0.2.0 (/home/runner/work/open-ui/open-ui/bindings/rust/openui-text)
conformance-and-platform	Build Linux example	2026-10-05T14:45:32.3755922Z [1m[92m   Compiling[0m openui-dom v0.2.0 (/home/runner/work/open-ui/open-ui/bindings/rust/openui-dom)
conformance-and-platform	Build Linux example	2026-10-05T14:45:32.4593456Z [1m[92m   Compiling[0m openui-layout v0.2.0 (/home/runner/work/open-ui/open-ui/bindings/rust/openui-layout)
conformance-and-platform	Build Linux example	2026-10-05T14:45:32.7718634Z [1m[33mwarning[0m[1m: unused import: `BfcOffset`[0m
conformance-and-platform	Build Linux example	2026-10-05T14:45:32.7719522Z   [1m[94m--> [0mopenui-layout/src/bfc_resolution.rs:17:23
conformance-and-platform	Build Linux example	2026-10-05T14:45:32.7720118Z    [1m[94m|[0m
conformance-and-platform	Build Linux example	2026-10-05T14:45:32.7721246Z [1m[94m17[0m [1m[94m|[0m use openui_geometry::{BfcOffset, BoxStrut, LayoutUnit, MarginStrut};
conformance-and-platform	Build Linux example	2026-10-05T14:45:32.7723061Z    [1m[94m|[0m                       [1m[33m^^^^^^^^^[0m
conformance-and-platform	Build Linux example	2026-10-05T14:45:32.7723623Z    [1m[94m|[0m
conformance-and-platform	Build Linux example	2026-10-05T14:45:32.7724344Z    [1m[94m= [0m[1mnote[0m: `#[warn(unused_imports)]` (part of `#[warn(unused)]`) on by default
conformance-and-platform	Build Linux example	2026-10-05T14:45:32.7724932Z 
conformance-and-platform	Build Linux example	2026-10-05T14:45:32.7763865Z [1m[33mwarning[0m[1m: unused import: `balance_columns`[0m
conformance-and-platform	Build Linux example	2026-10-05T14:45:32.7764719Z      [1m[94m--> [0mopenui-layout/src/block.rs:19571:9
conformance-and-platform	Build Linux example	2026-10-05T14:45:32.7765295Z       [1m[94m|[0m
conformance-and-platform	Build Linux example	2026-10-05T14:45:32.7766217Z [1m[94m19571[0m [1m[94m|[0m         balance_columns, balance_columns_with_margins, compute_column_positions,
conformance-and-platform	Build Linux example	2026-10-05T14:45:32.7767254Z       [1m[94m|[0m         [1m[33m^^^^^^^^^^^^^^^[0m
conformance-and-platform	Build Linux example	2026-10-05T14:45:32.7767637Z 
conformance-and-platform	Build Linux example	2026-10-05T14:45:32.7857617Z [1m[33mwarning[0m[1m: unused import: `super::*`[0m
conformance-and-platform	Build Linux example	2026-10-05T14:45:32.7858602Z     [1m[94m--> [0mopenui-layout/src/intrinsic_sizing.rs:3974:9
conformance-and-platform	Build Linux example	2026-10-05T14:45:32.7859709Z      [1m[94m|[0m
conformance-and-platform	Build Linux example	2026-10-05T14:45:32.7860337Z [1m[94m3974[0m [1m[94m|[0m     use super::*;
conformance-and-platform	Build Linux example	2026-10-05T14:45:32.7861028Z      [1m[94m|[0m         [1m[33m^^^^^^^^[0m
conformance-and-platform	Build Linux example	2026-10-05T14:45:32.7861433Z 
conformance-and-platform	Build Linux example	2026-10-05T14:45:32.7873645Z [1m[33mwarning[0m[1m: unused import: `std::sync::Arc`[0m
conformance-and-platform	Build Linux example	2026-10-05T14:45:32.7875138Z   [1m[94m--> [0mopenui-layout/src/new_formatting_context.rs:17:5
conformance-and-platform	Build Linux example	2026-10-05T14:45:32.7876118Z    [1m[94m|[0m
conformance-and-platform	Build Linux example	2026-10-05T14:45:32.7876791Z [1m[94m17[0m [1m[94m|[0m use std::sync::Arc;
conformance-and-platform	Build Linux example	2026-10-05T14:45:32.7877427Z    [1m[94m|[0m     [1m[33m^^^^^^^^^^^^^^[0m
conformance-and-platform	Build Linux example	2026-10-05T14:45:32.7877753Z 
conformance-and-platform	Build Linux example	2026-10-05T14:45:32.7878052Z [1m[33mwarning[0m[1m: unused import: `ClearType`[0m
conformance-and-platform	Build Linux example	2026-10-05T14:45:32.7878741Z   [1m[94m--> [0mopenui-layout/src/new_formatting_context.rs:24:25
conformance-and-platform	Build Linux example	2026-10-05T14:45:32.7879296Z    [1m[94m|[0m
conformance-and-platform	Build Linux example	2026-10-05T14:45:32.7879930Z [1m[94m24[0m [1m[94m|[0m use crate::exclusions::{ClearType, ExclusionSpace};
conformance-and-platform	Build Linux example	2026-10-05T14:45:32.7880610Z    [1m[94m|[0m                         [1m[33m^^^^^^^^^[0m
conformance-and-platform	Build Linux example	2026-10-05T14:45:32.7881042Z 
conformance-and-platform	Build Linux example	2026-10-05T14:45:32.7881756Z [1m[33mwarning[0m[1m: unused import: `crate::layout_result::LayoutResult`[0m
conformance-and-platform	Build Linux example	2026-10-05T14:45:32.7882641Z   [1m[94m--> [0mopenui-layout/src/new_formatting_context.rs:26:5
conformance-and-platform	Build Linux example	2026-10-05T14:45:32.7883317Z    [1m[94m|[0m
conformance-and-platform	Build Linux example	2026-10-05T14:45:32.7883984Z [1m[94m26[0m [1m[94m|[0m use crate::layout_result::LayoutResult;
conformance-and-platform	Build Linux example	2026-10-05T14:45:32.7884830Z    [1m[94m|[0m     [1m[33m^^^^^^^^^^^^^^^^^^^^^^^^^^^^^^^^^^[0m
conformance-and-platform	Build Linux example	2026-10-05T14:45:32.7885225Z 
conformance-and-platform	Build Linux example	2026-10-05T14:45:32.9389372Z [1m[33mwarning[0m[1m: variable `reconstructed_block_in_inline` is assigned to, but never used[0m
conformance-and-platform	Build Linux example	2026-10-05T14:45:32.9390467Z     [1m[94m--> [0mopenui-layout/src/block.rs:2104:9
conformance-and-platform	Build Linux example	2026-10-05T14:45:32.9391146Z      [1m[94m|[0m
conformance-and-platform	Build Linux example	2026-10-05T14:45:32.9392072Z [1m[94m2104[0m [1m[94m|[0m     let mut reconstructed_block_in_inline = false;
conformance-and-platform	Build Linux example	2026-10-05T14:45:32.9392903Z      [1m[94m|[0m         [1m[33m^^^^^^^^^^^^^^^^^^^^^^^^^^^^^^^^^[0m
conformance-and-platform	Build Linux example	2026-10-05T14:45:32.9393490Z      [1m[94m|[0m
conformance-and-platform	Build Linux example	2026-10-05T14:45:32.9394153Z      [1m[94m= [0m[1mnote[0m: consider using `_reconstructed_block_in_inline` instead
conformance-and-platform	Build Linux example	2026-10-05T14:45:32.9395298Z      [1m[94m= [0m[1mnote[0m: `#[warn(unused_variables)]` (part of `#[warn(unused)]`) on by default
conformance-and-platform	Build Linux example	2026-10-05T14:45:32.9395940Z 
conformance-and-platform	Build Linux example	2026-10-05T14:45:32.9403572Z [1m[33mwarning[0m[1m: variable does not need to be mutable[0m
conformance-and-platform	Build Linux example	2026-10-05T14:45:32.9404440Z     [1m[94m--> [0mopenui-layout/src/block.rs:6781:9
conformance-and-platform	Build Linux example	2026-10-05T14:45:32.9405010Z      [1m[94m|[0m
conformance-and-platform	Build Linux example	2026-10-05T14:45:32.9405710Z [1m[94m6781[0m [1m[94m|[0m     let mut child_margin = resolve_margins_in_parent_axes(
conformance-and-platform	Build Linux example	2026-10-05T14:45:32.9406624Z      [1m[94m|[0m         [1m[94m----[0m[1m[33m^^^^^^^^^^^^[0m
conformance-and-platform	Build Linux example	2026-10-05T14:45:32.9407286Z      [1m[94m|[0m         [1m[94m|[0m
conformance-and-platform	Build Linux example	2026-10-05T14:45:32.9407948Z      [1m[94m|[0m         [1m[94mhelp: remove this `mut`[0m
conformance-and-platform	Build Linux example	2026-10-05T14:45:32.9408599Z      [1m[94m|[0m
conformance-and-platform	Build Linux example	2026-10-05T14:45:32.9409357Z      [1m[94m= [0m[1mnote[0m: `#[warn(unused_mut)]` (part of `#[warn(unused)]`) on by default
conformance-and-platform	Build Linux example	2026-10-05T14:45:32.9409924Z 
conformance-and-platform	Build Linux example	2026-10-05T14:45:32.9632270Z [1m[33mwarning[0m[1m: field `source_caption_end` is never read[0m
conformance-and-platform	Build Linux example	2026-10-05T14:45:32.9633580Z     [1m[94m--> [0mopenui-layout/src/block.rs:9551:5
conformance-and-platform	Build Linux example	2026-10-05T14:45:32.9634291Z      [1m[94m|[0m
conformance-and-platform	Build Linux example	2026-10-05T14:45:32.9634964Z [1m[94m9550[0m [1m[94m|[0m struct CaptionedRepeatedTableFlow {
conformance-and-platform	Build Linux example	2026-10-05T14:45:32.9635967Z      [1m[94m|[0m        [1m[94m--------------------------[0m [1m[94mfield in this struct[0m
conformance-and-platform	Build Linux example	2026-10-05T14:45:32.9636943Z [1m[94m9551[0m [1m[94m|[0m     source_caption_end: LayoutUnit,
conformance-and-platform	Build Linux example	2026-10-05T14:45:32.9637670Z      [1m[94m|[0m     [1m[33m^^^^^^^^^^^^^^^^^^[0m
conformance-and-platform	Build Linux example	2026-10-05T14:45:32.9638201Z      [1m[94m|[0m
conformance-and-platform	Build Linux example	2026-10-05T14:45:32.9639552Z      [1m[94m= [0m[1mnote[0m: `CaptionedRepeatedTableFlow` has derived impls for the traits `Debug` and `Clone`, but these are intentionally ignored during dead code analysis
conformance-and-platform	Build Linux example	2026-10-05T14:45:32.9641837Z      [1m[94m= [0m[1mnote[0m: `#[warn(dead_code)]` (part of `#[warn(unused)]`) on by default
conformance-and-platform	Build Linux example	2026-10-05T14:45:32.9642508Z 
conformance-and-platform	Build Linux example	2026-10-05T14:45:32.9643023Z [1m[33mwarning[0m[1m: function `columns_needed_for_height` is never used[0m
conformance-and-platform	Build Linux example	2026-10-05T14:45:32.9644016Z    [1m[94m--> [0mopenui-layout/src/multicol/mod.rs:705:4
conformance-and-platform	Build Linux example	2026-10-05T14:45:32.9644961Z     [1m[94m|[0m
conformance-and-platform	Build Linux example	2026-10-05T14:45:32.9645553Z [1m[94m705[0m [1m[94m|[0m fn columns_needed_for_height(
conformance-and-platform	Build Linux example	2026-10-05T14:45:32.9646283Z     [1m[94m|[0m    [1m[33m^^^^^^^^^^^^^^^^^^^^^^^^^[0m
conformance-and-platform	Build Linux example	2026-10-05T14:45:32.9646665Z 
conformance-and-platform	Build Linux example	2026-10-05T14:45:33.0710069Z [1m[92m   Compiling[0m glutin-winit v0.5.0
conformance-and-platform	Build Linux example	2026-10-05T14:45:33.0711264Z [1m[92m   Compiling[0m accesskit_winit v0.34.0
conformance-and-platform	Build Linux example	2026-10-05T14:45:33.3023443Z [1m[92m   Compiling[0m openui-paint v0.2.0 (/home/runner/work/open-ui/open-ui/bindings/rust/openui-paint)
conformance-and-platform	Build Linux example	2026-10-05T14:45:33.3140221Z [1m[92m   Compiling[0m openui-platform v0.2.0 (/home/runner/work/open-ui/open-ui/bindings/rust/openui-platform)
conformance-and-platform	Build Linux example	2026-10-05T14:45:33.5874656Z [1m[33mwarning[0m[1m: use of deprecated module `skia_safe::gradient_shader`: Use the skia_safe::gradient module[0m
conformance-and-platform	Build Linux example	2026-10-05T14:45:33.5876446Z   [1m[94m--> [0mopenui-paint/src/painter.rs:39:20
conformance-and-platform	Build Linux example	2026-10-05T14:45:33.5877266Z    [1m[94m|[0m
conformance-and-platform	Build Linux example	2026-10-05T14:45:33.5878405Z [1m[94m39[0m [1m[94m|[0m     color_filters, gradient_shader, image_filters, surfaces, AlphaType, BlendMode, ClipOp, Color4f,
conformance-and-platform	Build Linux example	2026-10-05T14:45:33.5879787Z    [1m[94m|[0m                    [1m[33m^^^^^^^^^^^^^^^[0m
conformance-and-platform	Build Linux example	2026-10-05T14:45:33.5880466Z    [1m[94m|[0m
conformance-and-platform	Build Linux example	2026-10-05T14:45:33.5881057Z    [1m[94m= [0m[1mnote[0m: `#[warn(deprecated)]` on by default
conformance-and-platform	Build Linux example	2026-10-05T14:45:33.5881782Z 
conformance-and-platform	Build Linux example	2026-10-05T14:45:33.5882907Z [1m[33mwarning[0m[1m: use of deprecated function `skia_safe::gradient_shader::linear_with_interpolation`: Use the skia_safe::gradient module[0m
conformance-and-platform	Build Linux example	2026-10-05T14:45:33.5884225Z     [1m[94m--> [0mopenui-paint/src/painter.rs:1860:45
conformance-and-platform	Build Linux example	2026-10-05T14:45:33.5884826Z      [1m[94m|[0m
conformance-and-platform	Build Linux example	2026-10-05T14:45:33.5885709Z [1m[94m1860[0m [1m[94m|[0m     scrim_paint.set_shader(gradient_shader::linear_with_interpolation(
conformance-and-platform	Build Linux example	2026-10-05T14:45:33.5886751Z      [1m[94m|[0m                                             [1m[33m^^^^^^^^^^^^^^^^^^^^^^^^^[0m
conformance-and-platform	Build Linux example	2026-10-05T14:45:33.5887231Z 
conformance-and-platform	Build Linux example	2026-10-05T14:45:33.5888256Z [1m[33mwarning[0m[1m: use of deprecated function `skia_safe::gradient_shader::linear_with_interpolation`: Use the skia_safe::gradient module[0m
conformance-and-platform	Build Linux example	2026-10-05T14:45:33.5889484Z      [1m[94m--> [0mopenui-paint/src/painter.rs:14056:51
conformance-and-platform	Build Linux example	2026-10-05T14:45:33.5890055Z       [1m[94m|[0m
conformance-and-platform	Build Linux example	2026-10-05T14:45:33.5890945Z [1m[94m14056[0m [1m[94m|[0m                 paint.set_shader(gradient_shader::linear_with_interpolation(
conformance-and-platform	Build Linux example	2026-10-05T14:45:33.5892237Z       [1m[94m|[0m                                                   [1m[33m^^^^^^^^^^^^^^^^^^^^^^^^^[0m
conformance-and-platform	Build Linux example	2026-10-05T14:45:33.5892718Z 
conformance-and-platform	Build Linux example	2026-10-05T14:45:33.5893563Z [1m[33mwarning[0m[1m: use of deprecated function `skia_safe::gradient_shader::linear`: Use the skia_safe::gradient module[0m
conformance-and-platform	Build Linux example	2026-10-05T14:45:33.5894696Z      [1m[94m--> [0mopenui-paint/src/painter.rs:14069:51
conformance-and-platform	Build Linux example	2026-10-05T14:45:33.5895263Z       [1m[94m|[0m
conformance-and-platform	Build Linux example	2026-10-05T14:45:33.5895998Z [1m[94m14069[0m [1m[94m|[0m                 paint.set_shader(gradient_shader::linear(
conformance-and-platform	Build Linux example	2026-10-05T14:45:33.5896861Z       [1m[94m|[0m                                                   [1m[33m^^^^^^[0m
conformance-and-platform	Build Linux example	2026-10-05T14:45:33.5897289Z 
conformance-and-platform	Build Linux example	2026-10-05T14:45:33.5898302Z [1m[33mwarning[0m[1m: use of deprecated function `skia_safe::gradient_shader::linear_with_interpolation`: Use the skia_safe::gradient module[0m
conformance-and-platform	Build Linux example	2026-10-05T14:45:33.5899560Z      [1m[94m--> [0mopenui-paint/src/painter.rs:14082:51
conformance-and-platform	Build Linux example	2026-10-05T14:45:33.5900113Z       [1m[94m|[0m
conformance-and-platform	Build Linux example	2026-10-05T14:45:33.5900984Z [1m[94m14082[0m [1m[94m|[0m                 paint.set_shader(gradient_shader::linear_with_interpolation(
conformance-and-platform	Build Linux example	2026-10-05T14:45:33.5902443Z       [1m[94m|[0m                                                   [1m[33m^^^^^^^^^^^^^^^^^^^^^^^^^[0m
conformance-and-platform	Build Linux example	2026-10-05T14:45:33.5903189Z 
conformance-and-platform	Build Linux example	2026-10-05T14:45:33.5904321Z [1m[33mwarning[0m[1m: use of deprecated function `skia_safe::gradient_shader::two_point_conical_with_interpolation`: Use the skia_safe::gradient module[0m
conformance-and-platform	Build Linux example	2026-10-05T14:45:33.5905834Z      [1m[94m--> [0mopenui-paint/src/painter.rs:14178:55
conformance-and-platform	Build Linux example	2026-10-05T14:45:33.5906405Z       [1m[94m|[0m
conformance-and-platform	Build Linux example	2026-10-05T14:45:33.5907382Z [1m[94m14178[0m [1m[94m|[0m                     paint.set_shader(gradient_shader::two_point_conical_with_interpolation(
conformance-and-platform	Build Linux example	2026-10-05T14:45:33.5908554Z       [1m[94m|[0m                                                       [1m[33m^^^^^^^^^^^^^^^^^^^^^^^^^^^^^^^^^^^^[0m
conformance-and-platform	Build Linux example	2026-10-05T14:45:33.5909068Z 
conformance-and-platform	Build Linux example	2026-10-05T14:45:33.5909999Z [1m[33mwarning[0m[1m: use of deprecated function `skia_safe::gradient_shader::two_point_conical`: Use the skia_safe::gradient module[0m
conformance-and-platform	Build Linux example	2026-10-05T14:45:33.5911191Z      [1m[94m--> [0mopenui-paint/src/painter.rs:14192:55
conformance-and-platform	Build Linux example	2026-10-05T14:45:33.5912027Z       [1m[94m|[0m
conformance-and-platform	Build Linux example	2026-10-05T14:45:33.5912856Z [1m[94m14192[0m [1m[94m|[0m                     paint.set_shader(gradient_shader::two_point_conical(
conformance-and-platform	Build Linux example	2026-10-05T14:45:33.5913849Z       [1m[94m|[0m                                                       [1m[33m^^^^^^^^^^^^^^^^^[0m
conformance-and-platform	Build Linux example	2026-10-05T14:45:33.5914316Z 
conformance-and-platform	Build Linux example	2026-10-05T14:45:33.5915405Z [1m[33mwarning[0m[1m: use of deprecated function `skia_safe::gradient_shader::two_point_conical_with_interpolation`: Use the skia_safe::gradient module[0m
conformance-and-platform	Build Linux example	2026-10-05T14:45:33.5916703Z      [1m[94m--> [0mopenui-paint/src/painter.rs:14208:55
conformance-and-platform	Build Linux example	2026-10-05T14:45:33.5917251Z       [1m[94m|[0m
conformance-and-platform	Build Linux example	2026-10-05T14:45:33.5918290Z [1m[94m14208[0m [1m[94m|[0m                     paint.set_shader(gradient_shader::two_point_conical_with_interpolation(
conformance-and-platform	Build Linux example	2026-10-05T14:45:33.5919475Z       [1m[94m|[0m                                                       [1m[33m^^^^^^^^^^^^^^^^^^^^^^^^^^^^^^^^^^^^[0m
conformance-and-platform	Build Linux example	2026-10-05T14:45:33.5919987Z 
conformance-and-platform	Build Linux example	2026-10-05T14:45:33.5921052Z [1m[33mwarning[0m[1m: use of deprecated function `skia_safe::gradient_shader::two_point_conical_with_interpolation`: Use the skia_safe::gradient module[0m
conformance-and-platform	Build Linux example	2026-10-05T14:45:33.5922643Z      [1m[94m--> [0mopenui-paint/src/painter.rs:14228:51
conformance-and-platform	Build Linux example	2026-10-05T14:45:33.5923209Z       [1m[94m|[0m
conformance-and-platform	Build Linux example	2026-10-05T14:45:33.5924173Z [1m[94m14228[0m [1m[94m|[0m                 paint.set_shader(gradient_shader::two_point_conical_with_interpolation(
conformance-and-platform	Build Linux example	2026-10-05T14:45:33.5925326Z       [1m[94m|[0m                                                   [1m[33m^^^^^^^^^^^^^^^^^^^^^^^^^^^^^^^^^^^^[0m
conformance-and-platform	Build Linux example	2026-10-05T14:45:33.5925837Z 
conformance-and-platform	Build Linux example	2026-10-05T14:45:33.5926780Z [1m[33mwarning[0m[1m: use of deprecated function `skia_safe::gradient_shader::two_point_conical`: Use the skia_safe::gradient module[0m
conformance-and-platform	Build Linux example	2026-10-05T14:45:33.5927992Z      [1m[94m--> [0mopenui-paint/src/painter.rs:14242:51
conformance-and-platform	Build Linux example	2026-10-05T14:45:33.5928562Z       [1m[94m|[0m
conformance-and-platform	Build Linux example	2026-10-05T14:45:33.5929360Z [1m[94m14242[0m [1m[94m|[0m                 paint.set_shader(gradient_shader::two_point_conical(
conformance-and-platform	Build Linux example	2026-10-05T14:45:33.5930353Z       [1m[94m|[0m                                                   [1m[33m^^^^^^^^^^^^^^^^^[0m
conformance-and-platform	Build Linux example	2026-10-05T14:45:33.5930804Z 
conformance-and-platform	Build Linux example	2026-10-05T14:45:33.5932116Z [1m[33mwarning[0m[1m: use of deprecated function `skia_safe::gradient_shader::two_point_conical_with_interpolation`: Use the skia_safe::gradient module[0m
conformance-and-platform	Build Linux example	2026-10-05T14:45:33.5933481Z      [1m[94m--> [0mopenui-paint/src/painter.rs:14258:51
conformance-and-platform	Build Linux example	2026-10-05T14:45:33.5934073Z       [1m[94m|[0m
conformance-and-platform	Build Linux example	2026-10-05T14:45:33.5935030Z [1m[94m14258[0m [1m[94m|[0m                 paint.set_shader(gradient_shader::two_point_conical_with_interpolation(
conformance-and-platform	Build Linux example	2026-10-05T14:45:33.5936205Z       [1m[94m|[0m                                                   [1m[33m^^^^^^^^^^^^^^^^^^^^^^^^^^^^^^^^^^^^[0m
conformance-and-platform	Build Linux example	2026-10-05T14:45:33.5936711Z 
conformance-and-platform	Build Linux example	2026-10-05T14:45:33.5937711Z [1m[33mwarning[0m[1m: use of deprecated function `skia_safe::gradient_shader::sweep_with_interpolation`: Use the skia_safe::gradient module[0m
conformance-and-platform	Build Linux example	2026-10-05T14:45:33.5939194Z      [1m[94m--> [0mopenui-paint/src/painter.rs:14318:51
conformance-and-platform	Build Linux example	2026-10-05T14:45:33.5939770Z       [1m[94m|[0m
conformance-and-platform	Build Linux example	2026-10-05T14:45:33.5940820Z [1m[94m14318[0m [1m[94m|[0m                 paint.set_shader(gradient_shader::sweep_with_interpolation(
conformance-and-platform	Build Linux example	2026-10-05T14:45:33.5942306Z       [1m[94m|[0m                                                   [1m[33m^^^^^^^^^^^^^^^^^^^^^^^^[0m
conformance-and-platform	Build Linux example	2026-10-05T14:45:33.5942763Z 
conformance-and-platform	Build Linux example	2026-10-05T14:45:33.5943626Z [1m[33mwarning[0m[1m: use of deprecated function `skia_safe::gradient_shader::sweep`: Use the skia_safe::gradient module[0m
conformance-and-platform	Build Linux example	2026-10-05T14:45:33.5944749Z      [1m[94m--> [0mopenui-paint/src/painter.rs:14332:51
conformance-and-platform	Build Linux example	2026-10-05T14:45:33.5945314Z       [1m[94m|[0m
conformance-and-platform	Build Linux example	2026-10-05T14:45:33.5946004Z [1m[94m14332[0m [1m[94m|[0m                 paint.set_shader(gradient_shader::sweep(
conformance-and-platform	Build Linux example	2026-10-05T14:45:33.5946853Z       [1m[94m|[0m                                                   [1m[33m^^^^^[0m
conformance-and-platform	Build Linux example	2026-10-05T14:45:33.5947295Z 
conformance-and-platform	Build Linux example	2026-10-05T14:45:33.5948311Z [1m[33mwarning[0m[1m: use of deprecated function `skia_safe::gradient_shader::sweep_with_interpolation`: Use the skia_safe::gradient module[0m
conformance-and-platform	Build Linux example	2026-10-05T14:45:33.5949545Z      [1m[94m--> [0mopenui-paint/src/painter.rs:14346:51
conformance-and-platform	Build Linux example	2026-10-05T14:45:33.5950115Z       [1m[94m|[0m
conformance-and-platform	Build Linux example	2026-10-05T14:45:33.5950960Z [1m[94m14346[0m [1m[94m|[0m                 paint.set_shader(gradient_shader::sweep_with_interpolation(
conformance-and-platform	Build Linux example	2026-10-05T14:45:33.5952191Z       [1m[94m|[0m                                                   [1m[33m^^^^^^^^^^^^^^^^^^^^^^^^[0m
conformance-and-platform	Build Linux example	2026-10-05T14:45:33.5952666Z 
conformance-and-platform	Build Linux example	2026-10-05T14:45:33.5953516Z [1m[33mwarning[0m[1m: use of deprecated function `skia_safe::gradient_shader::linear`: Use the skia_safe::gradient module[0m
conformance-and-platform	Build Linux example	2026-10-05T14:45:33.5954613Z      [1m[94m--> [0mopenui-paint/src/painter.rs:17719:55
conformance-and-platform	Build Linux example	2026-10-05T14:45:33.5955163Z       [1m[94m|[0m
conformance-and-platform	Build Linux example	2026-10-05T14:45:33.5955935Z [1m[94m17719[0m [1m[94m|[0m                     paint.set_shader(gradient_shader::linear(
conformance-and-platform	Build Linux example	2026-10-05T14:45:33.5956833Z       [1m[94m|[0m                                                       [1m[33m^^^^^^[0m
conformance-and-platform	Build Linux example	2026-10-05T14:45:33.5957253Z 
conformance-and-platform	Build Linux example	2026-10-05T14:45:33.6108469Z [1m[33mwarning[0m[1m: variant `RestoreTo` is never constructed[0m
conformance-and-platform	Build Linux example	2026-10-05T14:45:33.6109465Z   [1m[94m--> [0mopenui-paint/src/paint_record.rs:16:5
conformance-and-platform	Build Linux example	2026-10-05T14:45:33.6110042Z    [1m[94m|[0m
conformance-and-platform	Build Linux example	2026-10-05T14:45:33.6110510Z [1m[94m13[0m [1m[94m|[0m enum Operation {
conformance-and-platform	Build Linux example	2026-10-05T14:45:33.6111258Z    [1m[94m|[0m      [1m[94m---------[0m [1m[94mvariant in this enum[0m
conformance-and-platform	Build Linux example	2026-10-05T14:45:33.6112162Z [1m[94m...[0m
conformance-and-platform	Build Linux example	2026-10-05T14:45:33.6112650Z [1m[94m16[0m [1m[94m|[0m     RestoreTo(usize),
conformance-and-platform	Build Linux example	2026-10-05T14:45:33.6113263Z    [1m[94m|[0m     [1m[33m^^^^^^^^^[0m
conformance-and-platform	Build Linux example	2026-10-05T14:45:33.6113753Z    [1m[94m|[0m
conformance-and-platform	Build Linux example	2026-10-05T14:45:33.6114823Z    [1m[94m= [0m[1mnote[0m: `Operation` has a derived impl for the trait `Clone`, but this is intentionally ignored during dead code analysis
conformance-and-platform	Build Linux example	2026-10-05T14:45:33.6116201Z    [1m[94m= [0m[1mnote[0m: `#[warn(dead_code)]` (part of `#[warn(unused)]`) on by default
conformance-and-platform	Build Linux example	2026-10-05T14:45:33.6116750Z 
conformance-and-platform	Build Linux example	2026-10-05T14:45:33.6117251Z [1m[33mwarning[0m[1m: methods `restore_to_count` and `save_count` are never used[0m
conformance-and-platform	Build Linux example	2026-10-05T14:45:33.6118149Z    [1m[94m--> [0mopenui-paint/src/paint_record.rs:131:19
conformance-and-platform	Build Linux example	2026-10-05T14:45:33.6118702Z     [1m[94m|[0m
conformance-and-platform	Build Linux example	2026-10-05T14:45:33.6119245Z [1m[94m119[0m [1m[94m|[0m impl dyn PaintCanvas + '_ {
conformance-and-platform	Build Linux example	2026-10-05T14:45:33.6120151Z     [1m[94m|[0m [1m[94m-------------------------[0m [1m[94mmethods in this implementation[0m
conformance-and-platform	Build Linux example	2026-10-05T14:45:33.6120873Z [1m[94m...[0m
conformance-and-platform	Build Linux example	2026-10-05T14:45:33.6121865Z [1m[94m131[0m [1m[94m|[0m     pub(crate) fn restore_to_count(&self, count: usize) -> &Self {
conformance-and-platform	Build Linux example	2026-10-05T14:45:33.6122731Z     [1m[94m|[0m                   [1m[33m^^^^^^^^^^^^^^^^[0m
conformance-and-platform	Build Linux example	2026-10-05T14:45:33.6123285Z [1m[94m...[0m
conformance-and-platform	Build Linux example	2026-10-05T14:45:33.6123871Z [1m[94m137[0m [1m[94m|[0m     pub(crate) fn save_count(&self) -> usize {
conformance-and-platform	Build Linux example	2026-10-05T14:45:33.6124967Z     [1m[94m|[0m                   [1m[33m^^^^^^^^^^[0m
conformance-and-platform	Build Linux example	2026-10-05T14:45:33.6125323Z 
conformance-and-platform	Build Linux example	2026-10-05T14:45:33.6960802Z [1m[33mwarning[0m: `openui-layout` (lib) generated 10 warnings (run `cargo fix --lib -p openui-layout` to apply 7 suggestions)
conformance-and-platform	Build Linux example	2026-10-05T14:45:33.6984643Z [1m[92m   Compiling[0m openui-compositor v0.2.0 (/home/runner/work/open-ui/open-ui/bindings/rust/openui-compositor)
conformance-and-platform	Build Linux example	2026-10-05T14:45:33.7678567Z [1m[92m   Compiling[0m openui-engine v0.2.0 (/home/runner/work/open-ui/open-ui/bindings/rust/openui-engine)
conformance-and-platform	Build Linux example	2026-10-05T14:45:33.9346325Z [1m[33mwarning[0m: `openui-paint` (lib) generated 17 warnings
conformance-and-platform	Build Linux example	2026-10-05T14:45:33.9504825Z [1m[92m   Compiling[0m openui v0.2.0 (/home/runner/work/open-ui/open-ui/bindings/rust/openui)
conformance-and-platform	Build Linux example	2026-10-05T14:45:35.0735305Z [1m[92m   Compiling[0m hello v0.2.0 (/home/runner/work/open-ui/open-ui/bindings/rust/examples/hello)
conformance-and-platform	Build Linux example	2026-10-05T14:45:36.1330957Z [1m[92m    Finished[0m `dev` profile [unoptimized + debuginfo] target(s) in 6.00s
conformance-and-platform	Build and test the C Linux application surface	﻿2026-10-05T14:45:36.1564200Z ##[group]Run RUST_MIN_STACK=4194304 cargo test --locked --package openui-ffi --features linux
conformance-and-platform	Build and test the C Linux application surface	2026-10-05T14:45:36.1564903Z [36;1mRUST_MIN_STACK=4194304 cargo test --locked --package openui-ffi --features linux[0m
conformance-and-platform	Build and test the C Linux application surface	2026-10-05T14:45:36.1565461Z [36;1mcargo build --locked --package openui-ffi --features linux[0m
conformance-and-platform	Build and test the C Linux application surface	2026-10-05T14:45:36.1627644Z shell: /usr/bin/bash -e {0}
conformance-and-platform	Build and test the C Linux application surface	2026-10-05T14:45:36.1627942Z env:
conformance-and-platform	Build and test the C Linux application surface	2026-10-05T14:45:36.1628180Z   BINDGEN_EXTRA_CLANG_ARGS: 
conformance-and-platform	Build and test the C Linux application surface	2026-10-05T14:45:36.1628517Z   CARGO_TARGET_X86_64_UNKNOWN_LINUX_GNU_RUSTFLAGS: 
conformance-and-platform	Build and test the C Linux application surface	2026-10-05T14:45:36.1628882Z   CC: clang
conformance-and-platform	Build and test the C Linux application surface	2026-10-05T14:45:36.1629101Z   CXX: clang++
conformance-and-platform	Build and test the C Linux application surface	2026-10-05T14:45:36.1629329Z   CXXFLAGS: 
conformance-and-platform	Build and test the C Linux application surface	2026-10-05T14:45:36.1629563Z   CARGO_TERM_COLOR: always
conformance-and-platform	Build and test the C Linux application surface	2026-10-05T14:45:36.1629840Z   FORCE_SKIA_BUILD: 1
conformance-and-platform	Build and test the C Linux application surface	2026-10-05T14:45:36.1630102Z   PKG_CONFIG_SYSROOT_DIR: 
conformance-and-platform	Build and test the C Linux application surface	2026-10-05T14:45:36.1630940Z   SKIA_GN_ARGS: extra_cflags += [ "-DSK_SUPPORT_LEGACY_CONIC_CHOP", "-DSK_USE_FREETYPE_EMBOLDEN", "-DSK_GAMMA_EXPONENT=1.2", "-DSK_GAMMA_CONTRAST=0.2", "-fno-strict-aliasing", "-msse3" ]
conformance-and-platform	Build and test the C Linux application surface	2026-10-05T14:45:36.1632107Z   SKIA_NINJA_COMMAND: ninja
conformance-and-platform	Build and test the C Linux application surface	2026-10-05T14:45:36.1632387Z ##[endgroup]
conformance-and-platform	Build and test the C Linux application surface	2026-10-05T14:45:36.3449398Z [1m[33mwarning[0m[1m: unused import: `BfcOffset`[0m
conformance-and-platform	Build and test the C Linux application surface	2026-10-05T14:45:36.3450489Z   [1m[94m--> [0mopenui-layout/src/bfc_resolution.rs:17:23
conformance-and-platform	Build and test the C Linux application surface	2026-10-05T14:45:36.3451224Z    [1m[94m|[0m
conformance-and-platform	Build and test the C Linux application surface	2026-10-05T14:45:36.3452810Z [1m[94m17[0m [1m[94m|[0m use openui_geometry::{BfcOffset, BoxStrut, LayoutUnit, MarginStrut};
conformance-and-platform	Build and test the C Linux application surface	2026-10-05T14:45:36.3454132Z    [1m[94m|[0m                       [1m[33m^^^^^^^^^[0m
conformance-and-platform	Build and test the C Linux application surface	2026-10-05T14:45:36.3454970Z    [1m[94m|[0m
conformance-and-platform	Build and test the C Linux application surface	2026-10-05T14:45:36.3455975Z    [1m[94m= [0m[1mnote[0m: `#[warn(unused_imports)]` (part of `#[warn(unused)]`) on by default
conformance-and-platform	Build and test the C Linux application surface	2026-10-05T14:45:36.3456933Z 
conformance-and-platform	Build and test the C Linux application surface	2026-10-05T14:45:36.3457467Z [1m[33mwarning[0m[1m: unused import: `balance_columns`[0m
conformance-and-platform	Build and test the C Linux application surface	2026-10-05T14:45:36.3458645Z      [1m[94m--> [0mopenui-layout/src/block.rs:19571:9
conformance-and-platform	Build and test the C Linux application surface	2026-10-05T14:45:36.3459566Z       [1m[94m|[0m
conformance-and-platform	Build and test the C Linux application surface	2026-10-05T14:45:36.3460760Z [1m[94m19571[0m [1m[94m|[0m         balance_columns, balance_columns_with_margins, compute_column_positions,
conformance-and-platform	Build and test the C Linux application surface	2026-10-05T14:45:36.3462016Z       [1m[94m|[0m         [1m[33m^^^^^^^^^^^^^^^[0m
conformance-and-platform	Build and test the C Linux application surface	2026-10-05T14:45:36.3462366Z 
conformance-and-platform	Build and test the C Linux application surface	2026-10-05T14:45:36.3462848Z [1m[33mwarning[0m[1m: unused import: `super::*`[0m
conformance-and-platform	Build and test the C Linux application surface	2026-10-05T14:45:36.3463644Z     [1m[94m--> [0mopenui-layout/src/intrinsic_sizing.rs:3974:9
conformance-and-platform	Build and test the C Linux application surface	2026-10-05T14:45:36.3464257Z      [1m[94m|[0m
conformance-and-platform	Build and test the C Linux application surface	2026-10-05T14:45:36.3464825Z [1m[94m3974[0m [1m[94m|[0m     use super::*;
conformance-and-platform	Build and test the C Linux application surface	2026-10-05T14:45:36.3465414Z      [1m[94m|[0m         [1m[33m^^^^^^^^[0m
conformance-and-platform	Build and test the C Linux application surface	2026-10-05T14:45:36.3465798Z 
conformance-and-platform	Build and test the C Linux application surface	2026-10-05T14:45:36.3466201Z [1m[33mwarning[0m[1m: unused import: `std::sync::Arc`[0m
conformance-and-platform	Build and test the C Linux application surface	2026-10-05T14:45:36.3466992Z   [1m[94m--> [0mopenui-layout/src/new_formatting_context.rs:17:5
conformance-and-platform	Build and test the C Linux application surface	2026-10-05T14:45:36.3467603Z    [1m[94m|[0m
conformance-and-platform	Build and test the C Linux application surface	2026-10-05T14:45:36.3468372Z [1m[94m17[0m [1m[94m|[0m use std::sync::Arc;
conformance-and-platform	Build and test the C Linux application surface	2026-10-05T14:45:36.3468959Z    [1m[94m|[0m     [1m[33m^^^^^^^^^^^^^^[0m
conformance-and-platform	Build and test the C Linux application surface	2026-10-05T14:45:36.3469296Z 
conformance-and-platform	Build and test the C Linux application surface	2026-10-05T14:45:36.3469612Z [1m[33mwarning[0m[1m: unused import: `ClearType`[0m
conformance-and-platform	Build and test the C Linux application surface	2026-10-05T14:45:36.3470371Z   [1m[94m--> [0mopenui-layout/src/new_formatting_context.rs:24:25
conformance-and-platform	Build and test the C Linux application surface	2026-10-05T14:45:36.3470970Z    [1m[94m|[0m
conformance-and-platform	Build and test the C Linux application surface	2026-10-05T14:45:36.3471808Z [1m[94m24[0m [1m[94m|[0m use crate::exclusions::{ClearType, ExclusionSpace};
conformance-and-platform	Build and test the C Linux application surface	2026-10-05T14:45:36.3472594Z    [1m[94m|[0m                         [1m[33m^^^^^^^^^[0m
conformance-and-platform	Build and test the C Linux application surface	2026-10-05T14:45:36.3472962Z 
conformance-and-platform	Build and test the C Linux application surface	2026-10-05T14:45:36.3473457Z [1m[33mwarning[0m[1m: unused import: `crate::layout_result::LayoutResult`[0m
conformance-and-platform	Build and test the C Linux application surface	2026-10-05T14:45:36.3474330Z   [1m[94m--> [0mopenui-layout/src/new_formatting_context.rs:26:5
conformance-and-platform	Build and test the C Linux application surface	2026-10-05T14:45:36.3474918Z    [1m[94m|[0m
conformance-and-platform	Build and test the C Linux application surface	2026-10-05T14:45:36.3475509Z [1m[94m26[0m [1m[94m|[0m use crate::layout_result::LayoutResult;
conformance-and-platform	Build and test the C Linux application surface	2026-10-05T14:45:36.3476229Z    [1m[94m|[0m     [1m[33m^^^^^^^^^^^^^^^^^^^^^^^^^^^^^^^^^^[0m
conformance-and-platform	Build and test the C Linux application surface	2026-10-05T14:45:36.3476649Z 
conformance-and-platform	Build and test the C Linux application surface	2026-10-05T14:45:36.3477791Z [1m[33mwarning[0m[1m: variable `reconstructed_block_in_inline` is assigned to, but never used[0m
conformance-and-platform	Build and test the C Linux application surface	2026-10-05T14:45:36.3478884Z     [1m[94m--> [0mopenui-layout/src/block.rs:2104:9
conformance-and-platform	Build and test the C Linux application surface	2026-10-05T14:45:36.3484542Z      [1m[94m|[0m
conformance-and-platform	Build and test the C Linux application surface	2026-10-05T14:45:36.3485081Z [1m[94m2104[0m [1m[94m|[0m     let mut reconstructed_block_in_inline = false;
conformance-and-platform	Build and test the C Linux application surface	2026-10-05T14:45:36.3485600Z      [1m[94m|[0m         [1m[33m^^^^^^^^^^^^^^^^^^^^^^^^^^^^^^^^^[0m
conformance-and-platform	Build and test the C Linux application surface	2026-10-05T14:45:36.3485955Z      [1m[94m|[0m
conformance-and-platform	Build and test the C Linux application surface	2026-10-05T14:45:36.3486361Z      [1m[94m= [0m[1mnote[0m: consider using `_reconstructed_block_in_inline` instead
conformance-and-platform	Build and test the C Linux application surface	2026-10-05T14:45:36.3486981Z      [1m[94m= [0m[1mnote[0m: `#[warn(unused_variables)]` (part of `#[warn(unused)]`) on by default
conformance-and-platform	Build and test the C Linux application surface	2026-10-05T14:45:36.3487325Z 
conformance-and-platform	Build and test the C Linux application surface	2026-10-05T14:45:36.3487544Z [1m[33mwarning[0m[1m: variable does not need to be mutable[0m
conformance-and-platform	Build and test the C Linux application surface	2026-10-05T14:45:36.3487978Z     [1m[94m--> [0mopenui-layout/src/block.rs:6781:9
conformance-and-platform	Build and test the C Linux application surface	2026-10-05T14:45:36.3488292Z      [1m[94m|[0m
conformance-and-platform	Build and test the C Linux application surface	2026-10-05T14:45:36.3488689Z [1m[94m6781[0m [1m[94m|[0m     let mut child_margin = resolve_margins_in_parent_axes(
conformance-and-platform	Build and test the C Linux application surface	2026-10-05T14:45:36.3489187Z      [1m[94m|[0m         [1m[94m----[0m[1m[33m^^^^^^^^^^^^[0m
conformance-and-platform	Build and test the C Linux application surface	2026-10-05T14:45:36.3489549Z      [1m[94m|[0m         [1m[94m|[0m
conformance-and-platform	Build and test the C Linux application surface	2026-10-05T14:45:36.3489902Z      [1m[94m|[0m         [1m[94mhelp: remove this `mut`[0m
conformance-and-platform	Build and test the C Linux application surface	2026-10-05T14:45:36.3490229Z      [1m[94m|[0m
conformance-and-platform	Build and test the C Linux application surface	2026-10-05T14:45:36.3490625Z      [1m[94m= [0m[1mnote[0m: `#[warn(unused_mut)]` (part of `#[warn(unused)]`) on by default
conformance-and-platform	Build and test the C Linux application surface	2026-10-05T14:45:36.3490934Z 
conformance-and-platform	Build and test the C Linux application surface	2026-10-05T14:45:36.3491159Z [1m[33mwarning[0m[1m: field `source_caption_end` is never read[0m
conformance-and-platform	Build and test the C Linux application surface	2026-10-05T14:45:36.3491925Z     [1m[94m--> [0mopenui-layout/src/block.rs:9551:5
conformance-and-platform	Build and test the C Linux application surface	2026-10-05T14:45:36.3492523Z      [1m[94m|[0m
conformance-and-platform	Build and test the C Linux application surface	2026-10-05T14:45:36.3493137Z [1m[94m9550[0m [1m[94m|[0m struct CaptionedRepeatedTableFlow {
conformance-and-platform	Build and test the C Linux application surface	2026-10-05T14:45:36.3494105Z      [1m[94m|[0m        [1m[94m--------------------------[0m [1m[94mfield in this struct[0m
conformance-and-platform	Build and test the C Linux application surface	2026-10-05T14:45:36.3495020Z [1m[94m9551[0m [1m[94m|[0m     source_caption_end: LayoutUnit,
conformance-and-platform	Build and test the C Linux application surface	2026-10-05T14:45:36.3495739Z      [1m[94m|[0m     [1m[33m^^^^^^^^^^^^^^^^^^[0m
conformance-and-platform	Build and test the C Linux application surface	2026-10-05T14:45:36.3496274Z      [1m[94m|[0m
conformance-and-platform	Build and test the C Linux application surface	2026-10-05T14:45:36.3497615Z      [1m[94m= [0m[1mnote[0m: `CaptionedRepeatedTableFlow` has derived impls for the traits `Debug` and `Clone`, but these are intentionally ignored during dead code analysis
conformance-and-platform	Build and test the C Linux application surface	2026-10-05T14:45:36.3499198Z      [1m[94m= [0m[1mnote[0m: `#[warn(dead_code)]` (part of `#[warn(unused)]`) on by default
conformance-and-platform	Build and test the C Linux application surface	2026-10-05T14:45:36.3499760Z 
conformance-and-platform	Build and test the C Linux application surface	2026-10-05T14:45:36.3500236Z [1m[33mwarning[0m[1m: function `columns_needed_for_height` is never used[0m
conformance-and-platform	Build and test the C Linux application surface	2026-10-05T14:45:36.3501094Z    [1m[94m--> [0mopenui-layout/src/multicol/mod.rs:705:4
conformance-and-platform	Build and test the C Linux application surface	2026-10-05T14:45:36.3501887Z     [1m[94m|[0m
conformance-and-platform	Build and test the C Linux application surface	2026-10-05T14:45:36.3502443Z [1m[94m705[0m [1m[94m|[0m fn columns_needed_for_height(
conformance-and-platform	Build and test the C Linux application surface	2026-10-05T14:45:36.3503393Z     [1m[94m|[0m    [1m[33m^^^^^^^^^^^^^^^^^^^^^^^^^[0m
conformance-and-platform	Build and test the C Linux application surface	2026-10-05T14:45:36.3503768Z 
conformance-and-platform	Build and test the C Linux application surface	2026-10-05T14:45:36.3504606Z [1m[33mwarning[0m: `openui-layout` (lib) generated 10 warnings (run `cargo fix --lib -p openui-layout` to apply 7 suggestions)
conformance-and-platform	Build and test the C Linux application surface	2026-10-05T14:45:36.3506273Z [1m[33mwarning[0m[1m: use of deprecated module `skia_safe::gradient_shader`: Use the skia_safe::gradient module[0m
conformance-and-platform	Build and test the C Linux application surface	2026-10-05T14:45:36.3507356Z   [1m[94m--> [0mopenui-paint/src/painter.rs:39:20
conformance-and-platform	Build and test the C Linux application surface	2026-10-05T14:45:36.3507917Z    [1m[94m|[0m
conformance-and-platform	Build and test the C Linux application surface	2026-10-05T14:45:36.3508650Z [1m[94m39[0m [1m[94m|[0m     color_filters, gradient_shader, image_filters, surfaces, AlphaType, BlendMode, ClipOp, Color4f,
conformance-and-platform	Build and test the C Linux application surface	2026-10-05T14:45:36.3509264Z    [1m[94m|[0m                    [1m[33m^^^^^^^^^^^^^^^[0m
conformance-and-platform	Build and test the C Linux application surface	2026-10-05T14:45:36.3509585Z    [1m[94m|[0m
conformance-and-platform	Build and test the C Linux application surface	2026-10-05T14:45:36.3509897Z    [1m[94m= [0m[1mnote[0m: `#[warn(deprecated)]` on by default
conformance-and-platform	Build and test the C Linux application surface	2026-10-05T14:45:36.3510147Z 
conformance-and-platform	Build and test the C Linux application surface	2026-10-05T14:45:36.3510705Z [1m[33mwarning[0m[1m: use of deprecated function `skia_safe::gradient_shader::linear_with_interpolation`: Use the skia_safe::gradient module[0m
conformance-and-platform	Build and test the C Linux application surface	2026-10-05T14:45:36.3511858Z     [1m[94m--> [0mopenui-paint/src/painter.rs:1860:45
conformance-and-platform	Build and test the C Linux application surface	2026-10-05T14:45:36.3512226Z      [1m[94m|[0m
conformance-and-platform	Build and test the C Linux application surface	2026-10-05T14:45:36.3512745Z [1m[94m1860[0m [1m[94m|[0m     scrim_paint.set_shader(gradient_shader::linear_with_interpolation(
conformance-and-platform	Build and test the C Linux application surface	2026-10-05T14:45:36.3513329Z      [1m[94m|[0m                                             [1m[33m^^^^^^^^^^^^^^^^^^^^^^^^^[0m
conformance-and-platform	Build and test the C Linux application surface	2026-10-05T14:45:36.3513589Z 
conformance-and-platform	Build and test the C Linux application surface	2026-10-05T14:45:36.3514140Z [1m[33mwarning[0m[1m: use of deprecated function `skia_safe::gradient_shader::linear_with_interpolation`: Use the skia_safe::gradient module[0m
conformance-and-platform	Build and test the C Linux application surface	2026-10-05T14:45:36.3514838Z      [1m[94m--> [0mopenui-paint/src/painter.rs:14056:51
conformance-and-platform	Build and test the C Linux application surface	2026-10-05T14:45:36.3515163Z       [1m[94m|[0m
conformance-and-platform	Build and test the C Linux application surface	2026-10-05T14:45:36.3515656Z [1m[94m14056[0m [1m[94m|[0m                 paint.set_shader(gradient_shader::linear_with_interpolation(
conformance-and-platform	Build and test the C Linux application surface	2026-10-05T14:45:36.3516254Z       [1m[94m|[0m                                                   [1m[33m^^^^^^^^^^^^^^^^^^^^^^^^^[0m
conformance-and-platform	Build and test the C Linux application surface	2026-10-05T14:45:36.3516522Z 
conformance-and-platform	Build and test the C Linux application surface	2026-10-05T14:45:36.3516994Z [1m[33mwarning[0m[1m: use of deprecated function `skia_safe::gradient_shader::linear`: Use the skia_safe::gradient module[0m
conformance-and-platform	Build and test the C Linux application surface	2026-10-05T14:45:36.3517625Z      [1m[94m--> [0mopenui-paint/src/painter.rs:14069:51
conformance-and-platform	Build and test the C Linux application surface	2026-10-05T14:45:36.3517951Z       [1m[94m|[0m
conformance-and-platform	Build and test the C Linux application surface	2026-10-05T14:45:36.3518366Z [1m[94m14069[0m [1m[94m|[0m                 paint.set_shader(gradient_shader::linear(
conformance-and-platform	Build and test the C Linux application surface	2026-10-05T14:45:36.3518854Z       [1m[94m|[0m                                                   [1m[33m^^^^^^[0m
conformance-and-platform	Build and test the C Linux application surface	2026-10-05T14:45:36.3519101Z 
conformance-and-platform	Build and test the C Linux application surface	2026-10-05T14:45:36.3519641Z [1m[33mwarning[0m[1m: use of deprecated function `skia_safe::gradient_shader::linear_with_interpolation`: Use the skia_safe::gradient module[0m
conformance-and-platform	Build and test the C Linux application surface	2026-10-05T14:45:36.3520330Z      [1m[94m--> [0mopenui-paint/src/painter.rs:14082:51
conformance-and-platform	Build and test the C Linux application surface	2026-10-05T14:45:36.3520647Z       [1m[94m|[0m
conformance-and-platform	Build and test the C Linux application surface	2026-10-05T14:45:36.3521126Z [1m[94m14082[0m [1m[94m|[0m                 paint.set_shader(gradient_shader::linear_with_interpolation(
conformance-and-platform	Build and test the C Linux application surface	2026-10-05T14:45:36.3521947Z       [1m[94m|[0m                                                   [1m[33m^^^^^^^^^^^^^^^^^^^^^^^^^[0m
conformance-and-platform	Build and test the C Linux application surface	2026-10-05T14:45:36.3522228Z 
conformance-and-platform	Build and test the C Linux application surface	2026-10-05T14:45:36.3522830Z [1m[33mwarning[0m[1m: use of deprecated function `skia_safe::gradient_shader::two_point_conical_with_interpolation`: Use the skia_safe::gradient module[0m
conformance-and-platform	Build and test the C Linux application surface	2026-10-05T14:45:36.3523575Z      [1m[94m--> [0mopenui-paint/src/painter.rs:14178:55
conformance-and-platform	Build and test the C Linux application surface	2026-10-05T14:45:36.3523891Z       [1m[94m|[0m
conformance-and-platform	Build and test the C Linux application surface	2026-10-05T14:45:36.3524426Z [1m[94m14178[0m [1m[94m|[0m                     paint.set_shader(gradient_shader::two_point_conical_with_interpolation(
conformance-and-platform	Build and test the C Linux application surface	2026-10-05T14:45:36.3525081Z       [1m[94m|[0m                                                       [1m[33m^^^^^^^^^^^^^^^^^^^^^^^^^^^^^^^^^^^^[0m
conformance-and-platform	Build and test the C Linux application surface	2026-10-05T14:45:36.3525534Z 
conformance-and-platform	Build and test the C Linux application surface	2026-10-05T14:45:36.3526049Z [1m[33mwarning[0m[1m: use of deprecated function `skia_safe::gradient_shader::two_point_conical`: Use the skia_safe::gradient module[0m
conformance-and-platform	Build and test the C Linux application surface	2026-10-05T14:45:36.3526706Z      [1m[94m--> [0mopenui-paint/src/painter.rs:14192:55
conformance-and-platform	Build and test the C Linux application surface	2026-10-05T14:45:36.3527023Z       [1m[94m|[0m
conformance-and-platform	Build and test the C Linux application surface	2026-10-05T14:45:36.3527483Z [1m[94m14192[0m [1m[94m|[0m                     paint.set_shader(gradient_shader::two_point_conical(
conformance-and-platform	Build and test the C Linux application surface	2026-10-05T14:45:36.3528037Z       [1m[94m|[0m                                                       [1m[33m^^^^^^^^^^^^^^^^^[0m
conformance-and-platform	Build and test the C Linux application surface	2026-10-05T14:45:36.3528299Z 
conformance-and-platform	Build and test the C Linux application surface	2026-10-05T14:45:36.3528876Z [1m[33mwarning[0m[1m: use of deprecated function `skia_safe::gradient_shader::two_point_conical_with_interpolation`: Use the skia_safe::gradient module[0m
conformance-and-platform	Build and test the C Linux application surface	2026-10-05T14:45:36.3529588Z      [1m[94m--> [0mopenui-paint/src/painter.rs:14208:55
conformance-and-platform	Build and test the C Linux application surface	2026-10-05T14:45:36.3529908Z       [1m[94m|[0m
conformance-and-platform	Build and test the C Linux application surface	2026-10-05T14:45:36.3530428Z [1m[94m14208[0m [1m[94m|[0m                     paint.set_shader(gradient_shader::two_point_conical_with_interpolation(
conformance-and-platform	Build and test the C Linux application surface	2026-10-05T14:45:36.3531199Z       [1m[94m|[0m                                                       [1m[33m^^^^^^^^^^^^^^^^^^^^^^^^^^^^^^^^^^^^[0m
conformance-and-platform	Build and test the C Linux application surface	2026-10-05T14:45:36.3531709Z 
conformance-and-platform	Build and test the C Linux application surface	2026-10-05T14:45:36.3532319Z [1m[33mwarning[0m[1m: use of deprecated function `skia_safe::gradient_shader::two_point_conical_with_interpolation`: Use the skia_safe::gradient module[0m
conformance-and-platform	Build and test the C Linux application surface	2026-10-05T14:45:36.3533034Z      [1m[94m--> [0mopenui-paint/src/painter.rs:14228:51
conformance-and-platform	Build and test the C Linux application surface	2026-10-05T14:45:36.3533343Z       [1m[94m|[0m
conformance-and-platform	Build and test the C Linux application surface	2026-10-05T14:45:36.3533859Z [1m[94m14228[0m [1m[94m|[0m                 paint.set_shader(gradient_shader::two_point_conical_with_interpolation(
conformance-and-platform	Build and test the C Linux application surface	2026-10-05T14:45:36.3534596Z       [1m[94m|[0m                                                   [1m[33m^^^^^^^^^^^^^^^^^^^^^^^^^^^^^^^^^^^^[0m
conformance-and-platform	Build and test the C Linux application surface	2026-10-05T14:45:36.3534914Z 
conformance-and-platform	Build and test the C Linux application surface	2026-10-05T14:45:36.3535598Z [1m[33mwarning[0m[1m: use of deprecated function `skia_safe::gradient_shader::two_point_conical`: Use the skia_safe::gradient module[0m
conformance-and-platform	Build and test the C Linux application surface	2026-10-05T14:45:36.3536376Z      [1m[94m--> [0mopenui-paint/src/painter.rs:14242:51
conformance-and-platform	Build and test the C Linux application surface	2026-10-05T14:45:36.3536844Z       [1m[94m|[0m
conformance-and-platform	Build and test the C Linux application surface	2026-10-05T14:45:36.3537479Z [1m[94m14242[0m [1m[94m|[0m                 paint.set_shader(gradient_shader::two_point_conical(
conformance-and-platform	Build and test the C Linux application surface	2026-10-05T14:45:36.3538111Z       [1m[94m|[0m                                                   [1m[33m^^^^^^^^^^^^^^^^^[0m
conformance-and-platform	Build and test the C Linux application surface	2026-10-05T14:45:36.3538422Z 
conformance-and-platform	Build and test the C Linux application surface	2026-10-05T14:45:36.3539093Z [1m[33mwarning[0m[1m: use of deprecated function `skia_safe::gradient_shader::two_point_conical_with_interpolation`: Use the skia_safe::gradient module[0m
conformance-and-platform	Build and test the C Linux application surface	2026-10-05T14:45:36.3557372Z      [1m[94m--> [0mopenui-paint/src/painter.rs:14258:51
conformance-and-platform	Build and test the C Linux application surface	2026-10-05T14:45:36.3557961Z       [1m[94m|[0m
conformance-and-platform	Build and test the C Linux application surface	2026-10-05T14:45:36.3558884Z [1m[94m14258[0m [1m[94m|[0m                 paint.set_shader(gradient_shader::two_point_conical_with_interpolation(
conformance-and-platform	Build and test the C Linux application surface	2026-10-05T14:45:36.3560028Z       [1m[94m|[0m                                                   [1m[33m^^^^^^^^^^^^^^^^^^^^^^^^^^^^^^^^^^^^[0m
conformance-and-platform	Build and test the C Linux application surface	2026-10-05T14:45:36.3560567Z 
conformance-and-platform	Build and test the C Linux application surface	2026-10-05T14:45:36.3561871Z [1m[33mwarning[0m[1m: use of deprecated function `skia_safe::gradient_shader::sweep_with_interpolation`: Use the skia_safe::gradient module[0m
conformance-and-platform	Build and test the C Linux application surface	2026-10-05T14:45:36.3563184Z      [1m[94m--> [0mopenui-paint/src/painter.rs:14318:51
conformance-and-platform	Build and test the C Linux application surface	2026-10-05T14:45:36.3563781Z       [1m[94m|[0m
conformance-and-platform	Build and test the C Linux application surface	2026-10-05T14:45:36.3564623Z [1m[94m14318[0m [1m[94m|[0m                 paint.set_shader(gradient_shader::sweep_with_interpolation(
conformance-and-platform	Build and test the C Linux application surface	2026-10-05T14:45:36.3565244Z       [1m[94m|[0m                                                   [1m[33m^^^^^^^^^^^^^^^^^^^^^^^^[0m
conformance-and-platform	Build and test the C Linux application surface	2026-10-05T14:45:36.3565533Z 
conformance-and-platform	Build and test the C Linux application surface	2026-10-05T14:45:36.3566023Z [1m[33mwarning[0m[1m: use of deprecated function `skia_safe::gradient_shader::sweep`: Use the skia_safe::gradient module[0m
conformance-and-platform	Build and test the C Linux application surface	2026-10-05T14:45:36.3566665Z      [1m[94m--> [0mopenui-paint/src/painter.rs:14332:51
conformance-and-platform	Build and test the C Linux application surface	2026-10-05T14:45:36.3567528Z       [1m[94m|[0m
conformance-and-platform	Build and test the C Linux application surface	2026-10-05T14:45:36.3568029Z [1m[94m14332[0m [1m[94m|[0m                 paint.set_shader(gradient_shader::sweep(
conformance-and-platform	Build and test the C Linux application surface	2026-10-05T14:45:36.3568533Z       [1m[94m|[0m                                                   [1m[33m^^^^^[0m
conformance-and-platform	Build and test the C Linux application surface	2026-10-05T14:45:36.3568785Z 
conformance-and-platform	Build and test the C Linux application surface	2026-10-05T14:45:36.3569337Z [1m[33mwarning[0m[1m: use of deprecated function `skia_safe::gradient_shader::sweep_with_interpolation`: Use the skia_safe::gradient module[0m
conformance-and-platform	Build and test the C Linux application surface	2026-10-05T14:45:36.3570267Z      [1m[94m--> [0mopenui-paint/src/painter.rs:14346:51
conformance-and-platform	Build and test the C Linux application surface	2026-10-05T14:45:36.3570873Z       [1m[94m|[0m
conformance-and-platform	Build and test the C Linux application surface	2026-10-05T14:45:36.3572140Z [1m[94m14346[0m [1m[94m|[0m                 paint.set_shader(gradient_shader::sweep_with_interpolation(
conformance-and-platform	Build and test the C Linux application surface	2026-10-05T14:45:36.3573238Z       [1m[94m|[0m                                                   [1m[33m^^^^^^^^^^^^^^^^^^^^^^^^[0m
conformance-and-platform	Build and test the C Linux application surface	2026-10-05T14:45:36.3573517Z 
conformance-and-platform	Build and test the C Linux application surface	2026-10-05T14:45:36.3574025Z [1m[33mwarning[0m[1m: use of deprecated function `skia_safe::gradient_shader::linear`: Use the skia_safe::gradient module[0m
conformance-and-platform	Build and test the C Linux application surface	2026-10-05T14:45:36.3574670Z      [1m[94m--> [0mopenui-paint/src/painter.rs:17719:55
conformance-and-platform	Build and test the C Linux application surface	2026-10-05T14:45:36.3575184Z       [1m[94m|[0m
conformance-and-platform	Build and test the C Linux application surface	2026-10-05T14:45:36.3577778Z [1m[94m17719[0m [1m[94m|[0m                     paint.set_shader(gradient_shader::linear(
conformance-and-platform	Build and test the C Linux application surface	2026-10-05T14:45:36.3578606Z       [1m[94m|[0m                                                       [1m[33m^^^^^^[0m
conformance-and-platform	Build and test the C Linux application surface	2026-10-05T14:45:36.3579007Z 
conformance-and-platform	Build and test the C Linux application surface	2026-10-05T14:45:36.3579342Z [1m[33mwarning[0m[1m: variant `RestoreTo` is never constructed[0m
conformance-and-platform	Build and test the C Linux application surface	2026-10-05T14:45:36.3580071Z   [1m[94m--> [0mopenui-paint/src/paint_record.rs:16:5
conformance-and-platform	Build and test the C Linux application surface	2026-10-05T14:45:36.3580637Z    [1m[94m|[0m
conformance-and-platform	Build and test the C Linux application surface	2026-10-05T14:45:36.3581088Z [1m[94m13[0m [1m[94m|[0m enum Operation {
conformance-and-platform	Build and test the C Linux application surface	2026-10-05T14:45:36.3582093Z    [1m[94m|[0m      [1m[94m---------[0m [1m[94mvariant in this enum[0m
conformance-and-platform	Build and test the C Linux application surface	2026-10-05T14:45:36.3582722Z [1m[94m...[0m
conformance-and-platform	Build and test the C Linux application surface	2026-10-05T14:45:36.3583197Z [1m[94m16[0m [1m[94m|[0m     RestoreTo(usize),
conformance-and-platform	Build and test the C Linux application surface	2026-10-05T14:45:36.3583780Z    [1m[94m|[0m     [1m[33m^^^^^^^^^[0m
conformance-and-platform	Build and test the C Linux application surface	2026-10-05T14:45:36.3584261Z    [1m[94m|[0m
conformance-and-platform	Build and test the C Linux application surface	2026-10-05T14:45:36.3585306Z    [1m[94m= [0m[1mnote[0m: `Operation` has a derived impl for the trait `Clone`, but this is intentionally ignored during dead code analysis
conformance-and-platform	Build and test the C Linux application surface	2026-10-05T14:45:36.3586639Z    [1m[94m= [0m[1mnote[0m: `#[warn(dead_code)]` (part of `#[warn(unused)]`) on by default
conformance-and-platform	Build and test the C Linux application surface	2026-10-05T14:45:36.3587176Z 
conformance-and-platform	Build and test the C Linux application surface	2026-10-05T14:45:36.3587672Z [1m[33mwarning[0m[1m: methods `restore_to_count` and `save_count` are never used[0m
conformance-and-platform	Build and test the C Linux application surface	2026-10-05T14:45:36.3588563Z    [1m[94m--> [0mopenui-paint/src/paint_record.rs:131:19
conformance-and-platform	Build and test the C Linux application surface	2026-10-05T14:45:36.3589148Z     [1m[94m|[0m
conformance-and-platform	Build and test the C Linux application surface	2026-10-05T14:45:36.3589661Z [1m[94m119[0m [1m[94m|[0m impl dyn PaintCanvas + '_ {
conformance-and-platform	Build and test the C Linux application surface	2026-10-05T14:45:36.3590543Z     [1m[94m|[0m [1m[94m-------------------------[0m [1m[94mmethods in this implementation[0m
conformance-and-platform	Build and test the C Linux application surface	2026-10-05T14:45:36.3591250Z [1m[94m...[0m
conformance-and-platform	Build and test the C Linux application surface	2026-10-05T14:45:36.3592202Z [1m[94m131[0m [1m[94m|[0m     pub(crate) fn restore_to_count(&self, count: usize) -> &Self {
conformance-and-platform	Build and test the C Linux application surface	2026-10-05T14:45:36.3593079Z     [1m[94m|[0m                   [1m[33m^^^^^^^^^^^^^^^^[0m
conformance-and-platform	Build and test the C Linux application surface	2026-10-05T14:45:36.3593629Z [1m[94m...[0m
conformance-and-platform	Build and test the C Linux application surface	2026-10-05T14:45:36.3594197Z [1m[94m137[0m [1m[94m|[0m     pub(crate) fn save_count(&self) -> usize {
conformance-and-platform	Build and test the C Linux application surface	2026-10-05T14:45:36.3594976Z     [1m[94m|[0m                   [1m[33m^^^^^^^^^^[0m
conformance-and-platform	Build and test the C Linux application surface	2026-10-05T14:45:36.3595339Z 
conformance-and-platform	Build and test the C Linux application surface	2026-10-05T14:45:36.3595779Z [1m[33mwarning[0m: `openui-paint` (lib) generated 17 warnings
conformance-and-platform	Build and test the C Linux application surface	2026-10-05T14:45:36.3596914Z [1m[92m   Compiling[0m openui-ffi v0.2.0 (/home/runner/work/open-ui/open-ui/bindings/rust/openui-ffi)
conformance-and-platform	Build and test the C Linux application surface	2026-10-05T14:45:36.3598176Z [1m[92m   Compiling[0m openui v0.2.0 (/home/runner/work/open-ui/open-ui/bindings/rust/openui)
conformance-and-platform	Build and test the C Linux application surface	2026-10-05T14:45:41.7570553Z [1m[92m    Finished[0m `test` profile [unoptimized + debuginfo] target(s) in 5.57s
conformance-and-platform	Build and test the C Linux application surface	2026-10-05T14:45:41.7706421Z [1m[92m     Running[0m unittests src/lib.rs (target/debug/deps/openui_ffi-23defc8c3772f92f)
conformance-and-platform	Build and test the C Linux application surface	2026-10-05T14:45:41.7753860Z 
conformance-and-platform	Build and test the C Linux application surface	2026-10-05T14:45:41.7754121Z running 32 tests
conformance-and-platform	Build and test the C Linux application surface	2026-10-05T14:45:41.7792712Z test registry::miri_handle_tests::opaque_handles_reject_wrong_kind_thread_and_reuse ... ok
conformance-and-platform	Build and test the C Linux application surface	2026-10-05T14:45:41.7850960Z test native_app_tests::native_run_config_and_lifecycle_reject_invalid_ownership ... ok
conformance-and-platform	Build and test the C Linux application surface	2026-10-05T14:45:41.7857006Z test tests::app_and_document_handles_have_independent_explicit_lifetimes ... ok
conformance-and-platform	Build and test the C Linux application surface	2026-10-05T14:45:41.7922546Z test native_app_tests::linux::native_accessibility_actions_reach_c_controls_and_c_listeners ... ok
conformance-and-platform	Build and test the C Linux application surface	2026-10-05T14:45:41.7970879Z test native_app_tests::linux::c_native_keyboard_uses_rust_editing_and_reentrant_cancellation ... ok
conformance-and-platform	Build and test the C Linux application surface	2026-10-05T14:45:41.7972305Z test tests::c_animation_api_samples_controls_and_reports_events ... ok
conformance-and-platform	Build and test the C Linux application surface	2026-10-05T14:45:41.8002461Z test tests::c_accessibility_snapshot_rejects_wrong_document_and_outlives_its_document ... ok
conformance-and-platform	Build and test the C Linux application surface	2026-10-05T14:45:41.8022343Z test tests::c_accessibility_updates_actions_and_validation_share_engine_state ... ok
conformance-and-platform	Build and test the C Linux application surface	2026-10-05T14:45:41.8059590Z test tests::c_composition_dispatch_commits_final_text_and_restores_canceled_edits ... ok
conformance-and-platform	Build and test the C Linux application surface	2026-10-05T14:45:41.8082669Z test tests::c_events_hit_testing_and_control_state_share_engine_defaults ... ok
conformance-and-platform	Build and test the C Linux application surface	2026-10-05T14:45:41.8110409Z test tests::c_font_registration_queries_and_removal_validate_lifetimes ... ok
conformance-and-platform	Build and test the C Linux application surface	2026-10-05T14:45:41.8112584Z test tests::c_id_lookup_returns_owned_attached_element_handles ... ok
conformance-and-platform	Build and test the C Linux application surface	2026-10-05T14:45:41.8182353Z test tests::c_scroll_metrics_preserve_larger_caller_storage_and_absent_boxes ... ok
conformance-and-platform	Build and test the C Linux application surface	2026-10-05T14:45:41.8202584Z test tests::c_scroll_metrics_validate_output_headers_and_ownership ... ok
conformance-and-platform	Build and test the C Linux application surface	2026-10-05T14:45:41.8221919Z test tests::c_typography_literal_values_are_typed_and_owned ... ok
conformance-and-platform	Build and test the C Linux application surface	2026-10-05T14:45:41.8222818Z test tests::frozen_layout_metadata_matches_rust ... ok
conformance-and-platform	Build and test the C Linux application surface	2026-10-05T14:45:41.8230512Z test tests::detached_c_nodes_keep_their_handles_until_explicit_removal ... ok
conformance-and-platform	Build and test the C Linux application surface	2026-10-05T14:45:41.8231700Z test tests::invalid_float_colors_leave_output_unchanged ... ok
conformance-and-platform	Build and test the C Linux application surface	2026-10-05T14:45:41.8234370Z test tests::invalid_native_literals_preserve_output_and_existing_scalar_encodings ... ok
conformance-and-platform	Build and test the C Linux application surface	2026-10-05T14:45:41.8235508Z test tests::malformed_inputs_report_structured_thread_local_errors ... ok
conformance-and-platform	Build and test the C Linux application surface	2026-10-05T14:45:41.8292669Z test tests::c_font_metadata_matches_pinned_multiformat_fixtures ... ok
conformance-and-platform	Build and test the C Linux application surface	2026-10-05T14:45:41.8312479Z test tests::handles_are_thread_affine_without_dereferencing_foreign_tokens ... ok
conformance-and-platform	Build and test the C Linux application surface	2026-10-05T14:45:41.8313692Z test tests::event_order_is_deterministic_and_callbacks_can_reenter ... ok
conformance-and-platform	Build and test the C Linux application surface	2026-10-05T14:45:41.8366911Z test tests::normalized_c_input_validates_headers_utf8_and_thread_ownership ... ok
conformance-and-platform	Build and test the C Linux application surface	2026-10-05T14:45:41.8382338Z test tests::native_float_colors_preserve_precision_property_identity_and_ownership ... ok
conformance-and-platform	Build and test the C Linux application surface	2026-10-05T14:45:41.8412126Z test tests::panics_are_contained ... ok
conformance-and-platform	Build and test the C Linux application surface	2026-10-05T14:45:41.8412964Z test tests::normalized_c_keyboard_and_text_share_cancelable_document_defaults ... ok
conformance-and-platform	Build and test the C Linux application surface	2026-10-05T14:45:41.8472218Z test tests::transactions_and_compound_types_are_checked ... ok
conformance-and-platform	Build and test the C Linux application surface	2026-10-05T14:45:41.8512476Z test tests::ownership_generation_and_value_tags_are_validated ... ok
conformance-and-platform	Build and test the C Linux application surface	2026-10-05T14:45:41.8516520Z test tests::rust_and_c_paths_produce_identical_headless_pixels ... ok
conformance-and-platform	Build and test the C Linux application surface	2026-10-05T14:45:41.8560892Z test tests::typed_tree_renders_and_buffers_have_explicit_lifetimes ... ok
conformance-and-platform	Build and test the C Linux application surface	2026-10-05T14:45:41.8660562Z test tests::native_scalar_extensions_keep_owned_property_identity_and_full_values ... ok
conformance-and-platform	Build and test the C Linux application surface	2026-10-05T14:45:41.8661070Z 
conformance-and-platform	Build and test the C Linux application surface	2026-10-05T14:45:41.8661406Z test result: ok. 32 passed; 0 failed; 0 ignored; 0 measured; 0 filtered out; finished in 0.09s
conformance-and-platform	Build and test the C Linux application surface	2026-10-05T14:45:41.8662044Z 
conformance-and-platform	Build and test the C Linux application surface	2026-10-05T14:45:41.8674308Z [1m[92m   Doc-tests[0m openui_ffi
conformance-and-platform	Build and test the C Linux application surface	2026-10-05T14:45:41.9404941Z 
conformance-and-platform	Build and test the C Linux application surface	2026-10-05T14:45:41.9405666Z running 0 tests
conformance-and-platform	Build and test the C Linux application surface	2026-10-05T14:45:41.9405967Z 
conformance-and-platform	Build and test the C Linux application surface	2026-10-05T14:45:41.9406270Z test result: ok. 0 passed; 0 failed; 0 ignored; 0 measured; 0 filtered out; finished in 0.00s
conformance-and-platform	Build and test the C Linux application surface	2026-10-05T14:45:41.9406646Z 
conformance-and-platform	Build and test the C Linux application surface	2026-10-05T14:45:42.1106058Z [1m[33mwarning[0m[1m: unused import: `BfcOffset`[0m
conformance-and-platform	Build and test the C Linux application surface	2026-10-05T14:45:42.1107516Z   [1m[94m--> [0mopenui-layout/src/bfc_resolution.rs:17:23
conformance-and-platform	Build and test the C Linux application surface	2026-10-05T14:45:42.1108433Z    [1m[94m|[0m
conformance-and-platform	Build and test the C Linux application surface	2026-10-05T14:45:42.1109403Z [1m[94m17[0m [1m[94m|[0m use openui_geometry::{BfcOffset, BoxStrut, LayoutUnit, MarginStrut};
conformance-and-platform	Build and test the C Linux application surface	2026-10-05T14:45:42.1110248Z    [1m[94m|[0m                       [1m[33m^^^^^^^^^[0m
conformance-and-platform	Build and test the C Linux application surface	2026-10-05T14:45:42.1110759Z    [1m[94m|[0m
conformance-and-platform	Build and test the C Linux application surface	2026-10-05T14:45:42.1111948Z    [1m[94m= [0m[1mnote[0m: `#[warn(unused_imports)]` (part of `#[warn(unused)]`) on by default
conformance-and-platform	Build and test the C Linux application surface	2026-10-05T14:45:42.1112870Z 
conformance-and-platform	Build and test the C Linux application surface	2026-10-05T14:45:42.1113286Z [1m[33mwarning[0m[1m: unused import: `balance_columns`[0m
conformance-and-platform	Build and test the C Linux application surface	2026-10-05T14:45:42.1113971Z      [1m[94m--> [0mopenui-layout/src/block.rs:19571:9
conformance-and-platform	Build and test the C Linux application surface	2026-10-05T14:45:42.1114483Z       [1m[94m|[0m
conformance-and-platform	Build and test the C Linux application surface	2026-10-05T14:45:42.1115264Z [1m[94m19571[0m [1m[94m|[0m         balance_columns, balance_columns_with_margins, compute_column_positions,
conformance-and-platform	Build and test the C Linux application surface	2026-10-05T14:45:42.1116134Z       [1m[94m|[0m         [1m[33m^^^^^^^^^^^^^^^[0m
conformance-and-platform	Build and test the C Linux application surface	2026-10-05T14:45:42.1116478Z 
conformance-and-platform	Build and test the C Linux application surface	2026-10-05T14:45:42.1116826Z [1m[33mwarning[0m[1m: unused import: `super::*`[0m
conformance-and-platform	Build and test the C Linux application surface	2026-10-05T14:45:42.1117701Z     [1m[94m--> [0mopenui-layout/src/intrinsic_sizing.rs:3974:9
conformance-and-platform	Build and test the C Linux application surface	2026-10-05T14:45:42.1118263Z      [1m[94m|[0m
conformance-and-platform	Build and test the C Linux application surface	2026-10-05T14:45:42.1118650Z [1m[94m3974[0m [1m[94m|[0m     use super::*;
conformance-and-platform	Build and test the C Linux application surface	2026-10-05T14:45:42.1119033Z      [1m[94m|[0m         [1m[33m^^^^^^^^[0m
conformance-and-platform	Build and test the C Linux application surface	2026-10-05T14:45:42.1119243Z 
conformance-and-platform	Build and test the C Linux application surface	2026-10-05T14:45:42.1119489Z [1m[33mwarning[0m[1m: unused import: `std::sync::Arc`[0m
conformance-and-platform	Build and test the C Linux application surface	2026-10-05T14:45:42.1119985Z   [1m[94m--> [0mopenui-layout/src/new_formatting_context.rs:17:5
conformance-and-platform	Build and test the C Linux application surface	2026-10-05T14:45:42.1120377Z    [1m[94m|[0m
conformance-and-platform	Build and test the C Linux application surface	2026-10-05T14:45:42.1120698Z [1m[94m17[0m [1m[94m|[0m use std::sync::Arc;
conformance-and-platform	Build and test the C Linux application surface	2026-10-05T14:45:42.1121070Z    [1m[94m|[0m     [1m[33m^^^^^^^^^^^^^^[0m
conformance-and-platform	Build and test the C Linux application surface	2026-10-05T14:45:42.1121285Z 
conformance-and-platform	Build and test the C Linux application surface	2026-10-05T14:45:42.1121780Z [1m[33mwarning[0m[1m: unused import: `ClearType`[0m
conformance-and-platform	Build and test the C Linux application surface	2026-10-05T14:45:42.1122402Z   [1m[94m--> [0mopenui-layout/src/new_formatting_context.rs:24:25
conformance-and-platform	Build and test the C Linux application surface	2026-10-05T14:45:42.1123055Z    [1m[94m|[0m
conformance-and-platform	Build and test the C Linux application surface	2026-10-05T14:45:42.1123671Z [1m[94m24[0m [1m[94m|[0m use crate::exclusions::{ClearType, ExclusionSpace};
conformance-and-platform	Build and test the C Linux application surface	2026-10-05T14:45:42.1124178Z    [1m[94m|[0m                         [1m[33m^^^^^^^^^[0m
conformance-and-platform	Build and test the C Linux application surface	2026-10-05T14:45:42.1124418Z 
conformance-and-platform	Build and test the C Linux application surface	2026-10-05T14:45:42.1124732Z [1m[33mwarning[0m[1m: unused import: `crate::layout_result::LayoutResult`[0m
conformance-and-platform	Build and test the C Linux application surface	2026-10-05T14:45:42.1125300Z   [1m[94m--> [0mopenui-layout/src/new_formatting_context.rs:26:5
conformance-and-platform	Build and test the C Linux application surface	2026-10-05T14:45:42.1125689Z    [1m[94m|[0m
conformance-and-platform	Build and test the C Linux application surface	2026-10-05T14:45:42.1126076Z [1m[94m26[0m [1m[94m|[0m use crate::layout_result::LayoutResult;
conformance-and-platform	Build and test the C Linux application surface	2026-10-05T14:45:42.1126547Z    [1m[94m|[0m     [1m[33m^^^^^^^^^^^^^^^^^^^^^^^^^^^^^^^^^^[0m
conformance-and-platform	Build and test the C Linux application surface	2026-10-05T14:45:42.1126799Z 
conformance-and-platform	Build and test the C Linux application surface	2026-10-05T14:45:42.1127219Z [1m[33mwarning[0m[1m: variable `reconstructed_block_in_inline` is assigned to, but never used[0m
conformance-and-platform	Build and test the C Linux application surface	2026-10-05T14:45:42.1127825Z     [1m[94m--> [0mopenui-layout/src/block.rs:2104:9
conformance-and-platform	Build and test the C Linux application surface	2026-10-05T14:45:42.1128174Z      [1m[94m|[0m
conformance-and-platform	Build and test the C Linux application surface	2026-10-05T14:45:42.1128550Z [1m[94m2104[0m [1m[94m|[0m     let mut reconstructed_block_in_inline = false;
conformance-and-platform	Build and test the C Linux application surface	2026-10-05T14:45:42.1129022Z      [1m[94m|[0m         [1m[33m^^^^^^^^^^^^^^^^^^^^^^^^^^^^^^^^^[0m
conformance-and-platform	Build and test the C Linux application surface	2026-10-05T14:45:42.1129360Z      [1m[94m|[0m
conformance-and-platform	Build and test the C Linux application surface	2026-10-05T14:45:42.1129747Z      [1m[94m= [0m[1mnote[0m: consider using `_reconstructed_block_in_inline` instead
conformance-and-platform	Build and test the C Linux application surface	2026-10-05T14:45:42.1130368Z      [1m[94m= [0m[1mnote[0m: `#[warn(unused_variables)]` (part of `#[warn(unused)]`) on by default
conformance-and-platform	Build and test the C Linux application surface	2026-10-05T14:45:42.1130716Z 
conformance-and-platform	Build and test the C Linux application surface	2026-10-05T14:45:42.1130932Z [1m[33mwarning[0m[1m: variable does not need to be mutable[0m
conformance-and-platform	Build and test the C Linux application surface	2026-10-05T14:45:42.1131364Z     [1m[94m--> [0mopenui-layout/src/block.rs:6781:9
conformance-and-platform	Build and test the C Linux application surface	2026-10-05T14:45:42.1131838Z      [1m[94m|[0m
conformance-and-platform	Build and test the C Linux application surface	2026-10-05T14:45:42.1132228Z [1m[94m6781[0m [1m[94m|[0m     let mut child_margin = resolve_margins_in_parent_axes(
conformance-and-platform	Build and test the C Linux application surface	2026-10-05T14:45:42.1132722Z      [1m[94m|[0m         [1m[94m----[0m[1m[33m^^^^^^^^^^^^[0m
conformance-and-platform	Build and test the C Linux application surface	2026-10-05T14:45:42.1133261Z      [1m[94m|[0m         [1m[94m|[0m
conformance-and-platform	Build and test the C Linux application surface	2026-10-05T14:45:42.1133630Z      [1m[94m|[0m         [1m[94mhelp: remove this `mut`[0m
conformance-and-platform	Build and test the C Linux application surface	2026-10-05T14:45:42.1133967Z      [1m[94m|[0m
conformance-and-platform	Build and test the C Linux application surface	2026-10-05T14:45:42.1134370Z      [1m[94m= [0m[1mnote[0m: `#[warn(unused_mut)]` (part of `#[warn(unused)]`) on by default
conformance-and-platform	Build and test the C Linux application surface	2026-10-05T14:45:42.1134693Z 
conformance-and-platform	Build and test the C Linux application surface	2026-10-05T14:45:42.1134923Z [1m[33mwarning[0m[1m: field `source_caption_end` is never read[0m
conformance-and-platform	Build and test the C Linux application surface	2026-10-05T14:45:42.1135359Z     [1m[94m--> [0mopenui-layout/src/block.rs:9551:5
conformance-and-platform	Build and test the C Linux application surface	2026-10-05T14:45:42.1135674Z      [1m[94m|[0m
conformance-and-platform	Build and test the C Linux application surface	2026-10-05T14:45:42.1136007Z [1m[94m9550[0m [1m[94m|[0m struct CaptionedRepeatedTableFlow {
conformance-and-platform	Build and test the C Linux application surface	2026-10-05T14:45:42.1136538Z      [1m[94m|[0m        [1m[94m--------------------------[0m [1m[94mfield in this struct[0m
conformance-and-platform	Build and test the C Linux application surface	2026-10-05T14:45:42.1137042Z [1m[94m9551[0m [1m[94m|[0m     source_caption_end: LayoutUnit,
conformance-and-platform	Build and test the C Linux application surface	2026-10-05T14:45:42.1137435Z      [1m[94m|[0m     [1m[33m^^^^^^^^^^^^^^^^^^[0m
conformance-and-platform	Build and test the C Linux application surface	2026-10-05T14:45:42.1137779Z      [1m[94m|[0m
conformance-and-platform	Build and test the C Linux application surface	2026-10-05T14:45:42.1138533Z      [1m[94m= [0m[1mnote[0m: `CaptionedRepeatedTableFlow` has derived impls for the traits `Debug` and `Clone`, but these are intentionally ignored during dead code analysis
conformance-and-platform	Build and test the C Linux application surface	2026-10-05T14:45:42.1139528Z      [1m[94m= [0m[1mnote[0m: `#[warn(dead_code)]` (part of `#[warn(unused)]`) on by default
conformance-and-platform	Build and test the C Linux application surface	2026-10-05T14:45:42.1139833Z 
conformance-and-platform	Build and test the C Linux application surface	2026-10-05T14:45:42.1140292Z [1m[33mwarning[0m[1m: function `columns_needed_for_height` is never used[0m
conformance-and-platform	Build and test the C Linux application surface	2026-10-05T14:45:42.1140774Z    [1m[94m--> [0mopenui-layout/src/multicol/mod.rs:705:4
conformance-and-platform	Build and test the C Linux application surface	2026-10-05T14:45:42.1141097Z     [1m[94m|[0m
conformance-and-platform	Build and test the C Linux application surface	2026-10-05T14:45:42.1141399Z [1m[94m705[0m [1m[94m|[0m fn columns_needed_for_height(
conformance-and-platform	Build and test the C Linux application surface	2026-10-05T14:45:42.1141922Z     [1m[94m|[0m    [1m[33m^^^^^^^^^^^^^^^^^^^^^^^^^[0m
conformance-and-platform	Build and test the C Linux application surface	2026-10-05T14:45:42.1142133Z 
conformance-and-platform	Build and test the C Linux application surface	2026-10-05T14:45:42.1142589Z [1m[33mwarning[0m: `openui-layout` (lib) generated 10 warnings (run `cargo fix --lib -p openui-layout` to apply 7 suggestions)
conformance-and-platform	Build and test the C Linux application surface	2026-10-05T14:45:42.1143483Z [1m[33mwarning[0m[1m: use of deprecated module `skia_safe::gradient_shader`: Use the skia_safe::gradient module[0m
conformance-and-platform	Build and test the C Linux application surface	2026-10-05T14:45:42.1144066Z   [1m[94m--> [0mopenui-paint/src/painter.rs:39:20
conformance-and-platform	Build and test the C Linux application surface	2026-10-05T14:45:42.1144381Z    [1m[94m|[0m
conformance-and-platform	Build and test the C Linux application surface	2026-10-05T14:45:42.1144923Z [1m[94m39[0m [1m[94m|[0m     color_filters, gradient_shader, image_filters, surfaces, AlphaType, BlendMode, ClipOp, Color4f,
conformance-and-platform	Build and test the C Linux application surface	2026-10-05T14:45:42.1145523Z    [1m[94m|[0m                    [1m[33m^^^^^^^^^^^^^^^[0m
conformance-and-platform	Build and test the C Linux application surface	2026-10-05T14:45:42.1145831Z    [1m[94m|[0m
conformance-and-platform	Build and test the C Linux application surface	2026-10-05T14:45:42.1146145Z    [1m[94m= [0m[1mnote[0m: `#[warn(deprecated)]` on by default
conformance-and-platform	Build and test the C Linux application surface	2026-10-05T14:45:42.1146383Z 
conformance-and-platform	Build and test the C Linux application surface	2026-10-05T14:45:42.1146919Z [1m[33mwarning[0m[1m: use of deprecated function `skia_safe::gradient_shader::linear_with_interpolation`: Use the skia_safe::gradient module[0m
conformance-and-platform	Build and test the C Linux application surface	2026-10-05T14:45:42.1147603Z     [1m[94m--> [0mopenui-paint/src/painter.rs:1860:45
conformance-and-platform	Build and test the C Linux application surface	2026-10-05T14:45:42.1147939Z      [1m[94m|[0m
conformance-and-platform	Build and test the C Linux application surface	2026-10-05T14:45:42.1148415Z [1m[94m1860[0m [1m[94m|[0m     scrim_paint.set_shader(gradient_shader::linear_with_interpolation(
conformance-and-platform	Build and test the C Linux application surface	2026-10-05T14:45:42.1148994Z      [1m[94m|[0m                                             [1m[33m^^^^^^^^^^^^^^^^^^^^^^^^^[0m
conformance-and-platform	Build and test the C Linux application surface	2026-10-05T14:45:42.1149257Z 
conformance-and-platform	Build and test the C Linux application surface	2026-10-05T14:45:42.1149793Z [1m[33mwarning[0m[1m: use of deprecated function `skia_safe::gradient_shader::linear_with_interpolation`: Use the skia_safe::gradient module[0m
conformance-and-platform	Build and test the C Linux application surface	2026-10-05T14:45:42.1150472Z      [1m[94m--> [0mopenui-paint/src/painter.rs:14056:51
conformance-and-platform	Build and test the C Linux application surface	2026-10-05T14:45:42.1150788Z       [1m[94m|[0m
conformance-and-platform	Build and test the C Linux application surface	2026-10-05T14:45:42.1151268Z [1m[94m14056[0m [1m[94m|[0m                 paint.set_shader(gradient_shader::linear_with_interpolation(
conformance-and-platform	Build and test the C Linux application surface	2026-10-05T14:45:42.1152187Z       [1m[94m|[0m                                                   [1m[33m^^^^^^^^^^^^^^^^^^^^^^^^^[0m
conformance-and-platform	Build and test the C Linux application surface	2026-10-05T14:45:42.1152459Z 
conformance-and-platform	Build and test the C Linux application surface	2026-10-05T14:45:42.1152942Z [1m[33mwarning[0m[1m: use of deprecated function `skia_safe::gradient_shader::linear`: Use the skia_safe::gradient module[0m
conformance-and-platform	Build and test the C Linux application surface	2026-10-05T14:45:42.1153747Z      [1m[94m--> [0mopenui-paint/src/painter.rs:14069:51
conformance-and-platform	Build and test the C Linux application surface	2026-10-05T14:45:42.1154065Z       [1m[94m|[0m
conformance-and-platform	Build and test the C Linux application surface	2026-10-05T14:45:42.1154479Z [1m[94m14069[0m [1m[94m|[0m                 paint.set_shader(gradient_shader::linear(
conformance-and-platform	Build and test the C Linux application surface	2026-10-05T14:45:42.1154965Z       [1m[94m|[0m                                                   [1m[33m^^^^^^[0m
conformance-and-platform	Build and test the C Linux application surface	2026-10-05T14:45:42.1155213Z 
conformance-and-platform	Build and test the C Linux application surface	2026-10-05T14:45:42.1155750Z [1m[33mwarning[0m[1m: use of deprecated function `skia_safe::gradient_shader::linear_with_interpolation`: Use the skia_safe::gradient module[0m
conformance-and-platform	Build and test the C Linux application surface	2026-10-05T14:45:42.1156433Z      [1m[94m--> [0mopenui-paint/src/painter.rs:14082:51
conformance-and-platform	Build and test the C Linux application surface	2026-10-05T14:45:42.1156744Z       [1m[94m|[0m
conformance-and-platform	Build and test the C Linux application surface	2026-10-05T14:45:42.1157213Z [1m[94m14082[0m [1m[94m|[0m                 paint.set_shader(gradient_shader::linear_with_interpolation(
conformance-and-platform	Build and test the C Linux application surface	2026-10-05T14:45:42.1157786Z       [1m[94m|[0m                                                   [1m[33m^^^^^^^^^^^^^^^^^^^^^^^^^[0m
conformance-and-platform	Build and test the C Linux application surface	2026-10-05T14:45:42.1158056Z 
conformance-and-platform	Build and test the C Linux application surface	2026-10-05T14:45:42.1158772Z [1m[33mwarning[0m[1m: use of deprecated function `skia_safe::gradient_shader::two_point_conical_with_interpolation`: Use the skia_safe::gradient module[0m
conformance-and-platform	Build and test the C Linux application surface	2026-10-05T14:45:42.1159491Z      [1m[94m--> [0mopenui-paint/src/painter.rs:14178:55
conformance-and-platform	Build and test the C Linux application surface	2026-10-05T14:45:42.1159798Z       [1m[94m|[0m
conformance-and-platform	Build and test the C Linux application surface	2026-10-05T14:45:42.1160330Z [1m[94m14178[0m [1m[94m|[0m                     paint.set_shader(gradient_shader::two_point_conical_with_interpolation(
conformance-and-platform	Build and test the C Linux application surface	2026-10-05T14:45:42.1160977Z       [1m[94m|[0m                                                       [1m[33m^^^^^^^^^^^^^^^^^^^^^^^^^^^^^^^^^^^^[0m
conformance-and-platform	Build and test the C Linux application surface	2026-10-05T14:45:42.1161266Z 
conformance-and-platform	Build and test the C Linux application surface	2026-10-05T14:45:42.1162004Z [1m[33mwarning[0m[1m: use of deprecated function `skia_safe::gradient_shader::two_point_conical`: Use the skia_safe::gradient module[0m
conformance-and-platform	Build and test the C Linux application surface	2026-10-05T14:45:42.1162663Z      [1m[94m--> [0mopenui-paint/src/painter.rs:14192:55
conformance-and-platform	Build and test the C Linux application surface	2026-10-05T14:45:42.1162988Z       [1m[94m|[0m
conformance-and-platform	Build and test the C Linux application surface	2026-10-05T14:45:42.1163444Z [1m[94m14192[0m [1m[94m|[0m                     paint.set_shader(gradient_shader::two_point_conical(
conformance-and-platform	Build and test the C Linux application surface	2026-10-05T14:45:42.1163994Z       [1m[94m|[0m                                                       [1m[33m^^^^^^^^^^^^^^^^^[0m
conformance-and-platform	Build and test the C Linux application surface	2026-10-05T14:45:42.1164255Z 
conformance-and-platform	Build and test the C Linux application surface	2026-10-05T14:45:42.1164838Z [1m[33mwarning[0m[1m: use of deprecated function `skia_safe::gradient_shader::two_point_conical_with_interpolation`: Use the skia_safe::gradient module[0m
conformance-and-platform	Build and test the C Linux application surface	2026-10-05T14:45:42.1165546Z      [1m[94m--> [0mopenui-paint/src/painter.rs:14208:55
conformance-and-platform	Build and test the C Linux application surface	2026-10-05T14:45:42.1165855Z       [1m[94m|[0m
conformance-and-platform	Build and test the C Linux application surface	2026-10-05T14:45:42.1166371Z [1m[94m14208[0m [1m[94m|[0m                     paint.set_shader(gradient_shader::two_point_conical_with_interpolation(
conformance-and-platform	Build and test the C Linux application surface	2026-10-05T14:45:42.1167019Z       [1m[94m|[0m                                                       [1m[33m^^^^^^^^^^^^^^^^^^^^^^^^^^^^^^^^^^^^[0m
conformance-and-platform	Build and test the C Linux application surface	2026-10-05T14:45:42.1167299Z 
conformance-and-platform	Build and test the C Linux application surface	2026-10-05T14:45:42.1167879Z [1m[33mwarning[0m[1m: use of deprecated function `skia_safe::gradient_shader::two_point_conical_with_interpolation`: Use the skia_safe::gradient module[0m
conformance-and-platform	Build and test the C Linux application surface	2026-10-05T14:45:42.1168584Z      [1m[94m--> [0mopenui-paint/src/painter.rs:14228:51
conformance-and-platform	Build and test the C Linux application surface	2026-10-05T14:45:42.1168902Z       [1m[94m|[0m
conformance-and-platform	Build and test the C Linux application surface	2026-10-05T14:45:42.1169419Z [1m[94m14228[0m [1m[94m|[0m                 paint.set_shader(gradient_shader::two_point_conical_with_interpolation(
conformance-and-platform	Build and test the C Linux application surface	2026-10-05T14:45:42.1170073Z       [1m[94m|[0m                                                   [1m[33m^^^^^^^^^^^^^^^^^^^^^^^^^^^^^^^^^^^^[0m
conformance-and-platform	Build and test the C Linux application surface	2026-10-05T14:45:42.1170357Z 
conformance-and-platform	Build and test the C Linux application surface	2026-10-05T14:45:42.1170863Z [1m[33mwarning[0m[1m: use of deprecated function `skia_safe::gradient_shader::two_point_conical`: Use the skia_safe::gradient module[0m
conformance-and-platform	Build and test the C Linux application surface	2026-10-05T14:45:42.1171657Z      [1m[94m--> [0mopenui-paint/src/painter.rs:14242:51
conformance-and-platform	Build and test the C Linux application surface	2026-10-05T14:45:42.1171979Z       [1m[94m|[0m
conformance-and-platform	Build and test the C Linux application surface	2026-10-05T14:45:42.1172430Z [1m[94m14242[0m [1m[94m|[0m                 paint.set_shader(gradient_shader::two_point_conical(
conformance-and-platform	Build and test the C Linux application surface	2026-10-05T14:45:42.1173128Z       [1m[94m|[0m                                                   [1m[33m^^^^^^^^^^^^^^^^^[0m
conformance-and-platform	Build and test the C Linux application surface	2026-10-05T14:45:42.1173390Z 
conformance-and-platform	Build and test the C Linux application surface	2026-10-05T14:45:42.1173981Z [1m[33mwarning[0m[1m: use of deprecated function `skia_safe::gradient_shader::two_point_conical_with_interpolation`: Use the skia_safe::gradient module[0m
conformance-and-platform	Build and test the C Linux application surface	2026-10-05T14:45:42.1174709Z      [1m[94m--> [0mopenui-paint/src/painter.rs:14258:51
conformance-and-platform	Build and test the C Linux application surface	2026-10-05T14:45:42.1175030Z       [1m[94m|[0m
conformance-and-platform	Build and test the C Linux application surface	2026-10-05T14:45:42.1175563Z [1m[94m14258[0m [1m[94m|[0m                 paint.set_shader(gradient_shader::two_point_conical_with_interpolation(
conformance-and-platform	Build and test the C Linux application surface	2026-10-05T14:45:42.1176202Z       [1m[94m|[0m                                                   [1m[33m^^^^^^^^^^^^^^^^^^^^^^^^^^^^^^^^^^^^[0m
conformance-and-platform	Build and test the C Linux application surface	2026-10-05T14:45:42.1176489Z 
conformance-and-platform	Build and test the C Linux application surface	2026-10-05T14:45:42.1177023Z [1m[33mwarning[0m[1m: use of deprecated function `skia_safe::gradient_shader::sweep_with_interpolation`: Use the skia_safe::gradient module[0m
conformance-and-platform	Build and test the C Linux application surface	2026-10-05T14:45:42.1177719Z      [1m[94m--> [0mopenui-paint/src/painter.rs:14318:51
conformance-and-platform	Build and test the C Linux application surface	2026-10-05T14:45:42.1178159Z       [1m[94m|[0m
conformance-and-platform	Build and test the C Linux application surface	2026-10-05T14:45:42.1178640Z [1m[94m14318[0m [1m[94m|[0m                 paint.set_shader(gradient_shader::sweep_with_interpolation(
conformance-and-platform	Build and test the C Linux application surface	2026-10-05T14:45:42.1179217Z       [1m[94m|[0m                                                   [1m[33m^^^^^^^^^^^^^^^^^^^^^^^^[0m
conformance-and-platform	Build and test the C Linux application surface	2026-10-05T14:45:42.1179483Z 
conformance-and-platform	Build and test the C Linux application surface	2026-10-05T14:45:42.1179949Z [1m[33mwarning[0m[1m: use of deprecated function `skia_safe::gradient_shader::sweep`: Use the skia_safe::gradient module[0m
conformance-and-platform	Build and test the C Linux application surface	2026-10-05T14:45:42.1180567Z      [1m[94m--> [0mopenui-paint/src/painter.rs:14332:51
conformance-and-platform	Build and test the C Linux application surface	2026-10-05T14:45:42.1180888Z       [1m[94m|[0m
conformance-and-platform	Build and test the C Linux application surface	2026-10-05T14:45:42.1181292Z [1m[94m14332[0m [1m[94m|[0m                 paint.set_shader(gradient_shader::sweep(
conformance-and-platform	Build and test the C Linux application surface	2026-10-05T14:45:42.1181923Z       [1m[94m|[0m                                                   [1m[33m^^^^^[0m
conformance-and-platform	Build and test the C Linux application surface	2026-10-05T14:45:42.1182168Z 
conformance-and-platform	Build and test the C Linux application surface	2026-10-05T14:45:42.1182716Z [1m[33mwarning[0m[1m: use of deprecated function `skia_safe::gradient_shader::sweep_with_interpolation`: Use the skia_safe::gradient module[0m
conformance-and-platform	Build and test the C Linux application surface	2026-10-05T14:45:42.1183399Z      [1m[94m--> [0mopenui-paint/src/painter.rs:14346:51
conformance-and-platform	Build and test the C Linux application surface	2026-10-05T14:45:42.1183720Z       [1m[94m|[0m
conformance-and-platform	Build and test the C Linux application surface	2026-10-05T14:45:42.1184192Z [1m[94m14346[0m [1m[94m|[0m                 paint.set_shader(gradient_shader::sweep_with_interpolation(
conformance-and-platform	Build and test the C Linux application surface	2026-10-05T14:45:42.1184768Z       [1m[94m|[0m                                                   [1m[33m^^^^^^^^^^^^^^^^^^^^^^^^[0m
conformance-and-platform	Build and test the C Linux application surface	2026-10-05T14:45:42.1185037Z 
conformance-and-platform	Build and test the C Linux application surface	2026-10-05T14:45:42.1185499Z [1m[33mwarning[0m[1m: use of deprecated function `skia_safe::gradient_shader::linear`: Use the skia_safe::gradient module[0m
conformance-and-platform	Build and test the C Linux application surface	2026-10-05T14:45:42.1186120Z      [1m[94m--> [0mopenui-paint/src/painter.rs:17719:55
conformance-and-platform	Build and test the C Linux application surface	2026-10-05T14:45:42.1186431Z       [1m[94m|[0m
conformance-and-platform	Build and test the C Linux application surface	2026-10-05T14:45:42.1186849Z [1m[94m17719[0m [1m[94m|[0m                     paint.set_shader(gradient_shader::linear(
conformance-and-platform	Build and test the C Linux application surface	2026-10-05T14:45:42.1187360Z       [1m[94m|[0m                                                       [1m[33m^^^^^^[0m
conformance-and-platform	Build and test the C Linux application surface	2026-10-05T14:45:42.1187609Z 
conformance-and-platform	Build and test the C Linux application surface	2026-10-05T14:45:42.1187840Z [1m[33mwarning[0m[1m: variant `RestoreTo` is never constructed[0m
conformance-and-platform	Build and test the C Linux application surface	2026-10-05T14:45:42.1188283Z   [1m[94m--> [0mopenui-paint/src/paint_record.rs:16:5
conformance-and-platform	Build and test the C Linux application surface	2026-10-05T14:45:42.1188602Z    [1m[94m|[0m
conformance-and-platform	Build and test the C Linux application surface	2026-10-05T14:45:42.1188871Z [1m[94m13[0m [1m[94m|[0m enum Operation {
conformance-and-platform	Build and test the C Linux application surface	2026-10-05T14:45:42.1189275Z    [1m[94m|[0m      [1m[94m---------[0m [1m[94mvariant in this enum[0m
conformance-and-platform	Build and test the C Linux application surface	2026-10-05T14:45:42.1189675Z [1m[94m...[0m
conformance-and-platform	Build and test the C Linux application surface	2026-10-05T14:45:42.1189948Z [1m[94m16[0m [1m[94m|[0m     RestoreTo(usize),
conformance-and-platform	Build and test the C Linux application surface	2026-10-05T14:45:42.1190293Z    [1m[94m|[0m     [1m[33m^^^^^^^^^[0m
conformance-and-platform	Build and test the C Linux application surface	2026-10-05T14:45:42.1190569Z    [1m[94m|[0m
conformance-and-platform	Build and test the C Linux application surface	2026-10-05T14:45:42.1191168Z    [1m[94m= [0m[1mnote[0m: `Operation` has a derived impl for the trait `Clone`, but this is intentionally ignored during dead code analysis
conformance-and-platform	Build and test the C Linux application surface	2026-10-05T14:45:42.1192381Z    [1m[94m= [0m[1mnote[0m: `#[warn(dead_code)]` (part of `#[warn(unused)]`) on by default
conformance-and-platform	Build and test the C Linux application surface	2026-10-05T14:45:42.1192702Z 
conformance-and-platform	Build and test the C Linux application surface	2026-10-05T14:45:42.1192985Z [1m[33mwarning[0m[1m: methods `restore_to_count` and `save_count` are never used[0m
conformance-and-platform	Build and test the C Linux application surface	2026-10-05T14:45:42.1193483Z    [1m[94m--> [0mopenui-paint/src/paint_record.rs:131:19
conformance-and-platform	Build and test the C Linux application surface	2026-10-05T14:45:42.1193810Z     [1m[94m|[0m
conformance-and-platform	Build and test the C Linux application surface	2026-10-05T14:45:42.1194105Z [1m[94m119[0m [1m[94m|[0m impl dyn PaintCanvas + '_ {
conformance-and-platform	Build and test the C Linux application surface	2026-10-05T14:45:42.1194619Z     [1m[94m|[0m [1m[94m-------------------------[0m [1m[94mmethods in this implementation[0m
conformance-and-platform	Build and test the C Linux application surface	2026-10-05T14:45:42.1195035Z [1m[94m...[0m
conformance-and-platform	Build and test the C Linux application surface	2026-10-05T14:45:42.1195447Z [1m[94m131[0m [1m[94m|[0m     pub(crate) fn restore_to_count(&self, count: usize) -> &Self {
conformance-and-platform	Build and test the C Linux application surface	2026-10-05T14:45:42.1195952Z     [1m[94m|[0m                   [1m[33m^^^^^^^^^^^^^^^^[0m
conformance-and-platform	Build and test the C Linux application surface	2026-10-05T14:45:42.1196271Z [1m[94m...[0m
conformance-and-platform	Build and test the C Linux application surface	2026-10-05T14:45:42.1196609Z [1m[94m137[0m [1m[94m|[0m     pub(crate) fn save_count(&self) -> usize {
conformance-and-platform	Build and test the C Linux application surface	2026-10-05T14:45:42.1197041Z     [1m[94m|[0m                   [1m[33m^^^^^^^^^^[0m
conformance-and-platform	Build and test the C Linux application surface	2026-10-05T14:45:42.1197391Z 
conformance-and-platform	Build and test the C Linux application surface	2026-10-05T14:45:42.1197608Z [1m[33mwarning[0m: `openui-paint` (lib) generated 17 warnings
conformance-and-platform	Build and test the C Linux application surface	2026-10-05T14:45:42.2608645Z [1m[92m    Finished[0m `dev` profile [unoptimized + debuginfo] target(s) in 0.30s
conformance-and-platform	Exercise native C and C++ windows on X11 with software and Mesa OpenGL	﻿2026-10-05T14:45:42.2805356Z ##[group]Run xvfb-run --auto-servernum python3 tools/ffi/verify_native_window.py \
conformance-and-platform	Exercise native C and C++ windows on X11 with software and Mesa OpenGL	2026-10-05T14:45:42.2806019Z [36;1mxvfb-run --auto-servernum python3 tools/ffi/verify_native_window.py \[0m
conformance-and-platform	Exercise native C and C++ windows on X11 with software and Mesa OpenGL	2026-10-05T14:45:42.2806637Z [36;1m  --protocol x11 --backend software --report "$RUNNER_TEMP/native-x11-software.json"[0m
conformance-and-platform	Exercise native C and C++ windows on X11 with software and Mesa OpenGL	2026-10-05T14:45:42.2807243Z [36;1mxvfb-run --auto-servernum python3 tools/ffi/verify_native_window.py \[0m
conformance-and-platform	Exercise native C and C++ windows on X11 with software and Mesa OpenGL	2026-10-05T14:45:42.2807828Z [36;1m  --protocol x11 --backend opengl --report "$RUNNER_TEMP/native-x11-opengl.json"[0m
conformance-and-platform	Exercise native C and C++ windows on X11 with software and Mesa OpenGL	2026-10-05T14:45:42.2884612Z shell: /usr/bin/bash -e {0}
conformance-and-platform	Exercise native C and C++ windows on X11 with software and Mesa OpenGL	2026-10-05T14:45:42.2884929Z env:
conformance-and-platform	Exercise native C and C++ windows on X11 with software and Mesa OpenGL	2026-10-05T14:45:42.2885162Z   BINDGEN_EXTRA_CLANG_ARGS: 
conformance-and-platform	Exercise native C and C++ windows on X11 with software and Mesa OpenGL	2026-10-05T14:45:42.2885510Z   CARGO_TARGET_X86_64_UNKNOWN_LINUX_GNU_RUSTFLAGS: 
conformance-and-platform	Exercise native C and C++ windows on X11 with software and Mesa OpenGL	2026-10-05T14:45:42.2885869Z   CC: clang
conformance-and-platform	Exercise native C and C++ windows on X11 with software and Mesa OpenGL	2026-10-05T14:45:42.2886088Z   CXX: clang++
conformance-and-platform	Exercise native C and C++ windows on X11 with software and Mesa OpenGL	2026-10-05T14:45:42.2886314Z   CXXFLAGS: 
conformance-and-platform	Exercise native C and C++ windows on X11 with software and Mesa OpenGL	2026-10-05T14:45:42.2886551Z   CARGO_TERM_COLOR: always
conformance-and-platform	Exercise native C and C++ windows on X11 with software and Mesa OpenGL	2026-10-05T14:45:42.2886824Z   FORCE_SKIA_BUILD: 1
conformance-and-platform	Exercise native C and C++ windows on X11 with software and Mesa OpenGL	2026-10-05T14:45:42.2887118Z   PKG_CONFIG_SYSROOT_DIR: 
conformance-and-platform	Exercise native C and C++ windows on X11 with software and Mesa OpenGL	2026-10-05T14:45:42.2887959Z   SKIA_GN_ARGS: extra_cflags += [ "-DSK_SUPPORT_LEGACY_CONIC_CHOP", "-DSK_USE_FREETYPE_EMBOLDEN", "-DSK_GAMMA_EXPONENT=1.2", "-DSK_GAMMA_CONTRAST=0.2", "-fno-strict-aliasing", "-msse3" ]
conformance-and-platform	Exercise native C and C++ windows on X11 with software and Mesa OpenGL	2026-10-05T14:45:42.2888837Z   SKIA_NINJA_COMMAND: ninja
conformance-and-platform	Exercise native C and C++ windows on X11 with software and Mesa OpenGL	2026-10-05T14:45:42.2889116Z ##[endgroup]
conformance-and-platform	Exercise native C and C++ windows on X11 with software and Mesa OpenGL	2026-10-05T14:45:52.0085092Z native C: backend=2 frames=2 resized=1 input=2
conformance-and-platform	Exercise native C and C++ windows on X11 with software and Mesa OpenGL	2026-10-05T14:45:52.0085738Z native C++: backend=2 frames=2
conformance-and-platform	Exercise native C and C++ windows on X11 with software and Mesa OpenGL	2026-10-05T14:45:52.0086333Z native C/C++ window consumers passed: protocol=x11 backend=software
conformance-and-platform	Exercise native C and C++ windows on X11 with software and Mesa OpenGL	2026-10-05T14:45:54.3950057Z native C: backend=1 frames=2 resized=1 input=2
conformance-and-platform	Exercise native C and C++ windows on X11 with software and Mesa OpenGL	2026-10-05T14:45:54.3950688Z native C++: backend=1 frames=2
conformance-and-platform	Exercise native C and C++ windows on X11 with software and Mesa OpenGL	2026-10-05T14:45:54.3951284Z native C/C++ window consumers passed: protocol=x11 backend=opengl
conformance-and-platform	Smoke-test X11 with Mesa OpenGL	﻿2026-10-05T14:45:54.4114216Z ##[group]Run xvfb-run --auto-servernum env OUI_BACKEND=opengl OUI_SMOKE_EXIT=1 target/debug/hello
conformance-and-platform	Smoke-test X11 with Mesa OpenGL	2026-10-05T14:45:54.4115482Z [36;1mxvfb-run --auto-servernum env OUI_BACKEND=opengl OUI_SMOKE_EXIT=1 target/debug/hello[0m
conformance-and-platform	Smoke-test X11 with Mesa OpenGL	2026-10-05T14:45:54.4186809Z shell: /usr/bin/bash -e {0}
conformance-and-platform	Smoke-test X11 with Mesa OpenGL	2026-10-05T14:45:54.4187069Z env:
conformance-and-platform	Smoke-test X11 with Mesa OpenGL	2026-10-05T14:45:54.4187272Z   BINDGEN_EXTRA_CLANG_ARGS: 
conformance-and-platform	Smoke-test X11 with Mesa OpenGL	2026-10-05T14:45:54.4187571Z   CARGO_TARGET_X86_64_UNKNOWN_LINUX_GNU_RUSTFLAGS: 
conformance-and-platform	Smoke-test X11 with Mesa OpenGL	2026-10-05T14:45:54.4187873Z   CC: clang
conformance-and-platform	Smoke-test X11 with Mesa OpenGL	2026-10-05T14:45:54.4188058Z   CXX: clang++
conformance-and-platform	Smoke-test X11 with Mesa OpenGL	2026-10-05T14:45:54.4188248Z   CXXFLAGS: 
conformance-and-platform	Smoke-test X11 with Mesa OpenGL	2026-10-05T14:45:54.4188446Z   CARGO_TERM_COLOR: always
conformance-and-platform	Smoke-test X11 with Mesa OpenGL	2026-10-05T14:45:54.4188673Z   FORCE_SKIA_BUILD: 1
conformance-and-platform	Smoke-test X11 with Mesa OpenGL	2026-10-05T14:45:54.4188890Z   PKG_CONFIG_SYSROOT_DIR: 
conformance-and-platform	Smoke-test X11 with Mesa OpenGL	2026-10-05T14:45:54.4189572Z   SKIA_GN_ARGS: extra_cflags += [ "-DSK_SUPPORT_LEGACY_CONIC_CHOP", "-DSK_USE_FREETYPE_EMBOLDEN", "-DSK_GAMMA_EXPONENT=1.2", "-DSK_GAMMA_CONTRAST=0.2", "-fno-strict-aliasing", "-msse3" ]
conformance-and-platform	Smoke-test X11 with Mesa OpenGL	2026-10-05T14:45:54.4190475Z   SKIA_NINJA_COMMAND: ninja
conformance-and-platform	Smoke-test X11 with Mesa OpenGL	2026-10-05T14:45:54.4190741Z ##[endgroup]
conformance-and-platform	Smoke-test pure Wayland software presentation	﻿2026-10-05T14:45:54.6782409Z ##[group]Run export XDG_RUNTIME_DIR="$RUNNER_TEMP/openui-wayland"
conformance-and-platform	Smoke-test pure Wayland software presentation	2026-10-05T14:45:54.6783296Z [36;1mexport XDG_RUNTIME_DIR="$RUNNER_TEMP/openui-wayland"[0m
conformance-and-platform	Smoke-test pure Wayland software presentation	2026-10-05T14:45:54.6783928Z [36;1mmkdir -p "$XDG_RUNTIME_DIR"[0m
conformance-and-platform	Smoke-test pure Wayland software presentation	2026-10-05T14:45:54.6784396Z [36;1mchmod 700 "$XDG_RUNTIME_DIR"[0m
conformance-and-platform	Smoke-test pure Wayland software presentation	2026-10-05T14:45:54.6785329Z [36;1mweston --backend=headless-backend.so --socket=wayland-openui --idle-time=0 >"$RUNNER_TEMP/weston.log" 2>&1 &[0m
conformance-and-platform	Smoke-test pure Wayland software presentation	2026-10-05T14:45:54.6786296Z [36;1mweston_pid=$![0m
conformance-and-platform	Smoke-test pure Wayland software presentation	2026-10-05T14:45:54.6786739Z [36;1mtrap 'kill "$weston_pid" || true' EXIT[0m
conformance-and-platform	Smoke-test pure Wayland software presentation	2026-10-05T14:45:54.6787257Z [36;1mfor attempt in $(seq 1 50); do[0m
conformance-and-platform	Smoke-test pure Wayland software presentation	2026-10-05T14:45:54.6787817Z [36;1m  test -S "$XDG_RUNTIME_DIR/wayland-openui" && break[0m
conformance-and-platform	Smoke-test pure Wayland software presentation	2026-10-05T14:45:54.6788372Z [36;1m  sleep 0.1[0m
conformance-and-platform	Smoke-test pure Wayland software presentation	2026-10-05T14:45:54.6788681Z [36;1mdone[0m
conformance-and-platform	Smoke-test pure Wayland software presentation	2026-10-05T14:45:54.6789389Z [36;1menv -u DISPLAY WAYLAND_DISPLAY=wayland-openui OUI_BACKEND=software OUI_SMOKE_EXIT=1 target/debug/hello[0m
conformance-and-platform	Smoke-test pure Wayland software presentation	2026-10-05T14:45:54.6790242Z [36;1menv -u DISPLAY WAYLAND_DISPLAY=wayland-openui \[0m
conformance-and-platform	Smoke-test pure Wayland software presentation	2026-10-05T14:45:54.6790942Z [36;1m  python3 ../../tools/ffi/verify_native_window.py --protocol wayland \[0m
conformance-and-platform	Smoke-test pure Wayland software presentation	2026-10-05T14:45:54.6792080Z [36;1m    --backend software --report "$RUNNER_TEMP/native-wayland-software.json"[0m
conformance-and-platform	Smoke-test pure Wayland software presentation	2026-10-05T14:45:54.6874245Z shell: /usr/bin/bash -e {0}
conformance-and-platform	Smoke-test pure Wayland software presentation	2026-10-05T14:45:54.6874667Z env:
conformance-and-platform	Smoke-test pure Wayland software presentation	2026-10-05T14:45:54.6874996Z   BINDGEN_EXTRA_CLANG_ARGS: 
conformance-and-platform	Smoke-test pure Wayland software presentation	2026-10-05T14:45:54.6875485Z   CARGO_TARGET_X86_64_UNKNOWN_LINUX_GNU_RUSTFLAGS: 
conformance-and-platform	Smoke-test pure Wayland software presentation	2026-10-05T14:45:54.6875998Z   CC: clang
conformance-and-platform	Smoke-test pure Wayland software presentation	2026-10-05T14:45:54.6876302Z   CXX: clang++
conformance-and-platform	Smoke-test pure Wayland software presentation	2026-10-05T14:45:54.6876618Z   CXXFLAGS: 
conformance-and-platform	Smoke-test pure Wayland software presentation	2026-10-05T14:45:54.6876964Z   CARGO_TERM_COLOR: always
conformance-and-platform	Smoke-test pure Wayland software presentation	2026-10-05T14:45:54.6877349Z   FORCE_SKIA_BUILD: 1
conformance-and-platform	Smoke-test pure Wayland software presentation	2026-10-05T14:45:54.6877741Z   PKG_CONFIG_SYSROOT_DIR: 
conformance-and-platform	Smoke-test pure Wayland software presentation	2026-10-05T14:45:54.6878946Z   SKIA_GN_ARGS: extra_cflags += [ "-DSK_SUPPORT_LEGACY_CONIC_CHOP", "-DSK_USE_FREETYPE_EMBOLDEN", "-DSK_GAMMA_EXPONENT=1.2", "-DSK_GAMMA_CONTRAST=0.2", "-fno-strict-aliasing", "-msse3" ]
conformance-and-platform	Smoke-test pure Wayland software presentation	2026-10-05T14:45:54.6880238Z   SKIA_NINJA_COMMAND: ninja
conformance-and-platform	Smoke-test pure Wayland software presentation	2026-10-05T14:45:54.6880631Z ##[endgroup]
conformance-and-platform	Smoke-test pure Wayland software presentation	2026-10-05T14:45:55.7687509Z native C: backend=2 frames=2 resized=1 input=2
conformance-and-platform	Smoke-test pure Wayland software presentation	2026-10-05T14:45:55.7688478Z native C++: backend=2 frames=2
conformance-and-platform	Smoke-test pure Wayland software presentation	2026-10-05T14:45:55.7689397Z native C/C++ window consumers passed: protocol=wayland backend=software
conformance-and-platform	Preserve native C/C++ smoke reports	﻿2026-10-05T14:45:55.7875929Z ##[group]Run actions/upload-artifact@v7
conformance-and-platform	Preserve native C/C++ smoke reports	2026-10-05T14:45:55.7876241Z with:
conformance-and-platform	Preserve native C/C++ smoke reports	2026-10-05T14:45:55.7876474Z   name: native-c-cpp-window-smokes
conformance-and-platform	Preserve native C/C++ smoke reports	2026-10-05T14:45:55.7876779Z   path: /home/runner/work/_temp/native-*.json
conformance-and-platform	Preserve native C/C++ smoke reports	2026-10-05T14:45:55.7877080Z   if-no-files-found: ignore
conformance-and-platform	Preserve native C/C++ smoke reports	2026-10-05T14:45:55.7877324Z   compression-level: 6
conformance-and-platform	Preserve native C/C++ smoke reports	2026-10-05T14:45:55.7877542Z   overwrite: false
conformance-and-platform	Preserve native C/C++ smoke reports	2026-10-05T14:45:55.7877778Z   include-hidden-files: false
conformance-and-platform	Preserve native C/C++ smoke reports	2026-10-05T14:45:55.7878011Z   archive: true
conformance-and-platform	Preserve native C/C++ smoke reports	2026-10-05T14:45:55.7878202Z env:
conformance-and-platform	Preserve native C/C++ smoke reports	2026-10-05T14:45:55.7878390Z   BINDGEN_EXTRA_CLANG_ARGS: 
conformance-and-platform	Preserve native C/C++ smoke reports	2026-10-05T14:45:55.7878665Z   CARGO_TARGET_X86_64_UNKNOWN_LINUX_GNU_RUSTFLAGS: 
conformance-and-platform	Preserve native C/C++ smoke reports	2026-10-05T14:45:55.7878956Z   CC: clang
conformance-and-platform	Preserve native C/C++ smoke reports	2026-10-05T14:45:55.7879136Z   CXX: clang++
conformance-and-platform	Preserve native C/C++ smoke reports	2026-10-05T14:45:55.7879321Z   CXXFLAGS: 
conformance-and-platform	Preserve native C/C++ smoke reports	2026-10-05T14:45:55.7879519Z   CARGO_TERM_COLOR: always
conformance-and-platform	Preserve native C/C++ smoke reports	2026-10-05T14:45:55.7879742Z   FORCE_SKIA_BUILD: 1
conformance-and-platform	Preserve native C/C++ smoke reports	2026-10-05T14:45:55.7879956Z   PKG_CONFIG_SYSROOT_DIR: 
conformance-and-platform	Preserve native C/C++ smoke reports	2026-10-05T14:45:55.7880627Z   SKIA_GN_ARGS: extra_cflags += [ "-DSK_SUPPORT_LEGACY_CONIC_CHOP", "-DSK_USE_FREETYPE_EMBOLDEN", "-DSK_GAMMA_EXPONENT=1.2", "-DSK_GAMMA_CONTRAST=0.2", "-fno-strict-aliasing", "-msse3" ]
conformance-and-platform	Preserve native C/C++ smoke reports	2026-10-05T14:45:55.7881382Z   SKIA_NINJA_COMMAND: ninja
conformance-and-platform	Preserve native C/C++ smoke reports	2026-10-05T14:45:55.7881964Z ##[endgroup]
conformance-and-platform	Preserve native C/C++ smoke reports	2026-10-05T14:45:55.9414881Z With the provided path, there will be 3 files uploaded
conformance-and-platform	Preserve native C/C++ smoke reports	2026-10-05T14:45:55.9420432Z Artifact name is valid!
conformance-and-platform	Preserve native C/C++ smoke reports	2026-10-05T14:45:55.9421351Z Root directory input is valid!
conformance-and-platform	Preserve native C/C++ smoke reports	2026-10-05T14:45:56.1372523Z Uploading artifact: native-c-cpp-window-smokes.zip
conformance-and-platform	Preserve native C/C++ smoke reports	2026-10-05T14:45:56.1417385Z Beginning upload of artifact content to blob storage
conformance-and-platform	Preserve native C/C++ smoke reports	2026-10-05T14:45:56.2032382Z Uploaded bytes 2430
conformance-and-platform	Preserve native C/C++ smoke reports	2026-10-05T14:45:56.2146293Z Finished uploading artifact content to blob storage!
conformance-and-platform	Preserve native C/C++ smoke reports	2026-10-05T14:45:56.2147558Z SHA256 digest of uploaded artifact is 469628764984963dabd1052b059bb0ddd2c5cc70b22352982ba1d6b99c96e0c7
conformance-and-platform	Preserve native C/C++ smoke reports	2026-10-05T14:45:56.2148676Z Finalizing artifact upload
conformance-and-platform	Preserve native C/C++ smoke reports	2026-10-05T14:45:56.4470711Z Artifact native-c-cpp-window-smokes successfully finalized. Artifact ID 11352428261
conformance-and-platform	Preserve native C/C++ smoke reports	2026-10-05T14:45:56.4472642Z Artifact native-c-cpp-window-smokes has been successfully uploaded! Final size is 2430 bytes. Artifact ID is 11352428261
conformance-and-platform	Preserve native C/C++ smoke reports	2026-10-05T14:45:56.4475379Z Artifact download URL: https://github.com/zhuowcui/open-ui/actions/runs/37327074058/artifacts/11352428261
conformance-and-platform	Post Run actions/cache@v5	﻿2026-10-05T14:45:57.7389862Z Post job cleanup.
conformance-and-platform	Post Run actions/cache@v5	2026-10-05T14:45:57.8805359Z Cache hit occurred on the primary key v02-hardening-Linux-1.94.1-fb34f7045b13690422332ca00f8747395dca2fa1d8a8e28868ee97a1a1a44b75, not saving cache.
conformance-and-platform	Post Run actions/checkout@v6	﻿2026-10-05T14:45:57.8982384Z Post job cleanup.
conformance-and-platform	Post Run actions/checkout@v6	2026-10-05T14:45:57.9877235Z [command]/usr/bin/git version
conformance-and-platform	Post Run actions/checkout@v6	2026-10-05T14:45:57.9914089Z git version 2.55.0
conformance-and-platform	Post Run actions/checkout@v6	2026-10-05T14:45:57.9953200Z Temporarily overriding HOME='/home/runner/work/_temp/69bb3545-c28c-4205-b81c-4cfa949095a8' before making global git config changes
conformance-and-platform	Post Run actions/checkout@v6	2026-10-05T14:45:57.9954630Z Adding repository directory to the temporary git global config as a safe directory
conformance-and-platform	Post Run actions/checkout@v6	2026-10-05T14:45:57.9958782Z [command]/usr/bin/git config --global --add safe.directory /home/runner/work/open-ui/open-ui
conformance-and-platform	Post Run actions/checkout@v6	2026-10-05T14:45:57.9990193Z Removing SSH command configuration
conformance-and-platform	Post Run actions/checkout@v6	2026-10-05T14:45:57.9997095Z [command]/usr/bin/git config --local --name-only --get-regexp core\.sshCommand
conformance-and-platform	Post Run actions/checkout@v6	2026-10-05T14:45:58.0031971Z [command]/usr/bin/git submodule foreach --recursive sh -c "git config --local --name-only --get-regexp 'core\.sshCommand' && git config --local --unset-all 'core.sshCommand' || :"
conformance-and-platform	Post Run actions/checkout@v6	2026-10-05T14:45:58.0296719Z Removing HTTP extra header
conformance-and-platform	Post Run actions/checkout@v6	2026-10-05T14:45:58.0301948Z [command]/usr/bin/git config --local --name-only --get-regexp http\.https\:\/\/github\.com\/\.extraheader
conformance-and-platform	Post Run actions/checkout@v6	2026-10-05T14:45:58.0335995Z [command]/usr/bin/git submodule foreach --recursive sh -c "git config --local --name-only --get-regexp 'http\.https\:\/\/github\.com\/\.extraheader' && git config --local --unset-all 'http.https://github.com/.extraheader' || :"
conformance-and-platform	Post Run actions/checkout@v6	2026-10-05T14:45:58.0576197Z Removing includeIf entries pointing to credentials config files
conformance-and-platform	Post Run actions/checkout@v6	2026-10-05T14:45:58.0583689Z [command]/usr/bin/git config --local --name-only --get-regexp ^includeIf\.gitdir:
conformance-and-platform	Post Run actions/checkout@v6	2026-10-05T14:45:58.0611786Z includeif.gitdir:/home/runner/work/open-ui/open-ui/.git.path
conformance-and-platform	Post Run actions/checkout@v6	2026-10-05T14:45:58.0612634Z includeif.gitdir:/home/runner/work/open-ui/open-ui/.git/worktrees/*.path
conformance-and-platform	Post Run actions/checkout@v6	2026-10-05T14:45:58.0613120Z includeif.gitdir:/github/workspace/.git.path
conformance-and-platform	Post Run actions/checkout@v6	2026-10-05T14:45:58.0613523Z includeif.gitdir:/github/workspace/.git/worktrees/*.path
conformance-and-platform	Post Run actions/checkout@v6	2026-10-05T14:45:58.0629233Z [command]/usr/bin/git config --local --get-all includeif.gitdir:/home/runner/work/open-ui/open-ui/.git.path
conformance-and-platform	Post Run actions/checkout@v6	2026-10-05T14:45:58.0644819Z /home/runner/work/_temp/git-credentials-46bec59e-27d1-46f4-8c85-6e96180afb58.config
conformance-and-platform	Post Run actions/checkout@v6	2026-10-05T14:45:58.0655801Z [command]/usr/bin/git config --local --unset includeif.gitdir:/home/runner/work/open-ui/open-ui/.git.path /home/runner/work/_temp/git-credentials-46bec59e-27d1-46f4-8c85-6e96180afb58.config
conformance-and-platform	Post Run actions/checkout@v6	2026-10-05T14:45:58.0690428Z [command]/usr/bin/git config --local --get-all includeif.gitdir:/home/runner/work/open-ui/open-ui/.git/worktrees/*.path
conformance-and-platform	Post Run actions/checkout@v6	2026-10-05T14:45:58.0712368Z /home/runner/work/_temp/git-credentials-46bec59e-27d1-46f4-8c85-6e96180afb58.config
conformance-and-platform	Post Run actions/checkout@v6	2026-10-05T14:45:58.0722247Z [command]/usr/bin/git config --local --unset includeif.gitdir:/home/runner/work/open-ui/open-ui/.git/worktrees/*.path /home/runner/work/_temp/git-credentials-46bec59e-27d1-46f4-8c85-6e96180afb58.config
conformance-and-platform	Post Run actions/checkout@v6	2026-10-05T14:45:58.0753998Z [command]/usr/bin/git config --local --get-all includeif.gitdir:/github/workspace/.git.path
conformance-and-platform	Post Run actions/checkout@v6	2026-10-05T14:45:58.0774058Z /github/runner_temp/git-credentials-46bec59e-27d1-46f4-8c85-6e96180afb58.config
conformance-and-platform	Post Run actions/checkout@v6	2026-10-05T14:45:58.0782236Z [command]/usr/bin/git config --local --unset includeif.gitdir:/github/workspace/.git.path /github/runner_temp/git-credentials-46bec59e-27d1-46f4-8c85-6e96180afb58.config
conformance-and-platform	Post Run actions/checkout@v6	2026-10-05T14:45:58.0813901Z [command]/usr/bin/git config --local --get-all includeif.gitdir:/github/workspace/.git/worktrees/*.path
conformance-and-platform	Post Run actions/checkout@v6	2026-10-05T14:45:58.0835760Z /github/runner_temp/git-credentials-46bec59e-27d1-46f4-8c85-6e96180afb58.config
conformance-and-platform	Post Run actions/checkout@v6	2026-10-05T14:45:58.0843449Z [command]/usr/bin/git config --local --unset includeif.gitdir:/github/workspace/.git/worktrees/*.path /github/runner_temp/git-credentials-46bec59e-27d1-46f4-8c85-6e96180afb58.config
conformance-and-platform	Post Run actions/checkout@v6	2026-10-05T14:45:58.0875828Z [command]/usr/bin/git submodule foreach --recursive git config --local --show-origin --name-only --get-regexp remote.origin.url
conformance-and-platform	Post Run actions/checkout@v6	2026-10-05T14:45:58.1138956Z Removing credentials config '/home/runner/work/_temp/git-credentials-46bec59e-27d1-46f4-8c85-6e96180afb58.config'
conformance-and-platform	Complete job	﻿2026-10-05T14:45:58.1318363Z Cleaning up orphan processes
