   Compiling openui-geometry v0.2.0 (/dev/shm/openui-umbrella-clean-workspace-2e443f49/bindings/rust/openui-geometry)
   Compiling openui-style v0.2.0 (/dev/shm/openui-umbrella-clean-workspace-2e443f49/bindings/rust/openui-style)
   Compiling openui-platform v0.2.0 (/dev/shm/openui-umbrella-clean-workspace-2e443f49/bindings/rust/openui-platform)
   Compiling openui-ffi v0.2.0 (/dev/shm/openui-umbrella-clean-workspace-2e443f49/bindings/rust/openui-ffi)
   Compiling pixel-compare v0.1.0 (/dev/shm/openui-umbrella-clean-workspace-2e443f49/bindings/rust/pixel-compare)
   Compiling openui-text v0.2.0 (/dev/shm/openui-umbrella-clean-workspace-2e443f49/bindings/rust/openui-text)
   Compiling openui-macros v0.2.0 (/dev/shm/openui-umbrella-clean-workspace-2e443f49/bindings/rust/openui-macros)
   Compiling openui-dom v0.2.0 (/dev/shm/openui-umbrella-clean-workspace-2e443f49/bindings/rust/openui-dom)
   Compiling openui-layout v0.2.0 (/dev/shm/openui-umbrella-clean-workspace-2e443f49/bindings/rust/openui-layout)
warning: unused import: `BfcOffset`
  --> openui-layout/src/bfc_resolution.rs:17:23
   |
17 | use openui_geometry::{BfcOffset, BoxStrut, LayoutUnit, MarginStrut};
   |                       ^^^^^^^^^
   |
   = note: `#[warn(unused_imports)]` (part of `#[warn(unused)]`) on by default

warning: unused import: `balance_columns`
     --> openui-layout/src/block.rs:19571:9
      |
19571 |         balance_columns, balance_columns_with_margins, compute_column_positions,
      |         ^^^^^^^^^^^^^^^

warning: unused import: `super::*`
    --> openui-layout/src/intrinsic_sizing.rs:3974:9
     |
3974 |     use super::*;
     |         ^^^^^^^^

warning: unused import: `std::sync::Arc`
  --> openui-layout/src/new_formatting_context.rs:17:5
   |
17 | use std::sync::Arc;
   |     ^^^^^^^^^^^^^^

warning: unused import: `ClearType`
  --> openui-layout/src/new_formatting_context.rs:24:25
   |
24 | use crate::exclusions::{ClearType, ExclusionSpace};
   |                         ^^^^^^^^^

warning: unused import: `crate::layout_result::LayoutResult`
  --> openui-layout/src/new_formatting_context.rs:26:5
   |
26 | use crate::layout_result::LayoutResult;
   |     ^^^^^^^^^^^^^^^^^^^^^^^^^^^^^^^^^^

warning: variable `reconstructed_block_in_inline` is assigned to, but never used
    --> openui-layout/src/block.rs:2104:9
     |
2104 |     let mut reconstructed_block_in_inline = false;
     |         ^^^^^^^^^^^^^^^^^^^^^^^^^^^^^^^^^
     |
     = note: consider using `_reconstructed_block_in_inline` instead
     = note: `#[warn(unused_variables)]` (part of `#[warn(unused)]`) on by default

warning: variable does not need to be mutable
    --> openui-layout/src/block.rs:6781:9
     |
6781 |     let mut child_margin = resolve_margins_in_parent_axes(
     |         ----^^^^^^^^^^^^
     |         |
     |         help: remove this `mut`
     |
     = note: `#[warn(unused_mut)]` (part of `#[warn(unused)]`) on by default

warning: field `source_caption_end` is never read
    --> openui-layout/src/block.rs:9551:5
     |
9550 | struct CaptionedRepeatedTableFlow {
     |        -------------------------- field in this struct
9551 |     source_caption_end: LayoutUnit,
     |     ^^^^^^^^^^^^^^^^^^
     |
     = note: `CaptionedRepeatedTableFlow` has derived impls for the traits `Debug` and `Clone`, but these are intentionally ignored during dead code analysis
     = note: `#[warn(dead_code)]` (part of `#[warn(unused)]`) on by default

warning: function `columns_needed_for_height` is never used
   --> openui-layout/src/multicol/mod.rs:705:4
    |
705 | fn columns_needed_for_height(
    |    ^^^^^^^^^^^^^^^^^^^^^^^^^

   Compiling openui-paint v0.2.0 (/dev/shm/openui-umbrella-clean-workspace-2e443f49/bindings/rust/openui-paint)
warning: use of deprecated module `skia_safe::gradient_shader`: Use the skia_safe::gradient module
  --> openui-paint/src/painter.rs:39:20
   |
39 |     color_filters, gradient_shader, image_filters, surfaces, AlphaType, BlendMode, ClipOp, Color4f,
   |                    ^^^^^^^^^^^^^^^
   |
   = note: `#[warn(deprecated)]` on by default

warning: use of deprecated function `skia_safe::gradient_shader::linear_with_interpolation`: Use the skia_safe::gradient module
    --> openui-paint/src/painter.rs:1860:45
     |
1860 |     scrim_paint.set_shader(gradient_shader::linear_with_interpolation(
     |                                             ^^^^^^^^^^^^^^^^^^^^^^^^^

warning: use of deprecated function `skia_safe::gradient_shader::linear_with_interpolation`: Use the skia_safe::gradient module
     --> openui-paint/src/painter.rs:14056:51
      |
14056 |                 paint.set_shader(gradient_shader::linear_with_interpolation(
      |                                                   ^^^^^^^^^^^^^^^^^^^^^^^^^

warning: use of deprecated function `skia_safe::gradient_shader::linear`: Use the skia_safe::gradient module
     --> openui-paint/src/painter.rs:14069:51
      |
14069 |                 paint.set_shader(gradient_shader::linear(
      |                                                   ^^^^^^

warning: use of deprecated function `skia_safe::gradient_shader::linear_with_interpolation`: Use the skia_safe::gradient module
     --> openui-paint/src/painter.rs:14082:51
      |
14082 |                 paint.set_shader(gradient_shader::linear_with_interpolation(
      |                                                   ^^^^^^^^^^^^^^^^^^^^^^^^^

warning: use of deprecated function `skia_safe::gradient_shader::two_point_conical_with_interpolation`: Use the skia_safe::gradient module
     --> openui-paint/src/painter.rs:14178:55
      |
14178 |                     paint.set_shader(gradient_shader::two_point_conical_with_interpolation(
      |                                                       ^^^^^^^^^^^^^^^^^^^^^^^^^^^^^^^^^^^^

warning: use of deprecated function `skia_safe::gradient_shader::two_point_conical`: Use the skia_safe::gradient module
     --> openui-paint/src/painter.rs:14192:55
      |
14192 |                     paint.set_shader(gradient_shader::two_point_conical(
      |                                                       ^^^^^^^^^^^^^^^^^

warning: use of deprecated function `skia_safe::gradient_shader::two_point_conical_with_interpolation`: Use the skia_safe::gradient module
     --> openui-paint/src/painter.rs:14208:55
      |
14208 |                     paint.set_shader(gradient_shader::two_point_conical_with_interpolation(
      |                                                       ^^^^^^^^^^^^^^^^^^^^^^^^^^^^^^^^^^^^

warning: use of deprecated function `skia_safe::gradient_shader::two_point_conical_with_interpolation`: Use the skia_safe::gradient module
     --> openui-paint/src/painter.rs:14228:51
      |
14228 |                 paint.set_shader(gradient_shader::two_point_conical_with_interpolation(
      |                                                   ^^^^^^^^^^^^^^^^^^^^^^^^^^^^^^^^^^^^

warning: use of deprecated function `skia_safe::gradient_shader::two_point_conical`: Use the skia_safe::gradient module
     --> openui-paint/src/painter.rs:14242:51
      |
14242 |                 paint.set_shader(gradient_shader::two_point_conical(
      |                                                   ^^^^^^^^^^^^^^^^^

warning: use of deprecated function `skia_safe::gradient_shader::two_point_conical_with_interpolation`: Use the skia_safe::gradient module
     --> openui-paint/src/painter.rs:14258:51
      |
14258 |                 paint.set_shader(gradient_shader::two_point_conical_with_interpolation(
      |                                                   ^^^^^^^^^^^^^^^^^^^^^^^^^^^^^^^^^^^^

warning: use of deprecated function `skia_safe::gradient_shader::sweep_with_interpolation`: Use the skia_safe::gradient module
     --> openui-paint/src/painter.rs:14318:51
      |
14318 |                 paint.set_shader(gradient_shader::sweep_with_interpolation(
      |                                                   ^^^^^^^^^^^^^^^^^^^^^^^^

warning: use of deprecated function `skia_safe::gradient_shader::sweep`: Use the skia_safe::gradient module
     --> openui-paint/src/painter.rs:14332:51
      |
14332 |                 paint.set_shader(gradient_shader::sweep(
      |                                                   ^^^^^

warning: use of deprecated function `skia_safe::gradient_shader::sweep_with_interpolation`: Use the skia_safe::gradient module
     --> openui-paint/src/painter.rs:14346:51
      |
14346 |                 paint.set_shader(gradient_shader::sweep_with_interpolation(
      |                                                   ^^^^^^^^^^^^^^^^^^^^^^^^

warning: use of deprecated function `skia_safe::gradient_shader::linear`: Use the skia_safe::gradient module
     --> openui-paint/src/painter.rs:17719:55
      |
17719 |                     paint.set_shader(gradient_shader::linear(
      |                                                       ^^^^^^

warning: variant `RestoreTo` is never constructed
  --> openui-paint/src/paint_record.rs:16:5
   |
13 | enum Operation {
   |      --------- variant in this enum
...
16 |     RestoreTo(usize),
   |     ^^^^^^^^^
   |
   = note: `Operation` has a derived impl for the trait `Clone`, but this is intentionally ignored during dead code analysis
   = note: `#[warn(dead_code)]` (part of `#[warn(unused)]`) on by default

warning: methods `restore_to_count` and `save_count` are never used
   --> openui-paint/src/paint_record.rs:131:19
    |
119 | impl dyn PaintCanvas + '_ {
    | ------------------------- methods in this implementation
...
131 |     pub(crate) fn restore_to_count(&self, count: usize) -> &Self {
    |                   ^^^^^^^^^^^^^^^^
...
137 |     pub(crate) fn save_count(&self) -> usize {
    |                   ^^^^^^^^^^

warning: `openui-layout` (lib) generated 10 warnings (run `cargo fix --lib -p openui-layout` to apply 7 suggestions)
   Compiling openui-compositor v0.2.0 (/dev/shm/openui-umbrella-clean-workspace-2e443f49/bindings/rust/openui-compositor)
   Compiling openui-engine v0.2.0 (/dev/shm/openui-umbrella-clean-workspace-2e443f49/bindings/rust/openui-engine)
warning: `openui-paint` (lib) generated 17 warnings
warning: unused variable: `l3`
    --> openui-paint/tests/sp12_i1_block_pixel_tests.rs:2752:9
     |
2752 |     let l3 = add_colored_block(&mut doc, l2, 80.0, 60.0, Color::BLUE);
     |         ^^ help: if this is intentional, prefix it with an underscore: `_l3`
     |
     = note: `#[warn(unused_variables)]` (part of `#[warn(unused)]`) on by default

warning: unused variable: `child`
    --> openui-paint/tests/sp12_i1_block_pixel_tests.rs:2922:9
     |
2922 |     let child = add_colored_block(&mut doc, parent, 100.0, 40.0, Color::BLUE);
     |         ^^^^^ help: if this is intentional, prefix it with an underscore: `_child`

warning: unused variable: `l4`
    --> openui-paint/tests/sp12_i1_block_pixel_tests.rs:3182:9
     |
3182 |     let l4 = add_colored_block(
     |         ^^ help: if this is intentional, prefix it with an underscore: `_l4`

warning: unused variable: `h`
    --> openui-paint/tests/sp12_i1_block_pixel_tests.rs:3227:9
     |
3227 |     let h = add_colored_block(&mut doc, vp, 0.0, 60.0, Color::from_rgba8(0, 0, 128, 255));
     |         ^ help: if this is intentional, prefix it with an underscore: `_h`

warning: unused variable: `b`
    --> openui-paint/tests/sp12_i1_block_pixel_tests.rs:3381:16
     |
3381 |     let (r, g, b, _) = get_pixel(&mut s, 120, 60);
     |                ^ help: if this is intentional, prefix it with an underscore: `_b`

   Compiling openui v0.2.0 (/dev/shm/openui-umbrella-clean-workspace-2e443f49/bindings/rust/openui)
warning: `openui-paint` (test "sp12_i1_block_pixel_tests") generated 5 warnings (run `cargo fix --test "sp12_i1_block_pixel_tests" -p openui-paint` to apply 5 suggestions)
   Compiling hello v0.2.0 (/dev/shm/openui-umbrella-clean-workspace-2e443f49/bindings/rust/examples/hello)
   Compiling todo v0.2.0 (/dev/shm/openui-umbrella-clean-workspace-2e443f49/bindings/rust/examples/todo)
   Compiling framework-test v0.2.0 (/dev/shm/openui-umbrella-clean-workspace-2e443f49/bindings/rust/examples/framework-test)
   Compiling counter v0.2.0 (/dev/shm/openui-umbrella-clean-workspace-2e443f49/bindings/rust/examples/counter)
   Compiling dashboard v0.2.0 (/dev/shm/openui-umbrella-clean-workspace-2e443f49/bindings/rust/examples/dashboard)
warning: unused imports: `PathBuf` and `Path`
  --> openui-paint/tests/sp12_i4_overflow_pixel_tests.rs:15:17
   |
15 | use std::path::{Path, PathBuf};
   |                 ^^^^  ^^^^^^^
   |
   = note: `#[warn(unused_imports)]` (part of `#[warn(unused)]`) on by default

warning: unused import: `render_to_png`
  --> openui-paint/tests/sp12_i4_overflow_pixel_tests.rs:21:20
   |
21 | use openui_paint::{render_to_png, render_to_surface};
   |                    ^^^^^^^^^^^^^

warning: function `assert_pixel_color` is never used
  --> openui-paint/tests/sp12_i4_overflow_pixel_tests.rs:72:4
   |
72 | fn assert_pixel_color(surface: &mut Surface, x: i32, y: i32, expected: (u8, u8, u8), msg: &str) {
   |    ^^^^^^^^^^^^^^^^^^
   |
   = note: `#[warn(dead_code)]` (part of `#[warn(unused)]`) on by default

warning: `openui-paint` (test "sp12_i4_overflow_pixel_tests") generated 3 warnings (run `cargo fix --test "sp12_i4_overflow_pixel_tests" -p openui-paint` to apply 2 suggestions)
warning: constant `WHITE` is never used
  --> openui-paint/tests/sp13_j_inline_pixel_tests.rs:42:7
   |
42 | const WHITE: (u8, u8, u8) = (255, 255, 255);
   |       ^^^^^
   |
   = note: `#[warn(dead_code)]` (part of `#[warn(unused)]`) on by default

warning: `openui-paint` (test "sp13_j_inline_pixel_tests") generated 1 warning
warning: unused imports: `PathBuf` and `Path`
  --> openui-paint/tests/sp12_i2_float_pixel_tests.rs:13:17
   |
13 | use std::path::{Path, PathBuf};
   |                 ^^^^  ^^^^^^^
   |
   = note: `#[warn(unused_imports)]` (part of `#[warn(unused)]`) on by default

warning: unused import: `render_to_png`
  --> openui-paint/tests/sp12_i2_float_pixel_tests.rs:19:20
   |
19 | use openui_paint::{render_to_png, render_to_surface};
   |                    ^^^^^^^^^^^^^

warning: struct `PixelDiff` is never constructed
  --> openui-paint/tests/sp12_i2_float_pixel_tests.rs:27:8
   |
27 | struct PixelDiff {
   |        ^^^^^^^^^
   |
   = note: `#[warn(dead_code)]` (part of `#[warn(unused)]`) on by default

warning: method `mismatch_percentage` is never used
  --> openui-paint/tests/sp12_i2_float_pixel_tests.rs:36:8
   |
35 | impl PixelDiff {
   | -------------- method in this implementation
36 |     fn mismatch_percentage(&self) -> f64 {
   |        ^^^^^^^^^^^^^^^^^^^

warning: function `pixel_diff` is never used
  --> openui-paint/tests/sp12_i2_float_pixel_tests.rs:61:4
   |
61 | fn pixel_diff(a: &(u32, u32, Vec<u8>), b: &(u32, u32, Vec<u8>), tolerance: u8) -> PixelDiff {
   |    ^^^^^^^^^^

warning: constant `MAGENTA` is never used
   --> openui-paint/tests/sp12_i2_float_pixel_tests.rs:195:7
    |
195 | const MAGENTA: (u8, u8, u8) = (255, 0, 255);
    |       ^^^^^^^

warning: constant `ORANGE` is never used
   --> openui-paint/tests/sp12_i2_float_pixel_tests.rs:197:7
    |
197 | const ORANGE: (u8, u8, u8) = (255, 165, 0);
    |       ^^^^^^

warning: function `add_block` is never used
   --> openui-paint/tests/sp12_i2_float_pixel_tests.rs:214:4
    |
214 | fn add_block(doc: &mut Document, parent: NodeId, width_px: f32) -> NodeId {
    |    ^^^^^^^^^

warning: `openui-paint` (test "sp12_i2_float_pixel_tests") generated 8 warnings (run `cargo fix --test "sp12_i2_float_pixel_tests" -p openui-paint` to apply 2 suggestions)
warning: unused import: `NodeHandle as NodeId`
 --> pixel-compare/src/wpt/wpt_css2_floats.rs:6:42
  |
6 | use openui_engine::{Engine, EngineError, NodeHandle as NodeId, RendererNodeState};
  |                                          ^^^^^^^^^^^^^^^^^^^^
  |
  = note: `#[warn(unused_imports)]` (part of `#[warn(unused)]`) on by default

warning: unused import: `NodeHandle as NodeId`
 --> pixel-compare/src/wpt/wpt_css_backgrounds.rs:6:42
  |
6 | use openui_engine::{Engine, EngineError, NodeHandle as NodeId, RendererNodeState};
  |                                          ^^^^^^^^^^^^^^^^^^^^

warning: unused import: `NodeHandle as NodeId`
 --> pixel-compare/src/wpt/wpt_css_box.rs:6:42
  |
6 | use openui_engine::{Engine, EngineError, NodeHandle as NodeId, RendererNodeState};
  |                                          ^^^^^^^^^^^^^^^^^^^^

warning: unused import: `NodeHandle as NodeId`
 --> pixel-compare/src/wpt/wpt_css_break.rs:6:42
  |
6 | use openui_engine::{Engine, EngineError, NodeHandle as NodeId, RendererNodeState};
  |                                          ^^^^^^^^^^^^^^^^^^^^

warning: unused import: `NodeHandle as NodeId`
 --> pixel-compare/src/wpt/wpt_css_display.rs:6:42
  |
6 | use openui_engine::{Engine, EngineError, NodeHandle as NodeId, RendererNodeState};
  |                                          ^^^^^^^^^^^^^^^^^^^^

warning: unused import: `NodeHandle as NodeId`
 --> pixel-compare/src/wpt/wpt_css_flexbox.rs:6:42
  |
6 | use openui_engine::{Engine, EngineError, NodeHandle as NodeId, RendererNodeState};
  |                                          ^^^^^^^^^^^^^^^^^^^^

warning: unused import: `NodeHandle as NodeId`
 --> pixel-compare/src/wpt/wpt_css_multicol.rs:6:42
  |
6 | use openui_engine::{Engine, EngineError, NodeHandle as NodeId, RendererNodeState};
  |                                          ^^^^^^^^^^^^^^^^^^^^

warning: unused import: `NodeHandle as NodeId`
 --> pixel-compare/src/wpt/wpt_css_overflow.rs:6:42
  |
6 | use openui_engine::{Engine, EngineError, NodeHandle as NodeId, RendererNodeState};
  |                                          ^^^^^^^^^^^^^^^^^^^^

warning: unused import: `NodeHandle as NodeId`
 --> pixel-compare/src/wpt/wpt_css_position.rs:6:42
  |
6 | use openui_engine::{Engine, EngineError, NodeHandle as NodeId, RendererNodeState};
  |                                          ^^^^^^^^^^^^^^^^^^^^

warning: unused import: `NodeHandle as NodeId`
 --> pixel-compare/src/wpt/wpt_css_sizing.rs:6:42
  |
6 | use openui_engine::{Engine, EngineError, NodeHandle as NodeId, RendererNodeState};
  |                                          ^^^^^^^^^^^^^^^^^^^^

warning: unused imports: `PathBuf` and `Path`
  --> openui-paint/tests/sp12_i3_position_pixel_tests.rs:14:17
   |
14 | use std::path::{Path, PathBuf};
   |                 ^^^^  ^^^^^^^
   |
   = note: `#[warn(unused_imports)]` (part of `#[warn(unused)]`) on by default

warning: unused import: `render_to_png`
  --> openui-paint/tests/sp12_i3_position_pixel_tests.rs:20:20
   |
20 | use openui_paint::{render_to_png, render_to_surface};
   |                    ^^^^^^^^^^^^^

warning: unused variable: `div`
   --> openui-paint/tests/sp12_i3_position_pixel_tests.rs:427:9
    |
427 |     let div = add_colored_block(&mut doc, vp, 100.0, 50.0, Color::BLUE);
    |         ^^^ help: if this is intentional, prefix it with an underscore: `_div`
    |
    = note: `#[warn(unused_variables)]` (part of `#[warn(unused)]`) on by default

warning: unused variable: `div`
   --> openui-paint/tests/sp12_i3_position_pixel_tests.rs:926:9
    |
926 |     let div = add_positioned_block(&mut doc, vp, 100.0, 50.0, Position::Relative, Color::RED);
    |         ^^^ help: if this is intentional, prefix it with an underscore: `_div`

warning: unused variable: `div`
    --> openui-paint/tests/sp12_i3_position_pixel_tests.rs:1623:9
     |
1623 |     let div = add_positioned_block(&mut doc, vp, 80.0, 40.0, Position::Absolute, Color::RED);
     |         ^^^ help: if this is intentional, prefix it with an underscore: `_div`

warning: unused variable: `div`
    --> openui-paint/tests/sp12_i3_position_pixel_tests.rs:1634:9
     |
1634 |     let div = add_positioned_block(&mut doc, vp, 80.0, 40.0, Position::Absolute, Color::RED);
     |         ^^^ help: if this is intentional, prefix it with an underscore: `_div`

warning: unused variable: `div`
    --> openui-paint/tests/sp12_i3_position_pixel_tests.rs:1704:9
     |
1704 |     let div = add_positioned_block(&mut doc, vp, 60.0, 30.0, Position::Absolute, Color::BLUE);
     |         ^^^ help: if this is intentional, prefix it with an underscore: `_div`

warning: unused variable: `div`
    --> openui-paint/tests/sp12_i3_position_pixel_tests.rs:1720:9
     |
1720 |     let div = add_positioned_block(&mut doc, vp, 60.0, 30.0, Position::Absolute, Color::RED);
     |         ^^^ help: if this is intentional, prefix it with an underscore: `_div`

warning: unused variable: `a`
    --> openui-paint/tests/sp12_i3_position_pixel_tests.rs:1735:9
     |
1735 |     let a = add_positioned_block(&mut doc, vp, 60.0, 30.0, Position::Absolute, Color::RED);
     |         ^ help: if this is intentional, prefix it with an underscore: `_a`

warning: unused variable: `b`
    --> openui-paint/tests/sp12_i3_position_pixel_tests.rs:1736:9
     |
1736 |     let b = add_positioned_block(&mut doc, vp, 60.0, 30.0, Position::Absolute, Color::BLUE);
     |         ^ help: if this is intentional, prefix it with an underscore: `_b`

warning: unused variable: `abs`
    --> openui-paint/tests/sp12_i3_position_pixel_tests.rs:1760:9
     |
1760 |     let abs = add_positioned_block(
     |         ^^^ help: if this is intentional, prefix it with an underscore: `_abs`

warning: unused variable: `div`
    --> openui-paint/tests/sp12_i3_position_pixel_tests.rs:1799:9
     |
1799 |     let div = add_positioned_block(&mut doc, vp, 200.0, 100.0, Position::Absolute, Color::GREEN);
     |         ^^^ help: if this is intentional, prefix it with an underscore: `_div`

warning: unused variable: `div`
    --> openui-paint/tests/sp12_i3_position_pixel_tests.rs:1814:9
     |
1814 |     let div = add_positioned_block(&mut doc, vp, 10.0, 10.0, Position::Absolute, Color::RED);
     |         ^^^ help: if this is intentional, prefix it with an underscore: `_div`

warning: unused variable: `div`
    --> openui-paint/tests/sp12_i3_position_pixel_tests.rs:1922:9
     |
1922 |     let div = add_positioned_block(&mut doc, vp, 60.0, 30.0, Position::Fixed, Color::RED);
     |         ^^^ help: if this is intentional, prefix it with an underscore: `_div`

warning: struct `PixelDiff` is never constructed
  --> openui-paint/tests/sp12_i3_position_pixel_tests.rs:28:8
   |
28 | struct PixelDiff {
   |        ^^^^^^^^^
   |
   = note: `#[warn(dead_code)]` (part of `#[warn(unused)]`) on by default

warning: method `mismatch_percentage` is never used
  --> openui-paint/tests/sp12_i3_position_pixel_tests.rs:37:8
   |
36 | impl PixelDiff {
   | -------------- method in this implementation
37 |     fn mismatch_percentage(&self) -> f64 {
   |        ^^^^^^^^^^^^^^^^^^^

warning: function `pixel_diff` is never used
  --> openui-paint/tests/sp12_i3_position_pixel_tests.rs:62:4
   |
62 | fn pixel_diff(a: &(u32, u32, Vec<u8>), b: &(u32, u32, Vec<u8>), tolerance: u8) -> PixelDiff {
   |    ^^^^^^^^^^

warning: constant `CYAN` is never used
   --> openui-paint/tests/sp12_i3_position_pixel_tests.rs:195:7
    |
195 | const CYAN: (u8, u8, u8) = (0, 255, 255);
    |       ^^^^

warning: constant `MAGENTA` is never used
   --> openui-paint/tests/sp12_i3_position_pixel_tests.rs:196:7
    |
196 | const MAGENTA: (u8, u8, u8) = (255, 0, 255);
    |       ^^^^^^^

warning: constant `ORANGE` is never used
   --> openui-paint/tests/sp12_i3_position_pixel_tests.rs:198:7
    |
198 | const ORANGE: (u8, u8, u8) = (255, 165, 0);
    |       ^^^^^^

warning: function `add_block` is never used
   --> openui-paint/tests/sp12_i3_position_pixel_tests.rs:219:4
    |
219 | fn add_block(doc: &mut Document, parent: NodeId, width_px: f32) -> NodeId {
    |    ^^^^^^^^^

warning: `openui-paint` (test "sp12_i3_position_pixel_tests") generated 21 warnings (run `cargo fix --test "sp12_i3_position_pixel_tests" -p openui-paint` to apply 14 suggestions)
warning: unused import: `ComputedStyle`
  --> openui-layout/tests/inline_layout_advanced_tests.rs:11:5
   |
11 |     ComputedStyle, Direction, Display, LineHeight, TextAlign, VerticalAlign, WhiteSpace,
   |     ^^^^^^^^^^^^^
   |
   = note: `#[warn(unused_imports)]` (part of `#[warn(unused)]`) on by default

warning: unused import: `PhysicalOffset`
  --> openui-layout/tests/sp12_h7_overflow_tests.rs:13:43
   |
13 | use openui_geometry::{LayoutUnit, Length, PhysicalOffset, PhysicalRect, PhysicalSize};
   |                                           ^^^^^^^^^^^^^^
   |
   = note: `#[warn(unused_imports)]` (part of `#[warn(unused)]`) on by default

warning: `openui-layout` (test "inline_layout_advanced_tests") generated 1 warning (run `cargo fix --test "inline_layout_advanced_tests" -p openui-layout` to apply 1 suggestion)
warning: `openui-layout` (test "sp12_h7_overflow_tests") generated 1 warning (run `cargo fix --test "sp12_h7_overflow_tests" -p openui-layout` to apply 1 suggestion)
warning: unused import: `FirstLetterStyle`
  --> openui-layout/tests/sp13_i_wpt_tests.rs:26:5
   |
26 |     FirstLetterStyle,
   |     ^^^^^^^^^^^^^^^^
   |
   = note: `#[warn(unused_imports)]` (part of `#[warn(unused)]`) on by default

warning: unused import: `BreakCandidate`
  --> openui-layout/tests/sp13_i_wpt_tests.rs:37:85
   |
37 |     balance_score, candidates_from_word_widths, requires_scoring, score_line_break, BreakCandidate,
   |                                                                                     ^^^^^^^^^^^^^^

warning: unused import: `LineHeight`
  --> openui-layout/tests/sp13_i_wpt_tests.rs:44:20
   |
44 |     InitialLetter, LineHeight, Position, TextDecorationLine, TextWrap,
   |                    ^^^^^^^^^^

warning: `openui-layout` (test "sp13_i_wpt_tests") generated 3 warnings (run `cargo fix --test "sp13_i_wpt_tests" -p openui-layout` to apply 3 suggestions)
warning: unused imports: `BreakPoint` and `break_after_appeal`
 --> openui-layout/tests/sp12_fragmentation_tests.rs:8:5
  |
8 |     break_after_appeal, break_before_appeal, find_best_break_point, join_break_between,
  |     ^^^^^^^^^^^^^^^^^^
9 |     should_break_after, should_break_before, BlockBreakToken, BreakAppeal, BreakPoint, BreakToken,
  |                                                                            ^^^^^^^^^^
  |
  = note: `#[warn(unused_imports)]` (part of `#[warn(unused)]`) on by default

warning: `openui-layout` (test "sp12_fragmentation_tests") generated 1 warning (run `cargo fix --test "sp12_fragmentation_tests" -p openui-layout` to apply 1 suggestion)
warning: unused import: `ComputedStyle`
  --> openui-layout/tests/sp13_a_float_inline_tests.rs:11:20
   |
11 | use openui_style::{ComputedStyle, Display, Float};
   |                    ^^^^^^^^^^^^^
   |
   = note: `#[warn(unused_imports)]` (part of `#[warn(unused)]`) on by default

warning: unused variable: `line_children`
   --> openui-layout/tests/sp13_a_float_inline_tests.rs:106:9
    |
106 |     let line_children: Vec<&Fragment> = children
    |         ^^^^^^^^^^^^^ help: if this is intentional, prefix it with an underscore: `_line_children`
    |
    = note: `#[warn(unused_variables)]` (part of `#[warn(unused)]`) on by default

warning: `openui-layout` (test "sp13_a_float_inline_tests") generated 2 warnings (run `cargo fix --test "sp13_a_float_inline_tests" -p openui-layout` to apply 2 suggestions)
warning: unused import: `openui_style::ComputedStyle`
   --> openui-layout/tests/advanced_text_tests.rs:473:5
    |
473 | use openui_style::ComputedStyle;
    |     ^^^^^^^^^^^^^^^^^^^^^^^^^^^
    |
    = note: `#[warn(unused_imports)]` (part of `#[warn(unused)]`) on by default

warning: `openui-layout` (test "advanced_text_tests") generated 1 warning (run `cargo fix --test "advanced_text_tests" -p openui-layout` to apply 1 suggestion)
warning: unused import: `ComputedStyle`
 --> openui-layout/tests/sp17_multicol_positioned_fragmentation_tests.rs:7:41
  |
7 |     BorderStyle, BoxSizing, ColumnFill, ComputedStyle, Direction, Display, Position, WritingMode,
  |                                         ^^^^^^^^^^^^^
  |
  = note: `#[warn(unused_imports)]` (part of `#[warn(unused)]`) on by default

warning: `openui-layout` (test "sp17_multicol_positioned_fragmentation_tests") generated 1 warning (run `cargo fix --test "sp17_multicol_positioned_fragmentation_tests" -p openui-layout` to apply 1 suggestion)
warning: unused imports: `BreakCandidate`, `ScoreLineBreaker`, and `ScoreParams`
  --> openui-layout/tests/sp13_h_advanced_tests.rs:27:85
   |
27 |     balance_score, candidates_from_word_widths, requires_scoring, score_line_break, BreakCandidate,
   |                                                                                     ^^^^^^^^^^^^^^
28 |     FitnessClass, ScoreLineBreaker, ScoreParams,
   |                   ^^^^^^^^^^^^^^^^  ^^^^^^^^^^^
   |
   = note: `#[warn(unused_imports)]` (part of `#[warn(unused)]`) on by default

warning: unused import: `LineHeight`
  --> openui-layout/tests/sp13_h_advanced_tests.rs:32:44
   |
32 |     ComputedStyle, Display, InitialLetter, LineHeight, TextDecorationLine, TextWrap,
   |                                            ^^^^^^^^^^

warning: `openui-layout` (test "sp13_h_advanced_tests") generated 2 warnings (run `cargo fix --test "sp13_h_advanced_tests" -p openui-layout` to apply 2 suggestions)
warning: unused variable: `i`
    --> openui-layout/tests/sp12_h3_float_tests.rs:4766:9
     |
4766 |     for i in 0..10 {
     |         ^ help: if this is intentional, prefix it with an underscore: `_i`
     |
     = note: `#[warn(unused_variables)]` (part of `#[warn(unused)]`) on by default

warning: `openui-layout` (test "sp12_h3_float_tests") generated 1 warning (run `cargo fix --test "sp12_h3_float_tests" -p openui-layout` to apply 1 suggestion)
warning: unused import: `ComputedStyle`
  --> openui-layout/tests/inline_layout_tests.rs:12:5
   |
12 |     ComputedStyle, Direction, Display, LineHeight, TextAlign, VerticalAlign, WhiteSpace,
   |     ^^^^^^^^^^^^^
   |
   = note: `#[warn(unused_imports)]` (part of `#[warn(unused)]`) on by default

warning: `openui-layout` (test "inline_layout_tests") generated 1 warning (run `cargo fix --test "inline_layout_tests" -p openui-layout` to apply 1 suggestion)
warning: unused import: `openui_layout::Fragment`
  --> openui-layout/tests/sp13_d_oof_inline_tests.rs:12:5
   |
12 | use openui_layout::Fragment;
   |     ^^^^^^^^^^^^^^^^^^^^^^^
   |
   = note: `#[warn(unused_imports)]` (part of `#[warn(unused)]`) on by default

warning: `openui-layout` (test "sp13_d_oof_inline_tests") generated 1 warning (run `cargo fix --test "sp13_d_oof_inline_tests" -p openui-layout` to apply 1 suggestion)
warning: `openui-paint` (lib test) generated 17 warnings (17 duplicates)
warning: unused import: `std::sync::Arc`
 --> openui-layout/tests/sp12_overflow_tests.rs:6:5
  |
6 | use std::sync::Arc;
  |     ^^^^^^^^^^^^^^
  |
  = note: `#[warn(unused_imports)]` (part of `#[warn(unused)]`) on by default

warning: unused imports: `BoxStrut` and `PhysicalOffset`
 --> openui-layout/tests/sp12_overflow_tests.rs:9:23
  |
9 | use openui_geometry::{BoxStrut, LayoutUnit, Length, PhysicalOffset, PhysicalRect, PhysicalSize};
  |                       ^^^^^^^^                      ^^^^^^^^^^^^^^

warning: unused import: `FragmentKind`
  --> openui-layout/tests/sp12_overflow_tests.rs:10:82
   |
10 | use openui_layout::{block_layout, establishes_new_fc, ConstraintSpace, Fragment, FragmentKind};
   |                                                                                  ^^^^^^^^^^^^

warning: `openui-layout` (test "sp12_overflow_tests") generated 3 warnings (run `cargo fix --test "sp12_overflow_tests" -p openui-layout` to apply 3 suggestions)
warning: unused import: `BoxSizing`
  --> openui-layout/tests/flex_fixes_validation.rs:13:5
   |
13 |     BoxSizing, ContentAlignment, ContentDistribution, ContentPosition, Display, FlexDirection,
   |     ^^^^^^^^^
   |
   = note: `#[warn(unused_imports)]` (part of `#[warn(unused)]`) on by default

warning: function `make_flex_w` is never used
  --> openui-layout/tests/flex_fixes_validation.rs:38:4
   |
38 | fn make_flex_w(doc: &mut Document, w: i32) -> NodeId {
   |    ^^^^^^^^^^^
   |
   = note: `#[warn(dead_code)]` (part of `#[warn(unused)]`) on by default

warning: `openui-layout` (test "flex_fixes_validation") generated 2 warnings (run `cargo fix --test "flex_fixes_validation" -p openui-layout` to apply 1 suggestion)
warning: unused import: `balance_columns`
     --> openui-layout/src/block.rs:19571:9
      |
19571 |         balance_columns, balance_columns_with_margins, compute_column_positions,
      |         ^^^^^^^^^^^^^^^
      |
      = note: `#[warn(unused_imports)]` (part of `#[warn(unused)]`) on by default

warning: unused imports: `FontVariantEastAsian`, `FontVariantLigatures`, and `FontVariantNumeric`
  --> openui-text/tests/wpt_font_tests.rs:12:45
   |
12 |     FontVariantAlternates, FontVariantCaps, FontVariantEastAsian, FontVariantLigatures,
   |                                             ^^^^^^^^^^^^^^^^^^^^  ^^^^^^^^^^^^^^^^^^^^
13 |     FontVariantNumeric, FontVariantPosition, FontVariation, FontWeight, GenericFontFamily,
   |     ^^^^^^^^^^^^^^^^^^
   |
   = note: `#[warn(unused_imports)]` (part of `#[warn(unused)]`) on by default

warning: unused imports: `FontCache` and `FontFallbackList`
  --> openui-text/tests/wpt_font_tests.rs:17:31
   |
17 | use openui_text::font::{Font, FontCache, FontDescription, FontFallbackList, FontMetrics};
   |                               ^^^^^^^^^                   ^^^^^^^^^^^^^^^^

warning: function `make_font_with_stretch` is never used
  --> openui-text/tests/wpt_font_tests.rs:47:4
   |
47 | fn make_font_with_stretch(stretch: FontStretch) -> Font {
   |    ^^^^^^^^^^^^^^^^^^^^^^
   |
   = note: `#[warn(dead_code)]` (part of `#[warn(unused)]`) on by default

warning: `openui-text` (test "wpt_font_tests") generated 3 warnings (run `cargo fix --test "wpt_font_tests" -p openui-text` to apply 2 suggestions)
warning: unused variable: `left`
    --> openui-layout/src/out_of_flow.rs:2232:14
     |
2232 |         let (left, width, ml, mr) = resolve_horizontal(
     |              ^^^^ help: if this is intentional, prefix it with an underscore: `_left`

warning: unused variable: `width`
    --> openui-layout/src/out_of_flow.rs:2232:20
     |
2232 |         let (left, width, ml, mr) = resolve_horizontal(
     |                    ^^^^^ help: if this is intentional, prefix it with an underscore: `_width`

warning: unused variable: `ml`
    --> openui-layout/src/out_of_flow.rs:2232:27
     |
2232 |         let (left, width, ml, mr) = resolve_horizontal(
     |                           ^^ help: if this is intentional, prefix it with an underscore: `_ml`

warning: unused variable: `mr`
    --> openui-layout/src/out_of_flow.rs:2232:31
     |
2232 |         let (left, width, ml, mr) = resolve_horizontal(
     |                               ^^ help: if this is intentional, prefix it with an underscore: `_mr`

warning: unused variable: `mt`
    --> openui-layout/src/out_of_flow.rs:2284:27
     |
2284 |         let (top, height, mt, mb) = resolve_vertical(
     |                           ^^ help: if this is intentional, prefix it with an underscore: `_mt`

warning: unused variable: `mb`
    --> openui-layout/src/out_of_flow.rs:2284:31
     |
2284 |         let (top, height, mt, mb) = resolve_vertical(
     |                               ^^ help: if this is intentional, prefix it with an underscore: `_mb`

warning: function `cb_size` is never used
    --> openui-layout/src/out_of_flow.rs:2214:8
     |
2214 |     fn cb_size(w: i32, h: i32) -> PhysicalSize {
     |        ^^^^^^^

warning: function `static_pos` is never used
    --> openui-layout/src/out_of_flow.rs:2218:8
     |
2218 |     fn static_pos(l: i32, t: i32) -> PhysicalOffset {
     |        ^^^^^^^^^^

warning: `openui-layout` (lib test) generated 16 warnings (7 duplicates) (run `cargo fix --lib -p openui-layout --tests` to apply 7 suggestions)
warning: `pixel-compare` (bin "pixel_compare" test) generated 10 warnings (run `cargo fix --bin "pixel_compare" -p pixel-compare --tests` to apply 10 suggestions)
    Finished `test` profile [unoptimized] target(s) in 3m 20s
     Running unittests src/main.rs (/mnt/e/openui-v02-cargo-c73754e2/target/debug/deps/counter-67729a5a04c4b6fb)

running 0 tests

test result: ok. 0 passed; 0 failed; 0 ignored; 0 measured; 0 filtered out; finished in 0.00s

     Running unittests src/main.rs (/mnt/e/openui-v02-cargo-c73754e2/target/debug/deps/dashboard-d7856b15d0a7669f)

running 0 tests

test result: ok. 0 passed; 0 failed; 0 ignored; 0 measured; 0 filtered out; finished in 0.01s

     Running unittests src/main.rs (/mnt/e/openui-v02-cargo-c73754e2/target/debug/deps/framework_test-e8d821b2b8edf5a9)

running 0 tests

test result: ok. 0 passed; 0 failed; 0 ignored; 0 measured; 0 filtered out; finished in 0.01s

     Running unittests src/main.rs (/mnt/e/openui-v02-cargo-c73754e2/target/debug/deps/hello-1602b6252cad3b6d)

running 0 tests

test result: ok. 0 passed; 0 failed; 0 ignored; 0 measured; 0 filtered out; finished in 0.00s

     Running unittests src/lib.rs (/mnt/e/openui-v02-cargo-c73754e2/target/debug/deps/openui-156636a211f5994b)

running 79 tests
test app::tests::invalid_builder_size_is_fallible ... ok
test app::tests::cancelled_native_keydown_does_not_insert_committed_text ... ok
test document::tests::programmatic_focus_uses_native_event_path_after_engine_borrow ... ok
test app::tests::native_named_keys_and_noneditable_controls_do_not_receive_text ... ok
test app::tests::native_textarea_enter_inserts_one_cancelable_newline ... ok
test app::tests::app_from_document_retains_existing_nodes_and_exit_handle ... ok
test document::tests::tab_order_skips_disabled_controls_and_modal_focus_restores ... ok
test element::tests::native_replaced_elements_use_chromium_host_clip_defaults ... ok
test document::tests::headless_text_input_handles_graphemes_clipboard_undo_and_composition ... ok
test element::tests::cloned_subtree_keeps_native_content_but_has_independent_handles ... ok
test element::tests::stale_weak_and_cross_document_handles_are_safe ... ok
test document::tests::accessibility_tree_and_actions_use_the_same_control_state ... ok
test element::tests::events_capture_target_and_bubble_without_reentrant_borrows ... ok
test document::tests::native_element_click_runs_callbacks_then_control_activation ... ok
test document::tests::pointer_and_keyboard_defaults_drive_controls_after_dispatch ... ok
test element::tests::native_svg_viewport_bounds_survive_decoration_mutation_and_cloning ... ok
test element::tests::typed_animation_uses_manual_clock_and_dispatches_events ... ok
test events::tests::event_control_state_is_shared_by_clones ... ok
test app::tests::normalized_platform_events_drive_the_headless_reference_path ... ok
test app::tests::headless_app_mounts_and_renders_the_typed_view_path ... ok
test app::tests::platform_observer_can_mutate_and_request_exit_after_render_borrows ... ok
test app::tests::event_driven_signal_updates_retarget_the_native_text_node ... ok
test app::tests::show_and_keyed_for_mutate_retained_nodes ... ok
test renderer::tests::effect_skips_when_condition_unchanged ... ok
test app::tests::native_ime_commits_after_empty_preview_and_cancels_on_window_focus_loss ... ok
test renderer::tests::effect_tracks_signal_changes ... ok
test renderer::tests::for_keyed_diff_logic ... ok
test renderer::tests::scope_disposes_on_branch_switch ... ok
test renderer::tests::scope_nesting_disposes_children ... ok
test tests::batch_defers_effects ... ok
test tests::batch_multiple_signals ... ok
test tests::batch_nested ... ok
test tests::batch_no_changes ... ok
test tests::batch_with_memo ... ok
test tests::disposed_scope_effects_dont_run ... ok
test tests::effect_does_not_run_for_non_dependencies ... ok
test tests::effect_dynamic_dependencies ... ok
test tests::effect_nested_signal_access ... ok
test tests::effect_rerun_sees_latest_value ... ok
test tests::effect_reruns_on_dependency_change ... ok
test tests::effect_runs_immediately ... ok
test tests::effect_tracks_multiple_dependencies ... ok
test tests::effect_updates_signal_chain ... ok
test tests::effect_with_conditional_panic_guard ... ok
test tests::effect_with_no_dependencies_runs_once ... ok
test tests::integration_diamond_dependency ... ok
test tests::integration_effect_writing_back_to_signal ... ok
test tests::integration_memo_in_effect ... ok
test tests::integration_rapid_updates ... ok
test tests::integration_rapid_updates_batched ... ok
test tests::integration_scope_cleanup_frees_resources ... ok
test tests::integration_scope_with_memo_and_effect ... ok
test tests::integration_signal_effect_signal_chain ... ok
test tests::memo_chained ... ok
test tests::memo_computes_on_creation ... ok
test tests::memo_is_copy ... ok
test tests::memo_recomputes_on_dependency_change ... ok
test tests::memo_returns_cached_value ... ok
test tests::memo_skips_update_when_value_unchanged ... ok
test tests::memo_with_string ... ok
test tests::multiple_effects_same_signal ... ok
test tests::multiple_scopes_independent ... ok
test tests::on_cleanup_multiple ... ok
test tests::on_cleanup_runs_on_dispose ... ok
test tests::scope_collects_effects ... ok
test tests::scope_nested_dispose ... ok
test tests::scope_without_effects ... ok
test tests::signal_bool ... ok
test tests::signal_create_and_get ... ok
test tests::signal_is_copy ... ok
test tests::signal_multiple_independent ... ok
test tests::signal_option ... ok
test tests::signal_set_and_get ... ok
test tests::signal_set_many_times ... ok
test tests::signal_update_in_place ... ok
test tests::signal_update_numeric ... ok
test tests::signal_with_string ... ok
test tests::signal_with_struct ... ok
test tests::signal_with_vec ... ok

test result: ok. 79 passed; 0 failed; 0 ignored; 0 measured; 0 filtered out; finished in 1.07s

     Running tests/native_insets.rs (/mnt/e/openui-v02-cargo-c73754e2/target/debug/deps/native_insets-1a3bffc3b896f469)

running 1 test
test public_native_insets_survive_callbacks_resize_and_document_teardown ... ok

test result: ok. 1 passed; 0 failed; 0 ignored; 0 measured; 0 filtered out; finished in 0.09s

     Running tests/native_primitive_styles.rs (/mnt/e/openui-v02-cargo-c73754e2/target/debug/deps/native_primitive_styles-4ae98692cc036f1a)

running 1 test
test native_author_values_match_typed_app_state_and_pixels_through_callbacks ... ok

test result: ok. 1 passed; 0 failed; 0 ignored; 0 measured; 0 filtered out; finished in 2.35s

     Running tests/v02_conformance.rs (/mnt/e/openui-v02-cargo-c73754e2/target/debug/deps/v02_conformance-38bf9536c309bd43)

running 58 tests
test cross_document_ownership_is_rejected ... ok
test accessibility_relations_reject_cross_document_targets ... ok
test accessibility_action_uses_control_pipeline ... ok
test checkbox_keyboard_activation_toggles ... ok
test animation_cancel_restores_underlying_value ... ok
test editing_undo_and_redo ... ok
test ime_callbacks_cannot_redirect_an_edit_to_a_different_focused_control ... ok
test clipboard_copy_and_paste ... ok
test ime_callback_restarting_the_same_control_keeps_the_new_edit ... ok
test ime_commits_final_text_after_platform_clears_preview_as_one_undo_step ... ok
test ime_commit_can_be_canceled_by_a_native_beforeinput_callback ... ok
test ime_callbacks_may_remove_the_target_without_terminating_input_dispatch ... ok
test computed_style_is_an_owned_native_snapshot ... ok
test ime_composition_commits_once ... ok
test flex_dashboard_layout_has_geometry ... ok
test button_pointer_activation_dispatches_click ... ok
test hover_and_active_state_follow_pointer ... ok
test accessibility_tree_has_stable_nodes ... ok
test ime_ignores_noneditable_controls_and_cancels_when_disabled ... ok
test independent_documents_keep_focus_isolated ... ok
test ime_cancel_restores_selection_pixels_and_existing_redo ... ok
test batched_tree_transaction ... ok
test keyframe_animation_dispatches_end ... ok
test emoji_and_bidi_text_render_without_loss ... ok
test large_list_updates_remain_mutable ... ok
test modal_focus_is_contained_and_restored ... ok
test named_radio_group_is_exclusive ... ok
test native_class_lookup_tracks_event_driven_updates_and_detachment ... ok
test native_detach_preserves_subtree_handles_and_listeners_for_reattachment ... ok
test native_geometry_is_independent_of_pointer_and_visibility ... ok
test native_geometry_preserves_empty_and_singular_boxes ... ok
test native_geometry_includes_all_column_fragments ... ok
test native_id_lookup_follows_attached_document_order ... ok
test native_geometry_updates_after_scroll_transform_and_detachment ... ok
test native_kind_lookup_tracks_tree_order_and_detachment ... ok
test native_layout_read_then_id_style_mutation_updates_the_same_document ... ok
test native_text_nodes_attach_move_and_keep_element_traversal_typed ... ok
test nested_scroll_container_consumes_wheel ... ok
test pointer_capture_lifecycle_is_validated ... ok
test reduced_motion_finishes_animation ... ok
test read_only_text_controls_keep_selection_and_reject_native_edits ... ok
test removed_weak_handle_expires ... ok
test repeated_headless_frames_are_byte_identical ... ok
test responsive_viewport_reflows_geometry ... ok
test scroll_snap_selects_nearest_point ... ok
test scroll_timeline_samples_from_offset ... ok
test smooth_scroll_uses_manual_clock ... ok
test static_headless_scene ... ok
test synchronous_resource_provider_is_deterministic ... ok
test tab_focus_order_skips_disabled ... ok
test table_application_fixture_lays_out ... ok
test textarea_accepts_multiline_text ... ok
test typed_transition_retains_target ... ok
test unicode_grapheme_editing ... ok
test view_timeline_uses_retained_geometry ... ok
test viewport_native_scroll_clamps_extremes_and_resolves_pending_layout ... ok
test viewport_smooth_scroll_clamps_its_target_and_tracks_content_shrink ... ok
test viewport_wheel_uses_the_same_limits_and_respects_cancelation ... ok

test result: ok. 58 passed; 0 failed; 0 ignored; 0 measured; 0 filtered out; finished in 0.89s

     Running unittests src/lib.rs (/mnt/e/openui-v02-cargo-c73754e2/target/debug/deps/openui_compositor-462385fff493034c)

running 6 tests
test tests::immutable_scenes_can_cross_render_threads ... ok
test tests::mailbox_coalesces_to_the_newest_complete_scene ... ok
test tests::damage_is_converted_outward_to_physical_pixels ... ok
test tests::software_compositor_reuses_unchanged_frames ... ok
test tests::software_frame_cache_accepts_new_viewports_with_equal_generations ... ok
test tests::frame_cache_releases_recordings_on_replacement_png_and_drop ... ok

test result: ok. 6 passed; 0 failed; 0 ignored; 0 measured; 0 filtered out; finished in 0.13s

     Running unittests src/lib.rs (/mnt/e/openui-v02-cargo-c73754e2/target/debug/deps/openui_dom-213b170c8e63229c)

running 16 tests
test tree::tests::create_document ... ok
test tree::tests::nested_children ... ok
test tree::tests::append_children ... ok
test tree::tests::detach_repairs_sibling_links ... ok
test tree::tests::installed_resolved_style_retains_document_raster_context ... ok
test tree::tests::authored_legacy_root_background_precedes_registered_body ... ok
test tree::tests::root_background_precedes_body_canvas_propagation ... ok
test tree::tests::fieldset_rendered_legend_follows_display_contents_box_children ... ok
test tree::tests::style_mutation ... ok
test tree::tests::hidden_or_unboxed_root_body_cannot_supply_canvas_background ... ok
test tree::tests::root_overflow_prevents_body_overflow_propagation ... ok
test tree::tests::image_layers_participate_in_complete_canvas_background_selection ... ok
test tree::tests::generated_counters_scope_format_and_quotes ... ok
test tree::tests::pseudo_nodes_use_css_tree_order_and_materialize_attr_text ... ok
test tree::tests::released_detached_nodes_reuse_arena_storage ... ok
test tree::tests::explicitly_registered_legacy_body_propagates_canvas_background ... ok

test result: ok. 16 passed; 0 failed; 0 ignored; 0 measured; 0 filtered out; finished in 0.26s

     Running unittests src/lib.rs (/mnt/e/openui-v02-cargo-c73754e2/target/debug/deps/openui_engine-70cf898c51ae3c54)

running 36 tests
test interaction::tests::event_route_is_capture_target_bubble ... ok
test animation::tests::reduced_motion_finishes_finite_animations ... ok
test animation::tests::manual_clock_samples_and_emits_lifecycle_events ... ok
test interaction::tests::input_button_type_attributes_preserve_button_role ... ok
test animation::tests::transition_keeps_its_authored_target_after_completion ... ok
test animation::tests::pause_seek_reverse_and_cancel_are_deterministic ... ok
test interaction::tests::checkbox_and_named_radio_activation_are_deterministic ... ok
test accessibility::tests::platform_requests_validate_ids_and_convert_character_offsets ... ok
test interaction::tests::text_editing_uses_grapheme_boundaries_and_supports_undo ... ok
test scroll_into_view::tests::detached_foreign_and_stale_targets_keep_handle_rules ... ok
test accessibility::tests::complete_snapshot_does_not_consume_incremental_updates ... ok
test accessibility::tests::cloned_subtree_relations_target_cloned_descendants ... ok
test accessibility::tests::initial_tree_infers_control_semantics_bounds_and_stable_ids ... ok
test interaction::tests::pointer_state_synthesizes_enter_leave_and_activation ... ok
test animation::tests::smooth_scroll_and_snap_use_the_manual_clock ... ok
test scroll_into_view::tests::clip_is_not_a_scroll_container ... ok
test scroll_into_view::tests::nearest_container_does_not_scroll_its_parent ... ok
test scroll_into_view::tests::accessibility_reveal_uses_the_same_nested_nearest_operation ... ok
test scroll_into_view::tests::reveal_nested_hidden_scrollports_and_preserve_unchanged_frame ... ok
test accessibility::tests::unchanged_updates_are_empty_and_actions_share_control_state ... ok
test scroll_into_view::tests::reduced_motion_and_zero_duration_settle_and_invalid_duration_is_atomic ... ok
test scroll_into_view::tests::smooth_reveal_plans_outer_destination_from_final_inner_view ... ok
test accessibility::tests::editable_controls_expose_text_runs_and_selection ... ok
test tests::application_fonts_are_document_owned_invalidate_and_survive_in_scenes ... ok
test tests::hit_testing_respects_transforms_pointer_eligibility_and_rounded_clips ... ok
test tests::invalidation_runs_only_the_required_visual_stages ... ok
test tests::compositor_distinguishes_owned_recordings_with_equal_document_generations ... ok
test tests::logical_layout_rasterizes_at_the_authoritative_physical_size ... ok
test tests::pseudo_styles_and_language_use_validated_public_paths ... ok
test tests::long_running_mutations_reuse_owned_storage ... ok
test tests::resources_are_document_owned ... ok
test tests::retained_tree_supports_safe_reordering ... ok
test tests::stale_and_cross_document_handles_are_rejected ... ok
test tests::typed_tree_renders_through_scene_compositor ... ok
test tests::unchanged_scene_performs_no_lifecycle_work ... ok
test tests::viewport_units_recompute_and_scale_invalidates_all_visual_stages ... ok

test result: ok. 36 passed; 0 failed; 0 ignored; 0 measured; 0 filtered out; finished in 0.65s

     Running tests/retained_scene_lifetime.rs (/mnt/e/openui-v02-cargo-c73754e2/target/debug/deps/retained_scene_lifetime-ef94f861dcfa795e)

running 1 test
test saved_scenes_replay_after_engine_drop_and_unchanged_frames_reuse_raster ... ok

test result: ok. 1 passed; 0 failed; 0 ignored; 0 measured; 0 filtered out; finished in 0.11s

     Running unittests src/lib.rs (/mnt/e/openui-v02-cargo-c73754e2/target/debug/deps/openui_ffi-a87adbbc101f4196)

running 32 tests
test tests::frozen_layout_metadata_matches_rust ... ok
test registry::miri_handle_tests::opaque_handles_reject_wrong_kind_thread_and_reuse ... ok
test tests::invalid_float_colors_leave_output_unchanged ... ok
test tests::handles_are_thread_affine_without_dereferencing_foreign_tokens ... ok
test tests::c_scroll_metrics_validate_output_headers_and_ownership ... ok
test native_app_tests::native_run_config_and_lifecycle_reject_invalid_ownership ... ok
test tests::c_typography_literal_values_are_typed_and_owned ... ok
test tests::event_order_is_deterministic_and_callbacks_can_reenter ... ok
test tests::c_id_lookup_returns_owned_attached_element_handles ... ok
test tests::detached_c_nodes_keep_their_handles_until_explicit_removal ... ok
test tests::c_animation_api_samples_controls_and_reports_events ... ok
test tests::invalid_native_literals_preserve_output_and_existing_scalar_encodings ... ok
test tests::c_composition_dispatch_commits_final_text_and_restores_canceled_edits ... ok
test tests::c_font_registration_queries_and_removal_validate_lifetimes ... ok
test tests::malformed_inputs_report_structured_thread_local_errors ... ok
test tests::c_font_metadata_matches_pinned_multiformat_fixtures ... ok
test tests::app_and_document_handles_have_independent_explicit_lifetimes ... ok
test tests::c_scroll_metrics_preserve_larger_caller_storage_and_absent_boxes ... ok
test tests::c_accessibility_snapshot_rejects_wrong_document_and_outlives_its_document ... ok
test tests::c_events_hit_testing_and_control_state_share_engine_defaults ... ok
test native_app_tests::linux::native_accessibility_actions_reach_c_controls_and_c_listeners ... ok
test tests::c_accessibility_updates_actions_and_validation_share_engine_state ... ok
test tests::native_float_colors_preserve_precision_property_identity_and_ownership ... ok
test native_app_tests::linux::c_native_keyboard_uses_rust_editing_and_reentrant_cancellation ... ok
test tests::normalized_c_input_validates_headers_utf8_and_thread_ownership ... ok
test tests::native_scalar_extensions_keep_owned_property_identity_and_full_values ... ok
test tests::normalized_c_keyboard_and_text_share_cancelable_document_defaults ... ok
test tests::ownership_generation_and_value_tags_are_validated ... ok
test tests::panics_are_contained ... ok
test tests::rust_and_c_paths_produce_identical_headless_pixels ... ok
test tests::transactions_and_compound_types_are_checked ... ok
test tests::typed_tree_renders_and_buffers_have_explicit_lifetimes ... ok

test result: ok. 32 passed; 0 failed; 0 ignored; 0 measured; 0 filtered out; finished in 0.48s

     Running unittests src/lib.rs (/mnt/e/openui-v02-cargo-c73754e2/target/debug/deps/openui_geometry-491e7f0313386ddc)

running 102 tests
test bfc_offset::tests::bfc_rect_both_max_inline_is_zero ... ok
test bfc_offset::tests::bfc_offset_default_is_zero ... ok
test bfc_offset::tests::bfc_offset_equality ... ok
test bfc_offset::tests::bfc_offset_add_delta ... ok
test bfc_offset::tests::bfc_rect_basic ... ok
test bfc_offset::tests::bfc_offset_add_assign ... ok
test bfc_offset::tests::bfc_rect_equality ... ok
test bfc_offset::tests::bfc_rect_max_block_size ... ok
test bfc_offset::tests::bfc_rect_max_inline_size ... ok
test box_strut::tests::horizontal_ltr_and_rtl_map_inline_edges ... ok
test box_strut::tests::physical_logical_round_trip_covers_all_direction_flags ... ok
test box_strut::tests::vertical_and_sideways_modes_map_all_edges ... ok
test layout_unit::tests::ceil_negative ... ok
test layout_unit::tests::ceil_positive ... ok
test layout_unit::tests::divide_layout_units ... ok
test layout_unit::tests::floor_negative ... ok
test layout_unit::tests::floor_positive ... ok
test layout_unit::tests::fraction_preserves_sign ... ok
test layout_unit::tests::fractional_bits_and_denominator ... ok
test layout_unit::tests::from_float_ceil_floor_round ... ok
test layout_unit::tests::from_float_truncates_not_rounds ... ok
test layout_unit::tests::from_integer_saturating ... ok
test layout_unit::tests::indefinite_size ... ok
test layout_unit::tests::margin_collapsing_math ... ok
test layout_unit::tests::mul_div_fused ... ok
test layout_unit::tests::multiply_layout_units ... ok
test layout_unit::tests::multiply_overflow_saturates ... ok
test layout_unit::tests::nan_produces_zero ... ok
test layout_unit::tests::round_to_nearest ... ok
test layout_unit::tests::saturating_add ... ok
test layout_unit::tests::sub_pixel_precision ... ok
test length::tests::auto_is_auto ... ok
test length::tests::default_is_zero_fixed ... ok
test length::tests::equality ... ok
test length::tests::none_for_max_dimensions ... ok
test length::tests::percent_stores_value ... ok
test margin_strut::tests::discard_margins_prevents_append ... ok
test margin_strut::tests::discard_margins_returns_zero ... ok
test margin_strut::tests::empty_strut_is_zero ... ok
test margin_strut::tests::mixed_margins_collapse ... ok
test margin_strut::tests::negative_margins_take_most_negative ... ok
test margin_strut::tests::positive_margins_take_largest ... ok
test margin_strut::tests::quirky_container_start_ignores_quirky ... ok
test margin_strut::tests::quirky_container_sum_ignores_quirky ... ok
test margin_strut::tests::quirky_margin_takes_largest ... ok
test margin_strut::tests::quirky_vs_normal_takes_larger ... ok
test margin_strut::tests::trim_leading_flag_preserved ... ok
test min_max_sizes::tests::add_to_both ... ok
test min_max_sizes::tests::clamp_within_range ... ok
test min_max_sizes::tests::encompass_raises_both ... ok
test min_max_sizes::tests::shrink_to_lowers_both ... ok
test raster::tests::ganesh_profile_is_explicit_and_immutable ... ok
test raster::tests::legacy_profiles_preserve_text_policy_on_the_software_backend ... ok
test raster::tests::outward_span_contains_fractional_logical_bounds ... ok
test raster::tests::snaps_coordinates_through_fractional_device_scales ... ok
test raster::tests::snaps_lengths_with_a_physical_minimum ... ok
test viewport::tests::deterministic_fractional_matrix_preserves_authority ... ok
test viewport::tests::logical_authority_uses_winit_rounding ... ok
test viewport::tests::physical_authority_preserves_native_surface ... ok
test viewport::tests::rejects_non_finite_and_unrepresentable_metrics ... ok
test writing_mode::tests::default_is_horizontal_ltr ... ok
test writing_mode::tests::full_size_child_offset_round_trip ... ok
test writing_mode::tests::offset_htb_ltr ... ok
test writing_mode::tests::offset_htb_rtl ... ok
test writing_mode::tests::offset_round_trip_htb_ltr ... ok
test writing_mode::tests::offset_round_trip_htb_rtl ... ok
test writing_mode::tests::offset_round_trip_slr_ltr ... ok
test writing_mode::tests::offset_round_trip_slr_rtl ... ok
test writing_mode::tests::offset_round_trip_srl_ltr ... ok
test writing_mode::tests::offset_round_trip_vlr_ltr ... ok
test writing_mode::tests::offset_round_trip_vlr_rtl ... ok
test writing_mode::tests::offset_round_trip_vrl_ltr ... ok
test writing_mode::tests::offset_round_trip_vrl_rtl ... ok
test writing_mode::tests::offset_slr_ltr ... ok
test writing_mode::tests::offset_slr_rtl ... ok
test writing_mode::tests::offset_vlr_ltr ... ok
test writing_mode::tests::offset_vlr_rtl ... ok
test writing_mode::tests::offset_vrl_ltr ... ok
test writing_mode::tests::offset_vrl_rtl ... ok
test writing_mode::tests::physical_to_logical_offset_vlr_ltr_specific ... ok
test writing_mode::tests::physical_to_logical_offset_vrl_ltr_specific ... ok
test writing_mode::tests::rect_htb_ltr ... ok
test writing_mode::tests::rect_htb_rtl ... ok
test writing_mode::tests::rect_round_trip_htb_ltr ... ok
test writing_mode::tests::rect_round_trip_htb_rtl ... ok
test writing_mode::tests::rect_round_trip_slr_ltr ... ok
test writing_mode::tests::rect_round_trip_slr_rtl ... ok
test writing_mode::tests::rect_round_trip_srl_ltr ... ok
test writing_mode::tests::rect_round_trip_vlr_ltr ... ok
test writing_mode::tests::rect_round_trip_vlr_rtl ... ok
test writing_mode::tests::rect_round_trip_vrl_ltr ... ok
test writing_mode::tests::rect_round_trip_vrl_rtl ... ok
test writing_mode::tests::rect_vlr_ltr ... ok
test writing_mode::tests::rect_vrl_ltr ... ok
test writing_mode::tests::size_horizontal_tb ... ok
test writing_mode::tests::size_round_trip_horizontal ... ok
test writing_mode::tests::size_round_trip_vertical_lr ... ok
test writing_mode::tests::size_round_trip_vertical_rl ... ok
test writing_mode::tests::size_vertical_lr ... ok
test writing_mode::tests::size_vertical_rl ... ok
test writing_mode::tests::zero_offset_round_trip ... ok
test writing_mode::tests::zero_size_offset_round_trip ... ok

test result: ok. 102 passed; 0 failed; 0 ignored; 0 measured; 0 filtered out; finished in 1.42s

     Running unittests src/lib.rs (/mnt/e/openui-v02-cargo-c73754e2/target/debug/deps/openui_layout-bc19428802ee7bff)

running 669 tests
test bfc_resolution::tests::needs_relayout_when_mismatch ... ok
test bfc_resolution::tests::needs_relayout_false_when_unresolved ... ok
test bfc_resolution::tests::should_not_resolve_when_none_apply ... ok
test bfc_resolution::tests::should_resolve_clear ... ok
test bfc_resolution::tests::should_resolve_content ... ok
test bfc_resolution::tests::estimate_computation ... ok
test bfc_resolution::tests::should_resolve_border_padding ... ok
test bfc_resolution::tests::should_resolve_new_fc ... ok
test bfc_resolution::tests::pending_floats_empty_by_default ... ok
test bfc_resolution::tests::pending_floats_add_and_count ... ok
test bfc_resolution::tests::state_starts_unresolved ... ok
test bfc_resolution::tests::state_with_estimate ... ok
test bfc_resolution::tests::resolve_different_estimate_triggers_relayout ... ok
test bfc_resolution::tests::double_resolve_is_noop ... ok
test bfc_resolution::tests::resolve_matching_estimate_no_relayout ... ok
test bfc_resolution::tests::resolve_transitions_state ... ok
test bfc_resolution::tests::pending_floats_positioned_on_resolve ... ok
test bfc_resolution::tests::multiple_pending_floats_all_positioned ... ok
test block::tests::atomic_inline_is_not_reclassified_by_ordinary_block_fragmentation ... ok
test block::tests::atomic_inline_is_a_monolithic_flex_fragmentation_unit ... ok
test block::tests::auto_margin_centering ... ok
test block::tests::auto_width_subtracts_fixed_margins ... ok
test block::tests::auto_bfc_relayouts_into_narrowest_full_height_float_shelf ... ok
test block::tests::block_in_inline_margin_collapses_and_later_float_keeps_source_position ... ok
test block::tests::bfc_margin_separates_from_float_through_phantom_inline ... ok
test block::tests::border_and_padding ... ok
test block::tests::border_box_sizing ... ok
test block::tests::bottom_aligned_abspos_uses_border_box_before_fragmenting_visible_overflow ... ok
test block::tests::children_stack_vertically ... ok
test block::tests::clearing_break_starts_following_floats_on_a_new_shelf ... ok
test block::tests::consecutive_clearing_break_without_intervening_float_keeps_line_strut ... ok
test block::tests::crossing_text_ink_preserves_only_the_retained_boundary_line ... ok
test block::tests::delegated_principal_box_leaves_decoration_to_its_first_owner ... ok
test block::tests::direct_same_node_wrapper_delegates_decoration_to_inner_box ... ok
test block::tests::display_none_child_does_not_split_inline_run ... ok
test block::tests::display_none_skipped ... ok
test block::tests::empty_block_collapses_both_margins_with_adjacent_siblings ... ok
test block::tests::empty_bordered_block_retains_its_own_column_continuations ... ok
test block::tests::empty_structural_inline_does_not_insert_mixed_flow_line ... ok
test block::tests::first_child_margin_with_parent_border ... ok
test block::tests::fixed_width_and_height ... ok
test block::tests::flow_root_contains_floats_from_nested_pure_inline_context ... ok
test block::tests::indefinite_percentage_height_uses_preferred_ratio_like_auto ... ok
test block::tests::inline_block_children_produce_line_boxes ... ok
test block::tests::inline_children_produce_line_boxes ... ok
test block::tests::last_child_bottom_margin_with_parent_border ... ok
test block::tests::margin_collapsing_between_siblings ... ok
test block::tests::margin_creates_spacing ... ok
test block::tests::min_height_with_content_box_sizing ... ok
test block::tests::min_max_width ... ok
test block::tests::mixed_content_preserves_block_children ... ok
test block::tests::mixed_content_splits_transparent_inline_around_nested_block ... ok
test block::tests::nested_layout ... ok
test block::tests::nested_monolithic_break_extends_auto_flex_decoration_through_overflow ... ok
test block::tests::nested_monolithic_flex_breaks_follow_float_contents ... ok
test block::tests::nested_principal_box_keeps_content_but_skips_duplicate_decoration ... ok
test block::tests::out_of_flow_child_does_not_split_inline_run ... ok
test block::tests::outline_detection_follows_anonymous_fragment_wrappers ... ok
test block::tests::overconstrained_auto_margins_become_zero ... ok
test block::tests::padding_does_not_double_subtract_in_inline_layout ... ok
test block::tests::percentage_height_in_auto_height_parent_is_indefinite ... ok
test block::tests::percentage_height_resolves_against_parent_height ... ok
test block::tests::percentage_margin_resolves_against_parent_content_box ... ok
test block::tests::percentage_padding_resolves_against_containing_block_not_content_box ... ok
test block::tests::percentage_width ... ok
test block::tests::reconstructed_inline_keep_requires_a_spanner_interruption ... ok
test block::tests::relative_percentage_inset_uses_explicit_parent_height ... ok
test block::tests::replaced_border_box_ratio_coerces_natural_size_with_padding ... ok
test block::tests::single_div_fills_width ... ok
test block::tests::span_inline_block_is_atomic_inline ... ok
test block::tests::unresolved_percentage_height_does_not_double_count_border ... ok
test block::tests::vertical_rl_document_body_grows_from_initial_scroll_origin ... ok
test block::tests::viewport_applies_sticky_top_constraint_at_zero_scroll ... ok
test block::tests::viewport_does_not_reapply_nested_scrollport_sticky_constraints ... ok
test block::tests::viewport_uses_available_height ... ok
test block::tests::whitespace_only_inline_run_retains_cleared_floats ... ok
test block::tests::zero_height_multicol_uses_authored_gap_for_wrapped_row_origin ... ok
test block::tests::zero_height_positioned_multicol_continuation_has_no_parent_decoration ... ok
test constraint_space::tests::explicit_block_child_constructor_converts_parent_axes ... ok
test constraint_space::tests::legacy_root_constructor_remains_horizontal_ltr ... ok
test constraint_space::tests::orthogonal_child_boundary_transposes_size_pairs_once ... ok
test constraint_space::tests::parallel_or_direction_only_child_boundary_preserves_extents ... ok
test constraint_space::tests::vertical_root_converts_physical_viewport_to_logical_size ... ok
test containment::tests::inline_size_container_substitutes_only_its_inline_axis ... ok
test containment::tests::size_containment_uses_physical_fallbacks ... ok
test css_sizing::tests::aspect_ratio_both_definite_ignored ... ok
test css_sizing::tests::aspect_ratio_height_to_width ... ok
test css_sizing::tests::aspect_ratio_width_to_height ... ok
test css_sizing::tests::aspect_ratio_with_auto_flag_no_intrinsic_falls_back ... ok
test css_sizing::tests::aspect_ratio_with_auto_flag_uses_intrinsic ... ok
test css_sizing::tests::aspect_ratio_zero_ratio_returns_unchanged ... ok
test css_sizing::tests::resolve_fit_content_above_max ... ok
test css_sizing::tests::resolve_fit_content_below_min ... ok
test css_sizing::tests::resolve_fit_content_between_min_and_max ... ok
test css_sizing::tests::resolve_max_content_keyword ... ok
test css_sizing::tests::resolve_min_content_keyword ... ok
test css_sizing::tests::resolve_stretch_clamps_negative_to_zero ... ok
test css_sizing::tests::resolve_stretch_keyword ... ok
test css_sizing::tests::sizing_keyword_from_length_auto ... ok
test css_sizing::tests::sizing_keyword_from_length_fixed_returns_none ... ok
test css_sizing::tests::sizing_keyword_from_length_max_content ... ok
test css_sizing::tests::sizing_keyword_from_length_min_content ... ok
test css_sizing::tests::sizing_keyword_from_length_stretch ... ok
test exclusions::exclusion_space::tests::active_float_query_excludes_ended_shelves ... ok
test exclusions::exclusion_space::tests::both_floats_narrow_space ... ok
test exclusions::exclusion_space::tests::clearance_offset_both ... ok
test exclusions::exclusion_space::tests::clearance_offset_left ... ok
test exclusions::exclusion_space::tests::content_drops_below_float_if_no_space ... ok
test exclusions::exclusion_space::tests::empty_space_full_opportunity ... ok
test exclusions::exclusion_space::tests::has_floats ... ok
test exclusions::exclusion_space::tests::left_float_reduces_inline_space ... ok
test exclusions::exclusion_space::tests::multiple_stacked_left_floats ... ok
test exclusions::exclusion_space::tests::opportunity_below_expired_float ... ok
test exclusions::exclusion_space::tests::right_float_reduces_inline_space ... ok
test exclusions::float_utils::tests::float_with_margins_next_to_existing ... ok
test exclusions::float_utils::tests::float_with_nonzero_origin ... ok
test exclusions::float_utils::tests::later_float_cannot_start_above_prior_opposite_side_float ... ok
test exclusions::float_utils::tests::left_float_drops_below_existing ... ok
test exclusions::float_utils::tests::left_float_empty_space ... ok
test exclusions::float_utils::tests::left_float_with_margins ... ok
test exclusions::float_utils::tests::margin_box_inline_size_with_margins ... ok
test exclusions::float_utils::tests::margin_box_inline_size_zero_margins ... ok
test exclusions::float_utils::tests::negative_margin_box_block_size_clamps_to_zero ... ok
test exclusions::float_utils::tests::negative_margin_box_inline_size_clamps_to_zero ... ok
test exclusions::float_utils::tests::positioned_float_fragment_has_correct_size ... ok
test exclusions::float_utils::tests::right_float_empty_space ... ok
test exclusions::float_utils::tests::right_float_next_to_left_float ... ok
test exclusions::float_utils::tests::right_float_with_margins ... ok
test exclusions::float_utils::tests::second_left_float_stacks_beside_first ... ok
test exclusions::float_utils::tests::signed_negative_margin_box_still_participates_in_float_placement ... ok
test flex::algorithm::tests::abspos_cross_edges_keep_axis_self_and_wrap_semantics_distinct ... ok
test flex::algorithm::tests::abspos_main_edges_resolve_distribution_physical_sides_and_reverse_once ... ok
test flex::algorithm::tests::align_items_center ... ok
test flex::algorithm::tests::baseline_line_cross_size_combines_ascent_and_trailing_margin ... ok
test flex::algorithm::tests::baseline_line_cross_size_preserves_legacy_line_clamp_measurement ... ok
test flex::algorithm::tests::basic_row_flex_three_items ... ok
test flex::algorithm::tests::empty_flex_item_synthesizes_container_baseline_from_cross_end ... ok
test flex::algorithm::tests::flex_direction_column ... ok
test flex::algorithm::tests::flex_direction_row_reverse ... ok
test flex::algorithm::tests::flex_grow_equal ... ok
test flex::algorithm::tests::flex_grow_weighted ... ok
test flex::algorithm::tests::flex_wrap_basic ... ok
test flex::algorithm::tests::gap_between_items ... ok
test flex::algorithm::tests::horizontal_rtl_logical_end_margins_match_row_gaps ... ok
test flex::algorithm::tests::horizontal_rtl_gap_and_logical_margin_reference_share_fragment_geometry ... ok
test flex::algorithm::tests::horizontal_rtl_row_wrap_positions_items_from_inline_start ... ok
test flex::algorithm::tests::item_axis_mapping_keeps_sizes_bases_and_flags_in_one_child_coordinate_system ... ok
test flex::algorithm::tests::justify_content_center ... ok
test flex::algorithm::tests::justify_content_space_between ... ok
test flex::algorithm::tests::main_axis_auto_margin_preserves_fixed_opposite_margin ... ok
test flex::algorithm::tests::nested_empty_flex_item_still_supplies_container_baseline ... ok
test flex::algorithm::tests::order_property ... ok
test flex::algorithm::tests::overflow_padding_does_not_extend_an_items_existing_overflow_rect ... ok
test flex::algorithm::tests::reversed_scrollable_flex_overflow_puts_end_padding_at_start ... ok
test flex::algorithm::tests::safe_flex_start_keeps_overflowing_column_reverse_item_at_start ... ok
test flex::algorithm::tests::scrollable_flex_overflow_includes_margin_box_and_end_padding ... ok
test flex::algorithm::tests::stretch_cross_size_transfers_natural_ratio_to_flex_auto_minimum ... ok
test flex::algorithm::tests::stretched_flex_item_resolves_percentage_replaced_descendant_for_basis ... ok
test flex::algorithm::tests::vertical_column_cross_margin_reduces_fit_content_before_wrapping ... ok
test flex::algorithm::tests::vertical_inline_flex_column_shrink_wraps_logical_block_contributions ... ok
test flex::algorithm::tests::vertical_inline_flex_column_wrap_intrinsic_sizing_is_crash_safe ... ok
test flex::algorithm::tests::vertical_lr_column_wrap_uses_block_main_and_inline_cross_axes ... ok
test flex::algorithm::tests::vertical_gap_001_through_007_patterns_preserve_logical_axes ... ok
test flex::algorithm::tests::vertical_lr_row_wrap_follows_inline_then_block_axes ... ok
test flex::algorithm::tests::vertical_lr_rtl_row_starts_at_physical_bottom ... ok
test flex::algorithm::tests::vertical_nowrap_flex_defers_orthogonal_baseline_synthesis_to_ifc ... ok
test flex::algorithm::tests::vertical_rl_row_wrap_flips_physical_block_placement ... ok
test flex::algorithm::tests::vertical_nowrap_matrix_preserves_axes_and_reverse_order ... ok
test flex::algorithm::tests::vertical_row_baseline_synthesis_does_not_expand_cross_size ... ok
test flex::alignment::tests::align_self_center ... ok
test flex::alignment::tests::align_self_wrap_reverse_flips ... ok
test flex::alignment::tests::auto_margins_main_both ... ok
test flex::alignment::tests::auto_margins_main_start_only ... ok
test flex::alignment::tests::auto_margins_no_positive_space ... ok
test flex::alignment::tests::flex_start_reversed ... ok
test flex::alignment::tests::justify_content_center ... ok
test flex::alignment::tests::justify_content_flex_end ... ok
test flex::alignment::tests::justify_content_flex_start ... ok
test flex::alignment::tests::justify_content_space_around ... ok
test flex::alignment::tests::justify_content_space_between ... ok
test flex::alignment::tests::justify_content_space_evenly ... ok
test flex::alignment::tests::space_around_negative_fallback ... ok
test flex::alignment::tests::space_between_negative_fallback ... ok
test flex::intrinsic::tests::row_multi_line_min_is_max ... ok
test flex::intrinsic::tests::row_single_line_min_is_sum ... ok
test flex::intrinsic::tests::row_with_gaps ... ok
test flex::item::tests::margin_box_sizes ... ok
test flex::line::tests::new_line ... ok
test flex::line_breaker::tests::empty_items ... ok
test flex::line_breaker::tests::first_item_always_on_first_line ... ok
test flex::line_breaker::tests::multi_line_wrap ... ok
test flex::line_breaker::tests::single_line_nowrap ... ok
test flex::line_breaker::tests::wrap_with_gap ... ok
test flex::line_flexer::tests::equal_grow_distributes_evenly ... ok
test flex::line_flexer::tests::equal_shrink ... ok
test flex::line_flexer::tests::fractional_flex_factor_less_than_one ... ok
test flex::line_flexer::tests::gap_reduces_free_space ... ok
test flex::line_flexer::tests::max_constraint_freezes_item ... ok
test flex::line_flexer::tests::min_constraint_freezes_item ... ok
test flex::line_flexer::tests::multiple_max_constraints ... ok
test flex::line_flexer::tests::no_flex_items_keep_hypothetical ... ok
test flex::line_flexer::tests::shrink_weighted_by_base_size ... ok
test flex::line_flexer::tests::weighted_grow ... ok
test fragment::tests::text_run_orientation_matrix_is_layout_authoritative ... ok
test fragment::tests::vertical_mixed_keeps_upright_and_unsplit_mixed_runs_explicit ... ok
test fragmentation::tests::block_break_token_break_before ... ok
test fragmentation::tests::block_break_token_creation ... ok
test fragmentation::tests::break_appeal_methods ... ok
test fragmentation::tests::break_appeal_ordering ... ok
test fragmentation::tests::fragmentainer_consume ... ok
test fragmentation::tests::fragmentainer_exhausted ... ok
test fragmentation::tests::fragmentainer_not_exhausted ... ok
test fragmentation::tests::fragmentainer_remaining ... ok
test fragmentation::tests::join_break_between_auto_passthrough ... ok
test fragmentation::tests::join_break_between_avoid_specificity ... ok
test fragmentation::tests::join_break_between_forced_wins ... ok
test fragmentation::tests::join_break_between_stronger_forced ... ok
test fragmentation::tests::should_break_after_values ... ok
test fragmentation::tests::should_break_before_values ... ok
test grid::tests::forced_break_clearance_does_not_expand_an_ending_grid_area ... ok
test grid::tests::forced_descendant_overflow_does_not_expand_a_stretched_grid_item ... ok
test inflow_position::tests::inflow_child_data_construction ... ok
test inflow_position::tests::previous_inflow_position_defaults ... ok
test inline::algorithm::tests::atomic_inline_block_layout_width_not_overridden_with_border ... ok
test inline::algorithm::tests::atomic_inline_block_layout_width_preserved ... ok
test inline::algorithm::tests::atomic_inline_percentage_height_indefinite_container_uses_auto ... ok
test inline::algorithm::tests::atomic_inline_percentage_height_resolves_against_container ... ok
test inline::algorithm::tests::baseline_shift_baseline ... ok
test inline::algorithm::tests::baseline_shift_percentage_uses_element_line_height ... ok
test inline::algorithm::tests::baseline_shift_percentage_with_normal_line_height ... ok
test inline::algorithm::tests::baseline_shift_sub ... ok
test inline::algorithm::tests::baseline_shift_super ... ok
test inline::algorithm::tests::baseline_snapping_distinguishes_normal_and_explicit_line_height ... ok
test inline::algorithm::tests::bidi_reordering_splits_and_rebalances_inline_fragments ... ok
test inline::algorithm::tests::decorated_inline_produces_a_real_box_fragment ... ok
test inline::algorithm::tests::ellipsis_uses_block_font_for_measurement ... ok
test inline::algorithm::tests::empty_undecorated_inline_descendants_do_not_create_line_height ... ok
test inline::algorithm::tests::fallback_run_metrics_expand_the_normal_line_box ... ok
test inline::algorithm::tests::float_after_clearing_break_defers_block_progression_to_clearance ... ok
test inline::algorithm::tests::float_after_forced_break_uses_the_following_line_source_position ... ok
test inline::algorithm::tests::float_after_multiple_preserved_newlines_uses_the_final_source_line ... ok
test inline::algorithm::tests::float_after_ported_preserved_newline_uses_the_following_line_source_position ... ok
test inline::algorithm::tests::fragmented_positioned_inline_ignores_empty_continuation_shell ... ok
test inline::algorithm::tests::generated_line_clamp_marker_retains_its_semantic_role ... ok
test inline::algorithm::tests::hang_width_does_not_cause_overflow_alignment ... ok
test inline::algorithm::tests::has_inline_children_block_only ... ok
test inline::algorithm::tests::has_inline_children_span ... ok
test inline::algorithm::tests::has_inline_children_text_node ... ok
test inline::algorithm::tests::inline_block_baseline_descends_through_block_in_inline_wrapper ... ok
test inline::algorithm::tests::inline_decoration_uses_rounded_font_content_bounds ... ok
test inline::algorithm::tests::is_cjk_character_detects_han_ideographs ... ok
test inline::algorithm::tests::inline_metrics_stack_affects_layout ... ok
test inline::algorithm::tests::is_cjk_character_detects_kana_and_hangul ... ok
test inline::algorithm::tests::leading_out_of_flow_distinguishes_generated_box_from_continuation ... ok
test inline::algorithm::tests::line_height_half_leading_odd ... ok
test inline::algorithm::tests::line_height_metrics_length ... ok
test inline::algorithm::tests::line_height_metrics_normal ... ok
test inline::algorithm::tests::line_height_metrics_number ... ok
test inline::algorithm::tests::line_height_metrics_percentage ... ok
test inline::algorithm::tests::ltr_ellipsis_not_at_start ... ok
test inline::algorithm::tests::positioned_inline_containing_block_keeps_empty_first_fragment ... ok
test inline::algorithm::tests::rtl_ellipsis_truncates_from_left ... ok
test inline::algorithm::tests::text_align_center ... ok
test inline::algorithm::tests::text_align_center_with_hang_width ... ok
test inline::algorithm::tests::text_align_end_ltr ... ok
test inline::algorithm::tests::text_align_end_ltr_with_hang_width ... ok
test inline::algorithm::tests::text_align_end_rtl ... ok
test inline::algorithm::tests::text_align_justify_last_line_falls_back ... ok
test inline::algorithm::tests::text_align_justify_with_hang_width ... ok
test inline::algorithm::tests::text_align_last_center_with_hang_width ... ok
test inline::algorithm::tests::text_align_left ... ok
test inline::algorithm::tests::text_align_left_unaffected_by_hang_width ... ok
test inline::algorithm::tests::text_align_right ... ok
test inline::algorithm::tests::text_align_right_overflow_extends_toward_line_left ... ok
test inline::algorithm::tests::text_align_right_with_hang_width ... ok
test inline::algorithm::tests::text_align_start_ltr ... ok
test inline::algorithm::tests::text_align_start_rtl ... ok
test inline::algorithm::tests::text_align_start_rtl_overflow_extends_toward_inline_end ... ok
test inline::algorithm::tests::text_align_start_rtl_with_hang_width ... ok
test inline::algorithm::tests::text_fragment_has_nonzero_baseline_offset ... ok
test inline::algorithm::tests::text_top_uses_half_leading_adjusted_metrics ... ok
test inline::algorithm::tests::vertical_align_middle_uses_parent_x_height ... ok
test inline::algorithm::tests::vertical_align_text_top_uses_parent_inline_metrics ... ok
test inline::algorithm::tests::wrapped_inline_fragments_have_first_and_last_continuations ... ok
test inline::first_letter::tests::cjk_character ... ok
test inline::first_letter::tests::empty_text_returns_none ... ok
test inline::first_letter::tests::first_letter_metrics_from_font_size ... ok
test inline::first_letter::tests::first_letter_style_drop_cap ... ok
test inline::first_letter::tests::has_first_letter_content_false ... ok
test inline::first_letter::tests::has_first_letter_content_true ... ok
test inline::first_letter::tests::leading_whitespace_then_letter ... ok
test inline::first_letter::tests::letter_with_both_punctuation ... ok
test inline::first_letter::tests::letter_with_leading_punctuation ... ok
test inline::first_letter::tests::letter_with_trailing_punctuation ... ok
test inline::first_letter::tests::multibyte_letter ... ok
test inline::first_letter::tests::non_collapsible_spaces_join_a_following_first_letter ... ok
test inline::first_letter::tests::number_as_first_letter ... ok
test inline::first_letter::tests::open_bracket_then_letter ... ok
test inline::first_letter::tests::punctuation_only_returns_none ... ok
test inline::first_letter::tests::simple_letter ... ok
test inline::first_letter::tests::split_first_letter_basic ... ok
test inline::first_letter::tests::split_first_letter_with_punctuation ... ok
test inline::first_letter::tests::whitespace_only_returns_none ... ok
test inline::first_line::tests::default_overrides_produce_identical_style ... ok
test inline::first_line::tests::effective_first_line_with_override ... ok
test inline::first_line::tests::effective_first_line_without_override ... ok
test inline::first_line::tests::first_line_property_list_completeness ... ok
test inline::first_line::tests::font_size_override_applies ... ok
test inline::first_line::tests::multiple_overrides_apply ... ok
test inline::first_line::tests::resolve_first_line_returns_none_when_absent ... ok
test inline::first_line::tests::resolve_first_line_returns_some_when_present ... ok
test inline::initial_letter::tests::available_width_clamped_to_zero ... ok
test inline::initial_letter::tests::available_width_reduced ... ok
test inline::initial_letter::tests::create_initial_letter_style_sets_font_size ... ok
test inline::initial_letter::tests::drop_cap_3_lines ... ok
test inline::initial_letter::tests::exclusion_for_raised_cap_only_first_line ... ok
test inline::initial_letter::tests::exclusion_rect_basic ... ok
test inline::initial_letter::tests::initial_letter_compute_height ... ok
test inline::initial_letter::tests::initial_letter_effective_sink ... ok
test inline::initial_letter::tests::initial_letter_sink_offset ... ok
test inline::initial_letter::tests::line_exclusion_detection ... ok
test inline::initial_letter::tests::raised_cap_3_lines ... ok
test inline::initial_letter::tests::sunken_cap_3_size_2_sink ... ok
test inline::initial_letter::tests::two_line_drop_cap ... ok
test inline::initial_letter::tests::validate_normal_values ... ok
test inline::initial_letter::tests::validate_rejects_invalid ... ok
test inline::items_builder::tests::atomic_inline_gets_bidi_level_from_rtl_context ... ok
test inline::items_builder::tests::combining_grapheme_is_not_split_across_fallback_boundaries ... ok
test inline::items_builder::tests::display_none_child_not_collected_in_ifc ... ok
test inline::items_builder::tests::intrinsic_size_applies_text_transform ... ok
test inline::items_builder::tests::intrinsic_size_block_wider_than_inline_rows ... ok
test inline::items_builder::tests::intrinsic_size_collapses_whitespace_in_normal_mode ... ok
test inline::items_builder::tests::intrinsic_size_empty_block_with_border_counted ... ok
test inline::items_builder::tests::intrinsic_size_empty_span_with_border_counted ... ok
test inline::items_builder::tests::intrinsic_size_empty_span_with_padding_counted ... ok
test inline::items_builder::tests::intrinsic_size_flex_children_use_max_not_sum ... ok
test inline::items_builder::tests::intrinsic_size_flow_root_children_use_max ... ok
test inline::items_builder::tests::intrinsic_size_grid_children_use_max_not_sum ... ok
test inline::items_builder::tests::intrinsic_size_inline_around_block_uses_max_not_sum ... ok
test inline::items_builder::tests::intrinsic_size_inline_block_children_sum ... ok
test inline::items_builder::tests::intrinsic_size_inline_row_flushed_before_block ... ok
test inline::items_builder::tests::intrinsic_size_normal_does_not_split_on_newlines ... ok
test inline::items_builder::tests::intrinsic_size_pre_splits_on_newlines ... ok
test inline::items_builder::tests::intrinsic_size_preline_splits_on_newlines ... ok
test inline::items_builder::tests::intrinsic_size_skips_absolutely_positioned ... ok
test inline::items_builder::tests::intrinsic_size_skips_display_none ... ok
test inline::items_builder::tests::intrinsic_size_skips_floated_child ... ok
test inline::items_builder::tests::mixed_script_fallback_and_vertical_orientation_boundaries_split_runs ... ok
test inline::items_builder::tests::out_of_flow_child_not_collected_in_ifc ... ok
test inline::items_builder::tests::shaping_split_remaps_positioned_inline_static_placeholder ... ok
test inline::items_builder::tests::unicode_bidi_controls_cover_embed_override_isolate_and_plaintext ... ok
test inline::items_builder::tests::unicode_bidi_embed_ltr_affects_bidi_level ... ok
test inline::items_builder::tests::unicode_bidi_isolate_override_injects_correct_chars ... ok
test inline::items_builder::tests::unicode_bidi_normal_does_not_inject_control_chars ... ok
test inline::items_builder::tests::unicode_bidi_override_forces_direction ... ok
test inline::line_breaker::tests::atomic_inline_width_auto_adds_border_padding_to_intrinsic ... ok
test inline::line_breaker::tests::atomic_inline_width_border_box_does_not_double_add ... ok
test inline::line_breaker::tests::atomic_inline_width_content_box_adds_border_padding ... ok
test inline::line_breaker::tests::break_all_respects_grapheme_clusters ... ok
test inline::line_breaker::tests::character_break_complex_script_does_not_split_joining_sequence ... ok
test inline::line_breaker::tests::checkpoint_restore_rebreaks_the_same_text_at_a_wider_width ... ok
test inline::line_breaker::tests::chromium_url_breaks_at_hyphens_not_solidus_boundaries ... ok
test inline::line_breaker::tests::collapsible_space_at_line_start_has_zero_advance ... ok
test inline::line_breaker::tests::find_break_opportunities_includes_soft_hyphens_in_manual_mode ... ok
test inline::line_breaker::tests::hang_width_empty_line ... ok
test inline::line_breaker::tests::hang_width_ideographic_space_normal_strips ... ok
test inline::line_breaker::tests::hang_width_ideographic_space_prewrap ... ok
test inline::line_breaker::tests::hang_width_mixed_spaces_prewrap ... ok
test inline::line_breaker::tests::hang_width_no_trailing_spaces ... ok
test inline::line_breaker::tests::hang_width_non_text_last_item ... ok
test inline::line_breaker::tests::hang_width_nonzero_for_prewrap_at_item_end ... ok
test inline::line_breaker::tests::hang_width_nonzero_for_prewrap_mid_item ... ok
test inline::line_breaker::tests::hang_width_only_spaces_prewrap ... ok
test inline::line_breaker::tests::hang_width_prewrap_multi_space ... ok
test inline::line_breaker::tests::hang_width_tab_character_prewrap ... ok
test inline::line_breaker::tests::hang_width_zero_for_break_spaces ... ok
test inline::line_breaker::tests::hang_width_zero_for_normal_whitespace ... ok
test inline::line_breaker::tests::hang_width_zero_for_nowrap ... ok
test inline::line_breaker::tests::hang_width_zero_for_pre ... ok
test inline::line_breaker::tests::hang_width_zero_for_preline ... ok
test inline::line_breaker::tests::hyphenation_engine_basic_operation ... ok
test inline::line_breaker::tests::hyphenation_engine_css_limits ... ok
test inline::line_breaker::tests::inline_close_absorbs_bidi_shaping_run_rounding_excess ... ok
test inline::line_breaker::tests::is_cjk_character_detection ... ok
test inline::line_breaker::tests::keep_all_allows_hyphen_breaks ... ok
test inline::line_breaker::tests::keep_all_allows_space_breaks ... ok
test inline::line_breaker::tests::keep_all_suppresses_cjk_breaks ... ok
test inline::line_breaker::tests::last_soft_hyphen_before_utility ... ok
test inline::line_breaker::tests::line_breaker_auto_mode_uses_patterns ... ok
test inline::line_breaker::tests::line_breaker_hyphens_none_ignores_soft_hyphens ... ok
test inline::line_breaker::tests::line_info_hang_width_default_is_zero ... ok
test inline::line_breaker::tests::line_breaker_manual_mode_uses_soft_hyphens ... ok
test inline::line_breaker::tests::line_info_has_forced_hyphen_default_is_false ... ok
test inline::line_breaker::tests::normal_line_break_keeps_apostrophe_contractions_together ... ok
test inline::line_breaker::tests::oversized_first_word_resumes_at_following_whitespace_break ... ok
test inline::line_breaker::tests::pre_wrap_overflow_wrap_break_word_breaks_long_word ... ok
test inline::line_breaker::tests::pre_wrap_wraps_before_newline ... ok
test inline::line_breaker::tests::set_hyphens_configures_engine ... ok
test inline::line_breaker::tests::soft_hyphen_detection_utility ... ok
test inline::line_breaker::tests::soft_hyphen_locations_in_text ... ok
test inline::line_breaker::tests::strip_soft_hyphens_for_display ... ok
test inline::line_breaker::tests::strip_trailing_spaces_multi_space_at_item_end ... ok
test inline::line_breaker::tests::strip_trailing_spaces_normal_at_item_end_trims_text_range ... ok
test inline::line_breaker::tests::strip_trailing_spaces_pre_preserves_spaces_mid_item ... ok
test inline::line_breaker::tests::strip_trailing_spaces_pre_wrap_hangs_spaces ... ok
test inline::line_breaker::tests::strip_trailing_spaces_prewrap_at_item_end_preserves_text_range ... ok
test inline::line_breaker::tests::strip_trailing_spaces_single_space_at_item_end ... ok
test inline::line_breaker::tests::strip_trailing_spaces_trims_text_range_at_item_end ... ok
test inline::line_breaker::tests::strip_trailing_spaces_trims_text_range_mid_item ... ok
test inline::line_breaker::tests::test_allows_line_wrap ... ok
test inline::line_breaker::tests::test_break_all ... ok
test inline::line_breaker::tests::test_byte_to_char_offset_ascii ... ok
test inline::line_breaker::tests::test_byte_to_char_offset_multibyte ... ok
test inline::line_breaker::tests::test_find_space_breaks ... ok
test inline::line_breaker::tests::test_find_uax14_breaks_hyphen ... ok
test inline::line_breaker::tests::test_find_uax14_breaks_multiple_words ... ok
test inline::line_breaker::tests::test_find_uax14_breaks_simple ... ok
test inline::line_breaker::tests::test_has_forced_newline ... ok
test inline::line_breaker::tests::vertical_atomic_inline_uses_height_and_logical_inline_edges ... ok
test inline::line_breaker::tests::whitespace_before_inline_keeps_a_fitting_hyphenated_prefix ... ok
test inline::line_width::tests::both_floats_narrow_from_both_sides ... ok
test inline::line_breaker::tests::whitespace_before_unbreakable_inline_rewinds_its_min_content_unit ... ok
test inline::line_width::tests::empty_exclusion_space_returns_full_width ... ok
test inline::line_width::tests::float_taller_than_content_narrows_all_lines ... ok
test inline::line_width::tests::full_height_line_advances_when_shelves_have_no_common_space ... ok
test inline::line_width::tests::full_height_line_ignores_zero_height_float_at_its_start ... ok
test inline::line_width::tests::full_height_line_uses_narrowest_future_shelf ... ok
test inline::line_width::tests::full_height_line_wraps_at_zero_height_float_coordinate ... ok
test inline::line_width::tests::left_float_narrows_from_left ... ok
test inline::line_width::tests::next_float_bottom_visits_left_and_right_edges_in_order ... ok
test inline::line_width::tests::next_float_bottom_without_floats_is_none ... ok
test inline::line_width::tests::no_exclusion_space_returns_full_width ... ok
test inline::line_width::tests::right_float_narrows_from_right ... ok
test inline::score_line_breaker::tests::adjustment_ratio_perfect ... ok
test inline::score_line_breaker::tests::adjustment_ratio_shrink ... ok
test inline::score_line_breaker::tests::adjustment_ratio_stretch ... ok
test inline::score_line_breaker::tests::badness_capped_at_10000 ... ok
test inline::score_line_breaker::tests::badness_moderate_stretch ... ok
test inline::score_line_breaker::tests::badness_perfect_fit ... ok
test inline::score_line_breaker::tests::balance_mode_produces_balanced_lines ... ok
test inline::score_line_breaker::tests::balance_score_perfectly_balanced ... ok
test inline::score_line_breaker::tests::balance_score_unbalanced ... ok
test inline::score_line_breaker::tests::does_not_require_scoring_wrap ... ok
test inline::score_line_breaker::tests::fallback_for_long_paragraph ... ok
test inline::score_line_breaker::tests::fitness_class_from_ratio ... ok
test inline::score_line_breaker::tests::nowrap_mode_skips_scoring ... ok
test inline::score_line_breaker::tests::requires_scoring_balance ... ok
test inline::score_line_breaker::tests::requires_scoring_pretty ... ok
test inline::score_line_breaker::tests::single_word_no_breaks ... ok
test inline::score_line_breaker::tests::transition_penalty_adjacent ... ok
test inline::score_line_breaker::tests::transition_penalty_non_adjacent ... ok
test inline::score_line_breaker::tests::two_lines_simple ... ok
test inline::score_line_breaker::tests::variance_empty ... ok
test inline::score_line_breaker::tests::variance_nonzero ... ok
test inline::score_line_breaker::tests::variance_uniform ... ok
test inline::score_line_breaker::tests::wrap_mode_skips_scoring ... ok
test inline::text_combine::tests::active_when_all_and_vertical ... ok
test inline::text_combine::tests::centering_offset_when_narrower ... ok
test inline::text_combine::tests::centering_offset_zero_when_compressed ... ok
test inline::text_combine::tests::centering_offset_zero_when_exact ... ok
test inline::text_combine::tests::combined_width_preserved ... ok
test inline::text_combine::tests::date_day_single_digit ... ok
test inline::text_combine::tests::date_month_two_digits ... ok
test inline::text_combine::tests::empty_text ... ok
test inline::text_combine::tests::exact_fit_no_compression ... ok
test inline::text_combine::tests::fractional_font_size ... ok
test inline::text_combine::tests::horizontal_mode_no_effect ... ok
test inline::text_combine::tests::inactive_when_horizontal ... ok
test inline::text_combine::tests::inactive_when_none ... ok
test inline::text_combine::tests::inactive_when_none_and_horizontal ... ok
test inline::text_combine::tests::inline_advance_equals_font_size ... ok
test inline::text_combine::tests::large_font_size_less_compression ... ok
test inline::text_combine::tests::layout_clone_and_copy ... ok
test inline::text_combine::tests::layout_debug_format ... ok
test inline::text_combine::tests::negative_font_size ... ok
test inline::text_combine::tests::no_compression_single_char ... ok
test inline::text_combine::tests::paint_transform_compressed ... ok
test inline::text_combine::tests::paint_transform_horizontal_noop ... ok
test inline::text_combine::tests::paint_transform_no_compression ... ok
test inline::text_combine::tests::scale_factor_for_wide_text ... ok
test inline::text_combine::tests::sideways_lr_no_effect ... ok
test inline::text_combine::tests::sideways_rl_no_effect ... ok
test inline::text_combine::tests::target_width_equals_font_size ... ok
test inline::text_combine::tests::tiny_advance_large_centering ... ok
test inline::text_combine::tests::two_digit_compression ... ok
test inline::text_combine::tests::vertical_lr_activates ... ok
test inline::text_combine::tests::vertical_offset_default_zero ... ok
test inline::text_combine::tests::vertical_rl_activates ... ok
test inline::text_combine::tests::very_long_text_extreme_compression ... ok
test inline::text_combine::tests::year_four_digits ... ok
test inline::text_combine::tests::zero_advance ... ok
test inline::text_combine::tests::zero_font_size ... ok
test intrinsic_sizing::tests::adjacent_inline_blocks_wrap_for_min_content_but_not_max_content ... ok
test intrinsic_sizing::tests::cleared_float_starts_a_new_intrinsic_row ... ok
test intrinsic_sizing::tests::collapsible_boundary_whitespace_does_not_inflate_intrinsic_width ... ok
test intrinsic_sizing::tests::collapsible_interior_whitespace_retains_one_advance ... ok
test intrinsic_sizing::tests::degenerate_preferred_ratio_preserves_replaced_natural_ratio ... ok
test intrinsic_sizing::tests::fit_content_minimum_preserves_both_intrinsic_endpoints ... ok
test intrinsic_sizing::tests::forced_break_separates_float_intrinsic_rows ... ok
test intrinsic_sizing::tests::inline_flex_intrinsic_size_includes_negative_item_margin ... ok
test intrinsic_sizing::tests::intrinsic_calc_max_width_with_percentage_is_unconstrained ... ok
test intrinsic_sizing::tests::intrinsic_calc_min_width_keeps_definite_term ... ok
test intrinsic_sizing::tests::intrinsic_sizes_zero_default ... ok
test intrinsic_sizing::tests::intrinsic_text_width_normalizes_backend_roundoff_at_layout_unit_boundaries ... ok
test intrinsic_sizing::tests::line_break_anywhere_uses_character_min_content_opportunities ... ok
test intrinsic_sizing::tests::max_content_combines_float_and_unbroken_inline_line ... ok
test intrinsic_sizing::tests::negative_inline_margin_cannot_invert_intrinsic_endpoints ... ok
test intrinsic_sizing::tests::non_breaking_space_is_not_trimmed_as_css_whitespace ... ok
test intrinsic_sizing::tests::shrink_to_fit_uses_available_in_between ... ok
test intrinsic_sizing::tests::shrink_to_fit_uses_max_when_available_exceeds ... ok
test intrinsic_sizing::tests::shrink_to_fit_uses_min_when_available_too_small ... ok
test intrinsic_sizing::tests::text_min_content_widest_word ... ok
test intrinsic_sizing::tests::text_single_word_min_equals_max ... ok
test intrinsic_sizing::tests::vertical_inline_intrinsic_maxes_normal_flow_block_children ... ok
test intrinsic_sizing::tests::vertical_inline_intrinsic_uses_atomic_height_and_forced_lines ... ok
test intrinsic_sizing::tests::wrapped_flex_max_content_cannot_shrink_below_min_content ... ok
test intrinsic_sizing::tests::zero_column_width_does_not_add_hypothetical_min_content_gaps ... ok
test layout_result::tests::adjoining_object_types ... ok
test layout_result::tests::bfc_offset_resolved_status ... ok
test layout_result::tests::success_result_defaults ... ok
test length_resolver::tests::resolve_auto ... ok
test length_resolver::tests::resolve_calc_against_indefinite ... ok
test length_resolver::tests::resolve_calc_percent_px ... ok
test length_resolver::tests::resolve_calc_percent_px_positive_offset ... ok
test length_resolver::tests::resolve_fixed ... ok
test length_resolver::tests::resolve_none ... ok
test length_resolver::tests::resolve_percent ... ok
test length_resolver::tests::resolve_percent_against_indefinite ... ok
test logical_geometry::tests::block_child_boundary_uses_computed_direction_and_transposes_both_bases ... ok
test logical_geometry::tests::completed_logical_size_converts_to_physical_fragment_size ... ok
test logical_geometry::tests::flex_child_boundary_preserves_parallel_axes ... ok
test logical_geometry::tests::horizontal_projection_is_a_strict_no_op_for_sizes ... ok
test logical_geometry::tests::sideways_lr_rtl_combines_line_flip_and_direction ... ok
test logical_geometry::tests::vertical_rl_projection_swaps_axes_and_maps_edges ... ok
test margin_collapsing::tests::absolute_is_bfc ... ok
test margin_collapsing::tests::block_with_border_bottom_no_collapse ... ok
test margin_collapsing::tests::block_with_border_top_no_collapse ... ok
test margin_collapsing::tests::block_with_children_no_collapse ... ok
test margin_collapsing::tests::block_with_line_boxes_no_collapse ... ok
test margin_collapsing::tests::block_with_min_height_no_collapse ... ok
test margin_collapsing::tests::empty_block_collapses_through ... ok
test margin_collapsing::tests::empty_block_with_zero_height_collapses ... ok
test margin_collapsing::tests::flex_is_bfc ... ok
test margin_collapsing::tests::float_is_bfc ... ok
test margin_collapsing::tests::flow_root_is_bfc ... ok
test margin_collapsing::tests::inline_block_is_bfc ... ok
test margin_collapsing::tests::normal_block_no_bfc ... ok
test margin_collapsing::tests::overflow_hidden_is_bfc ... ok
test margin_collapsing::tests::resolve_mixed ... ok
test margin_collapsing::tests::resolve_negative_only ... ok
test margin_collapsing::tests::resolve_positive_only ... ok
test margin_collapsing::tests::resolve_zero ... ok
test multicol::tests::balance_collapses_adjoining_margins_of_empty_blocks ... ok
test multicol::tests::balance_equal_content ... ok
test multicol::tests::balance_keeps_empty_block_start_strut_intact ... ok
test multicol::tests::balance_uneven_content ... ok
test multicol::tests::normal_gap_uses_the_font_used_pixel_size ... ok
test multicol::tests::positions_round_cumulative_fractional_edges ... ok
test multicol::tests::resolve_auto_auto ... ok
test multicol::tests::resolve_only_count ... ok
test multicol::tests::resolve_only_width ... ok
test multicol::tests::resolve_zero_width_uses_minimum_fragmentainer_width ... ok
test new_formatting_context::tests::absolute_position_creates_fc ... ok
test new_formatting_context::tests::flex_creates_fc ... ok
test new_formatting_context::tests::float_avoidance_no_floats ... ok
test new_formatting_context::tests::float_avoidance_result_default ... ok
test new_formatting_context::tests::float_creates_fc ... ok
test new_formatting_context::tests::flow_root_creates_fc ... ok
test new_formatting_context::tests::new_fc_constraint_space_has_fresh_exclusion_space ... ok
test new_formatting_context::tests::new_fc_end_margin_strut_is_empty ... ok
test new_formatting_context::tests::normal_inline_does_not_create_fc ... ok
test new_formatting_context::tests::overflow_hidden_creates_fc ... ok
test new_formatting_context::tests::root_always_creates_new_fc ... ok
test out_of_flow::tests::negative_vertical_auto_margins_remain_symmetric ... ok
test out_of_flow::tests::orthogonal_child_constraints_transpose_sizes_bases_and_fixed_flags ... ok
test out_of_flow::tests::physical_auto_margins_and_overconstraint_follow_axis_start ... ok
test out_of_flow::tests::physical_start_polarity_uses_the_complete_writing_direction ... ok
test out_of_flow::tests::resolve_horizontal_all_specified ... ok
test out_of_flow::tests::resolve_horizontal_auto_margins_center ... ok
test out_of_flow::tests::resolve_vertical_all_specified ... ok
test out_of_flow::tests::resolve_vertical_auto_height ... ok
test out_of_flow::tests::shrink_to_fit_empty_doc ... ok
test out_of_flow::tests::shrink_to_fit_negative_available_clamped ... ok
test relative::tests::bottom_only ... ok
test relative::tests::left_and_right_ltr_ignores_right ... ok
test relative::tests::left_and_right_rtl_ignores_left ... ok
test relative::tests::left_only ... ok
test relative::tests::negative_offsets ... ok
test relative::tests::nested_relative_positioning ... ok
test relative::tests::percentage_offsets ... ok
test relative::tests::relative_no_offsets ... ok
test relative::tests::right_only ... ok
test relative::tests::static_position_is_noop ... ok
test relative::tests::top_and_bottom_ignores_bottom ... ok
test relative::tests::top_and_left ... ok
test relative::tests::top_only ... ok
test ruby::layout::tests::annotation_size_is_font_times_line_height ... ok
test ruby::layout::tests::annotation_size_zero_font ... ok
test ruby::layout::tests::annotation_width_preserved ... ok
test ruby::layout::tests::base_width_preserved ... ok
test ruby::layout::tests::both_zero_width ... ok
test ruby::layout::tests::center_equal_widths_zero_offsets ... ok
test ruby::layout::tests::center_short_annotation ... ok
test ruby::layout::tests::center_under_wide_base ... ok
test ruby::layout::tests::center_wide_annotation ... ok
test ruby::layout::tests::clamp_overhang_basic_excess ... ok
test ruby::layout::tests::clamp_overhang_equal_widths ... ok
test ruby::layout::tests::clamp_overhang_large_font_limits ... ok
test ruby::layout::tests::clamp_overhang_limited_by_available_after ... ok
test ruby::layout::tests::clamp_overhang_limited_by_available_before ... ok
test ruby::layout::tests::clamp_overhang_limited_by_both_sides ... ok
test ruby::layout::tests::clamp_overhang_negative_available_treated_as_zero ... ok
test ruby::layout::tests::clamp_overhang_no_excess ... ok
test ruby::layout::tests::clamp_overhang_zero_available ... ok
test ruby::layout::tests::column_width_annotation_wider ... ok
test ruby::layout::tests::column_width_equal_widths ... ok
test ruby::layout::tests::column_width_is_max_of_base_and_annotation ... ok
test ruby::layout::tests::fractional_widths ... ok
test ruby::layout::tests::max_overhang_half_font_size ... ok
test ruby::layout::tests::max_overhang_negative_font_clamped ... ok
test ruby::layout::tests::negative_font_size_clamped ... ok
test ruby::layout::tests::negative_widths_clamped_to_zero ... ok
test ruby::layout::tests::over_position_negative_block_offset ... ok
test ruby::layout::tests::over_position_with_large_font ... ok
test ruby::layout::tests::overhang_asymmetric_available ... ok
test ruby::layout::tests::overhang_with_small_excess ... ok
test ruby::layout::tests::overhang_zero_font_size ... ok
test ruby::layout::tests::ruby_info_clone_eq ... ok
test ruby::layout::tests::ruby_info_construction ... ok
test ruby::layout::tests::ruby_info_under_position ... ok
test ruby::layout::tests::sideways_lr_produces_valid_layout ... ok
test ruby::layout::tests::sideways_rl_produces_valid_layout ... ok
test ruby::layout::tests::space_around_equal_widths ... ok
test ruby::layout::tests::space_around_short_annotation ... ok
test ruby::layout::tests::space_around_wide_annotation ... ok
test ruby::layout::tests::space_between_offsets_are_zero ... ok
test ruby::layout::tests::space_between_under_position ... ok
test ruby::layout::tests::space_between_wide_annotation ... ok
test ruby::layout::tests::start_align_over_position ... ok
test ruby::layout::tests::start_align_under_position ... ok
test ruby::layout::tests::start_offsets_are_zero ... ok
test ruby::layout::tests::start_wide_annotation ... ok
test ruby::layout::tests::under_position_annotation_size ... ok
test ruby::layout::tests::under_position_zero_block_offset ... ok
test ruby::layout::tests::vertical_lr_produces_valid_layout ... ok
test ruby::layout::tests::vertical_rl_produces_valid_layout ... ok
test ruby::layout::tests::very_large_widths ... ok
test ruby::layout::tests::zero_width_annotation ... ok
test ruby::layout::tests::zero_width_base ... ok
test size_constraints::tests::box_sizing_border_box_clamps_negative ... ok
test size_constraints::tests::box_sizing_border_box_subtracts ... ok
test size_constraints::tests::box_sizing_content_box_no_change ... ok
test size_constraints::tests::resolve_max_none_is_max ... ok
test size_constraints::tests::resolve_max_percent ... ok
test size_constraints::tests::resolve_min_auto_is_zero ... ok
test size_constraints::tests::resolve_min_percent ... ok
test size_constraints::tests::unconstrained_defaults ... ok
test sticky::tests::axis_end_inset_sticks ... ok
test sticky::tests::axis_no_insets_returns_zero ... ok
test sticky::tests::axis_start_inset_sticks ... ok
test sticky::tests::clamp_within_containing_block ... ok
test sticky::tests::constraint_rect_none_is_all_none ... ok
test sticky::tests::zero_sticky_movement_does_not_reposition_outside_containing_block ... ok
test table::tests::auto_track_distribution_matches_chromium_max_guess_rounding ... ok
test table::tests::auto_track_distribution_preserves_subpixel_remainder ... ok
test table::tests::fixed_layout_distributes_remaining_track_space ... ok
test table::tests::places_colspan_and_rowspan_without_overlap ... ok
test table::tests::table_fixup_preserves_cell_runs_and_reorders_only_first_header_and_footer ... ok
test table::tests::auto_table_width_honors_unbreakable_cell_min_content ... ok

test result: ok. 669 passed; 0 failed; 0 ignored; 0 measured; 0 filtered out; finished in 10.52s

     Running tests/advanced_text_tests.rs (/mnt/e/openui-v02-cargo-c73754e2/target/debug/deps/advanced_text_tests-86c06f0ecb95a57f)

running 60 tests
test line_info_text_align_justify ... ok
test line_info_remaining_width ... ok
test line_info_forced_break ... ok
test line_info_has_ellipsis_default_false ... ok
test line_info_is_last_line ... ok
test line_info_remaining_negative_when_overflow ... ok
test line_info_new_defaults ... ok
test line_info_remaining_zero_when_full ... ok
test line_info_has_content_empty ... ok
test line_info_has_content_with_text ... ok
test spacing_empty_text_no_crash ... ok
test spacing_letter_spacing_increases_width ... ok
test spacing_multiple_spaces_word_spacing ... ok
test spacing_both_letter_and_word ... ok
test spacing_negative_letter_spacing ... ok
test spacing_letter_spacing_single_char ... ok
test bidi_integration_rtl_text_align_end ... ok
test bidi_integration_rtl_right_alignment ... ok
test ellipsis_no_effect_when_fits ... ok
test bidi_integration_ltr_layout ... ok
test bidi_integration_rtl_direction ... ok
test bidi_integration_ltr_with_bidi_level ... ok
test spacing_rtl_text_with_spacing ... ok
test spacing_word_spacing_increases_width ... ok
test spacing_word_spacing_only_affects_spaces ... ok
test spacing_zero_spacing_no_change ... ok
test text_indent_auto_is_zero ... ok
test text_indent_does_not_affect_subsequent_lines ... ok
test text_indent_large_value ... ok
test text_indent_negative_hanging ... ok
test text_indent_only_first_line ... ok
test text_indent_percentage ... ok
test text_indent_positive ... ok
test text_indent_with_center_align ... ok
test text_indent_with_right_align ... ok
test text_indent_zero_no_offset ... ok
test transform_capitalize_after_apostrophe ... ok
test transform_capitalize_after_hyphen ... ok
test transform_capitalize_already_capitalized ... ok
test transform_capitalize_leading_spaces ... ok
test transform_capitalize_multiple_spaces ... ok
test transform_capitalize_simple ... ok
test transform_capitalize_single_word ... ok
test transform_empty_string ... ok
test transform_full_width_ascii ... ok
test transform_full_width_digits ... ok
test transform_full_width_in_layout ... ok
test transform_full_width_non_ascii_passthrough ... ok
test transform_full_width_space ... ok
test transform_integration_capitalize_in_layout ... ok
test transform_integration_uppercase_in_layout ... ok
test transform_integration_with_line_breaking ... ok
test transform_lowercase_already_lower ... ok
test transform_lowercase_simple ... ok
test transform_none_unchanged ... ok
test transform_unicode_uppercase_cafe ... ok
test transform_unicode_uppercase_german_sharp_s ... ok
test transform_uppercase_already_upper ... ok
test transform_uppercase_mixed ... ok
test transform_uppercase_simple ... ok

test result: ok. 60 passed; 0 failed; 0 ignored; 0 measured; 0 filtered out; finished in 0.94s

     Running tests/edge_case_tests.rs (/mnt/e/openui-v02-cargo-c73754e2/target/debug/deps/edge_case_tests-40b568cb0fdea1f5)

running 30 tests
test edge_empty_text_no_crash ... ok
test edge_empty_string_shaped_zero_width ... ok
test edge_empty_fragment_width ... ok
test edge_block_layout_empty_text_no_crash ... ok
test edge_only_spaces_collapses ... ok
test edge_only_newlines_collapses ... ok
test edge_only_tabs_collapses ... ok
test edge_mixed_tiny_and_normal_text ... ok
test edge_ltr_text_in_rtl_paragraph_renders ... ok
test edge_rtl_direction_produces_fragment ... ok
test edge_line_height_much_larger_than_font ... ok
test edge_line_height_less_than_font_no_crash ... ok
test edge_multiple_text_nodes_combined ... ok
test edge_block_layout_multiple_paragraphs ... ok
test edge_large_indent_with_center_alignment_no_crash ... ok
test edge_layout_at_width_zero_no_crash ... ok
test edge_alternating_text_and_spaces ... ok
test edge_narrow_container_forces_wrapping ... ok
test edge_rtl_text_align_start_offsets_right ... ok
test edge_100_words_many_lines ... ok
test edge_single_char_positive_line_height ... ok
test edge_single_char_produces_text_fragment ... ok
test edge_single_very_long_word ... ok
test edge_ten_text_nodes_all_contribute ... ok
test edge_text_empty_text_merges ... ok
test edge_unicode_single_char_produces_layout ... ok
test edge_very_small_font_layout_succeeds ... ok
test edge_whitespace_between_words_single_line ... ok
test edge_500_words_no_crash ... ok
test edge_very_large_text_content ... ok

test result: ok. 30 passed; 0 failed; 0 ignored; 0 measured; 0 filtered out; finished in 7.94s

     Running tests/flex_alignment.rs (/mnt/e/openui-v02-cargo-c73754e2/target/debug/deps/flex_alignment-e4b2b387eb55ac06)

running 80 tests
test ac_center_column ... ok
test ac_flex_start ... ok
test ac_with_row_gap ... ok
test ac_wrap_reverse ... ok
test ac_space_between_column ... ok
test ac_space_evenly_2_lines ... ok
test ac_space_between_single_line ... ok
test ac_space_between_3_lines ... ok
test ac_stretch_explicit_height ... ok
test ac_center ... ok
test ac_flex_start_single_line ... ok
test ac_flex_end ... ok
test ac_space_around_2_lines ... ok
test ac_center_wrap_reverse ... ok
test ac_space_between_2_lines ... ok
test ac_flex_end_with_row_gap ... ok
test ac_center_diff_line_heights ... ok
test ac_space_around_3_lines ... ok
test ac_flex_end_column ... ok
test ac_stretch ... ok
test ai_center ... ok
test ai_center_column ... ok
test ai_center_column_reverse ... ok
test ai_center_diff_heights ... ok
test ai_center_row_reverse ... ok
test ai_center_with_margins ... ok
test ai_center_with_wrap ... ok
test ai_flex_end ... ok
test ai_flex_end_column ... ok
test ai_flex_end_diff_heights ... ok
test ai_flex_end_varying_heights ... ok
test ai_flex_start ... ok
test ai_flex_start_column ... ok
test ai_flex_start_varying_heights ... ok
test ai_flex_start_with_border ... ok
test ai_stretch_auto_height ... ok
test ai_stretch_column ... ok
test ai_stretch_explicit_height ... ok
test ai_stretch_with_padding ... ok
test ai_stretch_with_wrap ... ok
test as_all_different ... ok
test as_auto_inherits_align_items ... ok
test as_center_multiline ... ok
test as_center_one_others_stretch ... ok
test as_center_with_margins ... ok
test as_column_direction ... ok
test as_flex_end_in_flex_start_container ... ok
test as_flex_end_with_border ... ok
test as_flex_start_in_center_container ... ok
test as_in_row_reverse ... ok
test as_multiple_unique ... ok
test as_override_single ... ok
test as_stretch_auto_cross ... ok
test as_stretch_explicit_cross ... ok
test as_stretch_in_center_container ... ok
test jc_center ... ok
test jc_center_column ... ok
test jc_center_different_sizes ... ok
test jc_center_single_item ... ok
test jc_center_with_column_gap ... ok
test jc_flex_end ... ok
test jc_flex_end_column ... ok
test jc_flex_end_with_margins ... ok
test jc_flex_start_default ... ok
test jc_flex_start_with_gap ... ok
test jc_no_free_space ... ok
test jc_overflow ... ok
test jc_row_reverse ... ok
test jc_space_around_1_item ... ok
test jc_space_around_2_items ... ok
test jc_space_around_3_items ... ok
test jc_space_between_1_item ... ok
test jc_space_between_2_items ... ok
test jc_space_between_3_items ... ok
test jc_space_between_column ... ok
test jc_space_between_unequal ... ok
test jc_space_between_with_gap ... ok
test jc_space_evenly_1_item ... ok
test jc_space_evenly_2_items ... ok
test jc_space_evenly_3_items ... ok

test result: ok. 80 passed; 0 failed; 0 ignored; 0 measured; 0 filtered out; finished in 1.06s

     Running tests/flex_direction_wrap.rs (/mnt/e/openui-v02-cargo-c73754e2/target/debug/deps/flex_direction_wrap-f774ac200f703550)

running 88 tests
test auto_margin_cross_axis_different_heights ... ok
test dir_column_grow_distributes_height ... ok
test auto_margin_bottom_in_row ... ok
test dir_column_five_items ... ok
test auto_margin_left_first_right_last ... ok
test dir_column_explicit_width_no_stretch ... ok
test auto_margin_left_second_item ... ok
test auto_margin_with_flex_grow ... ok
test auto_margin_overrides_justify_content ... ok
test auto_margin_no_free_space ... ok
test auto_margin_both_centers ... ok
test auto_margins_multiple_items ... ok
test auto_margin_both_main_axis_centers ... ok
test auto_margins_in_column_direction ... ok
test auto_margin_top_bottom_centers_vertically ... ok
test auto_margin_right_pushes_left ... ok
test dir_column_auto_width_stretches ... ok
test auto_margin_top_in_row ... ok
test dir_column_items_top_to_bottom ... ok
test auto_margin_left_pushes_right ... ok
test dir_column_justify_center ... ok
test dir_column_reverse_items_bottom_to_top ... ok
test dir_column_reverse_justify_center ... ok
test dir_column_reverse_positions_mirrored ... ok
test dir_column_reverse_with_grow ... ok
test dir_column_space_between ... ok
test dir_row_different_sized_items ... ok
test dir_row_five_items ... ok
test dir_row_height_is_cross_axis ... ok
test dir_row_items_left_to_right ... ok
test dir_row_reverse_items_right_to_left ... ok
test dir_row_reverse_positions_mirrored ... ok
test dir_row_reverse_space_between ... ok
test dir_row_reverse_three_different_sizes ... ok
test dir_row_reverse_with_grow ... ok
test gap_both_in_wrap ... ok
test explicit_physical_item_sizes_survive_all_orthogonal_flex_axis_mappings ... ok
test gap_column_gap_in_row ... ok
test gap_column_gap_in_wrap ... ok
test gap_explicit_zero ... ok
test gap_in_column_flex ... ok
test gap_in_column_reverse ... ok
test gap_in_row_reverse ... ok
test gap_larger_than_container ... ok
test gap_larger_than_free_space ... ok
test gap_row_gap_in_column ... ok
test gap_row_gap_in_wrap ... ok
test gap_single_item_no_gap ... ok
test gap_with_flex_grow ... ok
test gap_with_space_between ... ok
test gap_with_two_items ... ok
test nowrap_items_overflow ... ok
test horizontal_rtl_flex_flow_places_items_by_logical_main_and_cross_axes ... ok
test order_all_same_dom_preserved ... ok
test order_default_dom_order ... ok
test order_equal_preserves_dom_order ... ok
test order_five_items_various ... ok
test order_mixed_positive_negative ... ok
test order_negative_comes_first ... ok
test order_only_one_nonzero ... ok
test order_reorder_three_items ... ok
test order_with_row_reverse ... ok
test order_with_wrap ... ok
test orthogonal_center_and_stretch_keep_the_resolved_physical_cross_size ... ok
test orthogonal_intrinsic_min_max_and_fit_content_select_the_physical_axis ... ok
test orthogonal_stretch_transfers_aspect_ratio_through_the_border_box ... ok
test vertical_column_auto_block_size_uses_physical_width_as_main_size ... ok
test vertical_column_wrap_flexes_each_physical_row_independently ... ok
test wrap_column_with_explicit_height ... ok
test wrap_column_wraps_to_next_column ... ok
test wrap_cross_axis_positions_of_lines ... ok
test wrap_different_sizes_line_composition ... ok
test wrap_each_item_own_line ... ok
test wrap_items_exactly_fill_lines ... ok
test wrap_items_with_margins ... ok
test vertical_flex_flow_places_cmyk_items_by_logical_main_and_cross_axes ... ok
test wrap_items_wrap_to_next_line ... ok
test wrap_reverse_column ... ok
test wrap_reverse_items_wrap_upward ... ok
test wrap_reverse_line_order_reversed ... ok
test wrap_reverse_with_align_content_center ... ok
test wrap_single_item_no_wrapping ... ok
test wrap_six_items_three_lines_of_two ... ok
test wrap_two_on_first_one_wraps ... ok
test wrap_with_both_gaps ... ok
test wrap_with_column_gap ... ok
test wrap_with_flex_grow ... ok
test wrap_with_row_gap ... ok

test result: ok. 88 passed; 0 failed; 0 ignored; 0 measured; 0 filtered out; finished in 1.13s

     Running tests/flex_edge_cases.rs (/mnt/e/openui-v02-cargo-c73754e2/target/debug/deps/flex_edge_cases-67413cae76d386b8)

running 80 tests
test c2_03_item_padding_border_width ... ok
test c1_01_min_width_prevents_shrink ... ok
test c1_12_multiple_one_with_min_one_without ... ok
test c1_05_min_width_with_flex_grow ... ok
test c2_02_item_border_increases_size ... ok
test c1_10_max_width_equals_basis_no_growth ... ok
test c1_08_max_height_column_flex ... ok
test c1_06_max_width_with_flex_grow_extra_to_others ... ok
test c1_03_min_width_larger_than_basis ... ok
test c1_04_max_width_smaller_than_basis ... ok
test c1_14_min_and_max_range_on_same_item ... ok
test c1_02_max_width_prevents_grow ... ok
test c2_04_flex_grow_with_padding ... ok
test c2_05_flex_shrink_with_padding ... ok
test c1_09_min_width_zero_allows_shrink ... ok
test c2_01_item_padding_increases_size ... ok
test c1_15_min_greater_than_max_min_wins ... ok
test c1_07_min_height_column_flex ... ok
test c1_11_min_width_overflows_container ... ok
test c1_13_all_items_max_width_grow_stops ... ok
test c2_06_container_padding_shifts_items ... ok
test c2_07_container_border_shifts_items ... ok
test c2_08_container_padding_and_item_padding ... ok
test c2_09_container_border_plus_padding ... ok
test c2_10_asymmetric_padding ... ok
test c2_11_padding_column_direction ... ok
test c2_12_border_column_direction ... ok
test c2_13_container_border_justify_center ... ok
test c2_14_container_padding_align_center ... ok
test c2_15_item_border_with_margins ... ok
test c3_01_flex_inside_flex ... ok
test c3_02_inner_flex_grows ... ok
test c3_03_column_inside_row ... ok
test c3_04_row_inside_column ... ok
test c3_05_nested_different_justify ... ok
test c3_06_nested_different_align ... ok
test c3_07_three_levels ... ok
test c3_08_inner_wrap_inside_outer ... ok
test c3_09_inner_flex_sized_by_content ... ok
test c3_10_nested_grow_at_both_levels ... ok
test c4_01_block_layout_dispatches_flex ... ok
test c4_02_block_layout_block_display ... ok
test c4_03_block_flex_matches_flex_layout ... ok
test c4_04_block_layout_flex_column ... ok
test c4_05_block_layout_wrapped_flex ... ok
test c5_01_empty_flex_container ... ok
test c5_02_single_item ... ok
test c5_03_single_item_grow_fills ... ok
test c5_04_single_item_centered ... ok
test c5_05_all_auto_sized_items ... ok
test c5_06_zero_size_items ... ok
test c5_07_zero_width_container ... ok
test c5_08_zero_height_container ... ok
test c5_09_very_large_container ... ok
test c5_10_very_small_container ... ok
test c6_01_item_width_50_percent ... ok
test c6_02_item_width_100_percent ... ok
test c6_03_two_percentage_items ... ok
test c6_04_percentage_flex_basis ... ok
test c6_05_percentage_margin ... ok
test c6_06_percentage_padding ... ok
test c6_07_percentage_width_column ... ok
test c6_08_percentage_height_column ... ok
test c6_09_percentages_over_100 ... ok
test c6_10_percentage_with_min_width ... ok
test c7_01_navigation_bar ... ok
test c7_02_card_layout ... ok
test c7_03_sidebar_layout ... ok
test c7_04_grid_like_wrap ... ok
test c7_05_holy_grail_layout ... ok
test c7_06_toolbar_with_gap ... ok
test c7_07_form_layout ... ok
test c7_08_centering_single_item ... ok
test c7_09_equal_height_columns ... ok
test c7_10_responsive_cards_wrap ... ok
test c7_11_footer_at_bottom ... ok
test c7_12_split_button ... ok
test c7_13_breadcrumbs_with_gap ... ok
test c7_14_tab_bar_equal ... ok
test c7_15_dashboard_percentage_wrap ... ok

test result: ok. 80 passed; 0 failed; 0 ignored; 0 measured; 0 filtered out; finished in 1.10s

     Running tests/flex_fixes_validation.rs (/mnt/e/openui-v02-cargo-c73754e2/target/debug/deps/flex_fixes_validation-4b6aff5e64e640c5)

running 28 tests
test column_wrap_intrinsic_width ... ok
test align_stretch_with_margins ... ok
test column_wrap_basic ... ok
test column_wrap_line_cross_offset ... ok
test gap_in_column_flex ... ok
test gap_single_item_no_gap ... ok
test align_center_positions_correctly ... ok
test column_wrap_with_gap_between_lines ... ok
test align_self_column_flex ... ok
test gap_does_not_participate_in_grow ... ok
test gap_row_gap_between_lines ... ok
test align_center_in_multiline ... ok
test gap_with_space_between ... ok
test gap_not_before_first_or_after_last ... ok
test column_wrap_two_items_per_column ... ok
test align_flex_end_positions_at_bottom ... ok
test align_stretch_fills_line_cross_size ... ok
test align_self_override ... ok
test gap_column_gap_basic ... ok
test align_stretch_explicit_height_no_stretch ... ok
test gap_with_wrap_both_gaps ... ok
test min_auto_clamp_by_specified_size ... ok
test inline_children_max_content_sums ... ok
test min_auto_column_flex_min_height ... ok
test min_auto_explicit_min_width_zero ... ok
test min_auto_overflow_hidden_allows_shrink ... ok
test min_auto_overflow_scroll_allows_shrink ... ok
test min_auto_prevents_shrink_below_content ... ok

test result: ok. 28 passed; 0 failed; 0 ignored; 0 measured; 0 filtered out; finished in 0.37s

     Running tests/flex_grow_shrink.rs (/mnt/e/openui-v02-cargo-c73754e2/target/debug/deps/flex_grow_shrink-918d3ae706e3bdf3)

running 81 tests
test basis_min_width_interaction ... ok
test basis_zero_all_space_distributable ... ok
test basis_column_direction ... ok
test basis_zero_grow_one_equal_widths ... ok
test basis_percent ... ok
test basis_max_width_interaction ... ok
test basis_overrides_width ... ok
test basis_larger_than_container ... ok
test basis_auto_with_border ... ok
test basis_specific_px ... ok
test basis_auto_width_auto_both ... ok
test basis_plus_grow ... ok
test basis_zero_grow_one_all_equal ... ok
test basis_zero_column_direction ... ok
test basis_auto_with_margin ... ok
test basis_three_different_values ... ok
test basis_auto_no_width_empty_div ... ok
test basis_auto_with_padding ... ok
test basis_auto_uses_width ... ok
test basis_plus_shrink ... ok
test container_exact_match_basis_sum ... ok
test container_very_large_width ... ok
test container_zero_width ... ok
test exact_fit_no_grow_no_shrink ... ok
test flex_auto_shorthand ... ok
test flex_none_shorthand ... ok
test flex_one_shorthand ... ok
test grow_all_zero_no_growth ... ok
test grow_and_shrink_same_item_negative_space ... ok
test grow_and_shrink_same_item_positive_space ... ok
test grow_column_direction ... ok
test grow_five_items_varied ... ok
test grow_fractional_values ... ok
test grow_large_ratio_1000_to_1 ... ok
test grow_max_width_truncates_growth ... ok
test grow_row_reverse ... ok
test grow_single_item_fills_remaining ... ok
test grow_single_item_in_container ... ok
test grow_three_items_weighted_1_2_1 ... ok
test grow_two_items_equal_split ... ok
test grow_with_border_padding ... ok
test grow_with_column_gap ... ok
test grow_with_flex_basis ... ok
test grow_with_margins ... ok
test grow_with_max_width ... ok
test grow_with_min_width ... ok
test grow_with_width_basis_auto ... ok
test grow_with_wrap_only_within_line ... ok
test grow_with_zero_basis ... ok
test grow_zero_items_dont_grow ... ok
test inflexible_items_grow0_shrink0 ... ok
test mix_some_grow_others_fixed_basis ... ok
test multiple_rounds_min_max ... ok
test negative_free_all_shrink_zero_overflow ... ok
test rounding_100px_among_3_items ... ok
test rounding_odd_free_space ... ok
test shrink_all_zero_overflow ... ok
test shrink_basis_zero_no_shrink ... ok
test shrink_column_direction ... ok
test shrink_doesnt_apply_in_wrap ... ok
test shrink_equal ... ok
test shrink_factor_times_basis_weighting ... ok
test shrink_large_items_proportionally ... ok
test shrink_min_width_floor ... ok
test shrink_mixed_values ... ok
test shrink_one_frozen_two_shrink ... ok
test shrink_one_hits_min_redistributes ... ok
test shrink_row_reverse ... ok
test shrink_single_item ... ok
test shrink_to_zero ... ok
test shrink_weighted_1_2_1 ... ok
test shrink_with_border_padding ... ok
test shrink_with_gap_reducing_space ... ok
test shrink_with_margins ... ok
test shrink_with_max_width_already_within ... ok
test shrink_with_min_width_preventing_full_shrink ... ok
test shrink_zero_items_dont_shrink ... ok
test small_basis_large_grow ... ok
test some_grow_some_dont ... ok
test tiny_free_space_1px ... ok
test very_large_container ... ok

test result: ok. 81 passed; 0 failed; 0 ignored; 0 measured; 0 filtered out; finished in 1.21s

     Running tests/flex_wpt_spec.rs (/mnt/e/openui-v02-cargo-c73754e2/target/debug/deps/flex_wpt_spec-d0975b6d43cccf58)

running 80 tests
test spec_9_2_determine_main_size_row ... ok
test spec_5_4_order_with_reverse ... ok
test spec_9_2_cross_size_column ... ok
test spec_5_4_order_negative_values ... ok
test spec_5_4_order_with_wrap ... ok
test spec_9_2_hypothetical_size_clamped_by_min ... ok
test spec_9_2_determine_main_size_column ... ok
test spec_9_2_flex_basis_auto_with_width ... ok
test spec_9_3_collect_into_lines_wrap ... ok
test spec_5_4_order_affects_layout ... ok
test spec_9_3_line_free_space_negative ... ok
test spec_5_4_order_ties_use_dom_order ... ok
test spec_9_3_initial_free_space ... ok
test spec_9_2_hypothetical_size_clamped_by_max ... ok
test spec_9_2_cross_size_row ... ok
test spec_9_3_collect_into_lines_nowrap ... ok
test spec_9_2_flex_basis_definite ... ok
test spec_9_2_flex_basis_auto_no_width ... ok
test spec_9_3_gap_reduces_available_space ... ok
test spec_9_2_flex_basis_zero ... ok
test spec_9_3_line_free_space_positive ... ok
test spec_9_3_multi_line_three_lines ... ok
test spec_9_3_multi_line_two_lines ... ok
test spec_9_3_remaining_free_space_after_grow ... ok
test spec_9_3_remaining_free_space_after_shrink ... ok
test spec_9_3_single_line_negative_free_space ... ok
test spec_9_3_single_line_positive_free_space ... ok
test spec_9_3_single_line_zero_free_space ... ok
test spec_9_3_wrap_breaks_after_item_not_mid_item ... ok
test spec_9_3_wrap_with_different_item_sizes ... ok
test spec_9_4_align_items_center_positions ... ok
test spec_9_4_align_items_flex_end_positions ... ok
test spec_9_4_align_items_flex_start_no_stretch ... ok
test spec_9_4_align_self_override ... ok
test spec_9_4_column_cross_size ... ok
test spec_9_4_cross_auto_margins ... ok
test spec_9_4_cross_auto_margins_absorb_space ... ok
test spec_9_4_line_cross_size_tallest_item ... ok
test spec_9_4_line_height_with_margins ... ok
test spec_9_4_multi_line_independent_cross_sizes ... ok
test spec_9_4_no_stretch_explicit_cross_size ... ok
test spec_9_4_stretch_auto_cross_size ... ok
test spec_9_4_stretch_in_wrap ... ok
test spec_9_4_stretch_respects_max ... ok
test spec_9_4_stretch_respects_min ... ok
test spec_9_5_justify_center ... ok
test spec_9_5_justify_center_with_gap ... ok
test spec_9_5_justify_flex_end ... ok
test spec_9_5_justify_flex_start ... ok
test spec_9_5_justify_overflow_flex_start ... ok
test spec_9_5_justify_space_around ... ok
test spec_9_5_justify_space_between ... ok
test spec_9_5_justify_space_between_single_item ... ok
test spec_9_5_justify_space_evenly ... ok
test spec_9_5_justify_with_auto_margins ... ok
test spec_9_6_align_content_center ... ok
test spec_9_6_align_content_flex_end ... ok
test spec_9_6_align_content_flex_start ... ok
test spec_9_6_align_content_single_line ... ok
test spec_9_6_align_content_space_around ... ok
test spec_9_6_align_content_space_between ... ok
test spec_9_6_align_content_space_evenly ... ok
test spec_9_6_align_content_stretch ... ok
test spec_9_6_align_content_with_row_gap ... ok
test spec_9_6_align_content_wrap_reverse ... ok
test spec_9_9_container_auto_height_row ... ok
test spec_9_9_container_auto_height_row_wrap ... ok
test spec_9_9_container_auto_width_column ... ok
test spec_9_9_container_border_box ... ok
test spec_9_9_container_border_shifts_content ... ok
test spec_9_9_container_definite_height_column ... ok
test spec_9_9_container_definite_width ... ok
test spec_9_9_container_max_width_clamp ... ok
test spec_9_9_container_min_width_clamp ... ok
test spec_9_9_container_padding_shifts_content ... ok
test spec_misc_all_basis_zero_grow_equal ... ok
test spec_misc_empty_flex_container ... ok
test spec_misc_flex_auto_equivalent ... ok
test spec_misc_flex_none_equivalent ... ok
test spec_misc_single_child ... ok

test result: ok. 80 passed; 0 failed; 0 ignored; 0 measured; 0 filtered out; finished in 1.17s

     Running tests/inline_items_tests.rs (/mnt/e/openui-v02-cargo-c73754e2/target/debug/deps/inline_items_tests-b4388de167fd36cf)

running 67 tests
test collapse_spaces_preserve_newlines_empty ... ok
test collapse_whitespace_empty ... ok
test collapse_spaces_preserve_newlines_tabs_collapse ... ok
test collapse_whitespace_no_spaces ... ok
test collapse_spaces_preserve_newlines_space_before_newline ... ok
test collapse_whitespace_multiple_spaces ... ok
test collapse_spaces_preserve_newlines_multiple_newlines ... ok
test collapse_spaces_preserve_newlines_spaces_collapse ... ok
test collapse_whitespace_basic ... ok
test collapse_whitespace_cr_and_ff ... ok
test collapse_whitespace_newlines ... ok
test collapse_whitespace_only_spaces ... ok
test collapse_spaces_preserve_newlines_basic ... ok
test collapse_whitespace_mixed ... ok
test collapse_whitespace_leading_trailing ... ok
test bidi_level_rtl ... ok
test bidi_level_ltr_default ... ok
test collapse_whitespace_single_space ... ok
test bidi_mixed_text_splits_into_runs ... ok
test bidi_split_items_have_correct_levels ... ok
test bidi_all_ltr_no_split ... ok
test collapse_whitespace_tabs ... ok
test empty_text_node_produces_no_items ... ok
test end_collapse_type_collapsible_for_trailing_space ... ok
test end_collapse_type_not_collapsible_for_no_trailing_space ... ok
test expand_tabs_basic_tab_size_8 ... ok
test expand_tabs_mid_line ... ok
test expand_tabs_no_tabs_returns_same ... ok
test expand_tabs_resets_at_newline ... ok
test expand_tabs_tab_size_4 ... ok
test inline_block_produces_atomic_inline ... ok
test mixed_inline_elements_flatten_correctly ... ok
test multiple_spans_with_text ... ok
test multiple_text_nodes_concatenate ... ok
test multiple_text_nodes_have_separate_style_indices ... ok
test nested_spans_produce_correct_order ... ok
test newline_in_normal_mode_becomes_space ... ok
test no_children_produces_empty_items ... ok
test open_close_tag_bidi_level_rtl_with_span ... ok
test open_close_tag_text_ranges_are_empty ... ok
test pre_line_collapses_spaces_keeps_newlines ... ok
test pre_line_multiple_newlines_strip_intermediate_spaces ... ok
test open_close_tags_have_no_shape_result ... ok
test pre_line_strips_leading_spaces_after_newline ... ok
test pre_line_strips_tabs_after_newline ... ok
test pre_preserves_all_spaces ... ok
test process_white_space_break_spaces ... ok
test process_white_space_normal ... ok
test process_white_space_nowrap ... ok
test process_white_space_pre ... ok
test process_white_space_pre_line ... ok
test process_white_space_pre_line_with_newlines ... ok
test process_white_space_pre_with_newlines ... ok
test process_white_space_pre_wrap ... ok
test shaped_text_has_nonzero_width ... ok
test shaped_text_width_increases_with_more_text ... ok
test shaping_populates_shape_result ... ok
test span_produces_open_close_tags ... ok
test style_index_references_correct_style ... ok
test style_to_font_description_preserves_size ... ok
test style_to_font_description_preserves_weight ... ok
test text_only_produces_text_item ... ok
test text_ranges_are_correct_byte_offsets ... ok
test text_shape_result_is_none_before_shaping ... ok
test unicode_text_byte_offsets_correct ... ok
test whitespace_collapsing_in_normal_mode ... ok
test whitespace_only_text_normal_produces_single_space ... ok

test result: ok. 67 passed; 0 failed; 0 ignored; 0 measured; 0 filtered out; finished in 0.86s

     Running tests/inline_layout_advanced_tests.rs (/mnt/e/openui-v02-cargo-c73754e2/target/debug/deps/inline_layout_advanced_tests-42c81c3aff5624a6)

running 46 tests
test adv_edge_empty_string_produces_zero_height ... ok
test adv_edge_only_whitespace_minimal_layout ... ok
test adv_bonus_nowrap_all_on_one_line ... ok
test adv_line_height_two_nodes_tallest_wins ... ok
test adv_edge_very_wide_container_all_on_one_line ... ok
test adv_line_height_large_number_multiplier ... ok
test adv_edge_single_character_correct_line_box ... ok
test adv_mixed_multiple_text_nodes_concatenated ... ok
test adv_line_height_length_100px ... ok
test adv_mixed_nested_spans_render_text ... ok
test adv_bonus_line_height_length_1px_very_compact ... ok
test adv_bonus_vertical_align_percentage_differs_from_baseline ... ok
test adv_bonus_pre_wrap_preserves_spaces ... ok
test adv_edge_very_narrow_container_multiple_lines ... ok
test adv_edge_block_layout_fragment_width_matches_container ... ok
test adv_bonus_text_indent_zero_is_default ... ok
test adv_line_height_number_half_smaller_than_default ... ok
test adv_line_height_percentage_50_smaller_than_normal ... ok
test adv_line_height_number_zero_produces_minimal_height ... ok
test adv_mixed_spans_different_font_sizes ... ok
test adv_bonus_block_layout_wrapping_produces_taller_block ... ok
test adv_mixed_text_before_and_after_span ... ok
test adv_mixed_text_empty_span_text ... ok
test adv_multi_line_adjacent_lines ... ok
test adv_multi_line_count_matches_expected ... ok
test adv_multi_line_height_grows_with_more_lines ... ok
test adv_multi_line_same_height_same_font ... ok
test adv_multi_line_text_fragments_on_different_lines ... ok
test adv_multi_line_three_lines_y_increases ... ok
test adv_text_align_center_approximately_centered ... ok
test adv_text_align_justify_single_line_not_stretched ... ok
test adv_text_align_justify_two_words_wider_spacing ... ok
test adv_text_align_left_short_text_at_zero ... ok
test adv_text_align_right_short_text_offset_positive ... ok
test adv_text_align_start_with_rtl_direction ... ok
test adv_text_indent_large_value_may_push_text_off ... ok
test adv_text_indent_negative_shifts_first_line_left ... ok
test adv_text_indent_only_affects_first_line ... ok
test adv_text_indent_positive_shifts_first_line_right ... ok
test adv_text_indent_with_center_alignment ... ok
test adv_vertical_align_bottom_near_line_box_bottom ... ok
test adv_vertical_align_length_negative_shifts_down ... ok
test adv_vertical_align_length_positive_shifts_up ... ok
test adv_vertical_align_sub_offset_below_baseline ... ok
test adv_vertical_align_super_offset_differs_from_baseline ... ok
test adv_vertical_align_top_near_line_box_top ... ok

test result: ok. 46 passed; 0 failed; 0 ignored; 0 measured; 0 filtered out; finished in 0.65s

     Running tests/inline_layout_tests.rs (/mnt/e/openui-v02-cargo-c73754e2/target/debug/deps/inline_layout_tests-0ef9bf7362adb8dd)

running 118 tests
test atomic_inline_auto_width_zero ... ok
test atomic_inline_with_explicit_width_takes_space ... ok
test inline_block_auto_width_no_children_still_zero ... ok
test edge_empty_text_node ... ok
test inline_block_auto_width_nested_text_nonzero ... ok
test inline_block_auto_width_deeply_nested_text ... ok
test edge_only_whitespace ... ok
test edge_very_long_word_overflow ... ok
test edge_mixed_latin_text ... ok
test edge_tab_characters_collapse ... ok
test ellipsis_fragment_exists_when_overflow_hidden ... ok
test edge_multiple_spaces_between_words ... ok
test edge_single_character ... ok
test edge_zero_width_produces_many_lines ... ok
test ellipsis_fragment_has_shape_result ... ok
test inline_block_bfc_contains_child_margin_bottom ... ok
test inline_block_bfc_contains_child_margin_top ... ok
test inline_block_auto_height_from_block_layout ... ok
test edge_unicode_text ... ok
test inline_block_bfc_multiple_child_margins ... ok
test forced_break_after_overflowing_atomic_does_not_add_an_empty_line ... ok
test edge_many_text_nodes ... ok
test inline_block_explicit_height_respected ... ok
test inline_block_nested_text_full_layout_has_width ... ok
test inline_block_preserves_children_from_block_layout ... ok
test inline_flex_auto_width_preserves_fixed_item_min_content_width ... ok
test integration_block_width_correct ... ok
test integration_block_with_border_and_text ... ok
test integration_block_with_only_block_children_unchanged ... ok
test integration_block_with_padding_and_text ... ok
test integration_block_with_span_text ... ok
test integration_block_with_text_has_height ... ok
test integration_block_with_text_produces_content ... ok
test integration_empty_block_still_works ... ok
test integration_multiple_text_nodes ... ok
test integration_nested_spans ... ok
test integration_text_with_right_align ... ok
test integration_two_blocks_one_inline_one_block ... ok
test integration_viewport_with_text_block ... ok
test integration_width_constraint_affects_wrapping ... ok
test justify_character_data_updated ... ok
test justify_expands_space_glyph_advances ... ok
test justify_multiple_spaces_expand_proportionally ... ok
test line_height_default_normal_produces_positive_height ... ok
test line_height_explicit_number_multiplier ... ok
test line_height_explicit_px_value ... ok
test line_height_fragment_kind_is_text ... ok
test line_height_half_leading_distributes_evenly ... ok
test line_height_large_value_creates_tall_line ... ok
test line_height_line_box_kind_is_box ... ok
test line_height_line_box_width_equals_available ... ok
test line_height_multiple_fonts_tallest_wins ... ok
test line_height_number_one_matches_font_metrics ... ok
test line_height_percentage_value ... ok
test line_height_shape_result_attached ... ok
test line_height_single_line_has_one_line_box ... ok
test line_height_strut_from_parent_block_always_contributes ... ok
test line_height_text_fragment_has_font_height ... ok
test line_height_text_fragment_inside_line_box ... ok
test line_height_text_has_positive_width ... ok
test line_height_text_offset_within_line_box ... ok
test line_height_zero_does_not_crash ... ok
test multi_line_all_lines_have_text ... ok
test multi_line_all_text_fragments_have_shape_results ... ok
test multi_line_consistent_line_heights_same_font ... ok
test multi_line_different_font_sizes ... ok
test multi_line_each_line_below_previous ... ok
test multi_line_empty_text_produces_no_lines ... ok
test multi_line_exact_fit_no_wrap ... ok
test multi_line_first_line_starts_at_top ... ok
test multi_line_forced_break_creates_new_line ... ok
test multi_line_height_grows_with_lines ... ok
test multi_line_last_line_bottom_equals_total_height ... ok
test multi_line_line_boxes_span_available_width ... ok
test multi_line_narrow_width_causes_many_lines ... ok
test multi_line_no_gap_between_text_fragments ... ok
test multi_line_pre_whitespace_preserves_newlines ... ok
test multi_line_text_fragments_ordered_horizontally ... ok
test multi_line_total_height_is_sum_of_lines ... ok
test multi_line_two_text_nodes_same_line ... ok
test multi_line_width_does_not_exceed_available ... ok
test multi_line_wrapping_at_available_width ... ok
test text_align_center_is_between_left_and_right ... ok
test text_align_center_offset_positive ... ok
test text_align_default_is_start ... ok
test text_align_does_not_affect_height ... ok
test text_align_end_ltr_is_right ... ok
test text_align_end_rtl_is_left ... ok
test text_align_justify_last_line_not_justified ... ok
test text_align_justify_non_last_line_no_crash ... ok
test text_align_left_offset_zero ... ok
test text_align_right_consistent_across_lines ... ok
test text_align_right_offset_positive ... ok
test text_align_start_ltr_is_left ... ok
test text_align_start_rtl_is_right ... ok
test text_align_with_overflow ... ok
test vertical_align_baseline_default ... ok
test vertical_align_bottom ... ok
test vertical_align_does_not_change_inline_size ... ok
test vertical_align_length_negative ... ok
test vertical_align_length_positive ... ok
test vertical_align_length_zero_same_as_baseline ... ok
test vertical_align_middle ... ok
test vertical_align_mixed_on_same_line ... ok
test vertical_align_percentage ... ok
test vertical_align_preserves_text_content ... ok
test vertical_align_sub_different_from_baseline ... ok
test vertical_align_sub_expands_line_box ... ok
test vertical_align_sub_lowers_text ... ok
test vertical_align_super_above_sub ... ok
test vertical_align_super_different_from_baseline ... ok
test vertical_align_super_expands_line_box ... ok
test vertical_align_super_raises_text ... ok
test vertical_align_text_bottom ... ok
test vertical_align_text_top ... ok
test vertical_align_top ... ok
test wrapped_text_sub_range_character_count ... ok
test wrapped_text_sub_range_not_full_run ... ok

test result: ok. 118 passed; 0 failed; 0 ignored; 0 measured; 0 filtered out; finished in 1.62s

     Running tests/line_break_property_tests.rs (/mnt/e/openui-v02-cargo-c73754e2/target/debug/deps/line_break_property_tests-1fcc6451fbff6251)

running 52 tests
test computed_style_default_line_break_is_auto ... ok
test computed_style_line_break_can_be_set ... ok
test line_break_clone_copy ... ok
test chinese_ideographs_normal_breaks ... ok
test auto_same_as_normal_for_cjk ... ok
test auto_same_as_normal_for_mixed ... ok
test anywhere_empty_text_no_break ... ok
test anywhere_overrides_word_break_normal ... ok
test anywhere_breaks_between_every_cjk_char ... ok
test anywhere_overrides_word_break_keep_all ... ok
test anywhere_breaks_between_every_latin_char ... ok
test anywhere_single_char_no_break ... ok
test anywhere_breaks_within_latin_word ... ok
test anywhere_overrides_all_word_break_modes ... ok
test anywhere_breaks_in_mixed_cjk_latin ... ok
test anywhere_preserves_grapheme_clusters ... ok
test auto_same_as_normal_for_latin ... ok
test japanese_hiragana_strict_small_kana ... ok
test japanese_katakana_prolonged_strict ... ok
test chinese_with_comma_strict_vs_loose ... ok
test line_break_debug_format ... ok
test line_break_default_is_auto ... ok
test line_break_equality ... ok
test line_break_initial_is_auto ... ok
test line_break_repr_values ... ok
test loose_allows_break_before_fullwidth_comma ... ok
test loose_allows_break_before_fullwidth_period ... ok
test linebreaker_strict_prevents_break_before_chouon ... ok
test linebreaker_anywhere_breaks_every_char ... ok
test loose_allows_break_before_ideographic_comma ... ok
test loose_allows_break_before_ideographic_period ... ok
test loose_more_breaks_than_strict_for_cjk ... ok
test loose_preserves_normal_breaks ... ok
test loose_with_keep_all_adds_loose_breaks ... ok
test mixed_cjk_latin_anywhere_breaks_all ... ok
test mixed_latin_cjk_normal_breaks ... ok
test mixed_latin_cjk_strict_preserves_latin_breaks ... ok
test normal_cjk_breaks_between_ideographs ... ok
test normal_hyphen_break ... ok
test normal_latin_space_breaks ... ok
test strict_allows_latin_space_breaks ... ok
test strict_allows_normal_cjk_breaks ... ok
test strict_no_break_before_ideographic_comma ... ok
test strict_no_break_before_ideographic_period ... ok
test strict_no_break_before_iteration_mark_noma ... ok
test strict_no_break_before_iteration_mark_vertical ... ok
test strict_no_break_before_prolonged_sound_mark ... ok
test strict_no_break_before_right_corner_bracket ... ok
test strict_no_break_before_small_hiragana_a ... ok
test strict_no_break_before_small_katakana_a ... ok
test strict_with_break_all_still_restricts ... ok
test strict_with_multiple_small_kana ... ok

test result: ok. 52 passed; 0 failed; 0 ignored; 0 measured; 0 filtered out; finished in 0.74s

     Running tests/line_breaking_advanced_tests.rs (/mnt/e/openui-v02-cargo-c73754e2/target/debug/deps/line_breaking_advanced_tests-b0e9e8b54801c5bb)

running 48 tests
test infinite_width_used_width_positive ... ok
test has_ellipsis_defaults_false ... ok
test infinite_width_all_on_one_line ... ok
test infinite_width_is_last_line ... ok
test long_word_alone_first_line_has_content ... ok
test available_width_stored_consistently_across_lines ... ok
test overflow_wrap_anywhere_breaks_mid_word_like_break_word ... ok
test long_word_overflow_wrap_break_word_multiple_lines ... ok
test many_words_wrapping_naturally ... ok
test long_word_overflow_wrap_normal_one_line ... ok
test overflow_wrap_break_word_with_break_all_interaction ... ok
test long_word_break_all_breaks_between_chars ... ok
test overflow_wrap_break_word_breaks_unbreakable_word ... ok
test each_line_has_positive_used_width ... ok
test is_last_line_true_only_on_final ... ok
test cjk_breaks_between_any_two_characters ... ok
test multiple_trailing_spaces_excluded ... ok
test cjk_mixed_with_latin ... ok
test overflow_wrap_break_word_prefers_word_boundaries ... ok
test cjk_keep_all_behavior ... ok
test overflow_wrap_normal_overflows_unbreakable_word ... ok
test pre_line_wraps_long_content ... ok
test pre_wrap_newline_plus_soft_wrap ... ok
test text_align_justify_propagated ... ok
test text_align_left_default ... ok
test text_align_right_propagated ... ok
test three_words_each_on_own_line ... ok
test trailing_space_does_not_add_extra_line ... ok
test trailing_space_in_pre_preserved ... ok
test trailing_space_not_counted_in_used_width ... ok
test white_space_normal_collapses_and_wraps ... ok
test white_space_nowrap_all_on_one_line ... ok
test white_space_pre_breaks_at_explicit_newline ... ok
test white_space_pre_line_collapses_spaces_but_breaks_at_newline ... ok
test white_space_pre_multiple_newlines_each_creates_line ... ok
test white_space_pre_no_word_wrap_break ... ok
test white_space_pre_wrap_breaks_at_newline_and_wraps ... ok
test word_boundary_break_after_period_in_sentence ... ok
test word_boundary_break_at_hyphen_when_narrow ... ok
test word_boundary_multiple_spaces_break_at_boundary ... ok
test word_boundary_non_breaking_space_prevents_break ... ok
test word_boundary_soft_hyphen_is_break_opportunity ... ok
test word_break_break_all_abcdef_width_for_three_chars ... ok
test word_break_break_all_produces_more_lines_than_normal ... ok
test word_break_break_all_splits_mid_word ... ok
test word_break_keep_all_latin_same_as_normal ... ok
test word_break_normal_does_not_break_mid_word ... ok
test zero_width_every_word_separate_line ... ok

test result: ok. 48 passed; 0 failed; 0 ignored; 0 measured; 0 filtered out; finished in 0.72s

     Running tests/line_breaking_tests.rs (/mnt/e/openui-v02-cargo-c73754e2/target/debug/deps/line_breaking_tests-b50ef3ad23ec4db3)

running 60 tests
test cjk_breaks_between_ideographs ... ok
test cjk_three_chars_have_two_breaks ... ok
test cjk_mixed_with_latin_breaks ... ok
test empty_text_produces_no_lines ... ok
test line_breaker_finished_on_empty ... ok
test line_breaker_is_finished_after_all_consumed ... ok
test line_has_content_returns_true_for_text ... ok
test line_info_used_width_nonzero ... ok
test available_width_stored_in_line_info ... ok
test line_info_is_last_line_true_for_single_line ... ok
test line_items_have_correct_item_type ... ok
test item_index_references_original_items ... ok
test inline_size_matches_used_width_single_item ... ok
test long_word_overflows_if_first_on_line ... ok
test available_width_exactly_matches_no_break ... ok
test line_info_has_forced_break_false_for_soft_break ... ok
test line_info_is_last_line_false_for_first_of_multiple ... ok
test break_spaces_wraps ... ok
test break_at_hyphen ... ok
test last_line_marker_multiline ... ok
test keep_all_only_breaks_at_spaces ... ok
test break_all_unicode ... ok
test multiple_lines_correct_distribution ... ok
test multiple_text_items_on_same_line ... ok
test multiple_text_nodes_break_correctly ... ok
test negative_width_available ... ok
test only_whitespace_text ... ok
test overflow_wrap_anywhere_breaks_mid_word ... ok
test overflow_wrap_break_word_breaks_mid_word ... ok
test pre_leading_newline ... ok
test pre_line_newline_forces_break ... ok
test pre_line_wraps_at_spaces ... ok
test pre_multiple_newlines ... ok
test pre_newline_forces_break ... ok
test pre_trailing_newline ... ok
test pre_wrap_breaks_at_available_width ... ok
test pre_wrap_breaks_at_spaces ... ok
test pre_wrap_preserves_spaces ... ok
test remaining_width_correct ... ok
test second_text_item_causes_break ... ok
test shape_result_present_in_line_items ... ok
test single_character_per_line_break_all ... ok
test single_word_fits_on_line ... ok
test single_word_wide_available ... ok
test span_open_close_on_same_line ... ok
test text_align_is_propagated ... ok
test text_items_have_text_range_on_line ... ok
test three_words_three_lines ... ok
test trailing_space_stripped_from_full_item ... ok
test trailing_space_stripped_from_split_item_at_end ... ok
test two_words_break_when_narrow ... ok
test two_words_fit_on_wide_line ... ok
test used_width_accumulates_across_items ... ok
test very_long_text_many_lines ... ok
test white_space_nowrap_prevents_breaks ... ok
test white_space_pre_preserves_newlines ... ok
test whitespace_pre_no_wrap ... ok
test word_break_break_all_breaks_between_characters ... ok
test word_break_break_word_same_as_overflow_wrap_break_word ... ok
test zero_width_available_forces_content ... ok

test result: ok. 60 passed; 0 failed; 0 ignored; 0 measured; 0 filtered out; finished in 0.93s

     Running tests/sp11_round12_fix_tests.rs (/mnt/e/openui-v02-cargo-c73754e2/target/debug/deps/sp11_round12_fix_tests-0b23d5324baafeb5)

running 8 tests
test cross_node_space_collapse_preserves_non_space_boundary ... ok
test cross_node_trailing_leading_spaces_collapse_to_single ... ok
test cross_node_prewrap_does_not_collapse_spaces ... ok
test text_indent_with_text_align_right_no_overflow ... ok
test text_indent_with_text_align_center_content_centered_in_remaining ... ok
test inline_span_border_contributes_to_used_width ... ok
test inline_span_padding_causes_earlier_line_break ... ok
test prewrap_forced_overlong_before_newline_no_extra_blank_line ... ok

test result: ok. 8 passed; 0 failed; 0 ignored; 0 measured; 0 filtered out; finished in 0.15s

     Running tests/sp11_round16_fix_tests.rs (/mnt/e/openui-v02-cargo-c73754e2/target/debug/deps/sp11_round16_fix_tests-ee17c837b19a4b72)

running 6 tests
test open_tag_percentage_padding_uses_containing_block_not_line_available ... ok
test rtl_narrow_container_ellipsis_at_start ... ok
test half_leading_preserves_subpixel_line_height_1_2_font_16 ... ok
test percentage_padding_on_inline_resolves_against_containing_block ... ok
test rtl_ellipsis_at_start_via_line_breaker ... ok
test ellipsis_trimming_does_not_split_grapheme_clusters ... ok

test result: ok. 6 passed; 0 failed; 0 ignored; 0 measured; 0 filtered out; finished in 0.15s

     Running tests/sp11_round19_fix_tests.rs (/mnt/e/openui-v02-cargo-c73754e2/target/debug/deps/sp11_round19_fix_tests-f5bcf6d2ea8fc3aa)

running 7 tests
test tab_expansion_position_dependent_not_column_count ... ok
test tab_expansion_advance_based_with_larger_space ... ok
test tab_expansion_length_based_tab_size ... ok
test rtl_span_asymmetric_border_uses_correct_side ... ok
test rtl_span_asymmetric_padding_inline_start_is_right ... ok
test justify_single_trailing_space_not_expanded ... ok
test justify_prewrap_multiple_trailing_spaces_not_expanded ... ok

test result: ok. 7 passed; 0 failed; 0 ignored; 0 measured; 0 filtered out; finished in 0.11s

     Running tests/sp11_round20_fix_tests.rs (/mnt/e/openui-v02-cargo-c73754e2/target/debug/deps/sp11_round20_fix_tests-ceaf434badbcf7dd)

running 20 tests
test int_ascent_rounds_half_up ... ok
test int_ascent_rounds_to_nearest ... ok
test int_line_spacing_rounds_sum ... ok
test int_line_spacing_zero_gap ... ok
test tab_expansion_proportional_narrow_chars ... ok
test tab_expansion_uniform_width_matches_old_behavior ... ok
test tab_expansion_proportional_wide_chars ... ok
test capitalize_armenian_ligature ... ok
test capitalize_1st_no_spurious_cap ... ok
test capitalize_titlecase_digraph_identity ... ok
test capitalize_digit_then_space_then_word ... ok
test capitalize_leading_digits_in_word ... ok
test capitalize_eszett_to_ss ... ok
test bidi_visual_reorder_even_levels_no_reversal ... ok
test cross_node_normal_spaces_still_collapse ... ok
test bidi_reorder_all_even_levels_preserves_order ... ok
test cross_node_pre_space_does_not_collapse_next ... ok
test justify_accumulator_precision_no_drift ... ok
test justify_exclude_all_trailing ... ok
test justify_exclude_trailing_spaces ... ok

test result: ok. 20 passed; 0 failed; 0 ignored; 0 measured; 0 filtered out; finished in 0.25s

     Running tests/sp11_round21_fix_tests.rs (/mnt/e/openui-v02-cargo-c73754e2/target/debug/deps/sp11_round21_fix_tests-0fde45930f2ca65e)

running 12 tests
test half_leading_ascent_uses_floor ... ok
test text_align_last_center_on_last_line ... ok
test half_leading_floor_ceil_snap_total_equals_line_height ... ok
test atomic_inline_percentage_width_resolves ... ok
test text_align_last_auto_falls_back_to_start ... ok
test text_justify_none_suppresses_justification ... ok
test text_justify_inter_word_counts_spaces ... ok
test atomic_inline_auto_with_min_width_uses_floor ... ok
test atomic_inline_max_width_clamps ... ok
test text_justify_inter_character_counts_all_gaps ... ok
test div_display_inline_creates_inline_box_not_atomic ... ok
test div_display_inline_block_still_atomic ... ok

test result: ok. 12 passed; 0 failed; 0 ignored; 0 measured; 0 filtered out; finished in 0.15s

     Running tests/sp11_round22_fix_tests.rs (/mnt/e/openui-v02-cargo-c73754e2/target/debug/deps/sp11_round22_fix_tests-1c968db549f2e785)

running 6 tests
test text_align_last_mapping_logic_comprehensive ... ok
test text_align_last_center_with_text_align_left ... ok
test text_align_last_auto_with_non_justify_preserves_text_align ... ok
test text_align_last_end_with_text_align_start ... ok
test inter_character_justify_single_item_expands_shape ... ok
test inter_character_justify_boundary_gaps_between_items ... ok

test result: ok. 6 passed; 0 failed; 0 ignored; 0 measured; 0 filtered out; finished in 0.12s

     Running tests/sp11_round23_fix_tests.rs (/mnt/e/openui-v02-cargo-c73754e2/target/debug/deps/sp11_round23_fix_tests-6f899e1d11a1c6f5)

running 5 tests
test computed_style_locale_defaults_to_none ... ok
test style_to_font_description_plumbs_locale ... ok
test style_to_font_description_locale_none_by_default ... ok
test inter_char_justification_text_only_counts_internal_gaps ... ok
test inter_char_justification_no_gap_across_atomic_inline ... ok

test result: ok. 5 passed; 0 failed; 0 ignored; 0 measured; 0 filtered out; finished in 0.09s

     Running tests/sp11_round24_fix_tests.rs (/mnt/e/openui-v02-cargo-c73754e2/target/debug/deps/sp11_round24_fix_tests-e5877a166615a18d)

running 7 tests
test r24_atomic_inline_with_text_child_has_children ... ok
test r24_auto_width_inline_block_with_text_nonzero_width ... ok
test r24_text_justify_auto_cjk_uses_inter_character ... ok
test r24_auto_width_inline_block_no_children_zero_width ... ok
test r24_auto_width_respects_min_width_floor ... ok
test r24_atomic_inline_children_contain_text_fragments ... ok
test r24_text_justify_auto_latin_uses_inter_word ... ok

test result: ok. 7 passed; 0 failed; 0 ignored; 0 measured; 0 filtered out; finished in 0.17s

     Running tests/sp11_round28_fix_tests.rs (/mnt/e/openui-v02-cargo-c73754e2/target/debug/deps/sp11_round28_fix_tests-2666adfdaa83e0a3)

running 2 tests
test r28_valign_percentage_uses_int_line_spacing_for_normal ... ok
test r28_valign_percentage_consistent_with_explicit_length ... ok

test result: ok. 2 passed; 0 failed; 0 ignored; 0 measured; 0 filtered out; finished in 0.09s

     Running tests/sp11_round2_fix_tests.rs (/mnt/e/openui-v02-cargo-c73754e2/target/debug/deps/sp11_round2_fix_tests-15141f927ed95de2)

running 17 tests
test atomic_inline_has_correct_width ... ok
test atomic_inline_has_correct_height ... ok
test bidi_ltr_text_remains_ltr_shaped ... ok
test bidi_rtl_text_shaped_with_rtl_direction ... ok
test ellipsis_not_applied_when_text_fits ... ok
test atomic_inline_produces_box_fragment ... ok
test trailing_space_at_item_end_stripped ... ok
test bidi_mixed_text_items_split_and_shaped_correctly ... ok
test ellipsis_clips_long_text_instead_of_removing ... ok
test ellipsis_total_width_within_available ... ok
test ellipsis_fragment_has_text_content ... ok
test ellipsis_fragment_exists_when_overflow ... ok
test trailing_space_mid_item_strip_reduces_width ... ok
test justification_last_line_not_expanded ... ok
test justification_excludes_trailing_space_from_expansion ... ok
test justification_text_aligns_to_edges ... ok
test trailing_space_strip_wrapping_consistency ... ok

test result: ok. 17 passed; 0 failed; 0 ignored; 0 measured; 0 filtered out; finished in 0.27s

     Running tests/sp11_round3_fix_tests.rs (/mnt/e/openui-v02-cargo-c73754e2/target/debug/deps/sp11_round3_fix_tests-87180358f1b9438a)

running 5 tests
test atomic_inline_middle_splits_height ... ok
test atomic_inline_tall_expands_line_height ... ok
test ellipsis_inherits_parent_text_color ... ok
test trailing_space_multibyte_accented ... ok
test trailing_space_non_ascii_cafe ... ok

test result: ok. 5 passed; 0 failed; 0 ignored; 0 measured; 0 filtered out; finished in 0.11s

     Running tests/sp11_round4_fix_tests.rs (/mnt/e/openui-v02-cargo-c73754e2/target/debug/deps/sp11_round4_fix_tests-7555cf842a3e2716)

running 3 tests
test atomic_inline_valign_bottom_at_line_bottom ... ok
test atomic_inline_valign_top_at_line_top ... ok
test atomic_inline_valign_middle_centered_around_baseline ... ok

test result: ok. 3 passed; 0 failed; 0 ignored; 0 measured; 0 filtered out; finished in 0.11s

     Running tests/sp11_round7_fix_tests.rs (/mnt/e/openui-v02-cargo-c73754e2/target/debug/deps/sp11_round7_fix_tests-2a1c5c522f7e48f4)

running 5 tests
test narrow_box_ellipsis_still_shows_ellipsis ... ok
test break_spaces_preserves_trailing_spaces ... ok
test break_spaces_wrapping_preserves_space_at_line_end ... ok
test atomic_inline_valign_length_shifted_above_baseline ... ok
test atomic_inline_valign_percentage_shifted ... ok

test result: ok. 5 passed; 0 failed; 0 ignored; 0 measured; 0 filtered out; finished in 0.13s

     Running tests/sp11_round8_fix_tests.rs (/mnt/e/openui-v02-cargo-c73754e2/target/debug/deps/sp11_round8_fix_tests-fc085d213eb85415)

running 4 tests
test atomic_inline_valign_percentage_different_line_heights ... ok
test atomic_inline_valign_percentage_uses_line_height_not_box_height ... ok
test atomic_inline_middle_small_centered ... ok
test atomic_inline_middle_with_text_no_overflow_above ... ok

test result: ok. 4 passed; 0 failed; 0 ignored; 0 measured; 0 filtered out; finished in 0.10s

     Running tests/sp11_round9_fix_tests.rs (/mnt/e/openui-v02-cargo-c73754e2/target/debug/deps/sp11_round9_fix_tests-18ecf29a5fa09df4)

running 4 tests
test atomic_inline_sub_line_expanded ... ok
test atomic_inline_valign_negative_length_reduces_line_height ... ok
test atomic_inline_text_bottom_no_overflow ... ok
test atomic_inline_text_top_no_overflow ... ok

test result: ok. 4 passed; 0 failed; 0 ignored; 0 measured; 0 filtered out; finished in 0.10s

     Running tests/sp12_abspos_tests.rs (/mnt/e/openui-v02-cargo-c73754e2/target/debug/deps/sp12_abspos_tests-eae63a2ea7217ec6)

running 20 tests
test abs_display_none_excluded ... ok
test abs_auto_width ... ok
test abs_top_left ... ok
test fixed_positioning_basic ... ok
test abs_auto_left_with_right_width ... ok
test abs_nested ... ok
test abs_overconstrained_rtl ... ok
test abs_static_position_fallback ... ok
test abs_auto_margin_left_absorbs ... ok
test abs_with_border_padding ... ok
test abs_all_sides_specified ... ok
test abs_right_bottom ... ok
test abs_auto_height ... ok
test abs_centering_auto_margins ... ok
test abs_vertical_centering_auto_margins ... ok
test abs_mixed_with_normal_flow ... ok
test abs_auto_top_with_bottom_height ... ok
test abs_percentage_values ... ok
test abs_negative_offsets ... ok
test abs_overconstrained_ltr ... ok

test result: ok. 20 passed; 0 failed; 0 ignored; 0 measured; 0 filtered out; finished in 0.27s

     Running tests/sp12_bfc_resolution_tests.rs (/mnt/e/openui-v02-cargo-c73754e2/target/debug/deps/sp12_bfc_resolution_tests-e75586258d352974)

running 16 tests
test estimate_with_margin_strut ... ok
test bfc_starts_unresolved ... ok
test clear_triggers_resolution ... ok
test content_triggers_resolution ... ok
test border_padding_triggers_resolution ... ok
test needs_relayout_detects_mismatch ... ok
test empty_pending_floats ... ok
test multiple_pending_floats_all_positioned ... ok
test double_resolve_is_noop ... ok
test needs_relayout_false_when_unresolved ... ok
test new_fc_triggers_resolution ... ok
test no_conditions_does_not_trigger_resolution ... ok
test pending_floats_positioned_on_resolve ... ok
test resolve_transitions_to_resolved ... ok
test resolve_with_different_estimate_needs_relayout ... ok
test resolve_with_matching_estimate_no_relayout ... ok

test result: ok. 16 passed; 0 failed; 0 ignored; 0 measured; 0 filtered out; finished in 0.19s

     Running tests/sp12_css_sizing_tests.rs (/mnt/e/openui-v02-cargo-c73754e2/target/debug/deps/sp12_css_sizing_tests-a9272042c4d91ca5)

running 30 tests
test aspect_ratio_1_to_1 ... ok
test aspect_ratio_both_definite_ignored ... ok
test aspect_ratio_height_to_width ... ok
test aspect_ratio_plus_min_width_constraint ... ok
test aspect_ratio_both_indefinite_no_resolution ... ok
test aspect_ratio_width_to_height ... ok
test aspect_ratio_with_auto_flag_prefers_intrinsic ... ok
test automatic_block_size_fit_content ... ok
test automatic_block_size_fit_content_small_available ... ok
test automatic_inline_size_stretch ... ok
test definite_size_auto_with_fixed_space ... ok
test definite_size_auto_without_fixed_space ... ok
test definite_size_detection_length ... ok
test definite_size_detection_percentage_with_definite_cb ... ok
test definite_size_min_content_is_indefinite ... ok
test fit_content_clamping_above_max ... ok
test fit_content_clamping_below_min ... ok
test fit_content_clamping_between_min_and_max ... ok
test indefinite_percentage_with_indefinite_cb ... ok
test max_content_keyword_resolution ... ok
test min_content_keyword_resolution ... ok
test preferred_size_fixed_value ... ok
test preferred_size_percentage ... ok
test preferred_size_with_keyword_and_min_max ... ok
test sizing_keyword_enum_construction ... ok
test stretch_definite_in_flex_context ... ok
test stretch_resolution_fills_available ... ok
test stretch_resolves_against_available_size ... ok
test stretch_with_margins_subtracted ... ok
test zero_aspect_ratio_handling ... ok

test result: ok. 30 passed; 0 failed; 0 ignored; 0 measured; 0 filtered out; finished in 0.38s

     Running tests/sp12_float_integration_tests.rs (/mnt/e/openui-v02-cargo-c73754e2/target/debug/deps/sp12_float_integration_tests-de4a431115558964)

running 25 tests
test float_drops_below_when_no_room ... ok
test float_child_laid_out_with_correct_size ... ok
test float_right_basic ... ok
test float_left_basic ... ok
test clear_none_no_effect ... ok
test float_right_with_margins ... ok
test clear_right ... ok
test clear_left ... ok
test block_after_expired_float_gets_full_width ... ok
test fixed_width_block_beside_float ... ok
test clear_left_ignores_right_float ... ok
test float_left_with_margins ... ok
test content_wraps_around_right_float ... ok
test content_wraps_between_both_floats ... ok
test content_wraps_around_left_float ... ok
test clear_both ... ok
test clear_right_clears_tallest_right_float ... ok
test float_in_container_with_border_padding ... ok
test float_then_clear_then_float ... ok
test float_does_not_advance_block_offset ... ok
test left_and_right_float ... ok
test mixed_float_and_non_float_children ... ok
test multiple_blocks_wrap_around_same_float ... ok
test multiple_left_floats_stack ... ok
test only_floats_zero_height ... ok

test result: ok. 25 passed; 0 failed; 0 ignored; 0 measured; 0 filtered out; finished in 0.34s

     Running tests/sp12_fragmentation_tests.rs (/mnt/e/openui-v02-cargo-c73754e2/target/debug/deps/sp12_fragmentation_tests-104fd7a08a47ee41)

running 39 tests
test block_break_token_break_before_flag ... ok
test block_break_token_new ... ok
test break_appeal_full_chain ... ok
test break_appeal_ordering_perfect_gt_default ... ok
test break_appeal_ordering_default_gt_violating ... ok
test break_appeal_ordering_violating_gt_last_resort ... ok
test break_at_fragmentainer_boundary ... ok
test break_avoid_all_candidates_last_resort ... ok
test break_avoid_demotes_to_last_resort ... ok
test break_before_appeal_auto ... ok
test break_before_appeal_avoid ... ok
test break_before_appeal_forced ... ok
test break_token_chaining_parent_and_child ... ok
test break_token_multiple_children ... ok
test computed_style_fragmentation_defaults ... ok
test empty_children_returns_default ... ok
test forced_break_after_always ... ok
test forced_break_before_always ... ok
test forced_break_before_page ... ok
test fragmentainer_consume_updates_state ... ok
test fragmentainer_exhausted_when_full ... ok
test fragmentainer_exhausted_when_overflowed ... ok
test fragmentainer_not_exhausted_with_space ... ok
test fragmentainer_remaining_calculation ... ok
test join_break_between_auto_yields_other ... ok
test join_break_between_avoid_specificity ... ok
test join_break_between_forced_wins_over_avoid ... ok
test join_break_between_stronger_forced_wins ... ok
test legacy_page_break_before_always ... ok
test legacy_page_break_before_auto ... ok
test legacy_page_break_before_avoid ... ok
test legacy_page_break_inside_auto ... ok
test legacy_page_break_inside_avoid ... ok
test legacy_page_break_left_right ... ok
test no_break_when_all_content_fits ... ok
test should_break_after_forced_values ... ok
test should_break_after_non_forced_values ... ok
test should_break_before_forced_values ... ok
test should_break_before_non_forced_values ... ok

test result: ok. 39 passed; 0 failed; 0 ignored; 0 measured; 0 filtered out; finished in 0.51s

     Running tests/sp12_h2_core_block_tests.rs (/mnt/e/openui-v02-cargo-c73754e2/target/debug/deps/sp12_h2_core_block_tests-26e3fa544191f4be)

running 285 tests
test ab_block_preserves_widths ... ok
test ab_only_none_children_empty ... ok
test as_auto_height_empty ... ok
test ab_many_blocks_maintain_sizes ... ok
test ab_five_blocks_stacking ... ok
test ab_nested_blocks_all_block ... ok
test ab_all_block_children_no_anonymous ... ok
test ab_all_block_preserves_order ... ok
test ab_block_none_block ... ok
test as_auto_height_margin_bottom_child ... ok
test as_auto_height_five_children ... ok
test as_auto_height_single_child ... ok
test ab_inline_children_with_none_between ... ok
test ab_single_inline_child ... ok
test ab_multiple_inline_children_single_wrapper ... ok
test ab_block_then_two_inline ... ok
test ab_inline_then_block ... ok
test ab_block_then_inline ... ok
test ab_two_inline_then_block ... ok
test ab_inline_block_inline ... ok
test ab_alternating_inline_block ... ok
test as_auto_height_three_children ... ok
test as_auto_height_two_children ... ok
test as_auto_height_with_border ... ok
test as_auto_height_with_border_only ... ok
test as_auto_height_with_large_padding ... ok
test as_auto_height_with_max_height_and_children ... ok
test as_auto_height_with_min_height_and_children ... ok
test as_auto_height_with_padding ... ok
test as_auto_height_with_padding_and_border ... ok
test as_auto_width_600px_container ... ok
test as_auto_width_equals_container ... ok
test as_auto_width_in_200px_container ... ok
test as_auto_width_with_both_margins ... ok
test as_auto_width_with_left_margin ... ok
test as_auto_width_with_margin_and_border ... ok
test as_auto_width_with_max_width ... ok
test as_auto_width_with_min_width ... ok
test as_auto_width_with_padding ... ok
test as_max_height_50_with_content_100 ... ok
test as_max_height_constrains_fixed ... ok
test as_max_height_does_not_grow ... ok
test as_max_width_constrains_fixed ... ok
test as_max_width_smaller_than_auto ... ok
test as_min_height_200_with_content_50 ... ok
test as_min_height_constrains_auto ... ok
test as_min_height_does_not_shrink ... ok
test as_min_max_height_together ... ok
test as_min_max_width_together ... ok
test as_min_width_constrains_auto ... ok
test as_min_width_larger_than_auto ... ok
test as_percentage_height_100pct ... ok
test as_percentage_height_25pct ... ok
test as_percentage_height_75pct ... ok
test as_percentage_height_with_auto_parent_treated_as_auto ... ok
test as_percentage_height_with_definite_parent ... ok
test bm_all_four_margins_different ... ok
test bm_auto_margin_left_pushes_right ... ok
test bm_border_1px_all_sides ... ok
test bm_border_5px_all_sides ... ok
test bm_border_asymmetric ... ok
test bm_border_bottom_only ... ok
test bm_border_box_centered_with_auto_margins ... ok
test bm_border_box_includes_padding_and_border ... ok
test bm_border_box_nested_child_width ... ok
test bm_border_box_width_300_padding_20 ... ok
test bm_border_box_width_equals_specified ... ok
test bm_border_box_with_border_only ... ok
test bm_border_left_only ... ok
test bm_border_none_style_zero_width ... ok
test bm_border_top_only ... ok
test bm_content_box_default ... ok
test bm_content_box_nested_child_width ... ok
test bm_content_box_width_with_large_padding ... ok
test bm_content_width_minus_border ... ok
test bm_content_width_minus_padding ... ok
test bm_content_width_minus_padding_and_border ... ok
test bm_large_padding ... ok
test bm_margin_0_auto_100px_in_500 ... ok
test bm_margin_0_auto_centering ... ok
test bm_margin_auto_both_centers ... ok
test bm_margin_auto_left_only ... ok
test bm_margin_auto_right_only ... ok
test bm_margin_auto_with_border_and_padding ... ok
test bm_margin_auto_with_fixed_width_300 ... ok
test bm_margin_auto_with_width_equal_container ... ok
test bm_margin_bottom_between_siblings ... ok
test bm_margin_does_not_add_to_size ... ok
test bm_margin_percentage_top ... ok
test bm_margin_top_20_first_child ... ok
test bm_negative_margin_both_sides_fixed_width ... ok
test bm_negative_margin_left ... ok
test bm_negative_margin_right ... ok
test bm_negative_margin_top_shifts_up ... ok
test bm_padding_adds_to_height ... ok
test bm_padding_left_only ... ok
test bm_padding_percent_bottom ... ok
test bm_padding_percent_left_right ... ok
test bm_padding_percent_top ... ok
test bm_padding_right_only ... ok
test bm_padding_top_only ... ok
test bm_percentage_margin_both_sides ... ok
test bm_percentage_margin_left ... ok
test bm_percentage_margin_right ... ok
test bm_uniform_border_3 ... ok
test bm_uniform_padding_10 ... ok
test bm_zero_padding_and_border ... ok
test dt_block_then_none_then_block ... ok
test dt_block_with_max_width ... ok
test dt_display_block_default ... ok
test dt_display_block_fills_width ... ok
test dt_display_block_stacks ... ok
test dt_display_none_all_children ... ok
test dt_display_none_between_siblings ... ok
test dt_display_none_does_not_affect_layout ... ok
test dt_display_none_first_child ... ok
test dt_display_none_last_child ... ok
test dt_display_none_no_fragment ... ok
test dt_display_none_with_fixed_width ... ok
test dt_display_none_with_margins ... ok
test dt_flex_container_fills_width ... ok
test dt_flex_container_with_fixed_width ... ok
test dt_flex_container_within_block ... ok
test dt_flex_stacks_with_block ... ok
test dt_flow_root_basic ... ok
test dt_flow_root_between_blocks ... ok
test dt_flow_root_centered ... ok
test dt_flow_root_does_not_collapse_margins ... ok
test dt_flow_root_fills_width ... ok
test dt_flow_root_stacks_with_block ... ok
test dt_flow_root_with_fixed_width ... ok
test dt_grid_container_basic ... ok
test dt_inline_block_respects_width_height ... ok
test dt_inline_block_with_fixed_size ... ok
test dt_list_item_acts_as_block ... ok
test dt_multiple_list_items_stack ... ok
test dt_multiple_none_between_blocks ... ok
test dt_table_display_basic ... ok
test ec_1px_child ... ok
test ec_auto_margin_200_in_200 ... ok
test ec_auto_margin_left_with_width_equal_container ... ok
test ec_auto_margin_with_width_exceeding_container ... ok
test ec_auto_width_with_large_margin ... ok
test ec_border_box_auto_width ... ok
test ec_border_box_with_border_and_padding ... ok
test ec_border_box_with_zero_content ... ok
test ec_border_box_zero_height ... ok
test ec_border_box_zero_width ... ok
test ec_child_in_large_container ... ok
test ec_child_taller_than_container ... ok
test ec_child_wider_than_container ... ok
test ec_child_with_all_box_model_properties ... ok
test ec_child_with_all_zero_properties ... ok
test ec_child_with_only_border ... ok
test ec_child_with_only_padding ... ok
test ec_child_zero_height_with_border ... ok
test ec_child_zero_height_with_padding ... ok
test ec_children_alternate_empty_and_sized ... ok
test ec_container_100x100_child_fills ... ok
test ec_container_1x1 ... ok
test ec_container_large_dimensions ... ok
test ec_container_with_border_and_padding_child ... ok
test ec_container_with_padding_and_single_child ... ok
test ec_deeply_nested_10_levels ... ok
test ec_empty_container_with_border ... ok
test ec_empty_container_with_padding ... ok
test ec_fixed_width_with_overflow_hidden ... ok
test ec_flow_root_with_border ... ok
test ec_flow_root_with_padding ... ok
test ec_large_margin_left ... ok
test ec_large_vertical_margin ... ok
test ec_many_centered_children ... ok
test ec_many_children_with_margins ... ok
test ec_many_display_none_children ... ok
test ec_many_empty_children_stacking ... ok
test ec_margin_exceeds_container ... ok
test ec_max_height_zero ... ok
test ec_max_width_zero ... ok
test ec_min_height_greater_than_max_height ... ok
test ec_min_width_greater_than_max_width ... ok
test ec_multiple_centered_children ... ok
test ec_multiple_percentage_width_children ... ok
test ec_nested_auto_height_chain ... ok
test ec_nested_blocks_auto_height_propagation ... ok
test ec_nested_blocks_auto_width_propagation ... ok
test ec_nested_border_box ... ok
test ec_nested_child_centered ... ok
test ec_nested_child_with_margin ... ok
test ec_nested_fixed_width ... ok
test ec_nested_margins_with_border_separator ... ok
test ec_only_display_none_children ... ok
test ec_overflow_hidden_child ... ok
test ec_overflow_hidden_with_auto_width ... ok
test ec_percentage_height_in_border_box_parent ... ok
test ec_percentage_width_in_zero_width_container ... ok
test ec_relative_position_does_not_affect_flow ... ok
test ec_stacking_with_variable_heights ... ok
test ec_three_empty_children ... ok
test ec_width_50pct_in_800 ... ok
test ec_zero_height_child ... ok
test ec_zero_height_container ... ok
test ec_zero_padding_explicit ... ok
test ec_zero_size_container ... ok
test ec_zero_width_child ... ok
test ec_zero_width_container ... ok
test nf_auto_height_from_multiple_children ... ok
test nf_auto_height_from_single_child ... ok
test nf_auto_height_no_children ... ok
test nf_auto_width_child_in_narrow_container ... ok
test nf_auto_width_fills_800px_container ... ok
test nf_auto_width_fills_container ... ok
test nf_auto_width_in_1px_container ... ok
test nf_auto_width_with_horizontal_margins ... ok
test nf_border_padding_position_nested_child ... ok
test nf_centered_100px_in_1000 ... ok
test nf_centered_200px_in_600 ... ok
test nf_child_at_zero_zero_with_no_margin ... ok
test nf_child_auto_width_with_border ... ok
test nf_child_fills_remaining_width_with_left_margin ... ok
test nf_child_fills_remaining_width_with_right_margin ... ok
test nf_child_width_plus_margins_fill_container ... ok
test nf_child_with_border_and_padding ... ok
test nf_child_with_border_reduces_content_width ... ok
test nf_child_with_padding_reduces_content_width ... ok
test nf_children_with_different_widths ... ok
test nf_children_with_margins_stack ... ok
test nf_container_1024x768 ... ok
test nf_container_800x600 ... ok
test nf_container_with_border_children_position ... ok
test nf_eight_children_sequential_heights ... ok
test nf_empty_block_followed_by_content ... ok
test nf_empty_block_zero_height ... ok
test nf_five_children_stack_vertically ... ok
test nf_fixed_height_300 ... ok
test nf_fixed_height_respected ... ok
test nf_fixed_height_zero ... ok
test nf_fixed_width_centered_auto_margins ... ok
test nf_fixed_width_centered_odd_remaining ... ok
test nf_fixed_width_left_auto_margin_right_fixed ... ok
test nf_fixed_width_right_auto_margin_left_fixed ... ok
test nf_fixed_width_smaller_than_container ... ok
test nf_multiple_children_count ... ok
test nf_percentage_width_100pct ... ok
test nf_percentage_width_10pct ... ok
test nf_percentage_width_25pct ... ok
test nf_percentage_width_33pct ... ok
test nf_percentage_width_50pct ... ok
test nf_percentage_width_75pct_of_600 ... ok
test nf_single_child_at_origin ... ok
test nf_single_child_fixed_size ... ok
test nf_ten_children_stacking ... ok
test nf_three_children_stack_vertically ... ok
test nf_two_children_different_widths_stacking ... ok
test nf_two_children_same_height ... ok
test nf_two_children_stack_vertically ... ok
test re_fixed_intrinsic_size ... ok
test re_fixed_intrinsic_size_large ... ok
test re_fixed_intrinsic_size_small ... ok
test re_replaced_100x100_centered ... ok
test re_replaced_1x1_size ... ok
test re_replaced_border_box ... ok
test re_replaced_centered ... ok
test re_replaced_constrained_by_max_width_to_container ... ok
test re_replaced_default_size_300x150 ... ok
test re_replaced_fills_container_with_100pct ... ok
test re_replaced_max_height_constraint ... ok
test re_replaced_max_width_constraint ... ok
test re_replaced_min_width_constraint ... ok
test re_replaced_percentage_width ... ok
test re_replaced_percentage_width_25pct ... ok
test re_replaced_percentage_width_75pct ... ok
test re_replaced_positioned_at_origin ... ok
test re_replaced_square_200 ... ok
test re_replaced_width_larger_than_container ... ok
test re_replaced_with_border ... ok
test re_replaced_with_border_box ... ok
test re_replaced_with_height_only ... ok
test re_replaced_with_margin_centered ... ok
test re_replaced_with_margins ... ok
test re_replaced_with_max_width_percentage ... ok
test re_replaced_with_padding ... ok
test re_replaced_with_width_only ... ok
test re_replaced_zero_size ... ok
test re_three_replaced_elements_stack ... ok
test re_two_replaced_stack ... ok

test result: ok. 285 passed; 0 failed; 0 ignored; 0 measured; 0 filtered out; finished in 4.38s

     Running tests/sp12_h3_float_tests.rs (/mnt/e/openui-v02-cargo-c73754e2/target/debug/deps/sp12_h3_float_tests-ee5cb1bf60883a1e)

running 353 tests
test bfc_beside_right_float ... ok
test bfc_element_with_margin_beside_float ... ok
test bfc2_overflow_hidden_no_width_beside_left_float ... ok
test bfc_element_with_fixed_width_beside_float ... ok
test bfc3_overflow_hidden_with_border ... ok
test bfc3_overflow_hidden_with_margin_and_float ... ok
test bfc2_float_with_bfc_child_containing_float ... ok
test bfc2_overflow_scroll_with_float ... ok
test bfc2_overflow_hidden_contains_multiple_floats ... ok
test bfc_float_creates_new_bfc ... ok
test bfc3_overflow_hidden_after_clear ... ok
test bfc_between_left_and_right_float ... ok
test bfc_float_with_overflow_hidden_child ... ok
test bfc2_overflow_auto_with_float ... ok
test bfc3_overflow_scroll_drops_below_when_no_room ... ok
test bfc_nested_bfc_beside_float ... ok
test bfc_multiple_floats_then_bfc_element ... ok
test bfc2_overflow_hidden_exact_fit_beside_float ... ok
test bfc2_overflow_hidden_with_clear_inside ... ok
test bfc2_overflow_hidden_with_two_floats ... ok
test bfc_nested_float_in_overflow_hidden ... ok
test bfc_overflow_auto_beside_float ... ok
test bfc_overflow_hidden_beside_float ... ok
test bfc_overflow_hidden_clears_internal_floats ... ok
test bfc_overflow_hidden_drops_below_float_when_too_wide ... ok
test bfc_overflow_hidden_no_float_full_width ... ok
test bfc_overflow_hidden_shrinks_beside_float ... ok
test bfc_overflow_hidden_tall_beside_short_float ... ok
test bfc_overflow_hidden_with_float_child ... ok
test bfc_overflow_scroll_beside_float ... ok
test bfc_self_clearing_overflow_hidden ... ok
test clear2_clear_both_with_margin_top ... ok
test clear2_clear_both_with_only_left_float ... ok
test clear2_clear_both_with_only_right_float ... ok
test clear2_clear_left_after_expired_float ... ok
test clear2_clear_left_with_margin_top_on_block ... ok
test clear2_clear_on_right_float_with_left_float ... ok
test clear2_clear_right_with_margin_top_on_block ... ok
test clear2_float_with_clear_both_after_same_side ... ok
test clear2_multiple_clears_in_sequence ... ok
test clear3_clear_both_after_multiple_mixed_floats ... ok
test clear3_clear_left_on_block_with_padding ... ok
test clear3_clear_left_past_two_left_floats_different_heights ... ok
test clear3_clear_right_on_block_with_border ... ok
test clear3_clear_right_past_two_right_floats_different_heights ... ok
test clear_both_after_no_floats_at_position_zero ... ok
test clear_both_clears_all_floats ... ok
test clear_both_multiple_floats_both_sides ... ok
test clear_both_past_tall_left_float ... ok
test clear_both_past_tall_right_float ... ok
test clear_consecutive_clears ... ok
test clear_float_then_clear_then_block_full_width ... ok
test clear_left_after_multiple_stacked_left_floats ... ok
test clear_left_clears_only_left_floats ... ok
test clear_left_then_clear_right ... ok
test clear_left_then_normal_flow ... ok
test clear_left_with_only_right_float_no_effect ... ok
test clear_on_float_itself_both ... ok
test clear_on_float_itself_left ... ok
test clear_on_float_itself_right ... ok
test clear_past_multiple_left_floats ... ok
test clear_past_multiple_right_floats ... ok
test clear_right_clears_only_right_floats ... ok
test clear_right_past_stacked_right_floats ... ok
test clear_right_with_only_left_float_no_effect ... ok
test clear_then_float_starts_fresh ... ok
test clear_with_margin_top ... ok
test clear_with_no_preceding_floats_no_effect ... ok
test combo_alternating_left_right_floats ... ok
test combo_block_after_many_floats_all_expired ... ok
test combo_block_float_block_float_block ... ok
test combo_block_with_margin_collapse_then_float ... ok
test combo_clear_on_second_of_three_blocks ... ok
test combo_container_border_and_float_with_margin ... ok
test combo_float_100pct_width ... ok
test combo_float_clear_float_clear ... ok
test combo_float_height_auto_with_children ... ok
test combo_float_left_75pct_then_right_25pct ... ok
test combo_float_left_border_box ... ok
test combo_float_left_then_bfc_then_clear ... ok
test combo_float_left_then_right_then_clear_both ... ok
test combo_float_left_width_auto_shrink_to_fit ... ok
test combo_float_percentage_and_fixed_widths ... ok
test combo_float_right_then_left_same_line ... ok
test combo_float_right_width_auto_shrink_to_fit ... ok
test combo_float_right_with_clear_left_no_effect ... ok
test combo_float_with_clear_self_left ... ok
test combo_float_with_clear_then_overflow_hidden ... ok
test combo_float_with_padding_margin_border ... ok
test combo_left_float_then_right_float_then_block_between ... ok
test combo_many_mixed_floats_and_blocks ... ok
test combo_mixed_float_sizes_complex ... ok
test combo_nested_overflow_hidden_with_float ... ok
test combo_overflow_hidden_container_contains_float ... ok
test combo_right_float_100pct_width ... ok
test combo_three_left_floats_then_clear ... ok
test combo_three_right_floats_clear_right ... ok
test combo_two_auto_width_left_floats ... ok
test combo_two_bfc_elements_beside_float ... ok
test edge2_float_border_box_with_all_box_model ... ok
test edge2_float_right_negative_margin_right ... ok
test edge2_float_with_auto_width_and_auto_height ... ok
test edge2_float_with_min_max_constraints ... ok
test edge2_float_with_overflow_hidden ... ok
test edge2_float_with_overflow_visible ... ok
test edge2_float_with_percentage_height ... ok
test edge2_percentage_width_with_padding ... ok
test edge2_three_floats_middle_with_clear ... ok
test edge2_two_floats_one_with_clear ... ok
test edge2_very_tall_float ... ok
test edge2_very_wide_float_left ... ok
test edge3_float_left_and_right_exact_fit ... ok
test edge3_float_left_and_right_one_pixel_overlap ... ok
test edge3_float_with_height_pct_50 ... ok
test edge3_float_with_percentage_width_1pct ... ok
test edge3_float_with_percentage_width_99pct ... ok
test edge3_float_with_very_large_margin ... ok
test edge3_float_with_zero_container_width ... ok
test edge3_grid_of_16_floats ... ok
test edge3_twenty_right_floats ... ok
test edge_deeply_nested_float ... ok
test edge_empty_float ... ok
test edge_float_exactly_container_width ... ok
test edge_float_in_container_with_border ... ok
test edge_float_in_container_with_padding ... ok
test edge_float_large_margin ... ok
test edge_float_right_wider_than_container ... ok
test edge_float_wider_than_container ... ok
test edge_float_with_border_and_padding ... ok
test edge_float_with_border_box_and_border ... ok
test edge_float_with_box_sizing_border_box ... ok
test edge_float_with_display_none_sibling ... ok
test edge_float_with_max_height ... ok
test edge_float_with_max_width ... ok
test edge_float_with_min_height ... ok
test edge_float_with_min_width ... ok
test edge_float_with_percentage_margins ... ok
test edge_left_float_with_percentage_width_50pct ... ok
test edge_many_floats_stress_test ... ok
test edge_negative_margin_bottom_float ... ok
test edge_negative_margin_left_float ... ok
test edge_negative_margin_right_on_left_float ... ok
test edge_negative_margin_top_float ... ok
test edge_right_float_with_large_margin_right ... ok
test edge_right_float_with_percentage_width_50pct ... ok
test edge_single_pixel_float ... ok
test edge_two_50pct_left_floats_fill_row ... ok
test edge_two_left_floats_one_zero_width ... ok
test edge_zero_height_float ... ok
test edge_zero_width_and_height_float ... ok
test edge_zero_width_float_left ... ok
test edge_zero_width_float_right ... ok
test extra_block_after_all_floats_clear_with_height ... ok
test extra_block_with_clear_both_after_expired_floats ... ok
test extra_clear_left_after_block_and_float ... ok
test extra_container_height_with_cleared_block_and_float ... ok
test extra_container_padding_and_multiple_floats ... ok
test extra_float_beside_block_with_fixed_width_and_margins ... ok
test extra_float_inside_padded_container_right ... ok
test extra_float_left_then_overflow_scroll ... ok
test extra_float_left_width_33pct ... ok
test extra_float_left_width_pct_20 ... ok
test extra_float_right_then_overflow_auto ... ok
test extra_float_right_width_pct_20 ... ok
test extra_float_with_border_box_sizing_and_margins ... ok
test extra_left_float_then_block_then_right_float ... ok
test extra_left_right_clear_both_repeated ... ok
test extra_many_right_floats_with_margins ... ok
test extra_nested_float_left_in_right_float ... ok
test extra_overflow_hidden_exact_width ... ok
test extra_right_float_beside_block_with_margin_right ... ok
test extra_three_equal_left_floats_pct ... ok
test extra_two_blocks_margin_collapse_after_float_clear ... ok
test extra_two_left_floats_then_block_between_floats ... ok
test final_complex_layout_with_all_features ... ok
test final_float_auto_width_with_nested_children ... ok
test final_float_grid_with_varying_heights ... ok
test final_left_float_with_many_normal_blocks ... ok
test final_nested_bfc_with_float_and_clear ... ok
test final_stress_mixed_floats_clears_bfc ... ok
test final_two_floats_with_blocks_in_between ... ok
test flow2_block_margin_top_beside_float ... ok
test flow2_block_taller_than_float_extends_below ... ok
test flow2_block_with_border_beside_right_float ... ok
test flow2_block_with_padding_beside_right_float ... ok
test flow2_clear_both_then_another_float ... ok
test flow2_float_between_two_blocks ... ok
test flow2_multiple_clear_lefts ... ok
test flow2_narrow_container_float_and_block ... ok
test flow2_three_blocks_beside_tall_float ... ok
test flow2_two_floats_then_tall_block ... ok
test flow3_block_beside_left_float_with_margin_left ... ok
test flow3_block_exactly_between_floats ... ok
test flow3_block_with_fixed_width_equal_to_available ... ok
test flow3_block_with_fixed_width_smaller_than_available ... ok
test flow3_four_blocks_beside_tall_float ... ok
test flow3_two_floats_block_between_then_clear ... ok
test flow_block_after_float_expires_gets_full_width ... ok
test flow_block_after_float_with_preceding_block ... ok
test flow_block_before_float_unaffected ... ok
test flow_block_below_expired_float_full_width ... ok
test flow_block_height_auto_beside_float ... ok
test flow_block_normal_after_block_beside_float ... ok
test flow_block_with_border_beside_float ... ok
test flow_block_with_clear_none_no_effect ... ok
test flow_block_with_margin_beside_float ... ok
test flow_block_with_padding_beside_float ... ok
test flow_block_wraps_right_float_reduced_width ... ok
test flow_clear_both_moves_below_all_floats ... ok
test flow_clear_left_moves_below_left_float ... ok
test flow_clear_left_no_left_float_no_effect ... ok
test flow_clear_right_moves_below_right_float ... ok
test flow_clear_right_no_right_float_no_effect ... ok
test flow_container_height_includes_normal_flow_not_float ... ok
test flow_content_between_two_floats ... ok
test flow_content_wraps_below_float_when_taller ... ok
test flow_fixed_width_block_beside_float ... ok
test flow_multiple_blocks_wrap_around_same_float ... ok
test flow_narrow_content_fits_between_floats ... ok
test flow_normal_content_beside_left_float ... ok
test flow_normal_content_beside_right_float ... ok
test flow_two_blocks_after_clear ... ok
test flow_two_blocks_beside_float_then_one_below ... ok
test margin2_block_after_float_margin_not_collapsed_with_float ... ok
test margin2_clear_and_margin_interaction ... ok
test margin2_float_between_blocks_margins_still_collapse ... ok
test margin2_float_bottom_margin_independent ... ok
test margin2_float_top_margin_independent ... ok
test margin2_overflow_hidden_margin_not_collapsed ... ok
test margin2_three_blocks_middle_with_float ... ok
test margin2_two_blocks_no_float_margins_collapse ... ok
test margin3_clear_element_margins_dont_collapse_with_float ... ok
test margin3_equal_margins_collapse_to_larger ... ok
test margin3_float_with_large_margins_no_collapse ... ok
test margin3_three_blocks_with_floats_interspersed ... ok
test margin_adjacent_siblings_dont_collapse_through_float ... ok
test margin_block_after_cleared_float_no_collapse ... ok
test margin_block_margin_after_float ... ok
test margin_block_margin_before_float ... ok
test margin_clear_prevents_collapse_through ... ok
test margin_container_with_float_only_zero_height ... ok
test margin_float_between_blocks_prevents_nothing ... ok
test margin_float_doesnt_collapse_with_parent ... ok
test margin_float_doesnt_participate_in_collapse_between_siblings ... ok
test margin_float_inside_bfc_no_collapse_with_outer ... ok
test margin_float_margin_bottom_doesnt_affect_next_block ... ok
test margin_float_margin_top_doesnt_collapse_with_sibling ... ok
test margin_no_collapse_between_floats ... ok
test margin_two_blocks_with_margin_around_float_region ... ok
test margin_two_non_float_blocks_collapse_normally ... ok
test pos2_float_left_200px_in_1000px_container ... ok
test pos2_float_left_75pct_width ... ok
test pos2_float_left_in_small_container ... ok
test pos2_float_left_margin_top_20 ... ok
test pos2_float_left_with_large_padding ... ok
test pos2_float_left_with_thick_border ... ok
test pos2_float_right_200px_in_1000px_container ... ok
test pos2_float_right_75pct_width ... ok
test pos2_float_right_in_small_container ... ok
test pos2_float_right_margin_top_20 ... ok
test pos2_float_right_with_large_padding ... ok
test pos2_float_right_with_thick_border ... ok
test pos2_two_left_floats_with_margins ... ok
test pos2_two_right_floats_with_margins ... ok
test pos3_container_padding_all_sides_with_float ... ok
test pos3_float_left_20px_width ... ok
test pos3_float_left_exact_half_container ... ok
test pos3_float_right_20px_width ... ok
test pos3_float_right_exact_half_container ... ok
test pos3_left_float_30pct_width ... ok
test pos3_left_float_with_border_top_only ... ok
test pos3_left_float_with_padding_left_only ... ok
test pos3_right_float_30pct_width ... ok
test pos3_two_left_floats_with_gap_margin ... ok
test pos_container_with_only_floats_has_zero_height ... ok
test pos_five_left_floats_wraps_fifth ... ok
test pos_float_drops_to_next_line_when_no_room ... ok
test pos_float_fixed_height ... ok
test pos_float_left_at_left_edge ... ok
test pos_float_left_fixed_width ... ok
test pos_float_left_full_container_width ... ok
test pos_float_left_percentage_width ... ok
test pos_float_left_respects_container_padding_left ... ok
test pos_float_left_respects_container_padding_top ... ok
test pos_float_left_small_width ... ok
test pos_float_left_tall ... ok
test pos_float_left_with_all_margins ... ok
test pos_float_left_with_border_box_sizing ... ok
test pos_float_left_with_margin_left ... ok
test pos_float_left_with_margin_right ... ok
test pos_float_left_with_margin_top ... ok
test pos_float_left_zero_margin ... ok
test pos_float_right_at_right_edge ... ok
test pos_float_right_full_container_width ... ok
test pos_float_right_percentage_width ... ok
test pos_float_right_respects_container_padding_right ... ok
test pos_float_right_small_width ... ok
test pos_float_right_with_margin_left ... ok
test pos_float_right_with_margin_right ... ok
test pos_four_left_floats_fill_row ... ok
test pos_left_float_10pct_width ... ok
test pos_left_float_with_border ... ok
test pos_left_float_with_margin_and_border ... ok
test pos_left_float_with_padding ... ok
test pos_mixed_left_and_right_float ... ok
test pos_multiple_left_floats_stack_horizontally ... ok
test pos_multiple_right_floats_stack_from_right ... ok
test pos_right_float_10pct_width ... ok
test pos_three_left_floats_stack_horizontally ... ok
test pos_three_right_floats_stack ... ok
test pos_two_left_floats_different_heights ... ok
test reg_all_floats_same_size ... ok
test reg_five_blocks_beside_tall_float ... ok
test reg_float_left_then_block_then_float_left ... ok
test reg_float_left_with_children_shrink_to_fit ... ok
test reg_float_pct_margins_both_sides ... ok
test reg_float_right_then_block_then_float_right ... ok
test reg_float_right_with_children_shrink_to_fit ... ok
test reg_float_then_block_then_clear_then_block ... ok
test reg_float_with_nested_float ... ok
test reg_float_with_nested_right_float ... ok
test reg_mixed_float_directions_and_clears ... ok
test reg_overflow_hidden_container_with_floats_and_blocks ... ok
test reg_two_left_floats_then_clear_then_two_more ... ok
test stack2_four_right_floats_two_rows ... ok
test stack2_left_float_then_right_float_same_height ... ok
test stack2_left_float_with_margin_right_affects_next ... ok
test stack2_right_float_then_left_float_same_height ... ok
test stack2_right_float_with_margin_left_affects_next ... ok
test stack2_ten_left_floats_two_rows ... ok
test stack2_uneven_heights_second_row_alignment ... ok
test stack3_alternating_sizes ... ok
test stack3_left_float_margin_accumulates ... ok
test stack3_left_float_varying_heights ... ok
test stack3_twelve_small_floats_three_rows ... ok
test stack_equal_width_floats_wrap_evenly ... ok
test stack_float_after_two_blocks ... ok
test stack_float_drops_to_next_shelf ... ok
test stack_float_left_margin_affects_stacking ... ok
test stack_float_placed_after_preceding_block ... ok
test stack_float_right_margin_affects_stacking ... ok
test stack_floats_different_heights_create_shelves ... ok
test stack_interleaved_left_right_floats ... ok
test stack_left_and_right_same_line ... ok
test stack_left_and_right_too_wide_right_drops ... ok
test stack_mixed_sizes_complex_layout ... ok
test stack_multiple_small_floats_filling_row ... ok
test stack_multiple_small_floats_overflow_to_next_row ... ok
test stack_right_floats_reverse_visual_order ... ok
test stack_right_floats_wrap_when_no_room ... ok
test stack_six_left_floats_two_rows ... ok
test stack_source_order_determines_left_float_stacking ... ok
test stack_tall_float_blocks_subsequent_floats ... ok

test result: ok. 353 passed; 0 failed; 0 ignored; 0 measured; 0 filtered out; finished in 4.71s

     Running tests/sp12_h4_margin_tests.rs (/mnt/e/openui-v02-cargo-c73754e2/target/debug/deps/sp12_h4_margin_tests-0846ecb9fcc98c94)

running 109 tests
test bfc_fixed_position_prevents ... ok
test clearance_left_prevents ... ok
test bfc_overflow_hidden_prevents ... ok
test bfc_overflow_scroll_prevents ... ok
test bfc_float_left_prevents ... ok
test bfc_float_right_prevents ... ok
test clearance_both_prevents ... ok
test bfc_absolute_position_prevents ... ok
test bfc_float_none_does_not_prevent ... ok
test bfc_child_prevents_parent_collapse ... ok
test bfc_child_after_resets_strut_complex ... ok
test clearance_child_severs_chain ... ok
test clearance_right_prevents ... ok
test bfc_overflow_auto_prevents ... ok
test chain_empty_blocks_between_content ... ok
test clearance_none_does_not_prevent ... ok
test complex_five_siblings_alternating_margins ... ok
test complex_integration_border_breaks_chain ... ok
test complex_integration_mixed_children ... ok
test complex_negative_sibling_overlap_integration ... ok
test complex_integration_nested_parent_child ... ok
test deeply_nested_five_levels ... ok
test discard_margins_flag ... ok
test empty_block_between_siblings ... ok
test empty_block_border_bottom_prevents ... ok
test empty_block_border_top_prevents ... ok
test empty_block_collapses_through_basic ... ok
test empty_block_explicit_height_prevents ... ok
test empty_block_finalize_propagation ... ok
test empty_block_has_in_flow_children_prevents ... ok
test empty_block_has_line_boxes_prevents ... ok
test empty_block_height_zero_collapses ... ok
test empty_block_integration_between_content ... ok
test empty_block_min_height_prevents ... ok
test empty_block_padding_bottom_prevents ... ok
test empty_block_padding_top_prevents ... ok
test empty_block_with_horizontal_padding_still_collapses ... ok
test empty_strut_resolves_zero ... ok
test five_consecutive_empty_blocks ... ok
test flex_items_dont_collapse ... ok
test float_child_does_not_touch_strut ... ok
test flow_root_doesnt_collapse ... ok
test four_siblings_sequential_collapsing ... ok
test grid_items_dont_collapse ... ok
test inline_block_doesnt_collapse ... ok
test margin_strut_is_empty ... ok
test merge_struts_mixed ... ok
test mixed_positive_negative_through_empty_blocks ... ok
test multiple_empty_blocks_collapse_chain ... ok
test negative_chain_positive_and_negative ... ok
test negative_equal_magnitude ... ok
test negative_integration_overlap ... ok
test negative_integration_siblings ... ok
test negative_large_positive_small ... ok
test negative_margin_causes_overlap ... ok
test negative_minus10_plus20_equals_10 ... ok
test negative_minus20_plus10_equals_minus10 ... ok
test negative_only_single ... ok
test negative_positive_sum_basic ... ok
test negative_sibling_both_negative ... ok
test negative_sibling_one_negative ... ok
test nested_grandchild_collapsing_chain ... ok
test normal_block_allows_collapse ... ok
test overflow_hidden_integration_prevents_sibling_collapse ... ok
test parent_child_both_margins_collapse ... ok
test parent_child_integration_border_prevents_collapse ... ok
test parent_child_integration_padding_prevents_collapse ... ok
test parent_child_integration_top_collapse ... ok
test parent_first_child_border_top_prevents ... ok
test parent_first_child_child_larger ... ok
test parent_first_child_equal_margins ... ok
test parent_first_child_not_first_child_no_collapse ... ok
test parent_first_child_padding_top_prevents ... ok
test parent_first_child_parent_larger ... ok
test parent_first_child_top_collapse ... ok
test parent_first_child_zero_child_margin ... ok
test parent_first_child_zero_parent_margin ... ok
test parent_last_child_border_bottom_prevents ... ok
test parent_last_child_bottom_collapse ... ok
test parent_last_child_height_prevents ... ok
test parent_last_child_min_height_prevents ... ok
test parent_last_child_padding_bottom_prevents ... ok
test parent_last_child_parent_margin_larger ... ok
test positive_only_single ... ok
test quirky_container_start_ignores_quirky_margin ... ok
test quirky_margin_smaller_than_normal ... ok
test sibling_both_zero_margins ... ok
test sibling_different_positive_larger_wins ... ok
test sibling_equal_positive_margins ... ok
test sibling_first_child_bottom_margin_only ... ok
test sibling_identical_margins_all_sides ... ok
test sibling_integration_different_positive ... ok
test sibling_integration_five_equal_blocks ... ok
test sibling_integration_large_margin ... ok
test sibling_integration_three_blocks_collapsing ... ok
test sibling_integration_two_blocks_equal_margins ... ok
test sibling_integration_zero_and_positive ... ok
test sibling_large_gap_both_contributing ... ok
test sibling_positive_bottom_zero_top ... ok
test sibling_second_child_top_margin_only ... ok
test sibling_strut_positive_only_accumulation ... ok
test sibling_very_small_margins ... ok
test sibling_zero_bottom_positive_top ... ok
test state_new_resolved_defaults ... ok
test three_negatives_most_negative ... ok
test three_siblings_pairwise_collapsing ... ok
test two_consecutive_empty_blocks ... ok
test two_negatives_equal ... ok
test two_negatives_most_negative_wins ... ok

test result: ok. 109 passed; 0 failed; 0 ignored; 0 measured; 0 filtered out; finished in 1.34s

     Running tests/sp12_h5_position_tests.rs (/mnt/e/openui-v02-cargo-c73754e2/target/debug/deps/sp12_h5_position_tests-e6c5159949345ce4)

running 643 tests
test abs_basic_top_left_builder ... ok
test abs_container_1920x1080_center ... ok
test abs_container_320x480_center ... ok
test abs_container_padding_affects_position ... ok
test abs_container_border_affects_position ... ok
test abs_container_640x480_center ... ok
test abs_auto_width_fills_between_left_right ... ok
test abs_container_1024x768_center ... ok
test abs_container_500x500_center ... ok
test abs_auto_width_and_height ... ok
test abs_border_box_sizing ... ok
test abs_auto_height_fills_between_top_bottom ... ok
test abs_container_200x200_center ... ok
test abs_container_400x300_center ... ok
test abs_container_1600x900_center ... ok
test abs_all_corners ... ok
test abs_both_axis_centering ... ok
test abs_container_1000x1000_center ... ok
test abs_basic_right_bottom_builder ... ok
test abs_container_100x100_center ... ok
test abs_does_not_affect_flow_siblings ... ok
test abs_dom_auto_height_top_bottom ... ok
test abs_dom_auto_width_left_right ... ok
test abs_dom_centering_auto_margins ... ok
test abs_dom_overconstrained_ltr ... ok
test abs_dom_overconstrained_rtl ... ok
test abs_dom_percentage_values ... ok
test abs_dom_right_bottom ... ok
test abs_dom_static_position_fallback ... ok
test abs_dom_top_left_width_height ... ok
test abs_dom_vertical_centering ... ok
test abs_extra_container_width_preserved ... ok
test abs_extra_size_100x50 ... ok
test abs_extra_size_100x500 ... ok
test abs_extra_size_10x10 ... ok
test abs_extra_size_1x1 ... ok
test abs_extra_size_200x300 ... ok
test abs_extra_size_300x200 ... ok
test abs_extra_size_400x400 ... ok
test abs_extra_size_500x100 ... ok
test abs_extra_size_50x100 ... ok
test abs_extra_size_800x600 ... ok
test abs_horizontal_centering_auto_margins ... ok
test abs_inside_relative_parent ... ok
test abs_margin_absorbs_extra_space_ltr ... ok
test abs_max_height_applied ... ok
test abs_max_width_applied ... ok
test abs_min_height_applied ... ok
test abs_min_width_applied ... ok
test abs_multiple_abs_and_flow_children ... ok
test abs_multiple_children_overlap ... ok
test abs_overconstrained_ltr_left_wins ... ok
test abs_overconstrained_rtl_right_wins ... ok
test abs_overconstrained_vertical ... ok
test abs_overflow_hidden_container ... ok
test abs_percentage_right_bottom ... ok
test abs_percentage_top_left ... ok
test abs_percentage_width_height ... ok
test abs_removed_from_flow ... ok
test abs_supp_border_box_padding_0 ... ok
test abs_supp_border_box_padding_10 ... ok
test abs_supp_border_box_padding_100 ... ok
test abs_supp_border_box_padding_15 ... ok
test abs_supp_border_box_padding_20 ... ok
test abs_supp_border_box_padding_25 ... ok
test abs_supp_border_box_padding_30 ... ok
test abs_supp_border_box_padding_40 ... ok
test abs_supp_border_box_padding_5 ... ok
test abs_supp_border_box_padding_50 ... ok
test abs_supp_hcenter_cw_100 ... ok
test abs_supp_hcenter_cw_1000 ... ok
test abs_supp_hcenter_cw_1200 ... ok
test abs_supp_hcenter_cw_200 ... ok
test abs_supp_hcenter_cw_300 ... ok
test abs_supp_hcenter_cw_400 ... ok
test abs_supp_hcenter_cw_500 ... ok
test abs_supp_hcenter_cw_600 ... ok
test abs_supp_hcenter_cw_700 ... ok
test abs_supp_hcenter_cw_900 ... ok
test abs_supp_vcenter_ch_100 ... ok
test abs_supp_vcenter_ch_1000 ... ok
test abs_supp_vcenter_ch_1200 ... ok
test abs_supp_vcenter_ch_200 ... ok
test abs_supp_vcenter_ch_300 ... ok
test abs_supp_vcenter_ch_400 ... ok
test abs_supp_vcenter_ch_500 ... ok
test abs_supp_vcenter_ch_700 ... ok
test abs_supp_vcenter_ch_800 ... ok
test abs_supp_vcenter_ch_900 ... ok
test abs_supp_with_margin_0_center ... ok
test abs_supp_with_margin_100_center ... ok
test abs_supp_with_margin_10_center ... ok
test abs_supp_with_margin_150_center ... ok
test abs_supp_with_margin_200_center ... ok
test abs_supp_with_margin_20_center ... ok
test abs_supp_with_margin_50_center ... ok
test abs_top_0_left_0 ... ok
test abs_top_0_left_100 ... ok
test abs_top_0_left_300 ... ok
test abs_top_100_left_0 ... ok
test abs_top_100_left_200 ... ok
test abs_top_10_left_10 ... ok
test abs_top_10_left_790 ... ok
test abs_top_150_left_150 ... ok
test abs_top_15_left_5 ... ok
test abs_top_1_left_1 ... ok
test abs_top_200_left_100 ... ok
test abs_top_20_left_30 ... ok
test abs_top_25_left_75 ... ok
test abs_top_299_left_499 ... ok
test abs_top_300_left_0 ... ok
test abs_top_400_left_400 ... ok
test abs_top_50_left_50 ... ok
test abs_top_590_left_10 ... ok
test abs_top_5_left_15 ... ok
test abs_top_75_left_25 ... ok
test abs_top_left_zero ... ok
test abs_vertical_centering_auto_margins ... ok
test abs_with_explicit_margins ... ok
test abs_zero_height_container ... ok
test abs_zero_width_container ... ok
test edge_1x1_container_absolute ... ok
test edge_abs_0_percent_width ... ok
test edge_abs_100_percent_width ... ok
test edge_abs_all_auto ... ok
test edge_abs_border_box_fills ... ok
test edge_abs_center_100x100_in_800x600 ... ok
test edge_abs_center_10x10_in_800x600 ... ok
test edge_abs_center_1x1_in_800x600 ... ok
test edge_abs_center_200x200_in_800x600 ... ok
test edge_abs_center_399x299_in_800x600 ... ok
test edge_abs_center_400x300_in_800x600 ... ok
test edge_abs_center_500x500_in_800x600 ... ok
test edge_abs_center_50x50_in_800x600 ... ok
test edge_abs_center_600x400_in_800x600 ... ok
test edge_abs_center_790x590_in_800x600 ... ok
test edge_abs_child_count_zero_flow ... ok
test edge_abs_child_larger_than_container ... ok
test edge_abs_container_border_and_padding ... ok
test edge_abs_left_right_exceed_container ... ok
test edge_abs_only_bottom ... ok
test edge_abs_only_left ... ok
test edge_abs_only_right ... ok
test edge_abs_only_top ... ok
test edge_abs_overflow_scroll_container ... ok
test edge_abs_right_0_bottom_0 ... ok
test edge_abs_right_100_bottom_100 ... ok
test edge_abs_right_10_bottom_10 ... ok
test edge_abs_right_110_bottom_110 ... ok
test edge_abs_right_120_bottom_120 ... ok
test edge_abs_right_130_bottom_130 ... ok
test edge_abs_right_140_bottom_140 ... ok
test edge_abs_right_150_bottom_150 ... ok
test edge_abs_right_160_bottom_160 ... ok
test edge_abs_right_170_bottom_170 ... ok
test edge_abs_right_180_bottom_180 ... ok
test edge_abs_right_190_bottom_190 ... ok
test edge_abs_right_200_bottom_200 ... ok
test edge_abs_right_20_bottom_20 ... ok
test edge_abs_right_30_bottom_30 ... ok
test edge_abs_right_40_bottom_40 ... ok
test edge_abs_right_50_bottom_50 ... ok
test edge_abs_right_60_bottom_60 ... ok
test edge_abs_right_70_bottom_70 ... ok
test edge_abs_right_80_bottom_80 ... ok
test edge_abs_right_90_bottom_90 ... ok
test edge_abs_top_0_left_0 ... ok
test edge_abs_top_100_left_0 ... ok
test edge_abs_top_105_left_0 ... ok
test edge_abs_top_10_left_0 ... ok
test edge_abs_top_110_left_0 ... ok
test edge_abs_top_115_left_0 ... ok
test edge_abs_top_120_left_0 ... ok
test edge_abs_top_125_left_0 ... ok
test edge_abs_top_130_left_0 ... ok
test edge_abs_top_135_left_0 ... ok
test edge_abs_top_140_left_0 ... ok
test edge_abs_top_145_left_0 ... ok
test edge_abs_top_150_left_0 ... ok
test edge_abs_top_155_left_0 ... ok
test edge_abs_top_15_left_0 ... ok
test edge_abs_top_160_left_0 ... ok
test edge_abs_top_165_left_0 ... ok
test edge_abs_top_170_left_0 ... ok
test edge_abs_top_175_left_0 ... ok
test edge_abs_top_180_left_0 ... ok
test edge_abs_top_185_left_0 ... ok
test edge_abs_top_190_left_0 ... ok
test edge_abs_top_195_left_0 ... ok
test edge_abs_top_200_left_0 ... ok
test edge_abs_top_20_left_0 ... ok
test edge_abs_top_25_left_0 ... ok
test edge_abs_top_30_left_0 ... ok
test edge_abs_top_35_left_0 ... ok
test edge_abs_top_40_left_0 ... ok
test edge_abs_top_45_left_0 ... ok
test edge_abs_top_50_left_0 ... ok
test edge_abs_top_55_left_0 ... ok
test edge_abs_top_5_left_0 ... ok
test edge_abs_top_60_left_0 ... ok
test edge_abs_top_65_left_0 ... ok
test edge_abs_top_70_left_0 ... ok
test edge_abs_top_75_left_0 ... ok
test edge_abs_top_80_left_0 ... ok
test edge_abs_top_85_left_0 ... ok
test edge_abs_top_90_left_0 ... ok
test edge_abs_top_95_left_0 ... ok
test edge_abs_width_auto_only_top_left ... ok
test edge_dom_abs_no_insets_no_size ... ok
test edge_dom_abs_percentage_zero_container ... ok
test edge_dom_abs_zero_size_container ... ok
test edge_dom_many_abs_children ... ok
test edge_dom_nested_abs_three_levels ... ok
test edge_five_flow_one_abs_one_rel ... ok
test edge_fixed_pos_0_0_container_1024x768 ... ok
test edge_fixed_pos_0_0_container_1920x1080 ... ok
test edge_fixed_pos_0_0_container_320x480 ... ok
test edge_fixed_pos_0_0_container_800x600 ... ok
test edge_fixed_pos_0_500_container_500x500 ... ok
test edge_fixed_pos_100_100_container_400x300 ... ok
test edge_fixed_pos_10_10_container_800x600 ... ok
test edge_fixed_pos_200_300_container_1000x800 ... ok
test edge_fixed_pos_50_750_container_800x600 ... ok
test edge_fixed_pos_550_0_container_800x600 ... ok
test edge_large_container ... ok
test edge_large_negative_offset ... ok
test edge_large_offset_absolute ... ok
test edge_large_offset_relative ... ok
test edge_make_fragment_large ... ok
test edge_make_fragment_zero ... ok
test edge_rel_0_percent_top ... ok
test edge_rel_100_percent_top ... ok
test edge_rel_float_right ... ok
test edge_rel_top_0_only ... ok
test edge_rel_top_100_only ... ok
test edge_rel_top_10_only ... ok
test edge_rel_top_15_only ... ok
test edge_rel_top_20_only ... ok
test edge_rel_top_25_only ... ok
test edge_rel_top_30_only ... ok
test edge_rel_top_35_only ... ok
test edge_rel_top_40_only ... ok
test edge_rel_top_45_only ... ok
test edge_rel_top_50_only ... ok
test edge_rel_top_55_only ... ok
test edge_rel_top_5_only ... ok
test edge_rel_top_60_only ... ok
test edge_rel_top_65_only ... ok
test edge_rel_top_70_only ... ok
test edge_rel_top_75_only ... ok
test edge_rel_top_80_only ... ok
test edge_rel_top_85_only ... ok
test edge_rel_top_90_only ... ok
test edge_rel_top_95_only ... ok
test edge_relative_auto_height ... ok
test edge_relative_auto_width ... ok
test edge_static_between_abs ... ok
test edge_sticky_apply_all_insets ... ok
test edge_sticky_cb_at_origin ... ok
test edge_sticky_cb_smaller_than_element ... ok
test edge_sticky_constraint_rect_large_percent ... ok
test edge_sticky_constraint_rect_zero_cb ... ok
test edge_sticky_data_all_zero ... ok
test edge_sticky_element_at_origin ... ok
test edge_sticky_large_scroll ... ok
test edge_sticky_no_insets ... ok
test edge_sticky_viewport_100x100 ... ok
test edge_sticky_viewport_1920x1080 ... ok
test edge_sticky_viewport_320x480 ... ok
test edge_sticky_viewport_400x300 ... ok
test edge_sticky_viewport_800x600 ... ok
test edge_sticky_zero_insets ... ok
test edge_sticky_zero_size_element ... ok
test edge_sticky_zero_size_viewport ... ok
test edge_supp_dom_rtl_abs_both_sides ... ok
test edge_supp_dom_rtl_abs_left_only ... ok
test edge_supp_dom_rtl_abs_right_only ... ok
test edge_zero_size_child_absolute ... ok
test edge_zero_size_child_relative ... ok
test edge_zero_size_container_absolute ... ok
test edge_zero_size_container_fixed ... ok
test edge_zero_size_container_relative ... ok
test fixed_auto_height_from_top_bottom ... ok
test fixed_auto_width_from_left_right ... ok
test fixed_basic_top_left ... ok
test fixed_centering_auto_margins ... ok
test fixed_does_not_affect_flow ... ok
test fixed_dom_auto_width_fills ... ok
test fixed_dom_basic ... ok
test fixed_dom_centering ... ok
test fixed_dom_right_bottom_corner ... ok
test fixed_extra_full_coverage ... ok
test fixed_full_viewport ... ok
test fixed_horizontal_centering ... ok
test fixed_multiple_fixed_children ... ok
test fixed_overconstrained_ltr ... ok
test fixed_overconstrained_rtl ... ok
test fixed_percentage_insets ... ok
test fixed_percentage_size ... ok
test fixed_right_bottom ... ok
test fixed_supp_viewport_1024x768_bottom_right ... ok
test fixed_supp_viewport_1024x768_top_left ... ok
test fixed_supp_viewport_1280x720_bottom_right ... ok
test fixed_supp_viewport_1280x720_top_left ... ok
test fixed_supp_viewport_1366x768_bottom_right ... ok
test fixed_supp_viewport_1366x768_top_left ... ok
test fixed_supp_viewport_1920x1080_bottom_right ... ok
test fixed_supp_viewport_1920x1080_top_left ... ok
test fixed_supp_viewport_2560x1440_bottom_right ... ok
test fixed_supp_viewport_2560x1440_top_left ... ok
test fixed_supp_viewport_320x480_bottom_right ... ok
test fixed_supp_viewport_320x480_top_left ... ok
test fixed_supp_viewport_375x667_bottom_right ... ok
test fixed_supp_viewport_375x667_top_left ... ok
test fixed_supp_viewport_414x896_bottom_right ... ok
test fixed_supp_viewport_414x896_top_left ... ok
test fixed_supp_viewport_640x480_bottom_right ... ok
test fixed_supp_viewport_640x480_top_left ... ok
test fixed_supp_viewport_768x1024_bottom_right ... ok
test fixed_supp_viewport_768x1024_top_left ... ok
test fixed_top_0_left_0 ... ok
test fixed_top_0_left_50 ... ok
test fixed_top_0_left_700 ... ok
test fixed_top_100_left_100 ... ok
test fixed_top_100_left_500 ... ok
test fixed_top_10_left_10 ... ok
test fixed_top_10_left_400 ... ok
test fixed_top_15_left_5 ... ok
test fixed_top_1_left_1 ... ok
test fixed_top_200_left_300 ... ok
test fixed_top_20_left_30 ... ok
test fixed_top_250_left_250 ... ok
test fixed_top_300_left_300 ... ok
test fixed_top_400_left_200 ... ok
test fixed_top_500_left_100 ... ok
test fixed_top_50_left_0 ... ok
test fixed_top_50_left_50 ... ok
test fixed_top_550_left_0 ... ok
test fixed_top_5_left_15 ... ok
test fixed_top_99_left_99 ... ok
test fixed_top_left_zero ... ok
test fixed_with_border_box ... ok
test fixed_with_container_padding ... ok
test fixed_with_explicit_margins ... ok
test interaction_abs_container_width ... ok
test interaction_abs_does_not_affect_siblings_flow ... ok
test interaction_abs_in_overflow_hidden ... ok
test interaction_abs_inside_abs_parent ... ok
test interaction_abs_inside_relative_parent ... ok
test interaction_abs_overrides_relative_like_behavior ... ok
test interaction_abs_own_border ... ok
test interaction_abs_own_padding ... ok
test interaction_all_position_types ... ok
test interaction_container_height_ignores_abs_children ... ok
test interaction_container_height_ignores_fixed_children ... ok
test interaction_count_abs_children ... ok
test interaction_count_mixed_children ... ok
test interaction_dom_abs_with_flow_sibling ... ok
test interaction_dom_relative_then_abs ... ok
test interaction_fixed_does_not_affect_siblings_flow ... ok
test interaction_float_and_abs_independent ... ok
test interaction_float_and_relative ... ok
test interaction_mixed_flow_abs_combo_0 ... ok
test interaction_mixed_flow_abs_combo_1 ... ok
test interaction_mixed_flow_abs_combo_10 ... ok
test interaction_mixed_flow_abs_combo_11 ... ok
test interaction_mixed_flow_abs_combo_12 ... ok
test interaction_mixed_flow_abs_combo_13 ... ok
test interaction_mixed_flow_abs_combo_14 ... ok
test interaction_mixed_flow_abs_combo_15 ... ok
test interaction_mixed_flow_abs_combo_16 ... ok
test interaction_mixed_flow_abs_combo_17 ... ok
test interaction_mixed_flow_abs_combo_18 ... ok
test interaction_mixed_flow_abs_combo_19 ... ok
test interaction_mixed_flow_abs_combo_2 ... ok
test interaction_mixed_flow_abs_combo_3 ... ok
test interaction_mixed_flow_abs_combo_4 ... ok
test interaction_mixed_flow_abs_combo_5 ... ok
test interaction_mixed_flow_abs_combo_6 ... ok
test interaction_mixed_flow_abs_combo_7 ... ok
test interaction_mixed_flow_abs_combo_8 ... ok
test interaction_mixed_flow_abs_combo_9 ... ok
test interaction_mixed_flow_relative_absolute ... ok
test interaction_multiple_abs_same_position ... ok
test interaction_multiple_z_index_no_layout_effect ... ok
test interaction_negative_z_index ... ok
test interaction_relative_preserves_flow_for_siblings ... ok
test interaction_relative_z_index_stacking_context ... ok
test interaction_z_index_auto ... ok
test interaction_z_index_set_on_absolute ... ok
test interaction_z_index_set_on_fixed ... ok
test interaction_z_index_set_on_relative ... ok
test rel_auto_offsets_no_movement ... ok
test rel_auto_width_container_width_800 ... ok
test rel_border_box_sizing ... ok
test rel_bottom_offset_moves_up ... ok
test rel_bottom_percent_when_top_auto ... ok
test rel_container_height_unchanged ... ok
test rel_container_with_border ... ok
test rel_container_with_padding ... ok
test rel_does_not_affect_next_sibling ... ok
test rel_does_not_affect_previous_sibling ... ok
test rel_dom_api_basic ... ok
test rel_dom_api_second_child ... ok
test rel_extra_container_height_with_multiple ... ok
test rel_extra_neg_left_1 ... ok
test rel_extra_neg_left_10 ... ok
test rel_extra_neg_left_100 ... ok
test rel_extra_neg_left_2 ... ok
test rel_extra_neg_left_20 ... ok
test rel_extra_neg_left_200 ... ok
test rel_extra_neg_left_400 ... ok
test rel_extra_neg_left_5 ... ok
test rel_extra_neg_left_50 ... ok
test rel_extra_neg_top_1 ... ok
test rel_extra_neg_top_10 ... ok
test rel_extra_neg_top_100 ... ok
test rel_extra_neg_top_2 ... ok
test rel_extra_neg_top_20 ... ok
test rel_extra_neg_top_200 ... ok
test rel_extra_neg_top_400 ... ok
test rel_extra_neg_top_5 ... ok
test rel_extra_neg_top_50 ... ok
test rel_float_left_with_relative ... ok
test rel_float_right_with_relative ... ok
test rel_four_children_alternating_direction ... ok
test rel_large_negative_top ... ok
test rel_large_top_offset ... ok
test rel_left_negative_moves_left ... ok
test rel_left_offset_moves_right ... ok
test rel_left_percent_of_cb_width ... ok
test rel_left_wins_over_right_ltr ... ok
test rel_margin_top_0_left_20_with_offset ... ok
test rel_margin_top_0_left_50_with_offset ... ok
test rel_margin_top_100_left_100_with_offset ... ok
test rel_margin_top_10_left_10_with_offset ... ok
test rel_margin_top_10_left_40_with_offset ... ok
test rel_margin_top_15_left_5_with_offset ... ok
test rel_margin_top_20_left_0_with_offset ... ok
test rel_margin_top_30_left_30_with_offset ... ok
test rel_margin_top_50_left_0_with_offset ... ok
test rel_margin_top_5_left_15_with_offset ... ok
test rel_mixed_static_and_relative ... ok
test rel_multiple_children_independent_offsets ... ok
test rel_nested_relative_parent_and_child ... ok
test rel_offset_larger_than_container ... ok
test rel_padding_10_with_offset ... ok
test rel_padding_15_with_offset ... ok
test rel_padding_20_with_offset ... ok
test rel_padding_25_with_offset ... ok
test rel_padding_30_with_offset ... ok
test rel_padding_40_with_offset ... ok
test rel_padding_50_with_offset ... ok
test rel_padding_5_with_offset ... ok
test rel_padding_60_with_offset ... ok
test rel_padding_80_with_offset ... ok
test rel_right_offset_moves_left ... ok
test rel_right_percent_when_left_auto ... ok
test rel_right_wins_over_left_rtl ... ok
test rel_size_unchanged ... ok
test rel_supp_left_offset_0 ... ok
test rel_supp_left_offset_10 ... ok
test rel_supp_left_offset_12 ... ok
test rel_supp_left_offset_14 ... ok
test rel_supp_left_offset_16 ... ok
test rel_supp_left_offset_18 ... ok
test rel_supp_left_offset_2 ... ok
test rel_supp_left_offset_20 ... ok
test rel_supp_left_offset_22 ... ok
test rel_supp_left_offset_24 ... ok
test rel_supp_left_offset_26 ... ok
test rel_supp_left_offset_28 ... ok
test rel_supp_left_offset_30 ... ok
test rel_supp_left_offset_32 ... ok
test rel_supp_left_offset_34 ... ok
test rel_supp_left_offset_36 ... ok
test rel_supp_left_offset_38 ... ok
test rel_supp_left_offset_4 ... ok
test rel_supp_left_offset_40 ... ok
test rel_supp_left_offset_42 ... ok
test rel_supp_left_offset_44 ... ok
test rel_supp_left_offset_46 ... ok
test rel_supp_left_offset_48 ... ok
test rel_supp_left_offset_50 ... ok
test rel_supp_left_offset_6 ... ok
test rel_supp_left_offset_8 ... ok
test rel_supp_two_children_h100_50_offset_5 ... ok
test rel_supp_two_children_h10_10_offset_5 ... ok
test rel_supp_two_children_h150_75_offset_5 ... ok
test rel_supp_two_children_h200_200_offset_5 ... ok
test rel_supp_two_children_h30_70_offset_5 ... ok
test rel_supp_two_children_h50_100_offset_5 ... ok
test rel_supp_two_children_h50_50_offset_5 ... ok
test rel_supp_two_children_h60_40_offset_5 ... ok
test rel_supp_two_children_h75_25_offset_5 ... ok
test rel_supp_two_children_h80_120_offset_5 ... ok
test rel_three_children_stack_with_offsets ... ok
test rel_top_0_left_1 ... ok
test rel_top_100_left_200 ... ok
test rel_top_10_left_20 ... ok
test rel_top_128_left_256 ... ok
test rel_top_12_left_18 ... ok
test rel_top_150_left_300 ... ok
test rel_top_15_left_30 ... ok
test rel_top_1_left_0 ... ok
test rel_top_1_left_1 ... ok
test rel_top_25_left_50 ... ok
test rel_top_2_left_3 ... ok
test rel_top_33_left_66 ... ok
test rel_top_3_left_7 ... ok
test rel_top_44_left_55 ... ok
test rel_top_50_left_100 ... ok
test rel_top_5_left_10 ... ok
test rel_top_75_left_150 ... ok
test rel_top_77_left_88 ... ok
test rel_top_7_left_3 ... ok
test rel_top_99_left_11 ... ok
test rel_top_and_left_combined ... ok
test rel_top_negative_moves_up ... ok
test rel_top_offset_moves_down ... ok
test rel_top_percent_of_cb_height ... ok
test rel_top_wins_over_bottom ... ok
test rel_width_auto_fills_container ... ok
test rel_with_border_size_unchanged ... ok
test rel_with_margin_left ... ok
test rel_with_margin_top ... ok
test rel_with_overflow_hidden_container ... ok
test rel_with_padding_size_unchanged ... ok
test rel_zero_offsets_no_movement ... ok
test sticky_all_four_insets ... ok
test sticky_apply_multiple_fragments ... ok
test sticky_apply_offset_bottom ... ok
test sticky_apply_offset_left ... ok
test sticky_apply_offset_noop_for_relative ... ok
test sticky_apply_offset_noop_for_static ... ok
test sticky_apply_offset_shifts_fragment ... ok
test sticky_bottom_20_scroll_0 ... ok
test sticky_bottom_20_scroll_100 ... ok
test sticky_bottom_20_scroll_1000 ... ok
test sticky_bottom_20_scroll_1100 ... ok
test sticky_bottom_20_scroll_1200 ... ok
test sticky_bottom_20_scroll_200 ... ok
test sticky_bottom_20_scroll_500 ... ok
test sticky_bottom_20_scroll_800 ... ok
test sticky_bottom_element_past_fold ... ok
test sticky_bottom_inset_0 ... ok
test sticky_bottom_no_stick_in_viewport ... ok
test sticky_bottom_scroll_zero_element_below_fold ... ok
test sticky_constraint_rect_all_auto ... ok
test sticky_constraint_rect_all_px ... ok
test sticky_constraint_rect_mixed ... ok
test sticky_constraint_rect_none_helper ... ok
test sticky_constraint_rect_percent_all ... ok
test sticky_constraint_rect_percent_left ... ok
test sticky_constraint_rect_percent_top ... ok
test sticky_constraint_rect_zero ... ok
test sticky_extra_bottom_inset_0 ... ok
test sticky_extra_bottom_inset_10 ... ok
test sticky_extra_bottom_inset_100 ... ok
test sticky_extra_bottom_inset_20 ... ok
test sticky_extra_bottom_inset_200 ... ok
test sticky_extra_bottom_inset_300 ... ok
test sticky_extra_bottom_inset_5 ... ok
test sticky_extra_bottom_inset_50 ... ok
test sticky_left_15_scroll_x_0 ... ok
test sticky_left_15_scroll_x_100 ... ok
test sticky_left_15_scroll_x_200 ... ok
test sticky_left_15_scroll_x_300 ... ok
test sticky_left_15_scroll_x_400 ... ok
test sticky_left_15_scroll_x_500 ... ok
test sticky_left_15_scroll_x_600 ... ok
test sticky_left_and_right_scroll_past_left ... ok
test sticky_left_at_boundary ... ok
test sticky_left_no_scroll ... ok
test sticky_left_scroll_past ... ok
test sticky_margin_included_in_offset ... ok
test sticky_nested_cb_clamps_max ... ok
test sticky_nested_cb_offset ... ok
test sticky_position_data_all_insets ... ok
test sticky_position_data_roundtrip ... ok
test sticky_right_no_stick ... ok
test sticky_right_past_viewport ... ok
test sticky_supp_cb_height_1000 ... ok
test sticky_supp_cb_height_1500 ... ok
test sticky_supp_cb_height_2000 ... ok
test sticky_supp_cb_height_300 ... ok
test sticky_supp_cb_height_3000 ... ok
test sticky_supp_cb_height_400 ... ok
test sticky_supp_cb_height_500 ... ok
test sticky_supp_cb_height_5000 ... ok
test sticky_supp_cb_height_600 ... ok
test sticky_supp_cb_height_800 ... ok
test sticky_supp_constraint_rect_top_0_pct ... ok
test sticky_supp_constraint_rect_top_100_pct ... ok
test sticky_supp_constraint_rect_top_10_pct ... ok
test sticky_supp_constraint_rect_top_1_pct ... ok
test sticky_supp_constraint_rect_top_25_pct ... ok
test sticky_supp_constraint_rect_top_50_pct ... ok
test sticky_supp_constraint_rect_top_5_pct ... ok
test sticky_supp_constraint_rect_top_75_pct ... ok
test sticky_supp_size_100x50_scroll_400 ... ok
test sticky_supp_size_200x100_scroll_400 ... ok
test sticky_supp_size_400x200_scroll_400 ... ok
test sticky_supp_size_50x25_scroll_400 ... ok
test sticky_supp_size_800x50_scroll_400 ... ok
test sticky_top_10_el_at_y_0 ... ok
test sticky_top_10_el_at_y_100 ... ok
test sticky_top_10_el_at_y_1000 ... ok
test sticky_top_10_el_at_y_1500 ... ok
test sticky_top_10_el_at_y_1900 ... ok
test sticky_top_10_el_at_y_200 ... ok
test sticky_top_10_el_at_y_300 ... ok
test sticky_top_10_el_at_y_50 ... ok
test sticky_top_10_el_at_y_500 ... ok
test sticky_top_10_scroll_0 ... ok
test sticky_top_10_scroll_100 ... ok
test sticky_top_10_scroll_1000 ... ok
test sticky_top_10_scroll_150 ... ok
test sticky_top_10_scroll_200 ... ok
test sticky_top_10_scroll_250 ... ok
test sticky_top_10_scroll_300 ... ok
test sticky_top_10_scroll_400 ... ok
test sticky_top_10_scroll_50 ... ok
test sticky_top_10_scroll_500 ... ok
test sticky_top_10_scroll_600 ... ok
test sticky_top_10_scroll_700 ... ok
test sticky_top_10_scroll_800 ... ok
test sticky_top_10_scroll_900 ... ok
test sticky_top_and_bottom_scroll_past_top ... ok
test sticky_top_at_cb_boundary ... ok
test sticky_top_clamped_by_small_cb ... ok
test sticky_top_inset_0_scroll_400 ... ok
test sticky_top_inset_100_scroll_400 ... ok
test sticky_top_inset_10_scroll_400 ... ok
test sticky_top_inset_20_scroll_400 ... ok
test sticky_top_inset_50_scroll_400 ... ok
test sticky_top_inset_5_scroll_400 ... ok
test sticky_top_no_scroll_no_offset ... ok
test sticky_top_scroll_10 ... ok
test sticky_top_scroll_200 ... ok
test sticky_top_scroll_201 ... ok
test sticky_top_scroll_300_inset_10 ... ok
test sticky_top_scroll_500_inset_20 ... ok

test result: ok. 643 passed; 0 failed; 0 ignored; 0 measured; 0 filtered out; finished in 8.42s

     Running tests/sp12_h6_sizing_tests.rs (/mnt/e/openui-v02-cargo-c73754e2/target/debug/deps/sp12_h6_sizing_tests-66c161fa50d06768)

running 600 tests
test ar_16_9_both_definite ... ok
test ar_3_2_h_200 ... ok
test ar_4_3_w_120 ... ok
test ar_4_5_h_400 ... ok
test ar_5_4_w_500 ... ok
test ar_1_2_w_100 ... ok
test ar_10_1_w_100 ... ok
test ar_1_1_h_350 ... ok
test ar_2_3_w_200 ... ok
test ar_3_1_w_300 ... ok
test ar_1_10_h_100 ... ok
test ar_1_3_h_300 ... ok
test ar_16_10_w_1600 ... ok
test ar_2_1_w_50 ... ok
test ar_21_9_w_2100 ... ok
test ar_3_4_w_300 ... ok
test ar_8_5_w_800 ... ok
test ar_9_21_h_900 ... ok
test ar_9_16_h_1600 ... ok
test ar_auto_flag_false_ignores_intrinsic ... ok
test ar_auto_flag_true_no_intrinsic ... ok
test ar_auto_flag_true_with_intrinsic_3_2 ... ok
test ar_preferred_with_ar_and_both_constrained ... ok
test ar_preferred_with_ar_no_constraints ... ok
test aspect_ratio_16_9_height_360 ... ok
test aspect_ratio_16_9_height_to_width ... ok
test aspect_ratio_16_9_width_640 ... ok
test aspect_ratio_16_9_width_to_height ... ok
test aspect_ratio_1_1_height_150 ... ok
test aspect_ratio_1_1_square ... ok
test aspect_ratio_2_1_height_100 ... ok
test aspect_ratio_2_1_width_200 ... ok
test aspect_ratio_3_2_width_300 ... ok
test aspect_ratio_4_3_height_300 ... ok
test aspect_ratio_4_3_width_400 ... ok
test aspect_ratio_auto_flag_no_intrinsic_uses_specified ... ok
test aspect_ratio_auto_flag_prefers_intrinsic ... ok
test aspect_ratio_both_definite_ignored ... ok
test aspect_ratio_both_indefinite_no_resolution ... ok
test aspect_ratio_no_auto_flag_uses_specified ... ok
test aspect_ratio_plus_max_width ... ok
test aspect_ratio_plus_min_width ... ok
test automatic_block_fit_content_large_available ... ok
test automatic_block_fit_content_small_available ... ok
test automatic_block_fit_content_tiny_available ... ok
test automatic_block_size_clamped_to_available ... ok
test automatic_block_size_fit_content_uses_max ... ok
test automatic_inline_size_stretch ... ok
test automatic_inline_size_stretch_no_margins ... ok
test automatic_inline_stretch_200 ... ok
test automatic_inline_stretch_with_margins_50 ... ok
test block_size_content_clamped_by_max_h ... ok
test block_size_content_clamped_by_min_h ... ok
test block_size_from_content_empty ... ok
test block_size_from_content_simple_sum ... ok
test block_size_from_content_single ... ok
test box_sizing_bb_100_pb_0 ... ok
test box_sizing_bb_100_pb_100 ... ok
test box_sizing_bb_100_pb_150 ... ok
test box_sizing_bb_100_pb_30 ... ok
test box_sizing_bb_1_pb_0 ... ok
test box_sizing_bb_1_pb_1 ... ok
test box_sizing_bb_500_pb_80 ... ok
test box_sizing_cb_100_pb_0 ... ok
test box_sizing_cb_100_pb_50 ... ok
test combined_min_max_height_clamp_down ... ok
test combined_min_max_height_clamp_up ... ok
test combined_min_max_height_within ... ok
test combined_min_max_width_clamp_to_max ... ok
test combined_min_max_width_clamp_to_min ... ok
test combined_min_max_width_within_bounds ... ok
test constrain_block_at_150_in_50_300 ... ok
test constrain_block_at_20_in_50_300 ... ok
test constrain_block_at_400_in_50_300 ... ok
test constrain_block_boundary_at_max ... ok
test constrain_block_boundary_at_min ... ok
test constrain_block_mid_range ... ok
test constrain_inline_boundary_at_max ... ok
test constrain_inline_boundary_at_min ... ok
test constrain_inline_mid_range ... ok
test constrain_inline_size_at_0_in_0_max ... ok
test constrain_inline_size_at_200_in_100_500 ... ok
test constrain_inline_size_at_50_in_100_500 ... ok
test constrain_inline_size_at_600_in_100_500 ... ok
test container_height_from_children ... ok
test definite_size_auto_with_fixed ... ok
test definite_size_auto_without_fixed ... ok
test definite_size_fit_content_is_none ... ok
test definite_size_max_content_is_none ... ok
test definite_size_min_content_is_indefinite ... ok
test definite_size_pct_100 ... ok
test definite_size_pct_25 ... ok
test definite_size_pct_50 ... ok
test definite_size_pct_indefinite_cb ... ok
test definite_size_px_1 ... ok
test definite_size_px_200 ... ok
test definite_size_px_500 ... ok
test edge_0pct_width ... ok
test edge_1000pct_width ... ok
test edge_200pct_width ... ok
test edge_all_box_model_combined ... ok
test edge_aspect_ratio_equal ... ok
test edge_aspect_ratio_very_tall ... ok
test edge_aspect_ratio_very_wide ... ok
test edge_auto_both_empty ... ok
test edge_auto_min_max_clamp_to_max ... ok
test edge_auto_min_max_clamp_to_min ... ok
test edge_auto_min_max_no_clamp ... ok
test edge_border_box_all_combined ... ok
test edge_border_box_pct_100 ... ok
test edge_border_box_pct_width ... ok
test edge_both_min_gt_max_inline_and_block ... ok
test edge_box_sizing_bb_clamps_negative_to_zero ... ok
test edge_box_sizing_bb_exact_subtraction ... ok
test edge_box_sizing_bb_subtracts_zero ... ok
test edge_box_sizing_cb_no_change ... ok
test edge_child_exceeds_container_both_axes ... ok
test edge_constrain_block_just_above_max ... ok
test edge_constrain_block_just_below_min ... ok
test edge_constrain_inline_just_above_max ... ok
test edge_constrain_inline_just_below_min ... ok
test edge_container_1x1 ... ok
test edge_container_200_child_pct_200 ... ok
test edge_container_builder_dimensions ... ok
test edge_container_child_pct_0 ... ok
test edge_container_large ... ok
test edge_container_width_gt_height ... ok
test edge_empty_container ... ok
test edge_fit_content_as_max_w_treated_none ... ok
test edge_fit_content_as_min_w_treated_zero ... ok
test edge_five_varying_heights ... ok
test edge_fixed_width_pct_height ... ok
test edge_fixed_width_zero_height ... ok
test edge_float_left_with_fixed_width ... ok
test edge_float_right_with_fixed_width ... ok
test edge_float_shrinks_to_zero_no_children ... ok
test edge_h_auto_min_max_clamp_to_max ... ok
test edge_h_auto_min_max_clamp_to_min ... ok
test edge_h_auto_min_max_within ... ok
test edge_h_pct_0 ... ok
test edge_h_pct_200 ... ok
test edge_inline_block_all_constraints ... ok
test edge_intrinsic_sizes_struct ... ok
test edge_intrinsic_sizes_zero ... ok
test edge_many_small_children ... ok
test edge_max_content_as_max_w_treated_none ... ok
test edge_min_content_as_min_w_treated_zero ... ok
test edge_mixed_fixed_pct_auto ... ok
test edge_multiple_auto_margin_centering ... ok
test edge_nested_pct_100_of_100 ... ok
test edge_nested_pct_25_of_50 ... ok
test edge_nested_pct_50_of_50 ... ok
test edge_overflow_hidden_fixed_height ... ok
test edge_overflow_hidden_max_height ... ok
test edge_pct_max_width_30_of_600 ... ok
test edge_pct_min_height_10_of_500 ... ok
test edge_pct_width_fixed_height ... ok
test edge_relative_does_not_affect_sizing ... ok
test edge_resolve_block_auto_zero_content ... ok
test edge_resolve_block_pct_1 ... ok
test edge_resolve_block_pct_100 ... ok
test edge_resolve_constraints_all_fixed ... ok
test edge_resolve_constraints_all_pct ... ok
test edge_resolve_constraints_mixed ... ok
test edge_resolve_inline_pct_1 ... ok
test edge_resolve_inline_pct_100 ... ok
test edge_tall_content_short_container ... ok
test edge_ten_children_stacked ... ok
test edge_unconstrained_large ... ok
test edge_unconstrained_no_clamp ... ok
test edge_unconstrained_zero ... ok
test edge_w_auto_one_side_margin ... ok
test edge_w_auto_right_margin ... ok
test edge_wide_content_narrow_container ... ok
test edge_width_exactly_1 ... ok
test edge_zero_width_fixed_height ... ok
test edge_zero_width_zero_height ... ok
test float_left_fixed_200 ... ok
test float_left_with_margin ... ok
test float_right_fixed_300 ... ok
test float_shrink_to_fit_auto_width ... ok
test float_shrink_to_fit_with_padding ... ok
test float_shrink_with_nested_fixed_child ... ok
test h_0px ... ok
test h_100pct_definite_parent ... ok
test h_10pct_of_1000 ... ok
test h_1px ... ok
test h_200px ... ok
test h_25pct_definite_parent ... ok
test h_300px ... ok
test h_33pct ... ok
test h_500px ... ok
test h_50pct_definite_parent ... ok
test h_75pct ... ok
test h_auto_empty_is_zero ... ok
test h_auto_from_child_50 ... ok
test h_auto_from_multiple_children ... ok
test h_auto_nested_two_levels ... ok
test h_auto_with_border ... ok
test h_auto_with_padding ... ok
test h_auto_with_padding_and_border ... ok
test h_border_box_300_pb_60 ... ok
test h_border_box_with_border ... ok
test h_border_box_with_padding_only ... ok
test h_children_with_margins_stacking ... ok
test h_exceeds_container ... ok
test h_matches_container ... ok
test h_pct_10_of_1000 ... ok
test h_pct_80_of_500 ... ok
test h_pct_indefinite_cb_fallback_200 ... ok
test h_pct_indefinite_cb_treated_as_auto ... ok
test h_three_children_stacked ... ok
test h_two_children_stacked ... ok
test h_with_border_box ... ok
test h_with_padding_content_box ... ok
test intrinsic_block_single_tall_child ... ok
test intrinsic_block_size_single ... ok
test intrinsic_block_size_sum_of_heights ... ok
test intrinsic_child_min_width_constraint ... ok
test intrinsic_display_none_skipped ... ok
test intrinsic_five_same_size_children ... ok
test intrinsic_four_children ... ok
test intrinsic_max_content_multiple ... ok
test intrinsic_max_content_narrow_child ... ok
test intrinsic_max_content_single_250 ... ok
test intrinsic_max_content_zero_child ... ok
test intrinsic_min_content_empty_is_zero ... ok
test intrinsic_min_content_multiple_takes_max ... ok
test intrinsic_min_content_single_child_150 ... ok
test intrinsic_min_content_single_child_1px ... ok
test intrinsic_min_content_two_same_width ... ok
test intrinsic_min_content_wide_child ... ok
test intrinsic_nested_propagation ... ok
test intrinsic_sizes_large_values ... ok
test intrinsic_text_empty ... ok
test intrinsic_text_a_b_c ... ok
test intrinsic_text_hello ... ok
test intrinsic_text_single_long_word ... ok
test intrinsic_text_single_word ... ok
test intrinsic_with_parent_border ... ok
test intrinsic_with_parent_padding ... ok
test layout_asymmetric_border ... ok
test layout_asymmetric_margin ... ok
test layout_asymmetric_padding ... ok
test layout_auto_both_with_child ... ok
test layout_auto_both_with_two_children ... ok
test layout_border_all_5 ... ok
test layout_border_box_border_5 ... ok
test layout_border_box_max_h ... ok
test layout_border_box_max_w ... ok
test layout_border_box_min_h ... ok
test layout_border_box_min_w ... ok
test layout_border_box_padding_10 ... ok
test layout_border_box_padding_border_margin ... ok
test layout_centered_100_in_800 ... ok
test layout_centered_600_in_1200 ... ok
test layout_child_count_1 ... ok
test layout_child_count_5 ... ok
test layout_child_taller_than_container ... ok
test layout_child_wider_than_container ... ok
test layout_child_with_left_margin_50 ... ok
test layout_child_with_top_margin_30 ... ok
test layout_container_1920_1080 ... ok
test layout_container_300_300 ... ok
test layout_four_children_stacked ... ok
test layout_h_125 ... ok
test layout_h_175 ... ok
test layout_h_25 ... ok
test layout_h_599 ... ok
test layout_h_601 ... ok
test layout_h_75 ... ok
test layout_h_auto_empty ... ok
test layout_h_auto_from_child ... ok
test layout_h_auto_from_two_children ... ok
test layout_h_border_box_200_pb_40 ... ok
test layout_h_content_box_200_pb_40 ... ok
test layout_h_fixed_200 ... ok
test layout_h_pct_100 ... ok
test layout_h_pct_25_of_800 ... ok
test layout_h_pct_5 ... ok
test layout_h_pct_50_of_600 ... ok
test layout_h_pct_95 ... ok
test layout_h_stacking_three ... ok
test layout_large_padding ... ok
test layout_max_h_60_height_100 ... ok
test layout_max_h_clamps_tall ... ok
test layout_max_h_on_auto_from_content ... ok
test layout_max_h_with_padding ... ok
test layout_max_w_150_width_200 ... ok
test layout_max_w_clamps_wide ... ok
test layout_max_w_on_auto ... ok
test layout_max_w_with_padding ... ok
test layout_min_h_120_height_80 ... ok
test layout_min_h_clamps_short ... ok
test layout_min_h_gt_max_h ... ok
test layout_min_h_on_auto_from_content ... ok
test layout_min_h_with_padding ... ok
test layout_min_w_250_width_200 ... ok
test layout_min_w_clamps_narrow ... ok
test layout_min_w_gt_max_w ... ok
test layout_min_w_on_auto_with_content ... ok
test layout_min_w_with_padding ... ok
test layout_nested_100_50_width ... ok
test layout_nested_50_50_width ... ok
test layout_nested_75_50_width ... ok
test layout_nested_auto_50_width ... ok
test layout_nested_auto_width_fills_parent ... ok
test layout_nested_border_box_child ... ok
test layout_nested_border_box_inner ... ok
test layout_nested_fixed_pct_width ... ok
test layout_nested_margin_child ... ok
test layout_nested_pct_width_in_fixed ... ok
test layout_nested_position ... ok
test layout_nested_three_levels_width ... ok
test layout_padding_all_10 ... ok
test layout_padding_border_margin ... ok
test layout_pct_height_10 ... ok
test layout_pct_height_75 ... ok
test layout_pct_width_15 ... ok
test layout_pct_width_70 ... ok
test layout_replaced_centered ... ok
test layout_replaced_fixed_size ... ok
test layout_replaced_with_margin ... ok
test layout_two_stacked_with_margins ... ok
test layout_w_100_h_100_margin_10_all ... ok
test layout_w_10_in_10_container ... ok
test layout_w_300_h_100 ... ok
test layout_w_350 ... ok
test layout_w_450 ... ok
test layout_w_550 ... ok
test layout_w_650 ... ok
test layout_w_750_in_800 ... ok
test layout_w_799_in_800 ... ok
test layout_w_801_in_800 ... ok
test layout_w_auto_fills_600 ... ok
test layout_w_auto_margin_20 ... ok
test layout_w_border_box_250 ... ok
test layout_w_border_box_500_pb_100 ... ok
test layout_w_centered_300_in_800 ... ok
test layout_w_content_box_500_pb_100 ... ok
test layout_w_pct_100_with_margins ... ok
test layout_w_pct_5 ... ok
test layout_w_pct_50_h_80 ... ok
test layout_w_pct_95 ... ok
test layout_w_three_varying ... ok
test layout_w_two_children_100_200 ... ok
test macro_child_at ... ok
test macro_child_at_size ... ok
test macro_child_count_0 ... ok
test macro_child_count_3 ... ok
test macro_child_size ... ok
test macro_container_height ... ok
test macro_container_width ... ok
test max_h_100_layout ... ok
test max_h_border_box_subtracts_pb ... ok
test max_h_clamps_down ... ok
test max_h_constrains_percentage_height ... ok
test max_h_layout_clamps ... ok
test max_h_no_effect_when_shorter ... ok
test max_h_none_default ... ok
test max_h_none_no_clamp ... ok
test max_h_on_auto_height_from_content ... ok
test max_h_overflow_hidden ... ok
test max_h_pct_25_of_400 ... ok
test max_h_pct_50_of_600 ... ok
test max_w_250_layout ... ok
test max_w_border_box_subtracts_pb ... ok
test max_w_clamps_down_fixed ... ok
test max_w_equals_size ... ok
test max_w_layout_clamps_child ... ok
test max_w_no_effect_when_smaller ... ok
test max_w_none_default ... ok
test max_w_none_no_clamp ... ok
test max_w_on_auto_width ... ok
test max_w_on_pct_width ... ok
test max_w_on_pct_width_no_clamp ... ok
test max_w_pct_80_of_500 ... ok
test max_w_percentage_50_of_800 ... ok
test min_h_200_layout ... ok
test min_h_auto_height_empty_child ... ok
test min_h_auto_height_large_content ... ok
test min_h_auto_height_small_content ... ok
test min_h_border_box_small_clamps_zero ... ok
test min_h_border_box_subtracts_pb ... ok
test min_h_clamps_up ... ok
test min_h_gt_max_h_all_clamp ... ok
test min_h_gt_max_h_layout ... ok
test min_h_gt_max_h_normalized ... ok
test min_h_layout_clamps ... ok
test min_h_no_effect_when_taller ... ok
test min_h_pct_25_of_400 ... ok
test min_h_pct_50_of_800 ... ok
test min_h_pct_indefinite_is_zero ... ok
test min_h_with_auto_height ... ok
test min_h_zero_default ... ok
test min_max_h_equal ... ok
test min_max_sizes_equal ... ok
test min_max_sizes_new ... ok
test min_max_sizes_zero ... ok
test min_max_w_equal ... ok
test min_w_150_layout ... ok
test min_w_300_on_auto_width_in_200_container ... ok
test min_w_border_box_small_clamps_to_zero ... ok
test min_w_border_box_subtracts_pb ... ok
test min_w_clamps_up_fixed ... ok
test min_w_equals_size ... ok
test min_w_explicit_zero ... ok
test min_w_gt_max_w_all_clamp_to_min ... ok
test min_w_gt_max_w_layout ... ok
test min_w_gt_max_w_normalized ... ok
test min_w_layout_clamps_child ... ok
test min_w_no_effect_when_larger ... ok
test min_w_on_auto_width_element ... ok
test min_w_pct_40_of_600 ... ok
test min_w_percentage_20_of_500 ... ok
test min_w_percentage_against_indefinite_is_zero ... ok
test min_w_with_auto_width_no_effect ... ok
test min_w_zero_default ... ok
test preferred_auto_stretch_inline ... ok
test preferred_fixed_clamped_by_max ... ok
test preferred_fixed_clamped_by_min ... ok
test preferred_fixed_within_bounds ... ok
test preferred_max_content_directly ... ok
test preferred_min_content_directly ... ok
test preferred_pct_25 ... ok
test preferred_pct_75 ... ok
test preferred_size_fixed_150 ... ok
test preferred_size_max_content_clamped_by_max ... ok
test preferred_size_min_content_clamped_by_min ... ok
test preferred_size_percentage_50 ... ok
test replaced_default_min_equals_max ... ok
test replaced_default_size_300x150 ... ok
test replaced_explicit_both_100x100 ... ok
test replaced_explicit_both_1x1 ... ok
test replaced_explicit_both_640x480 ... ok
test replaced_explicit_both_800x600 ... ok
test replaced_h_only_25 ... ok
test replaced_h_only_600 ... ok
test replaced_height_only_150 ... ok
test replaced_height_only_300 ... ok
test replaced_height_only_450 ... ok
test replaced_height_only_75 ... ok
test replaced_height_only_min_eq_max ... ok
test replaced_max_width_clamps ... ok
test replaced_max_width_via_constraints ... ok
test replaced_min_equals_max_explicit ... ok
test replaced_pct_width_100 ... ok
test replaced_pct_width_50_of_800 ... ok
test replaced_w_1920_h_1080 ... ok
test replaced_w_400_h_200 ... ok
test replaced_w_only_1200 ... ok
test replaced_w_only_1_px ... ok
test replaced_w_only_50 ... ok
test replaced_width_only_150 ... ok
test replaced_width_only_300 ... ok
test replaced_width_only_600 ... ok
test replaced_width_only_900 ... ok
test replaced_width_only_min_eq_max ... ok
test resolve_block_auto_0 ... ok
test resolve_block_auto_75 ... ok
test resolve_block_auto_returns_content ... ok
test resolve_block_bb_pct_50 ... ok
test resolve_block_border_box_auto_subtraction ... ok
test resolve_block_border_box_subtracts_pb ... ok
test resolve_block_constrained_max_200 ... ok
test resolve_block_constrained_min_100 ... ok
test resolve_block_fixed_200 ... ok
test resolve_block_pct_10_of_500 ... ok
test resolve_block_pct_25_of_800 ... ok
test resolve_block_pct_50_of_600 ... ok
test resolve_block_pct_75_of_400 ... ok
test resolve_block_pct_90_of_500 ... ok
test resolve_block_px_50 ... ok
test resolve_block_px_600 ... ok
test resolve_constraints_border_box_all ... ok
test resolve_inline_auto_200 ... ok
test resolve_inline_auto_fills_available_1024 ... ok
test resolve_inline_auto_fills_available_600 ... ok
test resolve_inline_auto_small_container ... ok
test resolve_inline_bb_auto_no_subtraction ... ok
test resolve_inline_bb_pct_50 ... ok
test resolve_inline_border_box_200_pb_200 ... ok
test resolve_inline_border_box_500_pb_80 ... ok
test resolve_inline_constrained_max_300 ... ok
test resolve_inline_constrained_min_200 ... ok
test resolve_inline_fixed_250 ... ok
test resolve_inline_fixed_750 ... ok
test resolve_inline_pct_10_of_500 ... ok
test resolve_inline_pct_33_of_600 ... ok
test resolve_inline_pct_66_of_600 ... ok
test resolve_inline_pct_90_of_500 ... ok
test resolve_inline_px_100_unconstrained ... ok
test resolve_inline_px_800_unconstrained ... ok
test shrink_to_fit_0_0_0 ... ok
test shrink_to_fit_0_1000_500 ... ok
test shrink_to_fit_1_1_1 ... ok
test shrink_to_fit_all_equal ... ok
test shrink_to_fit_available_between ... ok
test shrink_to_fit_available_gt_max ... ok
test shrink_to_fit_available_lt_min ... ok
test shrink_to_fit_available_very_large ... ok
test shrink_to_fit_large_values ... ok
test shrink_to_fit_min_1_max_1 ... ok
test shrink_to_fit_min_equals_max ... ok
test shrink_to_fit_min_gt_max ... ok
test shrink_to_fit_min_zero_max_zero ... ok
test shrink_to_fit_zero_available ... ok
test shrink_to_fit_zero_min ... ok
test sizing_keyword_enum_all_distinct ... ok
test sizing_keyword_enum_auto_distinct ... ok
test sizing_keyword_enum_fit_content_carries_value ... ok
test sizing_keyword_fit_content_clamps_above_max ... ok
test sizing_keyword_fit_content_clamps_below_min ... ok
test sizing_keyword_fit_content_exactly_max ... ok
test sizing_keyword_fit_content_exactly_min ... ok
test sizing_keyword_fit_content_within_range ... ok
test sizing_keyword_max_content_large ... ok
test sizing_keyword_max_content_resolves ... ok
test sizing_keyword_max_content_zero ... ok
test sizing_keyword_min_content_resolves ... ok
test sizing_keyword_min_content_with_margins ... ok
test sizing_keyword_min_content_zero_intrinsic ... ok
test sizing_keyword_stretch_fills_available ... ok
test sizing_keyword_stretch_large_margins ... ok
test sizing_keyword_stretch_narrow_container ... ok
test sizing_keyword_stretch_with_margins ... ok
test sizing_kw_auto_debug ... ok
test sizing_kw_fit_content_0_equals_min ... ok
test sizing_kw_fit_content_200_with_wide_intrinsic ... ok
test sizing_kw_fit_content_300_narrow_intrinsic ... ok
test sizing_kw_fit_content_large_equals_max ... ok
test sizing_kw_max_content_small_intrinsic ... ok
test sizing_kw_min_content_large_intrinsic ... ok
test sizing_kw_stretch_1000 ... ok
test sizing_kw_stretch_debug ... ok
test sizing_kw_stretch_zero_available ... ok
test stretch_definite_in_flex ... ok
test stretch_resolves_against_available_size ... ok
test style_builder_auto ... ok
test style_builder_basic ... ok
test style_builder_border_box ... ok
test style_builder_border_width ... ok
test style_builder_display_inline_block ... ok
test style_builder_float_left ... ok
test style_builder_float_right ... ok
test style_builder_margin ... ok
test style_builder_overflow_hidden ... ok
test style_builder_padding ... ok
test style_builder_pct ... ok
test style_builder_position_absolute ... ok
test style_builder_position_relative ... ok
test style_builder_with_closure ... ok
test w_0px ... ok
test w_100pct ... ok
test w_10pct_of_1000 ... ok
test w_150px ... ok
test w_1px ... ok
test w_200_centered_in_1000 ... ok
test w_200px ... ok
test w_25pct ... ok
test w_33pct ... ok
test w_400px_in_500_container ... ok
test w_500px ... ok
test w_50pct ... ok
test w_75pct ... ok
test w_auto_centered_with_auto_margins ... ok
test w_auto_fills_container_1200 ... ok
test w_auto_fills_container_400 ... ok
test w_auto_fills_container_800 ... ok
test w_auto_fills_narrow_container ... ok
test w_auto_multiple_children_all_fill ... ok
test w_auto_with_border_reduces_content ... ok
test w_auto_with_large_margins ... ok
test w_auto_with_margin_and_padding ... ok
test w_auto_with_margins_subtracts ... ok
test w_auto_with_padding_reduces_content ... ok
test w_border_box_200_with_padding ... ok
test w_border_box_300_with_padding_border ... ok
test w_border_box_400_padding_30 ... ok
test w_border_box_vs_content_box_same_content ... ok
test w_border_box_with_margin_centering ... ok
test w_border_box_with_pb_subtracts ... ok
test w_content_box_explicit ... ok
test w_content_box_with_pb ... ok
test w_exact_container_width ... ok
test w_exceeds_container ... ok
test w_fixed_at_position_0 ... ok
test w_fixed_with_left_margin ... ok
test w_large_padding_border ... ok
test w_multiple_fixed_widths ... ok
test w_only_border ... ok
test w_only_padding ... ok
test w_pct_60 ... ok
test w_pct_80 ... ok
test w_pct_90_of_1000 ... ok
test w_plus_padding_plus_border_content_box ... ok
test with_container_style_override ... ok
test with_style_closure_on_child ... ok
test zero_aspect_ratio_height_zero ... ok
test zero_aspect_ratio_width_zero ... ok

test result: ok. 600 passed; 0 failed; 0 ignored; 0 measured; 0 filtered out; finished in 7.70s

     Running tests/sp12_h7_overflow_tests.rs (/mnt/e/openui-v02-cargo-c73754e2/target/debug/deps/sp12_h7_overflow_tests-53661e7fc9c04869)

running 605 tests
test additional_overflow_clip_not_scrollable ... ok
test additional_overflow_visible_not_clipping ... ok
test additional_overflow_hidden_not_scrollable ... ok
test additional_all_overflow_clipping_check ... ok
test additional_physical_rect_from_xywh_various ... ok
test additional_physical_rect_is_empty ... ok
test additional_overflow_x_visible_y_hidden ... ok
test additional_overflow_x_scroll_y_hidden ... ok
test additional_overflow_x_clip_y_hidden ... ok
test additional_overflow_x_scroll_y_auto ... ok
test additional_overflow_x_hidden_y_visible ... ok
test additional_overflow_x_auto_y_clip ... ok
test additional_fragment_width_height_accessors ... ok
test additional_physical_rect_right_bottom ... ok
test additional_builder_overflow_auto_size ... ok
test additional_builder_overflow_scroll_size ... ok
test additional_builder_overflow_hidden_child ... ok
test additional_overflow_clip_with_large_child ... ok
test additional_nested_hidden_visible ... ok
test additional_nested_visible_hidden ... ok
test additional_overflow_auto_height_no_explicit_height ... ok
test additional_three_overflow_types_in_sequence ... ok
test auto_auto_height_expands ... ok
test auto_content_taller_than_container ... ok
test auto_empty_container ... ok
test auto_is_clipping ... ok
test auto_is_scrollable ... ok
test auto_no_overflow_children_fit ... ok
test auto_parametric_1 ... ok
test auto_parametric_10 ... ok
test auto_parametric_11 ... ok
test auto_parametric_12 ... ok
test auto_parametric_13 ... ok
test auto_parametric_14 ... ok
test auto_parametric_15 ... ok
test auto_parametric_16 ... ok
test auto_parametric_17 ... ok
test auto_parametric_18 ... ok
test auto_parametric_19 ... ok
test auto_parametric_2 ... ok
test auto_parametric_20 ... ok
test auto_parametric_21 ... ok
test auto_parametric_22 ... ok
test auto_parametric_23 ... ok
test auto_parametric_24 ... ok
test auto_parametric_25 ... ok
test auto_parametric_26 ... ok
test auto_parametric_27 ... ok
test auto_parametric_28 ... ok
test auto_parametric_29 ... ok
test auto_parametric_3 ... ok
test auto_parametric_30 ... ok
test auto_parametric_31 ... ok
test auto_parametric_32 ... ok
test auto_parametric_33 ... ok
test auto_parametric_34 ... ok
test auto_parametric_35 ... ok
test auto_parametric_36 ... ok
test auto_parametric_37 ... ok
test auto_parametric_38 ... ok
test auto_parametric_39 ... ok
test auto_parametric_4 ... ok
test auto_parametric_40 ... ok
test auto_parametric_5 ... ok
test auto_parametric_6 ... ok
test auto_parametric_7 ... ok
test auto_parametric_8 ... ok
test auto_parametric_9 ... ok
test auto_sets_clip_flag ... ok
test auto_two_children_1 ... ok
test auto_two_children_10 ... ok
test auto_two_children_11 ... ok
test auto_two_children_12 ... ok
test auto_two_children_13 ... ok
test auto_two_children_14 ... ok
test auto_two_children_2 ... ok
test auto_two_children_3 ... ok
test auto_two_children_4 ... ok
test auto_two_children_5 ... ok
test auto_two_children_6 ... ok
test auto_two_children_7 ... ok
test auto_two_children_8 ... ok
test auto_two_children_9 ... ok
test auto_with_overflow_children_exceed ... ok
test bfc_combined_abs_pos_hidden ... ok
test bfc_combined_fixed_pos_scroll ... ok
test bfc_combined_flex_clip ... ok
test bfc_combined_float_left_hidden ... ok
test bfc_combined_float_right_auto ... ok
test bfc_combined_flow_root_auto ... ok
test bfc_combined_inline_block_hidden ... ok
test bfc_overflow_auto_avoids_float ... ok
test bfc_overflow_auto_creates_new_fc ... ok
test bfc_overflow_auto_no_margin_collapse_through ... ok
test bfc_overflow_clip_does_not_create_fc ... ok
test bfc_overflow_hidden_avoids_float ... ok
test bfc_overflow_hidden_creates_new_fc ... ok
test bfc_overflow_hidden_no_margin_collapse_through ... ok
test bfc_overflow_scroll_avoids_float ... ok
test bfc_overflow_scroll_creates_new_fc ... ok
test bfc_overflow_scroll_no_margin_collapse_through ... ok
test bfc_overflow_visible_no_fc ... ok
test bfc_overflow_x_auto_creates_fc ... ok
test bfc_overflow_x_clip_does_not_create_fc ... ok
test bfc_overflow_x_hidden_creates_fc ... ok
test bfc_overflow_x_scroll_creates_fc ... ok
test bfc_overflow_y_auto_creates_fc ... ok
test bfc_overflow_y_clip_does_not_create_fc ... ok
test bfc_overflow_y_hidden_creates_fc ... ok
test bfc_overflow_y_scroll_creates_fc ... ok
test bfc_parametric_1 ... ok
test bfc_parametric_10 ... ok
test bfc_parametric_11 ... ok
test bfc_parametric_12 ... ok
test bfc_parametric_13 ... ok
test bfc_parametric_14 ... ok
test bfc_parametric_15 ... ok
test bfc_parametric_16 ... ok
test bfc_parametric_17 ... ok
test bfc_parametric_18 ... ok
test bfc_parametric_19 ... ok
test bfc_parametric_2 ... ok
test bfc_parametric_20 ... ok
test bfc_parametric_21 ... ok
test bfc_parametric_22 ... ok
test bfc_parametric_23 ... ok
test bfc_parametric_24 ... ok
test bfc_parametric_25 ... ok
test bfc_parametric_26 ... ok
test bfc_parametric_27 ... ok
test bfc_parametric_28 ... ok
test bfc_parametric_29 ... ok
test bfc_parametric_3 ... ok
test bfc_parametric_30 ... ok
test bfc_parametric_31 ... ok
test bfc_parametric_32 ... ok
test bfc_parametric_33 ... ok
test bfc_parametric_34 ... ok
test bfc_parametric_35 ... ok
test bfc_parametric_36 ... ok
test bfc_parametric_37 ... ok
test bfc_parametric_38 ... ok
test bfc_parametric_39 ... ok
test bfc_parametric_4 ... ok
test bfc_parametric_40 ... ok
test bfc_parametric_5 ... ok
test bfc_parametric_6 ... ok
test bfc_parametric_7 ... ok
test bfc_parametric_8 ... ok
test bfc_parametric_9 ... ok
test border_radius_bottom_left_100px ... ok
test border_radius_bottom_left_10px ... ok
test border_radius_bottom_left_1px ... ok
test border_radius_bottom_left_25px ... ok
test border_radius_bottom_left_50px ... ok
test border_radius_bottom_left_5px ... ok
test border_radius_bottom_right_100px ... ok
test border_radius_bottom_right_10px ... ok
test border_radius_bottom_right_1px ... ok
test border_radius_bottom_right_25px ... ok
test border_radius_bottom_right_50px ... ok
test border_radius_bottom_right_5px ... ok
test border_radius_different_per_corner ... ok
test border_radius_elliptical ... ok
test border_radius_large_clamped_check ... ok
test border_radius_no_radius ... ok
test border_radius_single_corner_only ... ok
test border_radius_single_uniform ... ok
test border_radius_top_left_100px ... ok
test border_radius_top_left_10px ... ok
test border_radius_top_left_1px ... ok
test border_radius_top_left_25px ... ok
test border_radius_top_left_50px ... ok
test border_radius_top_left_5px ... ok
test border_radius_top_right_100px ... ok
test border_radius_top_right_10px ... ok
test border_radius_top_right_1px ... ok
test border_radius_top_right_25px ... ok
test border_radius_top_right_50px ... ok
test border_radius_top_right_5px ... ok
test border_radius_with_overflow_auto ... ok
test border_radius_with_overflow_clip ... ok
test border_radius_with_overflow_hidden ... ok
test border_radius_with_overflow_hidden_layout ... ok
test border_radius_with_overflow_scroll ... ok
test border_radius_without_overflow_no_clip ... ok
test clip_container_size_unchanged ... ok
test clip_empty_container ... ok
test clip_is_clipping ... ok
test clip_not_scrollable ... ok
test clip_parametric_1 ... ok
test clip_parametric_10 ... ok
test clip_parametric_11 ... ok
test clip_parametric_12 ... ok
test clip_parametric_13 ... ok
test clip_parametric_14 ... ok
test clip_parametric_15 ... ok
test clip_parametric_16 ... ok
test clip_parametric_17 ... ok
test clip_parametric_18 ... ok
test clip_parametric_19 ... ok
test clip_parametric_2 ... ok
test clip_parametric_20 ... ok
test clip_parametric_21 ... ok
test clip_parametric_22 ... ok
test clip_parametric_23 ... ok
test clip_parametric_24 ... ok
test clip_parametric_25 ... ok
test clip_parametric_26 ... ok
test clip_parametric_27 ... ok
test clip_parametric_28 ... ok
test clip_parametric_29 ... ok
test clip_parametric_3 ... ok
test clip_parametric_30 ... ok
test clip_parametric_31 ... ok
test clip_parametric_32 ... ok
test clip_parametric_33 ... ok
test clip_parametric_34 ... ok
test clip_parametric_4 ... ok
test clip_parametric_5 ... ok
test clip_parametric_6 ... ok
test clip_parametric_7 ... ok
test clip_parametric_8 ... ok
test clip_parametric_9 ... ok
test clip_sets_clip_flag ... ok
test clip_with_overflow_content ... ok
test edge_content_offset_with_padding ... ok
test edge_content_size_with_padding_border ... ok
test edge_overflow_default_is_visible ... ok
test edge_overflow_enum_values ... ok
test edge_overflow_hidden_border_box ... ok
test edge_overflow_rect_none_default ... ok
test edge_overflow_shorthand_both_same ... ok
test edge_overflow_shorthand_mixed ... ok
test edge_overflow_with_border_all_sides ... ok
test edge_overflow_with_padding_all_sides ... ok
test edge_overflow_with_padding_and_border ... ok
test edge_padding_box_size ... ok
test edge_parametric_1 ... ok
test edge_parametric_10 ... ok
test edge_parametric_11 ... ok
test edge_parametric_12 ... ok
test edge_parametric_13 ... ok
test edge_parametric_14 ... ok
test edge_parametric_15 ... ok
test edge_parametric_16 ... ok
test edge_parametric_17 ... ok
test edge_parametric_18 ... ok
test edge_parametric_19 ... ok
test edge_parametric_2 ... ok
test edge_parametric_20 ... ok
test edge_parametric_21 ... ok
test edge_parametric_22 ... ok
test edge_parametric_23 ... ok
test edge_parametric_24 ... ok
test edge_parametric_25 ... ok
test edge_parametric_26 ... ok
test edge_parametric_27 ... ok
test edge_parametric_28 ... ok
test edge_parametric_29 ... ok
test edge_parametric_3 ... ok
test edge_parametric_30 ... ok
test edge_parametric_31 ... ok
test edge_parametric_32 ... ok
test edge_parametric_33 ... ok
test edge_parametric_34 ... ok
test edge_parametric_35 ... ok
test edge_parametric_36 ... ok
test edge_parametric_37 ... ok
test edge_parametric_38 ... ok
test edge_parametric_39 ... ok
test edge_parametric_4 ... ok
test edge_parametric_40 ... ok
test edge_parametric_5 ... ok
test edge_parametric_6 ... ok
test edge_parametric_7 ... ok
test edge_parametric_8 ... ok
test edge_parametric_9 ... ok
test edge_set_overflow_clip_toggle ... ok
test edge_very_large_overflow ... ok
test edge_zero_height_container ... ok
test edge_zero_size_container_hidden ... ok
test edge_zero_width_container ... ok
test hidden_children_fit_no_overflow_rect ... ok
test hidden_content_clipped_to_padding_box ... ok
test hidden_nested_containers ... ok
test hidden_no_children_still_clips ... ok
test hidden_overflow_rect_extends_beyond_border_box ... ok
test hidden_overflow_x_only ... ok
test hidden_overflow_y_only ... ok
test hidden_parametric_1 ... ok
test hidden_parametric_10 ... ok
test hidden_parametric_11 ... ok
test hidden_parametric_12 ... ok
test hidden_parametric_13 ... ok
test hidden_parametric_14 ... ok
test hidden_parametric_15 ... ok
test hidden_parametric_16 ... ok
test hidden_parametric_17 ... ok
test hidden_parametric_18 ... ok
test hidden_parametric_19 ... ok
test hidden_parametric_2 ... ok
test hidden_parametric_20 ... ok
test hidden_parametric_21 ... ok
test hidden_parametric_22 ... ok
test hidden_parametric_23 ... ok
test hidden_parametric_24 ... ok
test hidden_parametric_25 ... ok
test hidden_parametric_26 ... ok
test hidden_parametric_27 ... ok
test hidden_parametric_28 ... ok
test hidden_parametric_29 ... ok
test hidden_parametric_3 ... ok
test hidden_parametric_30 ... ok
test hidden_parametric_31 ... ok
test hidden_parametric_32 ... ok
test hidden_parametric_33 ... ok
test hidden_parametric_34 ... ok
test hidden_parametric_35 ... ok
test hidden_parametric_36 ... ok
test hidden_parametric_37 ... ok
test hidden_parametric_38 ... ok
test hidden_parametric_39 ... ok
test hidden_parametric_4 ... ok
test hidden_parametric_40 ... ok
test hidden_parametric_41 ... ok
test hidden_parametric_42 ... ok
test hidden_parametric_43 ... ok
test hidden_parametric_44 ... ok
test hidden_parametric_45 ... ok
test hidden_parametric_46 ... ok
test hidden_parametric_47 ... ok
test hidden_parametric_48 ... ok
test hidden_parametric_49 ... ok
test hidden_parametric_5 ... ok
test hidden_parametric_50 ... ok
test hidden_parametric_6 ... ok
test hidden_parametric_7 ... ok
test hidden_parametric_8 ... ok
test hidden_parametric_9 ... ok
test hidden_sets_clip_flag ... ok
test hidden_with_border ... ok
test hidden_with_border_radius ... ok
test hidden_with_padding ... ok
test overflow_rect_absolute_child_layout ... ok
test overflow_rect_border_box_rect ... ok
test overflow_rect_empty_container_zero ... ok
test overflow_rect_from_fragment_api ... ok
test overflow_rect_nested_children ... ok
test overflow_rect_parametric_1 ... ok
test overflow_rect_parametric_10 ... ok
test overflow_rect_parametric_11 ... ok
test overflow_rect_parametric_12 ... ok
test overflow_rect_parametric_13 ... ok
test overflow_rect_parametric_14 ... ok
test overflow_rect_parametric_15 ... ok
test overflow_rect_parametric_16 ... ok
test overflow_rect_parametric_17 ... ok
test overflow_rect_parametric_18 ... ok
test overflow_rect_parametric_19 ... ok
test overflow_rect_parametric_2 ... ok
test overflow_rect_parametric_20 ... ok
test overflow_rect_parametric_21 ... ok
test overflow_rect_parametric_22 ... ok
test overflow_rect_parametric_23 ... ok
test overflow_rect_parametric_24 ... ok
test overflow_rect_parametric_25 ... ok
test overflow_rect_parametric_26 ... ok
test overflow_rect_parametric_27 ... ok
test overflow_rect_parametric_28 ... ok
test overflow_rect_parametric_29 ... ok
test overflow_rect_parametric_3 ... ok
test overflow_rect_parametric_30 ... ok
test overflow_rect_parametric_31 ... ok
test overflow_rect_parametric_32 ... ok
test overflow_rect_parametric_33 ... ok
test overflow_rect_parametric_34 ... ok
test overflow_rect_parametric_35 ... ok
test overflow_rect_parametric_36 ... ok
test overflow_rect_parametric_37 ... ok
test overflow_rect_parametric_38 ... ok
test overflow_rect_parametric_39 ... ok
test overflow_rect_parametric_4 ... ok
test overflow_rect_parametric_40 ... ok
test overflow_rect_parametric_41 ... ok
test overflow_rect_parametric_42 ... ok
test overflow_rect_parametric_43 ... ok
test overflow_rect_parametric_44 ... ok
test overflow_rect_parametric_45 ... ok
test overflow_rect_parametric_46 ... ok
test overflow_rect_parametric_47 ... ok
test overflow_rect_parametric_48 ... ok
test overflow_rect_parametric_49 ... ok
test overflow_rect_parametric_5 ... ok
test overflow_rect_parametric_50 ... ok
test overflow_rect_parametric_51 ... ok
test overflow_rect_parametric_52 ... ok
test overflow_rect_parametric_53 ... ok
test overflow_rect_parametric_54 ... ok
test overflow_rect_parametric_55 ... ok
test overflow_rect_parametric_56 ... ok
test overflow_rect_parametric_57 ... ok
test overflow_rect_parametric_58 ... ok
test overflow_rect_parametric_59 ... ok
test overflow_rect_parametric_6 ... ok
test overflow_rect_parametric_60 ... ok
test overflow_rect_parametric_61 ... ok
test overflow_rect_parametric_62 ... ok
test overflow_rect_parametric_63 ... ok
test overflow_rect_parametric_64 ... ok
test overflow_rect_parametric_65 ... ok
test overflow_rect_parametric_66 ... ok
test overflow_rect_parametric_67 ... ok
test overflow_rect_parametric_68 ... ok
test overflow_rect_parametric_69 ... ok
test overflow_rect_parametric_7 ... ok
test overflow_rect_parametric_70 ... ok
test overflow_rect_parametric_8 ... ok
test overflow_rect_parametric_9 ... ok
test overflow_rect_single_child ... ok
test overflow_rect_union_of_multiple_children ... ok
test overflow_rect_with_explicit_rect ... ok
test overflow_rect_with_relative_child ... ok
test physical_rect_unite_basic ... ok
test physical_rect_unite_with_empty ... ok
test positioning_absolute_child_in_hidden_container ... ok
test positioning_absolute_in_auto ... ok
test positioning_absolute_in_clip ... ok
test positioning_absolute_in_hidden ... ok
test positioning_absolute_in_scroll ... ok
test positioning_overflow_hidden_with_static_children ... ok
test positioning_parametric_1 ... ok
test positioning_parametric_10 ... ok
test positioning_parametric_11 ... ok
test positioning_parametric_12 ... ok
test positioning_parametric_13 ... ok
test positioning_parametric_14 ... ok
test positioning_parametric_15 ... ok
test positioning_parametric_16 ... ok
test positioning_parametric_17 ... ok
test positioning_parametric_18 ... ok
test positioning_parametric_19 ... ok
test positioning_parametric_2 ... ok
test positioning_parametric_20 ... ok
test positioning_parametric_21 ... ok
test positioning_parametric_22 ... ok
test positioning_parametric_23 ... ok
test positioning_parametric_24 ... ok
test positioning_parametric_25 ... ok
test positioning_parametric_26 ... ok
test positioning_parametric_27 ... ok
test positioning_parametric_28 ... ok
test positioning_parametric_29 ... ok
test positioning_parametric_3 ... ok
test positioning_parametric_30 ... ok
test positioning_parametric_31 ... ok
test positioning_parametric_32 ... ok
test positioning_parametric_33 ... ok
test positioning_parametric_34 ... ok
test positioning_parametric_35 ... ok
test positioning_parametric_36 ... ok
test positioning_parametric_37 ... ok
test positioning_parametric_38 ... ok
test positioning_parametric_39 ... ok
test positioning_parametric_4 ... ok
test positioning_parametric_40 ... ok
test positioning_parametric_41 ... ok
test positioning_parametric_42 ... ok
test positioning_parametric_43 ... ok
test positioning_parametric_44 ... ok
test positioning_parametric_45 ... ok
test positioning_parametric_46 ... ok
test positioning_parametric_47 ... ok
test positioning_parametric_48 ... ok
test positioning_parametric_49 ... ok
test positioning_parametric_5 ... ok
test positioning_parametric_50 ... ok
test positioning_parametric_6 ... ok
test positioning_parametric_7 ... ok
test positioning_parametric_8 ... ok
test positioning_parametric_9 ... ok
test positioning_relative_child_in_hidden_container ... ok
test positioning_relative_contributes_to_overflow ... ok
test positioning_relative_in_auto ... ok
test positioning_relative_in_clip ... ok
test positioning_relative_in_hidden ... ok
test positioning_relative_in_scroll ... ok
test scroll_container_size_unchanged ... ok
test scroll_creates_clip_context ... ok
test scroll_is_clipping ... ok
test scroll_is_scrollable ... ok
test scroll_multi_child_1 ... ok
test scroll_multi_child_10 ... ok
test scroll_multi_child_11 ... ok
test scroll_multi_child_12 ... ok
test scroll_multi_child_13 ... ok
test scroll_multi_child_14 ... ok
test scroll_multi_child_2 ... ok
test scroll_multi_child_3 ... ok
test scroll_multi_child_4 ... ok
test scroll_multi_child_5 ... ok
test scroll_multi_child_6 ... ok
test scroll_multi_child_7 ... ok
test scroll_multi_child_8 ... ok
test scroll_multi_child_9 ... ok
test scroll_nested_scrollable_containers ... ok
test scroll_no_content_still_clips ... ok
test scroll_parametric_1 ... ok
test scroll_parametric_10 ... ok
test scroll_parametric_11 ... ok
test scroll_parametric_12 ... ok
test scroll_parametric_13 ... ok
test scroll_parametric_14 ... ok
test scroll_parametric_15 ... ok
test scroll_parametric_16 ... ok
test scroll_parametric_17 ... ok
test scroll_parametric_18 ... ok
test scroll_parametric_19 ... ok
test scroll_parametric_2 ... ok
test scroll_parametric_20 ... ok
test scroll_parametric_21 ... ok
test scroll_parametric_22 ... ok
test scroll_parametric_23 ... ok
test scroll_parametric_24 ... ok
test scroll_parametric_25 ... ok
test scroll_parametric_26 ... ok
test scroll_parametric_27 ... ok
test scroll_parametric_28 ... ok
test scroll_parametric_29 ... ok
test scroll_parametric_3 ... ok
test scroll_parametric_30 ... ok
test scroll_parametric_31 ... ok
test scroll_parametric_32 ... ok
test scroll_parametric_33 ... ok
test scroll_parametric_34 ... ok
test scroll_parametric_35 ... ok
test scroll_parametric_36 ... ok
test scroll_parametric_37 ... ok
test scroll_parametric_38 ... ok
test scroll_parametric_39 ... ok
test scroll_parametric_4 ... ok
test scroll_parametric_40 ... ok
test scroll_parametric_5 ... ok
test scroll_parametric_6 ... ok
test scroll_parametric_7 ... ok
test scroll_parametric_8 ... ok
test scroll_parametric_9 ... ok
test scroll_sets_clip_flag ... ok
test visible_all_children_zero_height ... ok
test visible_child_exact_fit_no_overflow ... ok
test visible_child_zero_height ... ok
test visible_content_overflows_vertically ... ok
test visible_deeply_nested_overflow ... ok
test visible_default_overflow_is_visible ... ok
test visible_many_small_children ... ok
test visible_nested_overflow_propagation ... ok
test visible_no_clip_flag ... ok
test visible_no_overflow_when_auto_height ... ok
test visible_one_tall_one_short ... ok
test visible_overflow_rect_includes_child ... ok
test visible_parametric_1 ... ok
test visible_parametric_10 ... ok
test visible_parametric_11 ... ok
test visible_parametric_12 ... ok
test visible_parametric_13 ... ok
test visible_parametric_14 ... ok
test visible_parametric_15 ... ok
test visible_parametric_16 ... ok
test visible_parametric_17 ... ok
test visible_parametric_18 ... ok
test visible_parametric_19 ... ok
test visible_parametric_2 ... ok
test visible_parametric_20 ... ok
test visible_parametric_21 ... ok
test visible_parametric_22 ... ok
test visible_parametric_23 ... ok
test visible_parametric_24 ... ok
test visible_parametric_25 ... ok
test visible_parametric_26 ... ok
test visible_parametric_27 ... ok
test visible_parametric_28 ... ok
test visible_parametric_29 ... ok
test visible_parametric_3 ... ok
test visible_parametric_30 ... ok
test visible_parametric_31 ... ok
test visible_parametric_32 ... ok
test visible_parametric_33 ... ok
test visible_parametric_34 ... ok
test visible_parametric_35 ... ok
test visible_parametric_36 ... ok
test visible_parametric_37 ... ok
test visible_parametric_38 ... ok
test visible_parametric_39 ... ok
test visible_parametric_4 ... ok
test visible_parametric_40 ... ok
test visible_parametric_5 ... ok
test visible_parametric_6 ... ok
test visible_parametric_7 ... ok
test visible_parametric_8 ... ok
test visible_parametric_9 ... ok
test visible_single_child_1px_overflow ... ok
test visible_single_large_child ... ok
test visible_three_children_overflow ... ok
test visible_two_children_no_overflow ... ok
test visible_two_children_overflow ... ok

test result: ok. 605 passed; 0 failed; 0 ignored; 0 measured; 0 filtered out; finished in 8.97s

     Running tests/sp12_h8_frag_tests.rs (/mnt/e/openui-v02-cargo-c73754e2/target/debug/deps/sp12_h8_frag_tests-b5a31bed4fd12b70)

running 401 tests
test appeal_before_auto ... ok
test appeal_before_forced_vals ... ok
test appeal_after_auto ... ok
test appeal_after_avoid_vals ... ok
test appeal_avoid_later ... ok
test appeal_before_avoid_vals ... ok
test appeal_after_forced_vals ... ok
test appeal_avoid_picks_nonavoid ... ok
test appeal_debug ... ok
test appeal_chain ... ok
test appeal_default_gt_violating ... ok
test appeal_default_gt_last ... ok
test appeal_copy ... ok
test appeal_eq ... ok
test appeal_equal_prefer_later ... ok
test appeal_forced ... ok
test appeal_hash ... ok
test appeal_is_forced ... ok
test appeal_is_acceptable ... ok
test appeal_forced_middle ... ok
test appeal_later_index_wins ... ok
test appeal_multi_avoid ... ok
test appeal_no_valid_last_resort ... ok
test appeal_perfect_gt_default ... ok
test appeal_perfect_gt_last ... ok
test appeal_perfect_gt_violating ... ok
test appeal_perfect_wins ... ok
test appeal_point_eq ... ok
test appeal_point_ne ... ok
test appeal_violating_gt_last ... ok
test avoid_all_boundaries_last_resort ... ok
test avoid_before_and_after_both ... ok
test basic_frag_100_children ... ok
test basic_frag_all_zero_height ... ok
test basic_frag_alternating ... ok
test basic_frag_break_before_consumed ... ok
test basic_frag_break_before_flag ... ok
test basic_frag_break_between_siblings ... ok
test basic_frag_chaining_deep ... ok
test basic_frag_consumed_results ... ok
test basic_frag_content_fits_single_fragmentainer ... ok
test basic_frag_decreasing ... ok
test basic_frag_empty_no_break ... ok
test basic_frag_enum_block ... ok
test basic_frag_exact_boundary_sum ... ok
test basic_frag_exactly_fills ... ok
test basic_frag_exceeds_fragmentainer ... ok
test basic_frag_first_fills_exactly ... ok
test basic_frag_first_overflows ... ok
test basic_frag_five_equal_small ... ok
test basic_frag_gradual_increase ... ok
test basic_frag_large_consumed ... ok
test basic_frag_large_index ... ok
test basic_frag_large_space_all_fit ... ok
test basic_frag_many_small ... ok
test basic_frag_multiple_fragmentainers ... ok
test basic_frag_new_at_start ... ok
test basic_frag_no_remaining ... ok
test basic_frag_not_break_before ... ok
test basic_frag_one_per_fragmentainer ... ok
test basic_frag_partial_fit ... ok
test basic_frag_partial_offset ... ok
test basic_frag_second_boundary ... ok
test basic_frag_single_child_fits ... ok
test basic_frag_single_overflows ... ok
test basic_frag_three_two_fit ... ok
test basic_frag_tiny_fragmentainer ... ok
test basic_frag_token_child_index ... ok
test basic_frag_token_clone ... ok
test basic_frag_token_consumed ... ok
test basic_frag_token_debug ... ok
test basic_frag_token_multiple_children ... ok
test basic_frag_token_no_children ... ok
test basic_frag_token_preserves ... ok
test basic_frag_token_with_children ... ok
test basic_frag_two_exactly_fit ... ok
test basic_frag_unequal_break ... ok
test basic_frag_zero_consumed ... ok
test break_after_always ... ok
test break_after_avoid_demotes ... ok
test break_after_column ... ok
test break_after_last_child_no_effect ... ok
test break_after_left ... ok
test break_after_page ... ok
test break_after_right ... ok
test break_avoid_column_prop ... ok
test break_avoid_page_prop ... ok
test break_before_always ... ok
test break_before_avoid_demotes ... ok
test break_before_column ... ok
test break_before_first_child_no_effect ... ok
test break_before_left ... ok
test break_before_page ... ok
test break_before_right ... ok
test break_inside_auto_not_avoid ... ok
test break_inside_avoid ... ok
test break_inside_avoid_column ... ok
test break_inside_avoid_page ... ok
test break_inside_is_avoid_all ... ok
test break_value_is_avoid_false ... ok
test break_value_is_avoid_true ... ok
test break_value_is_forced_false ... ok
test break_value_is_forced_true ... ok
test combined_before_after_forces ... ok
test computed_style_frag_defaults ... ok
test edge_1px ... ok
test edge_all_forced_brk ... ok
test edge_all_zero ... ok
test edge_avoid_both ... ok
test edge_bal_10i4c ... ok
test edge_bal_max_small ... ok
test edge_bal_single_large ... ok
test edge_bal_zero_h ... ok
test edge_bb_acol_avoid ... ok
test edge_bb_all_variants ... ok
test edge_bb_auto_auto ... ok
test edge_bb_auto_col ... ok
test edge_bb_auto_sym ... ok
test edge_bb_avoid_apage ... ok
test edge_bb_avoid_auto ... ok
test edge_bb_clone ... ok
test edge_bb_col_right ... ok
test edge_bb_debug ... ok
test edge_bb_default ... ok
test edge_bb_left_page ... ok
test edge_bb_page_avoid ... ok
test edge_bb_page_col ... ok
test edge_bb_recto_page ... ok
test edge_bb_right_left ... ok
test edge_bb_verso_col ... ok
test edge_bi_all_variants ... ok
test edge_bi_initial ... ok
test edge_bv_all_variants ... ok
test edge_bv_initial ... ok
test edge_c1_pass ... ok
test edge_cbi_clone ... ok
test edge_cbi_debug ... ok
test edge_cf_all_variants ... ok
test edge_cf_initial ... ok
test edge_empty_mc ... ok
test edge_exact_fit ... ok
test edge_exact_single ... ok
test edge_fill_balance_all ... ok
test edge_forced_after_first ... ok
test edge_large_avail ... ok
test edge_large_count ... ok
test edge_large_small ... ok
test edge_many_forced ... ok
test edge_margin_scenario ... ok
test edge_mixed ... ok
test edge_pos_5c ... ok
test edge_resolve_1col ... ok
test edge_result_fields ... ok
test edge_rule_with_algo ... ok
test edge_second_zero ... ok
test edge_single_larger ... ok
test edge_with_width ... ok
test edge_zero_frag ... ok
test edge_zero_gap ... ok
test extra_appeal_ne_diff_appeal ... ok
test extra_appeal_ne_variants ... ok
test extra_appeal_point_debug ... ok
test extra_appeal_repr_values ... ok
test extra_break_after_avoid_page ... ok
test extra_break_avoid_both_boundaries ... ok
test extra_break_avoid_column_after ... ok
test extra_break_avoid_page_after ... ok
test extra_break_before_after_appeal_symmetry ... ok
test extra_break_column_after_mid ... ok
test extra_break_forced_mid_4children ... ok
test extra_break_value_is_not_forced_auto ... ok
test extra_edge_bal_max_capped ... ok
test extra_edge_balance_2c_single_item ... ok
test extra_edge_bb_auto_self ... ok
test extra_edge_bb_avoid_avoid ... ok
test extra_edge_bb_avoid_page_page ... ok
test extra_edge_bb_col_col ... ok
test extra_edge_bb_left_left ... ok
test extra_edge_bb_page_page ... ok
test extra_edge_bb_recto_recto ... ok
test extra_edge_bb_right_right ... ok
test extra_edge_bb_verso_verso ... ok
test extra_edge_break_appeal_partial_ord ... ok
test extra_edge_break_default ... ok
test extra_edge_break_inside_repr ... ok
test extra_edge_break_value_repr ... ok
test extra_edge_cbi_field_access ... ok
test extra_edge_column_fill_repr ... ok
test extra_edge_layout_result_debug ... ok
test extra_edge_layout_single_col_count ... ok
test extra_edge_mc_layout_10i_5c ... ok
test extra_edge_mc_positions_stride ... ok
test extra_edge_mc_rule_count_2 ... ok
test extra_edge_mc_rule_count_5 ... ok
test extra_edge_resolved_cols_debug ... ok
test extra_edge_resolved_cols_eq ... ok
test extra_edge_rule_zero_width ... ok
test extra_frag_all_one_px ... ok
test extra_frag_avoid_after_second ... ok
test extra_frag_binary_split ... ok
test extra_frag_break_token_eq_consumed ... ok
test extra_frag_child_debug_clone ... ok
test extra_frag_four_fit ... ok
test extra_frag_fragspace_half_then_break ... ok
test extra_frag_mixed_sizes ... ok
test extra_frag_near_boundary ... ok
test extra_frag_space_after_consume_3 ... ok
test extra_frag_space_exhausted_then_new ... ok
test extra_frag_staircase ... ok
test extra_frag_token_at_various_indices ... ok
test extra_frag_token_various_consumed ... ok
test extra_frag_triple_boundary ... ok
test extra_frag_two_then_one ... ok
test extra_fs_block_offset_tracks ... ok
test extra_fs_consume_tiny_increments ... ok
test extra_fs_new_various_sizes ... ok
test extra_fs_not_start_after_zero ... ok
test extra_fs_remaining_after_each_consume ... ok
test extra_mc_bal_2c2i_equal ... ok
test extra_mc_bal_3c_asymmetric ... ok
test extra_mc_balance_2c_desc ... ok
test extra_mc_balance_4c8i ... ok
test extra_mc_balance_5c10i ... ok
test extra_mc_balance_all_ones ... ok
test extra_mc_balance_single_item_2c ... ok
test extra_mc_col_fill_balance_all_same ... ok
test extra_mc_count_0_resolves ... ok
test extra_mc_count_1_gap ... ok
test extra_mc_from_style_count_and_width ... ok
test extra_mc_from_style_with_width ... ok
test extra_mc_layout_6i_3c ... ok
test extra_mc_layout_auto_no_block_size ... ok
test extra_mc_layout_auto_with_many_items ... ok
test extra_mc_layout_many_cols ... ok
test extra_mc_layout_preserves_node ... ok
test extra_mc_layout_result_size ... ok
test extra_mc_positions_2c_centered ... ok
test extra_mc_positions_equal_spacing ... ok
test extra_mc_resolve_count_0 ... ok
test extra_mc_wide_gaps ... ok
test extra_mc_width_plus_gap ... ok
test extra_nest_6_child_tokens ... ok
test extra_nest_break_with_children_5 ... ok
test extra_nest_multicol_auto_inner ... ok
test extra_nest_token_clone_deep ... ok
test extra_should_break_left_right_after ... ok
test forced_break_after_second ... ok
test forced_overrides_natural ... ok
test fs_all_at_once ... ok
test fs_at_start ... ok
test fs_consume_beyond ... ok
test fs_consume_clears_start ... ok
test fs_consume_exact ... ok
test fs_consume_offset ... ok
test fs_consume_zero ... ok
test fs_copy ... ok
test fs_copy_sem ... ok
test fs_debug ... ok
test fs_exactly_one ... ok
test fs_exhausted_exact ... ok
test fs_exhausted_over ... ok
test fs_half ... ok
test fs_increments ... ok
test fs_large ... ok
test fs_multi_consume ... ok
test fs_new_start ... ok
test fs_not_exhausted ... ok
test fs_not_start ... ok
test fs_one_left ... ok
test fs_remaining_full ... ok
test fs_remaining_neg ... ok
test fs_remaining_partial ... ok
test fs_remaining_zero ... ok
test fs_seq_exhaust ... ok
test fs_size_unchanged ... ok
test fs_small ... ok
test fs_tiny ... ok
test fs_zero_size ... ok
test legacy_always ... ok
test legacy_auto ... ok
test legacy_avoid ... ok
test legacy_inside_auto ... ok
test legacy_inside_avoid ... ok
test legacy_inside_unknown ... ok
test legacy_left ... ok
test legacy_right ... ok
test legacy_unknown ... ok
test mc_10_narrow ... ok
test mc_1_full_width ... ok
test mc_2g50 ... ok
test mc_4_zero_gap ... ok
test mc_4_zero_gap_pos ... ok
test mc_5g10 ... ok
test mc_auto_auto ... ok
test mc_auto_height ... ok
test mc_bal_2c ... ok
test mc_bal_7i3c ... ok
test mc_bal_constrained ... ok
test mc_bal_identical ... ok
test mc_bal_one_large ... ok
test mc_balance_2c3i ... ok
test mc_balance_all_same ... ok
test mc_balance_convergence ... ok
test mc_balance_empty ... ok
test mc_balance_large_child ... ok
test mc_balance_single_col ... ok
test mc_balance_uneven ... ok
test mc_both_count_wins ... ok
test mc_both_width_wins ... ok
test mc_both_zero_gap ... ok
test mc_center_exceeds ... ok
test mc_centered_3 ... ok
test mc_centering ... ok
test mc_count_2 ... ok
test mc_count_3_gap ... ok
test mc_exact_divide ... ok
test mc_exact_width ... ok
test mc_fill_auto ... ok
test mc_fill_balance ... ok
test mc_frag_children ... ok
test mc_from_style_count ... ok
test mc_from_style_none ... ok
test mc_gap_affects ... ok
test mc_large_narrow ... ok
test mc_layout_dist ... ok
test mc_layout_empty ... ok
test mc_layout_overflow ... ok
test mc_layout_single ... ok
test mc_neg_width ... ok
test mc_nonzero_block ... ok
test mc_not_centered ... ok
test mc_positions_3 ... ok
test mc_positions_large_gap ... ok
test mc_positions_single ... ok
test mc_positions_width ... ok
test mc_positions_zero ... ok
test mc_rules_1 ... ok
test mc_rules_3 ... ok
test mc_rules_4 ... ok
test mc_rules_between ... ok
test mc_rules_zero_gap ... ok
test mc_single_item_2c ... ok
test mc_single_pass ... ok
test mc_style_defaults ... ok
test mc_w200g10 ... ok
test mc_w300g0a900 ... ok
test mc_width_only ... ok
test multiple_forced_first_wins ... ok
test nest_2x2 ... ok
test nest_3_levels ... ok
test nest_3c9i ... ok
test nest_4_levels ... ok
test nest_5_levels ... ok
test nest_balance_within ... ok
test nest_block_in_frag ... ok
test nest_break_before_nested ... ok
test nest_break_nested_ctx ... ok
test nest_child_lt_parent ... ok
test nest_clone_children ... ok
test nest_col_multi_frag ... ok
test nest_consumed_accum ... ok
test nest_content_in_col ... ok
test nest_empty_children ... ok
test nest_float_in_frag ... ok
test nest_frag_in_col ... ok
test nest_index_varies ... ok
test nest_multi_child_tokens ... ok
test nest_multicol_in_multicol ... ok
test nest_parent_child ... ok
test nest_positioned ... ok
test nest_preserves_data ... ok
test nest_prior_consumed ... ok
test nest_sibling_tokens ... ok
test should_break_after_all_forced ... ok
test should_break_before_all_forced ... ok
test should_not_break_after_non_forced ... ok
test should_not_break_before_non_forced ... ok
test span_2c_normal ... ok
test span_3c6i ... ok
test span_after ... ok
test span_all_eq ... ok
test span_all_repr ... ok
test span_auto ... ok
test span_before ... ok
test span_clone ... ok
test span_copy ... ok
test span_debug ... ok
test span_default ... ok
test span_default_none ... ok
test span_fill_variants ... ok
test span_hash ... ok
test span_initial ... ok
test span_many_2c ... ok
test span_multi_styles ... ok
test span_mutation ... ok
test span_ne ... ok
test span_none_eq ... ok
test span_none_repr ... ok
test span_set_all ... ok
test span_set_none ... ok
test span_unaffected ... ok

test result: ok. 401 passed; 0 failed; 0 ignored; 0 measured; 0 filtered out; finished in 5.74s

     Running tests/sp12_intrinsic_sizing_tests.rs (/mnt/e/openui-v02-cargo-c73754e2/target/debug/deps/sp12_intrinsic_sizing_tests-efa1fc1daa8be33b)

running 23 tests
test intrinsic_sizes_struct_construction ... ok
test shrink_to_fit_all_equal ... ok
test shrink_to_fit_available_below_min ... ok
test replaced_with_height_only_applies_aspect_ratio ... ok
test replaced_element_explicit_both ... ok
test replaced_element_default_size ... ok
test replaced_with_width_only_applies_aspect_ratio ... ok
test auto_block_size_with_margin_collapsing ... ok
test block_size_from_content_clamped_by_min_height ... ok
test block_size_from_content_sum ... ok
test block_size_from_content_clamped_by_max_height ... ok
test child_with_min_width_constraint ... ok
test nested_block_intrinsic_sizing ... ok
test min_content_multiple_children_takes_max ... ok
test max_content_single_child ... ok
test multiple_children_block_size_sums ... ok
test min_content_single_child ... ok
test display_none_children_skipped ... ok
test max_content_with_padding_border ... ok
test shrink_to_fit_available_between_min_max ... ok
test inline_intrinsic_sizes_text ... ok
test shrink_to_fit_available_exceeds_max ... ok
test zero_content_element ... ok

test result: ok. 23 passed; 0 failed; 0 ignored; 0 measured; 0 filtered out; finished in 0.29s

     Running tests/sp12_margin_collapsing_tests.rs (/mnt/e/openui-v02-cargo-c73754e2/target/debug/deps/sp12_margin_collapsing_tests-74ae0574c4b39a50)

running 41 tests
test bfc_detection_grid ... ok
test bfc_child_after_resets_strut ... ok
test adjacent_sibling_one_negative ... ok
test bfc_detection_fixed_position ... ok
test adjacent_sibling_positive_margins_larger_wins ... ok
test adjacent_sibling_both_negative ... ok
test child_with_clearance_severs_chain ... ok
test bfc_detection_overflow_scroll ... ok
test clearance_prevents_margin_collapsing ... ok
test bfc_detection_overflow_auto ... ok
test discard_margins_produces_zero ... ok
test deeply_nested_parent_child_collapsing ... ok
test empty_block_collapses_through ... ok
test empty_block_finalize_propagates_strut ... ok
test empty_block_with_border_no_collapse_through ... ok
test empty_block_with_explicit_height_no_collapse_through ... ok
test empty_block_with_min_height_no_collapse_through ... ok
test empty_block_with_padding_no_collapse_through ... ok
test float_child_does_not_affect_strut ... ok
test float_prevents_margin_collapsing ... ok
test margin_strut_resolve_mixed ... ok
test margin_strut_resolve_negative_only ... ok
test margin_strut_resolve_positive_only ... ok
test merge_struts_combines_correctly ... ok
test multiple_consecutive_empty_blocks ... ok
test negative_and_positive_margin_chain ... ok
test new_bfc_prevents_collapsing ... ok
test normal_block_does_not_establish_bfc ... ok
test parent_first_child_blocked_by_border ... ok
test parent_first_child_blocked_by_padding ... ok
test parent_first_child_collapsing ... ok
test parent_last_child_blocked_by_border ... ok
test parent_last_child_blocked_by_height ... ok
test parent_last_child_blocked_by_padding ... ok
test parent_last_child_collapsing ... ok
test quirky_container_start_ignores_quirky ... ok
test quirky_margin_handling ... ok
test state_new_resolved_has_bfc_set ... ok
test zero_and_negative_margin ... ok
test zero_and_positive_margin ... ok
test zero_margins_collapse_to_zero ... ok

test result: ok. 41 passed; 0 failed; 0 ignored; 0 measured; 0 filtered out; finished in 0.60s

     Running tests/sp12_multicol_tests.rs (/mnt/e/openui-v02-cargo-c73754e2/target/debug/deps/sp12_multicol_tests-e0dab7e1f3589325)

running 26 tests
test balance_single_column ... ok
test balance_empty_content ... ok
test column_positions_with_gap ... ok
test auto_fill_uses_available_height ... ok
test column_positions_3_columns ... ok
test column_positions_zero_count ... ok
test balance_equal_content ... ok
test balance_uneven_content ... ok
test column_positions_centered ... ok
test column_rule_positions ... ok
test column_rule_no_rules_for_single_column ... ok
test gap_affects_width ... ok
test column_span_all_placeholder ... ok
test large_count_narrow_container ... ok
test negative_column_width_clamped ... ok
test layout_columns_distributes_across_columns ... ok
test resolve_auto_auto_defaults_to_1_column ... ok
test resolve_both_count_wins ... ok
test resolve_both_width_wins ... ok
test resolve_both_with_zero_gap ... ok
test resolve_only_count_1_column ... ok
test resolve_only_count_3_columns ... ok
test resolve_only_width_200px ... ok
test single_column_passthrough ... ok
test style_defaults_no_multicol ... ok
test zero_column_gap ... ok

test result: ok. 26 passed; 0 failed; 0 ignored; 0 measured; 0 filtered out; finished in 0.37s

     Running tests/sp12_new_fc_tests.rs (/mnt/e/openui-v02-cargo-c73754e2/target/debug/deps/sp12_new_fc_tests-1cacfb33c2287a8d)

running 34 tests
test bfc_element_beside_right_float ... ok
test absolute_position_creates_new_bfc ... ok
test bfc_element_beside_left_float ... ok
test adjust_for_float_avoidance_no_floats ... ok
test adjust_for_float_avoidance_with_left_float ... ok
test bfc_element_between_both_floats ... ok
test bfc_element_drops_below_both_floats_when_too_wide ... ok
test bfc_element_drops_below_float_when_too_wide ... ok
test child_space_inherits_fragmentation_from_parent ... ok
test display_flex_creates_new_bfc ... ok
test display_flow_root_creates_new_bfc ... ok
test display_inline_block_creates_new_bfc ... ok
test display_grid_creates_new_bfc ... ok
test display_table_creates_new_bfc ... ok
test fixed_position_creates_new_bfc ... ok
test float_left_creates_new_bfc ... ok
test fresh_exclusion_space_for_new_bfc_child ... ok
test float_right_creates_new_bfc ... ok
test layout_new_fc_auto_width_fills_available ... ok
test layout_new_fc_auto_width_shrinks_beside_float ... ok
test layout_new_fc_pushed_below_float ... ok
test layout_new_fc_resolves_margins ... ok
test layout_new_fc_with_float_avoidance ... ok
test nested_bfc_contains_its_own_floats ... ok
test new_bfc_does_not_collapse_margins_with_parent ... ok
test new_bfc_margins_resolved_immediately ... ok
test new_bfc_percentage_margins_resolve_against_container ... ok
test normal_block_does_not_create_bfc ... ok
test normal_inline_does_not_create_bfc ... ok
test overflow_auto_creates_new_bfc ... ok
test overflow_clip_does_not_create_new_bfc ... ok
test overflow_hidden_creates_new_bfc ... ok
test overflow_scroll_creates_new_bfc ... ok
test root_element_always_creates_bfc ... ok

test result: ok. 34 passed; 0 failed; 0 ignored; 0 measured; 0 filtered out; finished in 0.51s

     Running tests/sp12_overflow_tests.rs (/mnt/e/openui-v02-cargo-c73754e2/target/debug/deps/sp12_overflow_tests-6b3fc1e001139527)

running 23 tests
test physical_rect_unite_empty ... ok
test physical_rect_unite ... ok
test establishes_new_fc_overflow_hidden ... ok
test establishes_new_fc_overflow_scroll ... ok
test establishes_new_fc_float ... ok
test establishes_new_fc_flex ... ok
test establishes_new_fc_absolute_position ... ok
test fragment_overflow_fields_initial_values ... ok
test border_box_rect_method ... ok
test scrollable_overflow_returns_border_box_when_no_overflow ... ok
test overflow_visible_no_clip_flag ... ok
test overflow_hidden_sets_clip_flag ... ok
test overflow_with_padding_and_border ... ok
test overflow_x_only_sets_clip ... ok
test overflow_auto_sets_clip_flag ... ok
test overflow_scroll_sets_clip_flag ... ok
test overflow_rect_computed_when_children_exceed_container ... ok
test overflow_clip_sets_clip_flag ... ok
test overflow_rect_multiple_children ... ok
test nested_overflow_containers ... ok
test no_overflow_rect_when_children_fit ... ok
test scrollable_overflow_returns_overflow_rect_when_set ... ok
test set_overflow_clip_toggles_flag ... ok

test result: ok. 23 passed; 0 failed; 0 ignored; 0 measured; 0 filtered out; finished in 0.31s

     Running tests/sp12_size_constraints_tests.rs (/mnt/e/openui-v02-cargo-c73754e2/target/debug/deps/sp12_size_constraints_tests-e3b40f55a669ee0f)

running 29 tests
test border_box_small_size_clamps_to_zero ... ok
test border_box_constraints_subtract_padding_border ... ok
test box_sizing_border_box_subtracts_padding_border ... ok
test box_sizing_content_box_no_adjustment ... ok
test constrain_block_below_min ... ok
test combined_min_max_resolution_chain ... ok
test constrain_block_within_bounds ... ok
test constrain_inline_above_max_clamps_down ... ok
test constrain_inline_below_min_clamps_up ... ok
test constrain_inline_min_greater_than_max_min_wins ... ok
test constrain_inline_within_bounds_no_change ... ok
test max_content_as_max_width_treated_as_none ... ok
test fit_content_min_treated_as_zero ... ok
test max_height_none_no_constraint ... ok
test min_content_as_min_width_treated_as_zero ... ok
test fit_content_max_treated_as_none ... ok
test min_width_percentage ... ok
test min_percentage_against_indefinite_cb_is_zero ... ok
test resolve_block_auto_uses_content ... ok
test resolve_block_border_box_fixed ... ok
test resolve_block_fixed ... ok
test resolve_block_percentage_definite_cb ... ok
test resolve_block_percentage_indefinite_cb_treated_as_auto ... ok
test resolve_constraints_normalizes_min_gt_max ... ok
test resolve_inline_auto_uses_available ... ok
test resolve_inline_border_box_fixed ... ok
test resolve_inline_fixed ... ok
test resolve_inline_percentage ... ok
test zero_min_width ... ok

test result: ok. 29 passed; 0 failed; 0 ignored; 0 measured; 0 filtered out; finished in 0.38s

     Running tests/sp12_sticky_tests.rs (/mnt/e/openui-v02-cargo-c73754e2/target/debug/deps/sp12_sticky_tests-8395169eab3c8ec1)

running 17 tests
test apply_sticky_offset_mutates_fragment ... ok
test constraint_rect_all_edges ... ok
test nested_sticky_containers ... ok
test no_sticky_offset_when_static ... ok
test sticky_at_scroll_zero ... ok
test sticky_bottom ... ok
test sticky_bottom_sticks_scrolling_up ... ok
test sticky_constrained_to_containing_block ... ok
test sticky_left ... ok
test sticky_percentage_insets ... ok
test sticky_position_data_stores_all_fields ... ok
test sticky_right ... ok
test sticky_top_and_bottom ... ok
test sticky_top_no_scroll ... ok
test sticky_top_clamped_by_containing_block ... ok
test sticky_top_scroll_past_threshold ... ok
test sticky_with_margin ... ok

test result: ok. 17 passed; 0 failed; 0 ignored; 0 measured; 0 filtered out; finished in 0.22s

     Running tests/sp12_test_infra_tests.rs (/mnt/e/openui-v02-cargo-c73754e2/target/debug/deps/sp12_test_infra_tests-d1d2f66051aae121)

running 23 tests
test style_builder_percentage_dimensions ... ok
test style_builder_box_sizing ... ok
test style_builder_sets_display ... ok
test style_builder_sets_float_clear ... ok
test style_builder_sets_overflow ... ok
test style_builder_sets_margin_padding_border ... ok
test style_builder_sets_position ... ok
test style_builder_sets_width_height ... ok
test child_builder_with_style_closure ... ok
test builder_creates_container_with_correct_size ... ok
test container_style_override ... ok
test multiple_children_positioning ... ok
test child_with_padding_and_border ... ok
test assert_helpers_work_correctly ... ok
test empty_container ... ok
test nested_children ... ok
test assert_layout_macro_works ... ok
test layout_result_child_access ... ok
test child_with_margins ... ok
test single_child_with_fixed_size ... ok
test child_with_float_left ... ok
test style_builder_with_closure ... ok
test with_container_style_mutator ... ok

test result: ok. 23 passed; 0 failed; 0 ignored; 0 measured; 0 filtered out; finished in 0.29s

     Running tests/sp12_wpt_helpers.rs (/mnt/e/openui-v02-cargo-c73754e2/target/debug/deps/sp12_wpt_helpers-5c3b7226b7e21ce1)

running 0 tests

test result: ok. 0 passed; 0 failed; 0 ignored; 0 measured; 0 filtered out; finished in 0.01s

     Running tests/sp13_a_float_inline_tests.rs (/mnt/e/openui-v02-cargo-c73754e2/target/debug/deps/sp13_a_float_inline_tests-97f2b614de6dba59)

running 10 tests
test short_content_stays_beside_right_float ... ok
test short_content_stays_beside_left_float ... ok
test no_float_uses_full_width ... ok
test mixed_content_float_before_inline_run ... ok
test unbreakable_content_shifts_below_float ... ok
test float_in_pure_inline_context_is_positioned ... ok
test no_float_line_position_is_unchanged ... ok
test both_floats_narrow_from_both_sides ... ok
test left_float_shifts_text_right ... ok
test right_float_narrows_from_right ... ok

test result: ok. 10 passed; 0 failed; 0 ignored; 0 measured; 0 filtered out; finished in 0.33s

     Running tests/sp13_b_box_decoration_tests.rs (/mnt/e/openui-v02-cargo-c73754e2/target/debug/deps/sp13_b_box_decoration_tests-4b4eb872229f4913)

running 12 tests
test box_decoration_break_default_is_slice ... ok
test fragment_defaults_are_first_and_last ... ok
test empty_span_produces_no_crash ... ok
test single_line_span_gets_full_mbp ... ok
test span_with_padding_and_border_contributes_to_inline_size ... ok
test rtl_span_multi_line_reverses_inline_start_end ... ok
test multiple_spans_same_line_both_get_full_mbp ... ok
test multi_line_span_first_line_has_inline_start_mbp ... ok
test multi_line_span_last_line_has_inline_end_mbp ... ok
test box_decoration_break_clone_all_fragments_get_mbp ... ok
test nested_spans_multi_line ... ok
test multi_line_span_middle_line_no_inline_mbp ... ok

test result: ok. 12 passed; 0 failed; 0 ignored; 0 measured; 0 filtered out; finished in 0.26s

     Running tests/sp13_c_block_in_inline_tests.rs (/mnt/e/openui-v02-cargo-c73754e2/target/debug/deps/sp13_c_block_in_inline_tests-9a67bc0a1927eed8)

running 8 tests
test empty_after_block ... ok
test nested_inline_with_block ... ok
test block_with_height ... ok
test empty_before_block ... ok
test block_in_inline_with_padding ... ok
test multiple_blocks_in_inline ... ok
test simple_block_in_inline ... ok
test block_in_inline_stacking_order ... ok

test result: ok. 8 passed; 0 failed; 0 ignored; 0 measured; 0 filtered out; finished in 0.19s

     Running tests/sp13_d_oof_inline_tests.rs (/mnt/e/openui-v02-cargo-c73754e2/target/debug/deps/sp13_d_oof_inline_tests-a015ff2adb4f2c2e)

running 3 tests
test multiple_oof_in_inline ... ok
test oof_in_pure_inline_generates_candidate ... ok
test oof_in_inline_gets_static_position ... ok

test result: ok. 3 passed; 0 failed; 0 ignored; 0 measured; 0 filtered out; finished in 0.11s

     Running tests/sp13_e_baseline_tests.rs (/mnt/e/openui-v02-cargo-c73754e2/target/debug/deps/sp13_e_baseline_tests-f6b7666f3f050c31)

running 8 tests
test empty_block_has_no_baselines ... ok
test inline_layout_sets_baselines_directly ... ok
test baselines_always_computed ... ok
test single_line_first_and_last_baseline_are_equal ... ok
test baseline_includes_container_offset ... ok
test nested_block_propagates_child_baseline ... ok
test multi_line_first_baseline_before_last ... ok
test baseline_from_first_child_not_second ... ok

test result: ok. 8 passed; 0 failed; 0 ignored; 0 measured; 0 filtered out; finished in 0.15s

     Running tests/sp13_f_fragmentation_tests.rs (/mnt/e/openui-v02-cargo-c73754e2/target/debug/deps/sp13_f_fragmentation_tests-550fbf26c0234f0f)

running 27 tests
test default_orphans_widows ... ok
test computed_style_orphans_default ... ok
test computed_style_orphans_widows_custom ... ok
test fragment_break_token_can_be_set ... ok
test break_token_inline_variant ... ok
test computed_style_widows_default ... ok
test fragment_break_token_default_none ... ok
test fragmentation_empty_when_no_space ... ok
test fragmentation_empty_fragment ... ok
test fragmentation_preserves_baselines ... ok
test fragmentation_single_line_fits ... ok
test fragmentation_single_line_fragmentainer ... ok
test fragmentation_with_offset_in_fragmentainer ... ok
test fragmentation_splits_at_boundary ... ok
test height_adjusted_after_fragmentation ... ok
test inline_break_token_creation ... ok
test inline_break_token_zero ... ok
test multi_fragmentainer_simulation ... ok
test no_fragmentation_zero_fragmentainer_size ... ok
test no_fragmentation_when_all_lines_fit ... ok
test orphans_prevents_too_few_lines_before_break ... ok
test orphans_widows_conflict_orphans_wins ... ok
test resume_applies_further_fragmentation ... ok
test resume_from_end_produces_empty ... ok
test resume_offsets_are_rebased_to_zero ... ok
test resume_skips_consumed_lines ... ok
test widows_steals_lines_from_current_fragmentainer ... ok

test result: ok. 27 passed; 0 failed; 0 ignored; 0 measured; 0 filtered out; finished in 0.38s

     Running tests/sp13_g_intrinsic_block_tests.rs (/mnt/e/openui-v02-cargo-c73754e2/target/debug/deps/sp13_g_intrinsic_block_tests-3aae46f0ecf1329f)

running 7 tests
test empty_block_zero_block_size ... ok
test block_size_includes_border_padding ... ok
test single_word_min_equals_max_block_size ... ok
test nested_block_with_text_has_nonzero_block_size ... ok
test text_contributes_nonzero_block_size ... ok
test wrapping_text_min_block_size_greater_than_max ... ok
test larger_font_produces_taller_block_size ... ok

test result: ok. 7 passed; 0 failed; 0 ignored; 0 measured; 0 filtered out; finished in 0.17s

     Running tests/sp13_h_advanced_tests.rs (/mnt/e/openui-v02-cargo-c73754e2/target/debug/deps/sp13_h_advanced_tests-021239fd9837b48b)

running 40 tests
test h1_first_line_property_list ... ok
test h1_first_line_resolve_returns_some_when_present ... ok
test h1_first_line_resolve_returns_none_when_absent ... ok
test h2_first_letter_with_open_bracket ... ok
test h2_first_letter_no_letter_returns_none ... ok
test h2_first_letter_with_trailing_punctuation ... ok
test h2_first_letter_simple_extraction ... ok
test h3_balance_score_computation ... ok
test h2_first_letter_has_content ... ok
test h2_first_letter_cjk ... ok
test h2_first_letter_with_leading_punctuation ... ok
test h2_first_letter_multi_codepoint ... ok
test h2_first_letter_split ... ok
test h1_first_line_build_preserves_base ... ok
test h1_first_line_color_override ... ok
test h1_first_line_font_size_override ... ok
test h1_first_line_text_decoration_override ... ok
test h1_first_line_only_first_line_gets_style ... ok
test h2_first_letter_style_drop_cap ... ok
test h3_fallback_to_greedy_for_long_paragraphs ... ok
test h2_first_letter_metrics ... ok
test h3_fitness_class_transitions ... ok
test h3_requires_scoring_modes ... ok
test h3_single_word_fits_on_one_line ... ok
test h3_text_wrap_balance_produces_balanced_widths ... ok
test h3_text_wrap_enum_properties ... ok
test h3_text_wrap_pretty_minimizes_orphans ... ok
test h4_available_width_with_exclusion ... ok
test h4_create_initial_letter_style ... ok
test h4_drop_cap_3_lines ... ok
test h4_exclusion_area ... ok
test h4_initial_letter_style_computed_fields ... ok
test h4_line_exclusion_detection ... ok
test h4_raised_cap_3_lines ... ok
test h4_two_line_drop_cap ... ok
test h4_validate_initial_letter ... ok
test integration_initial_letter_field_set ... ok
test integration_new_style_fields_default ... ok
test integration_text_wrap_field_set ... ok
test integration_layout_with_new_defaults ... ok

test result: ok. 40 passed; 0 failed; 0 ignored; 0 measured; 0 filtered out; finished in 0.53s

     Running tests/sp13_i_wpt_tests.rs (/mnt/e/openui-v02-cargo-c73754e2/target/debug/deps/sp13_i_wpt_tests-bec5926bd15b4cee)

running 100 tests
test wpt_box_decoration_break_slice_default ... ok
test wpt_balance_score_perfect ... ok
test wpt_balance_score_unbalanced ... ok
test wpt_baseline_empty_block_none ... ok
test wpt_drop_cap_2_lines ... ok
test wpt_drop_cap_3_lines ... ok
test wpt_empty_inline_span_no_crash ... ok
test wpt_first_letter_cjk ... ok
test wpt_baseline_from_inline_layout_directly ... ok
test wpt_baseline_always_computed_without_flag ... ok
test wpt_baseline_single_line_equal ... ok
test wpt_baseline_with_padding_top ... ok
test wpt_block_in_inline_empty_before ... ok
test wpt_block_in_inline_empty_after ... ok
test wpt_block_in_inline_with_padding_context ... ok
test wpt_block_in_inline_total_height_correct ... ok
test wpt_dual_floats_squeeze_text ... ok
test wpt_block_in_inline_children_dont_overlap ... ok
test wpt_block_in_inline_splits_into_three ... ok
test wpt_baseline_multi_line_order ... ok
test wpt_box_decoration_break_clone_setting ... ok
test wpt_baseline_positive_value ... ok
test wpt_baseline_nested_propagation ... ok
test wpt_first_letter_empty_none ... ok
test wpt_first_letter_has_content ... ok
test wpt_first_letter_metrics ... ok
test wpt_first_letter_simple ... ok
test wpt_first_letter_with_punctuation ... ok
test wpt_first_line_absent_returns_base ... ok
test wpt_first_line_build_preserves_base_fields ... ok
test wpt_first_line_color_override ... ok
test wpt_first_line_font_size_override ... ok
test wpt_first_line_property_count ... ok
test wpt_first_line_resolve_none_when_absent ... ok
test wpt_first_line_resolve_some_when_set ... ok
test wpt_first_line_underline_override ... ok
test wpt_fitness_class_classification ... ok
test wpt_fitness_class_transition_penalty ... ok
test wpt_float_left_shrinks_available_inline_size ... ok
test wpt_float_right_positioned_at_right_edge ... ok
test wpt_float_tall_pushes_text_below ... ok
test wpt_float_wider_than_container ... ok
test wpt_float_with_margin ... ok
test wpt_float_zero_height_no_exclusion ... ok
test wpt_frag_all_lines_fit_no_break ... ok
test wpt_frag_height_adjusted ... ok
test wpt_frag_offset_reduces_space ... ok
test wpt_frag_orphans_minimum ... ok
test wpt_frag_preserves_baselines ... ok
test wpt_frag_resume_rebases_offsets ... ok
test wpt_frag_resume_skips_consumed ... ok
test wpt_frag_split_at_exact_boundary ... ok
test wpt_frag_widows_steals_line ... ok
test wpt_frag_zero_available_produces_empty ... ok
test wpt_frag_zero_fragmentainer_no_break ... ok
test wpt_initial_letter_available_width ... ok
test wpt_initial_letter_create_style ... ok
test wpt_initial_letter_effective_sink ... ok
test wpt_initial_letter_exclusion_rect ... ok
test wpt_initial_letter_line_exclusion_detection ... ok
test wpt_initial_letter_style_default_none ... ok
test wpt_initial_letter_validate ... ok
test wpt_inline_border_contributes_to_offset ... ok
test wpt_inline_padding_offsets_text ... ok
test wpt_integration_break_token_inline_variant ... ok
test wpt_integration_fragment_new_box_defaults ... ok
test wpt_integration_layout_with_defaults ... ok
test wpt_integration_multi_fragmentainer ... ok
test wpt_integration_style_defaults_stable ... ok
test wpt_integration_text_wrap_balance_field ... ok
test wpt_intrinsic_border_only_no_text ... ok
test wpt_intrinsic_empty_block_zero ... ok
test wpt_intrinsic_includes_border_padding ... ok
test wpt_intrinsic_larger_font_taller ... ok
test wpt_intrinsic_nested_block ... ok
test wpt_intrinsic_single_word_equal ... ok
test wpt_intrinsic_text_nonzero ... ok
test wpt_intrinsic_wrapping_min_ge_max ... ok
test wpt_multi_line_span_first_not_last ... ok
test wpt_multiple_blocks_in_inline_heights ... ok
test wpt_multiple_oof_in_inline_all_placed ... ok
test wpt_nested_inline_with_block_splits ... ok
test wpt_no_float_full_width_baseline ... ok
test wpt_oof_absolute_doesnt_affect_inline_flow ... ok
test wpt_oof_absolute_in_inline_appears_in_tree ... ok
test wpt_oof_between_text_nodes ... ok
test wpt_oof_fixed_in_inline ... ok
test wpt_oof_no_text_before_absolute ... ok
test wpt_oof_relative_parent_not_absolute ... ok
test wpt_oof_static_position_from_inline ... ok
test wpt_raised_cap_3_lines_sink_1 ... ok
test wpt_rtl_inline_direction ... ok
test wpt_score_balance_pretty_require_scoring ... ok
test wpt_score_balance_produces_result ... ok
test wpt_score_fallback_long_paragraph ... ok
test wpt_score_pretty_produces_result ... ok
test wpt_score_single_word_no_break ... ok
test wpt_score_wrap_no_scoring ... ok
test wpt_single_line_span_is_first_and_last ... ok
test wpt_text_wrap_enum_methods ... ok

test result: ok. 100 passed; 0 failed; 0 ignored; 0 measured; 0 filtered out; finished in 1.39s

     Running tests/sp13r_multicol_tests.rs (/mnt/e/openui-v02-cargo-c73754e2/target/debug/deps/sp13r_multicol_tests-7d9f649ccda05706)

running 94 tests
test break_token_resumption_preserves_consumed_state ... ok
test avoided_descendant_uses_fresh_fragmentainer_capacity ... ok
test avoided_row_flex_break_tracks_visual_and_content_consumption_separately ... ok
test avoid_flex_item_moves_whole_to_the_next_column ... ok
test avoided_column_flex_item_carries_its_end_margin_into_resumption ... ok
test auto_height_column_flex_uses_outer_fragmentation_instead_of_wrapping ... ok
test avoided_column_flex_items_resume_from_shared_break_offsets ... ok
test avoid_between_siblings_uses_last_resort_break_when_column_is_full ... ok
test class_a_avoid_moves_an_overflowing_flex_item_pair_together ... ok
test cloned_flex_decoration_covers_short_final_fragmentainer ... ok
test avoid_break_propagates_through_zero_height_flex_wrapper ... ok
test clear_after_self_collapsing_float_wrapper_resumes_after_fragmented_float ... ok
test cleared_flow_root_negative_visual_overflow_reaches_preceding_column ... ok
test abspos_in_fragmented_wrapped_column_flex_uses_final_item_continuation ... ok
test cleared_float_negative_visual_overflow_reaches_preceding_column ... ok
test auto_row_flex_edge_avoid_keeps_first_line_in_current_column ... ok
test column_flex_edge_avoid_keeps_following_block_with_the_flexbox ... ok
test block_in_positioned_inline_preserves_descendant_oof_candidate ... ok
test block_in_inline_descendant_spanner_is_extracted_once ... ok
test column_flex_edge_forced_break_advances_following_block ... ok
test column_flex_gap_is_truncated_at_fragmentainer_edges ... ok
test block_level_abspos_in_inline_uses_hypothetical_block_inline_edge ... ok
test column_reverse_line_closes_at_the_resolved_main_end ... ok
test definite_balance_keeps_the_fragmentainer_block_size_for_flex ... ok
test definite_nested_multicol_preserves_in_flow_overflow_after_principal_box_end ... ok
test definite_nested_multicol_resumes_complete_inner_column_rows ... ok
test definite_overflow_continuation_is_parallel_to_following_sibling_flow ... ok
test definite_row_flex_visual_overflow_does_not_advance_following_flow ... ok
test direct_block_in_inline_fragments_visible_in_flow_overflow_but_not_logical_height ... ok
test direct_inline_content_fragments_into_real_column_boxes ... ok
test direct_spanner_sequence_uses_source_slices_in_ancestor_columns ... ok
test direct_text_flex_items_create_paintable_inline_fragments ... ok
test early_forced_row_flex_break_is_the_continuation_origin ... ok
test empty_flex_trailing_padding_does_not_create_an_overflow_column ... ok
test empty_pre_spanner_oof_uses_definite_fragmentainer_capacity ... ok
test excess_forced_segments_balance_as_overflow_columns ... ok
test extracted_spanner_preserves_positioned_inline_oof_and_block_extent ... ok
test fixed_column_flex_grows_crossing_item_decoration_on_continuation ... ok
test fixed_column_flex_visual_overflow_slices_item_decoration ... ok
test fixed_height_auto_fill_creates_inline_overflow_columns ... ok
test fixed_row_flex_height_includes_an_early_forced_break_gap ... ok
test floated_column_span_all_box_remains_in_column_flow ... ok
test following_box_uses_space_after_a_fragmented_overflow_box ... ok
test forced_boundaries_participate_in_balancing ... ok
test forced_column_flex_break_extends_ink_but_not_fixed_static_flow ... ok
test forced_column_flex_break_splits_crossing_parallel_item ... ok
test forced_column_flex_item_after_full_start_margin_fills_next_fragment ... ok
test forced_descendant_resumes_from_its_selected_block_break_coordinate ... ok
test fractional_distribution_closes_the_content_edge_exactly ... ok
test fragmented_overflow_clip_retains_its_authored_reference_box ... ok
test full_width_float_does_not_advance_normal_column_flow ... ok
test full_width_float_excludes_following_inline_until_its_block_end ... ok
test full_width_float_exclusion_advances_following_inline_content_across_columns ... ok
test indefinite_auto_fill_uses_forced_descendant_segments_for_column_height ... ok
test inline_break_token_preserves_trailing_decoration_at_column_edge ... ok
test inside_list_marker_precedes_block_only_content_in_normal_flow ... ok
test leading_descendant_clear_resumes_after_a_parallel_float ... ok
test monolithic_avoid_item_sets_the_balance_floor ... ok
test monolithic_floats_move_to_fresh_column_and_keep_side_placement ... ok
test multicol_auto_width_subtracts_non_auto_inline_margins ... ok
test negative_flex_margin_preserves_forced_fragment_assignment ... ok
test negative_float_margin_does_not_consume_continuation_source_space ... ok
test nested_forced_segment_sets_the_balancing_floor ... ok
test nested_fragmentation_context_is_monolithic_in_outer_balancing ... ok
test nested_post_spanner_row_resumes_as_sequential_block_flow ... ok
test nested_relative_continuations_slice_before_visual_translation ... ok
test absolute_inline_shrink_to_fit_uses_shaped_max_content_width ... ok
test nested_row_flex_break_propagates_only_from_its_first_line ... ok
test nested_spanner_continuation_keeps_leaf_overflow_in_its_owned_row ... ok
test nested_spanner_rows_resolve_before_ancestor_fragmentation ... ok
test nested_spanner_visible_overflow_continues_in_the_ancestor_columns ... ok
test node_id_none_is_safe_for_synthetic_column_fragments ... ok
test ordinary_spanner_wrapper_materializes_leaf_source_slices ... ok
test overconstrained_cloned_decoration_makes_content_progress_per_column ... ok
test oversized_avoid_box_moves_auto_height_nested_multicol_to_fresh_outer_column ... ok
test overwide_nested_multicol_keeps_inline_overflow_continuation_geometry ... ok
test positioned_column_flex_item_keeps_its_definite_continuation_size ... ok
test positioned_only_opacity_source_is_not_painted_beside_its_column ... ok
test propagated_avoid_uses_only_the_fragmentable_child_prefix ... ok
test rule_centers_share_the_resolved_column_stride ... ok
test rtl_uses_the_same_geometry_in_reverse_inline_order ... ok
test single_line_column_group_sets_the_balancing_floor ... ok
test spanner_inside_transparent_inline_splits_overflowed_block_content ... ok
test specified_insets_use_the_multicol_padding_box_origin ... ok
test static_inline_position_after_full_columns_starts_in_overflow_column ... ok
test static_multicol_defers_abspos_to_the_parent_containing_block ... ok
test trailing_margin_is_contained_and_balanced ... ok
test used_count_and_width_redistribute_available_space ... ok
test vertical_column_flex_keeps_items_after_fragmented_nested_multicol ... ok
test wrapped_authored_column_height_is_retained_before_spanners ... ok
test wrapped_column_flex_breakpoints_bound_auto_column_balancing ... ok
test zero_height_fragmentainer_keeps_progress_separate_from_column_clip ... ok
test inline_break_token_resumes_after_oversized_inline_block_line ... ok
test mixed_inline_runs_fragment_at_line_boundaries_after_a_block ... ok

test result: ok. 94 passed; 0 failed; 0 ignored; 0 measured; 0 filtered out; finished in 1.39s

     Running tests/sp14_text_line_break_tests.rs (/mnt/e/openui-v02-cargo-c73754e2/target/debug/deps/sp14_text_line_break_tests-abc669e8d6cce5b4)

running 1 test
test lone_forced_break_establishes_a_nonzero_line_strut ... ok

test result: ok. 1 passed; 0 failed; 0 ignored; 0 measured; 0 filtered out; finished in 0.08s

     Running tests/sp17_auto_height_flex_basis_tests.rs (/mnt/e/openui-v02-cargo-c73754e2/target/debug/deps/sp17_auto_height_flex_basis_tests-f55601ff12438a47)

running 3 tests
test auto_height_flex_item_includes_border_padding_and_one_break_line ... ok
test semantic_break_sequences_use_the_break_strut_without_a_phantom_line ... ok
test zero_percent_falls_back_to_content_only_when_main_size_is_indefinite ... ok

test result: ok. 3 passed; 0 failed; 0 ignored; 0 measured; 0 filtered out; finished in 0.11s

     Running tests/sp17_column_wrap_fit_content_tests.rs (/mnt/e/openui-v02-cargo-c73754e2/target/debug/deps/sp17_column_wrap_fit_content_tests-8533724a6d587113)

running 6 tests
test indefinite_cross_space_uses_max_content ... ok
test border_padding_and_cross_min_max_are_applied_once ... ok
test specified_cross_margins_reduce_fit_space_and_auto_margins_are_zero ... ok
test wrapped_lines_and_centered_line_group_keep_fit_content_widths ... ok
test auto_cross_size_clamps_available_space_to_intrinsic_bounds ... ok
test logical_cross_axis_is_preserved_across_flow_reversals_and_writing_modes ... ok

test result: ok. 6 passed; 0 failed; 0 ignored; 0 measured; 0 filtered out; finished in 0.21s

     Running tests/sp17_flex_abspos_safe_alignment_tests.rs (/mnt/e/openui-v02-cargo-c73754e2/target/debug/deps/sp17_flex_abspos_safe_alignment_tests-0fc7fccf05aff405)

running 5 tests
test oversized_safe_center_falls_back_to_logical_start_for_every_flex_axis ... ok
test wrap_reverse_safe_flex_start_overflow_falls_back_before_projection ... ok
test oversized_default_and_unsafe_center_retain_signed_offsets ... ok
test align_self_auto_inherits_position_and_overflow_from_align_items ... ok
test fitting_safe_end_and_safe_flex_end_preserve_end_and_reverse_semantics ... ok

test result: ok. 5 passed; 0 failed; 0 ignored; 0 measured; 0 filtered out; finished in 0.21s

     Running tests/sp17_flex_abspos_static_edge_tests.rs (/mnt/e/openui-v02-cargo-c73754e2/target/debug/deps/sp17_flex_abspos_static_edge_tests-d3a2e3e435eecb61)

running 5 tests
test fragmented_column_flex_materializes_center_and_end_edges_before_column_mapping ... ok
test bubbled_horizontal_center_uses_asymmetric_interval_for_known_and_auto_widths ... ok
test bubbled_vertical_center_repositions_auto_physical_height_after_vertical_layout ... ok
test center_anchor_is_independent_of_hypothetical_size_across_flow_reversal ... ok
test ordinary_block_static_start_edge_behavior_is_unchanged ... ok

test result: ok. 5 passed; 0 failed; 0 ignored; 0 measured; 0 filtered out; finished in 0.11s

     Running tests/sp17_float_clearance_wrapper_tests.rs (/mnt/e/openui-v02-cargo-c73754e2/target/debug/deps/sp17_float_clearance_wrapper_tests-d2209233d7d786ea)

running 3 tests
test margin_box_clearance_advances_anonymous_wrapper_and_parent_once ... ok
test only_a_break_that_advances_clearance_suppresses_its_line_strut ... ok
test zero_height_clearing_breaks_separate_left_right_and_both_float_rows ... ok

test result: ok. 3 passed; 0 failed; 0 ignored; 0 measured; 0 filtered out; finished in 0.09s

     Running tests/sp17_multicol_positioned_fragmentation_tests.rs (/mnt/e/openui-v02-cargo-c73754e2/target/debug/deps/sp17_multicol_positioned_fragmentation_tests-95b28edeca53d899)

running 2 tests
test stretched_box_uses_fragmented_block_and_flex_containing_blocks ... ok
test fixed_box_after_block_in_inline_has_two_source_ordered_continuations ... ok

test result: ok. 2 passed; 0 failed; 0 ignored; 0 measured; 0 filtered out; finished in 0.10s

     Running tests/sp17_multicol_vertical_tests.rs (/mnt/e/openui-v02-cargo-c73754e2/target/debug/deps/sp17_multicol_vertical_tests-4a4f58dcb6227275)

running 6 tests
test orthogonal_spanner_shrink_wraps_its_own_inline_axis ... ok
test horizontal_rtl_keeps_float_avoidance_offsets_physical ... ok
test horizontal_rtl_keeps_physical_left_floats_on_the_left ... ok
test vertical_balance_uses_visible_logical_block_overflow ... ok
test bubbled_horizontal_rtl_oof_uses_the_physical_content_left_edge ... ok
test column_projection_covers_three_modes_and_both_directions ... ok

test result: ok. 6 passed; 0 failed; 0 ignored; 0 measured; 0 filtered out; finished in 0.10s

     Running tests/sp17_oof_logical_tests.rs (/mnt/e/openui-v02-cargo-c73754e2/target/debug/deps/sp17_oof_logical_tests-14656290fee9f37d)

running 4 tests
test vertical_aspect_ratio_transfer_is_definite_for_percentage_descendants ... ok
test vertical_abspos_intrinsic_block_keywords_and_auto_margins_are_physical ... ok
test physical_overconstraint_polarity_covers_three_modes_and_both_directions ... ok
test flex_abspos_static_position_projects_asymmetric_edges_once ... ok

test result: ok. 4 passed; 0 failed; 0 ignored; 0 measured; 0 filtered out; finished in 0.08s

     Running tests/sp17_positioned_inline_geometry_tests.rs (/mnt/e/openui-v02-cargo-c73754e2/target/debug/deps/sp17_positioned_inline_geometry_tests-6516bc07d2f94ae2)

running 3 tests
test atomic_and_block_in_inline_descendants_keep_one_inline_containing_block_owner ... ok
test direct_positioned_inline_geometry_covers_three_modes_and_both_directions ... ok
test vertical_multicol_maps_inline_endpoints_once_for_outer_and_inner_direction ... ok

test result: ok. 3 passed; 0 failed; 0 ignored; 0 measured; 0 filtered out; finished in 0.24s

     Running tests/sp17_rotated_vertical_sideways_text_tests.rs (/mnt/e/openui-v02-cargo-c73754e2/target/debug/deps/sp17_rotated_vertical_sideways_text_tests-2d6fdfed9baf9b60)

running 3 tests
test sideways_lr_rtl_flipping_is_independent_of_reverse_flow_and_wrapping ... ok
test auto_sized_flex_padding_projects_once_across_writing_modes ... ok
test ahem_advances_margins_inline_size_and_baselines_survive_rotation ... ok

test result: ok. 3 passed; 0 failed; 0 ignored; 0 measured; 0 filtered out; finished in 11.35s

     Running tests/sp18_generated_text_tests.rs (/mnt/e/openui-v02-cargo-c73754e2/target/debug/deps/sp18_generated_text_tests-a83f1a679564b64c)

running 4 tests
test first_letter_crosses_nested_inline_and_includes_punctuation ... ok
test line_clamp_no_ellipsis_still_discards_content ... ok
test modern_line_clamp_discards_later_lines_and_uses_custom_marker ... ok
test first_line_font_metrics_only_change_line_one ... ok

test result: ok. 4 passed; 0 failed; 0 ignored; 0 measured; 0 filtered out; finished in 0.10s

     Running tests/sp20_static_visual_tests.rs (/mnt/e/openui-v02-cargo-c73754e2/target/debug/deps/sp20_static_visual_tests-d8bd4a1189f2dd28)

running 26 tests
test margin_trim_edges_remain_logically_composable ... ok
test inset_clip_and_effect_transform_are_independent_contracts ... ok
test encoded_replaced_resources_are_content_stable_and_deduplicated ... ok
test native_controls_have_explicit_semantic_roles ... ok
test details_content_is_after_authored_summary_and_content ... ok
test line_clamp_contract_retains_continuation_marker ... ok
test display_contents_is_flattened_in_a_pure_block_context ... ok
test grid_cyclic_percentage_row_transfers_definite_inline_size_through_ratio ... ok
test fieldset_promotes_a_legend_through_display_contents_before_ordinary_content ... ok
test orthogonal_flex_cross_size_includes_resolved_percentage_padding ... ok
test min_content_flex_transfers_definite_cross_stretch_through_ratio ... ok
test orthogonal_column_flex_main_size_includes_resolved_percentage_padding ... ok
test flex_intrinsic_replaced_ratio_survives_vertical_writing_mode ... ok
test max_content_column_wrap_uses_definite_stretched_block_size ... ok
test balanced_multicol_uses_complete_table_rows_as_fragmentation_units ... ok
test fragmented_multicol_keeps_nested_flex_replaced_content ... ok
test captioned_bordered_table_places_contained_body_in_next_column ... ok
test rounded_complex_border_contract_survives_writing_direction ... ok
test display_contents_does_not_erase_form_descendants ... ok
test positioned_inline_and_static_descendant_keep_distinct_roles ... ok
test definite_float_height_transfers_through_nested_replaced_ratio_only ... ok
test trailing_float_keeps_its_source_position_in_mixed_anonymous_flow ... ok
test block_in_inline_continuation_keeps_its_reconstructed_boundary_together ... ok
test transparent_nested_wrapper_exposes_spanner_and_retains_trailing_line ... ok
test unresolved_percentage_height_does_not_enable_aspect_ratio_transfer ... ok
test wildcard_scroll_buttons_are_external_siblings ... ok

test result: ok. 26 passed; 0 failed; 0 ignored; 0 measured; 0 filtered out; finished in 0.34s

     Running tests/wpt_inline_tests.rs (/mnt/e/openui-v02-cargo-c73754e2/target/debug/deps/wpt_inline_tests-e4a7d45258fbb19b)

running 44 tests
test line_height::default_is_normal ... ok
test line_height::percentage_150_computes_correctly ... ok
test line_height::number_three_produces_48px ... ok
test baseline_alignment::baseline_offset_positive_for_text ... ok
test line_height::percentage_200_is_double_font_size ... ok
test baseline_alignment::line_box_is_box_kind ... ok
test baseline_alignment::single_text_has_baseline ... ok
test line_height::fixed_length_48px ... ok
test baseline_alignment::multiple_texts_share_line_box ... ok
test baseline_alignment::text_fragments_are_text_kind ... ok
test line_height::normal_produces_positive_height ... ok
test line_height::large_value_creates_tall_line ... ok
test baseline_alignment::two_texts_same_baseline ... ok
test line_height::number_multiplier_doubles_height ... ok
test line_height::larger_line_height_produces_taller_box ... ok
test line_height::half_multiplier_shorter_than_normal ... ok
test line_height::percentage_50_shorter_than_normal ... ok
test baseline_alignment::baseline_is_deterministic ... ok
test line_height::normal_is_deterministic ... ok
test baseline_alignment::block_layout_baseline_consistent ... ok
test line_height::scales_with_font_size ... ok
test line_height::tallest_line_height_wins ... ok
test line_height::zero_does_not_crash_and_is_compact ... ok
test vertical_align::baseline_text_has_nonnegative_offset ... ok
test vertical_align::bottom_produces_valid_layout ... ok
test vertical_align::does_not_affect_inline_size ... ok
test vertical_align::initial_value_is_baseline ... ok
test vertical_align::length_large_positive_raises_significantly ... ok
test vertical_align::length_negative_shifts_down ... ok
test vertical_align::length_positive_shifts_up ... ok
test vertical_align::length_zero_equals_baseline ... ok
test vertical_align::middle_produces_valid_offset ... ok
test vertical_align::mixed_on_same_line ... ok
test vertical_align::percentage_positive_shifts_up ... ok
test vertical_align::percentage_produces_valid_layout ... ok
test vertical_align::preserves_shape_result ... ok
test vertical_align::sub_expands_line_box ... ok
test vertical_align::sub_shifts_text_below_baseline ... ok
test vertical_align::super_expands_line_box ... ok
test vertical_align::super_is_above_sub ... ok
test vertical_align::super_shifts_text_above_baseline ... ok
test vertical_align::text_bottom_produces_text_fragment ... ok
test vertical_align::text_top_produces_text_fragment ... ok
test vertical_align::top_aligns_near_line_box_top ... ok

test result: ok. 44 passed; 0 failed; 0 ignored; 0 measured; 0 filtered out; finished in 0.60s

     Running tests/wpt_ruby_tests.rs (/mnt/e/openui-v02-cargo-c73754e2/target/debug/deps/wpt_ruby_tests-a0c4bbad6f4e6724)

running 45 tests
test edge_cases::max_overhang_negative_font ... ok
test column_width::column_width_gte_both ... ok
test column_width::base_wider ... ok
test edge_cases::fractional_values ... ok
test edge_cases::ruby_info_construction ... ok
test column_width::column_width_independent_of_alignment ... ok
test column_width::annotation_wider ... ok
test edge_cases::both_zero_widths ... ok
test column_width::equal_widths ... ok
test edge_cases::very_large_font_size ... ok
test edge_cases::negative_inputs_clamped ... ok
test edge_cases::zero_width_annotation ... ok
test edge_cases::zero_width_base ... ok
test overhang::asymmetric_available_space ... ok
test overhang::clamp_overhang_non_negative ... ok
test overhang::clamp_with_no_space ... ok
test overhang::clamp_with_partial_space ... ok
test overhang::max_overhang_is_half_font_size ... ok
test overhang::clamp_with_plenty_of_space ... ok
test overhang::max_overhang_scales_linearly ... ok
test overhang::max_overhang_zero_font ... ok
test overhang::no_overhang_when_annotation_fits ... ok
test ruby_align::center_and_space_around_are_equivalent ... ok
test ruby_align::center_centers_narrow_annotation ... ok
test ruby_align::center_wider_annotation_centers_base ... ok
test ruby_align::equal_widths_all_alignments_zero_offsets ... ok
test ruby_align::space_around_centers_narrow_annotation ... ok
test ruby_align::space_around_wider_annotation_centers_base ... ok
test ruby_align::space_between_offsets_are_zero ... ok
test ruby_align::space_between_wider_annotation_offsets_zero ... ok
test ruby_align::start_offsets_are_zero ... ok
test ruby_align::start_wider_annotation_offsets_zero ... ok
test ruby_position::annotation_size_independent_of_position ... ok
test ruby_position::over_block_offset_equals_neg_annotation_size ... ok
test ruby_position::over_produces_negative_block_offset ... ok
test ruby_position::over_vertical_rl ... ok
test ruby_position::under_block_offset_is_zero ... ok
test ruby_position::under_produces_non_negative_block_offset ... ok
test ruby_position::under_vertical_lr ... ok
test writing_mode_interaction::annotation_size_constant_across_writing_modes ... ok
test writing_mode_interaction::horizontal_tb_layout ... ok
test writing_mode_interaction::sideways_lr_column_width ... ok
test writing_mode_interaction::sideways_rl_column_width ... ok
test writing_mode_interaction::vertical_lr_layout ... ok
test writing_mode_interaction::vertical_rl_same_column_width ... ok

test result: ok. 45 passed; 0 failed; 0 ignored; 0 measured; 0 filtered out; finished in 0.55s

     Running tests/wpt_text_tests.rs (/mnt/e/openui-v02-cargo-c73754e2/target/debug/deps/wpt_text_tests-6fc29f05518d49e7)

running 241 tests
test hanging_punctuation::default_all_false ... ok
test hanging_punctuation::none_constant ... ok
test hyphens::all_values_distinct ... ok
test hyphens::default_is_manual ... ok
test hanging_punctuation::initial_is_none ... ok
test hyphens::initial_value_is_manual ... ok
test hyphens::none_empty_no_crash ... ok
test hyphens::auto_long_word ... ok
test hyphens::manual_succeeds ... ok
test hyphens::none_succeeds ... ok
test hyphens::auto_succeeds ... ok
test hyphens::none_ignores_soft_hyphen ... ok
test hyphens::authored_hyphenate_character_is_measured_and_emitted ... ok
test letter_spacing::cjk_characters ... ok
test hyphens::manual_at_soft_hyphen ... ok
test hyphens::auto_wraps_at_spaces ... ok
test hyphens::manual_wraps_at_spaces ... ok
test hanging_punctuation::force_end_flag ... ok
test hanging_punctuation::last_flag ... ok
test hanging_punctuation::allow_end_flag ... ok
test hanging_punctuation::first_flag ... ok
test hanging_punctuation::all_flags_true ... ok
test letter_spacing::does_not_affect_height ... ok
test letter_spacing::empty_no_crash ... ok
test letter_spacing::initial_value_is_zero ... ok
test letter_spacing::large_causes_wrapping ... ok
test letter_spacing::large_value_lays_out ... ok
test letter_spacing::multiline_narrow ... ok
test letter_spacing::negative_decreases_width ... ok
test letter_spacing::negative_large ... ok
test letter_spacing::positive_height ... ok
test letter_spacing::positive_increases_width ... ok
test letter_spacing::preserves_line_count_wide ... ok
test letter_spacing::single_char ... ok
test letter_spacing::two_px_per_char ... ok
test line_break::all_values_distinct ... ok
test letter_spacing::zero_same_as_default ... ok
test line_break::anywhere_breaks_within_word ... ok
test line_break::anywhere_narrow_many_lines ... ok
test line_break::anywhere_single_char ... ok
test line_break::auto_latin_wraps_at_spaces ... ok
test line_break::auto_positive_height ... ok
test line_break::auto_wraps_cjk ... ok
test line_break::default_is_auto ... ok
test line_break::initial_value_is_auto ... ok
test line_break::loose_empty_no_crash ... ok
test line_break::loose_wraps_cjk ... ok
test line_break::normal_wraps_cjk ... ok
test line_break::strict_empty_no_crash ... ok
test line_break::strict_latin_wraps_at_spaces ... ok
test line_break::strict_wraps_cjk ... ok
test overflow_wrap::all_values_distinct ... ok
test overflow_wrap::anywhere_breaks ... ok
test overflow_wrap::anywhere_narrow ... ok
test overflow_wrap::anywhere_positive_height ... ok
test overflow_wrap::anywhere_short_one_line ... ok
test overflow_wrap::break_word_breaks ... ok
test overflow_wrap::break_word_empty_no_crash ... ok
test overflow_wrap::break_word_narrow ... ok
test overflow_wrap::break_word_positive_height ... ok
test overflow_wrap::break_word_short_one_line ... ok
test overflow_wrap::break_word_wraps_at_spaces_first ... ok
test overflow_wrap::default_is_normal ... ok
test overflow_wrap::initial_value_is_normal ... ok
test overflow_wrap::normal_long_word_overflows ... ok
test overflow_wrap::normal_overflow_exceeds ... ok
test overflow_wrap::normal_wraps_at_spaces ... ok
test property_interactions::break_all_with_overflow_wrap ... ok
test property_interactions::indent_with_center ... ok
test hyphens::auto_hyphenation_uses_ancestor_language_attribute ... ok
test property_interactions::indent_with_right ... ok
test property_interactions::justify_with_letter_spacing ... ok
test property_interactions::keep_all_with_overflow_wrap_break_word ... ok
test property_interactions::left_with_rtl ... ok
test property_interactions::letter_and_word_spacing ... ok
test property_interactions::letter_spacing_with_break_all ... ok
test property_interactions::normal_ws_with_break_all ... ok
test property_interactions::nowrap_with_normal_word_break ... ok
test property_interactions::pre_with_line_break_anywhere ... ok
test property_interactions::right_with_rtl ... ok
test property_interactions::rtl_with_overflow_wrap ... ok
test property_interactions::text_transform_narrow ... ok
test tab_size::custom_4_spaces ... ok
test tab_size::default_is_8_spaces ... ok
test tab_size::initial_is_8_spaces ... ok
test tab_size::larger_tab_wider ... ok
test tab_size::length_variant ... ok
test tab_size::tab_size_1 ... ok
test tab_size::tab_with_pre ... ok
test tab_size::tab_with_pre_wrap ... ok
test text_align::all_values_are_distinct ... ok
test text_align::center_position_differs_from_left ... ok
test text_align::center_produces_positive_height ... ok
test text_align::center_short_word_positive_offset ... ok
test text_align::center_text_approximately_centered ... ok
test text_align::default_is_start ... ok
test text_align::empty_text_center_no_crash ... ok
test text_align::empty_text_left_no_crash ... ok
test text_align::end_ltr_text_offset_positive ... ok
test text_align::end_rtl_text_starts_at_zero ... ok
test text_align::initial_value_is_start ... ok
test text_align::justify_multiline_wraps ... ok
test text_align::justify_produces_positive_height ... ok
test text_align::justify_single_line_not_justified ... ok
test text_align::left_produces_positive_height ... ok
test text_align::left_text_starts_at_zero ... ok
test text_align::left_text_width_positive ... ok
test text_align::multiline_center_offsets_positive ... ok
test text_align::multiline_left_all_at_zero ... ok
test text_align::multiline_right_all_positive_offset ... ok
test text_align::right_position_differs_from_left ... ok
test text_align::right_produces_positive_height ... ok
test text_align::right_text_ends_near_container_edge ... ok
test text_align::right_text_offset_positive ... ok
test text_align::start_ltr_equals_left ... ok
test text_align::start_rtl_text_offset_positive ... ok
test text_align_last::all_values_distinct ... ok
test text_align::text_width_unchanged_by_alignment ... ok
test text_align_last::auto_with_justify_last_line_is_start ... ok
test text_align_last::center_last_line ... ok
test text_align_last::default_is_auto ... ok
test text_align_last::empty_no_crash ... ok
test text_align_last::end_last_line_ltr_positive ... ok
test text_align_last::initial_value_is_auto ... ok
test text_align_last::justify_last_line_value ... ok
test text_align_last::left_last_line_at_zero ... ok
test text_align_last::right_last_line ... ok
test text_align_last::single_line_last_applies ... ok
test text_align_last::start_last_line_ltr ... ok
test text_box_trim_changes_line_and_intrinsic_block_geometry ... ok
test text_indent::auto_resolves_to_zero ... ok
test text_indent::does_not_affect_height ... ok
test text_indent::empty_no_crash ... ok
test text_indent::indent_100px ... ok
test text_indent::indent_10px ... ok
test text_indent::initial_value_is_zero ... ok
test text_indent::large_indent ... ok
test text_indent::negative_50px ... ok
test text_indent::negative_indent ... ok
test text_indent::only_first_line ... ok
test text_indent::percentage ... ok
test text_indent::positive_offsets_first_line ... ok
test text_indent::second_line_not_indented ... ok
test text_indent::with_center_alignment ... ok
test text_indent::with_right_alignment ... ok
test text_indent::zero_at_zero ... ok
test text_justify::all_values_distinct ... ok
test text_justify::auto_with_justify ... ok
test text_justify::default_is_auto ... ok
test text_justify::initial_is_auto ... ok
test text_justify::inter_character_succeeds ... ok
test text_justify::inter_word_cjk ... ok
test text_justify::inter_word_succeeds ... ok
test text_justify::none_disables ... ok
test text_justify::none_empty_no_crash ... ok
test text_transform::all_values_distinct ... ok
test text_transform::capitalize_single_char ... ok
test text_transform::capitalize_succeeds ... ok
test text_transform::default_is_none ... ok
test text_transform::full_size_kana_succeeds ... ok
test text_transform::full_width_succeeds ... ok
test text_transform::initial_value_is_none ... ok
test text_transform::full_width_wider ... ok
test text_transform::lowercase_succeeds ... ok
test text_transform::lowercase_width_matches ... ok
test text_transform::none_empty_no_crash ... ok
test text_transform::none_produces_fragments ... ok
test text_transform::uppercase_empty_no_crash ... ok
test text_transform::uppercase_succeeds ... ok
test text_transform::uppercase_wraps_narrow ... ok
test unicode_edge_cases::arabic_rtl ... ok
test unicode_edge_cases::cjk_layout ... ok
test unicode_edge_cases::cjk_wraps_narrow ... ok
test unicode_edge_cases::combining_characters ... ok
test unicode_edge_cases::emoji ... ok
test unicode_edge_cases::korean ... ok
test unicode_edge_cases::mixed_scripts ... ok
test unicode_edge_cases::multi_item_layout ... ok
test unicode_edge_cases::very_long_word ... ok
test unicode_edge_cases::very_long_word_break_all ... ok
test unicode_edge_cases::zero_width_joiner ... ok
test unicode_edge_cases::zero_width_space ... ok
test white_space::all_values_distinct ... ok
test white_space::break_spaces_newlines ... ok
test white_space::break_spaces_preserves_spaces ... ok
test white_space::break_spaces_wraps ... ok
test white_space::default_is_normal ... ok
test white_space::initial_value_is_normal ... ok
test white_space::normal_collapses_multiple_spaces ... ok
test white_space::normal_newlines_as_space ... ok
test white_space::normal_positive_height ... ok
test white_space::normal_single_word_fits ... ok
test white_space::normal_wraps_long_text ... ok
test white_space::nowrap_collapses_spaces ... ok
test white_space::nowrap_no_wrapping ... ok
test white_space::nowrap_overflows ... ok
test white_space::pre_empty_newline ... ok
test white_space::pre_line_collapses_spaces ... ok
test white_space::pre_line_preserves_newlines ... ok
test white_space::pre_line_wraps ... ok
test white_space::pre_no_wrapping ... ok
test white_space::pre_preserves_newlines ... ok
test white_space::pre_preserves_spaces ... ok
test white_space::pre_with_tabs ... ok
test white_space::pre_wrap_newline_break ... ok
test white_space::pre_wrap_preserves_newlines ... ok
test white_space::pre_wrap_preserves_spaces ... ok
test white_space::pre_wrap_wraps ... ok
test word_break::all_values_distinct ... ok
test word_break::break_all_breaks_word ... ok
test word_break::break_all_empty_no_crash ... ok
test word_break::break_all_narrow_many_lines ... ok
test word_break::break_all_per_char ... ok
test word_break::break_all_positive_height ... ok
test word_break::break_all_short_one_line ... ok
test word_break::break_all_text_fits_container ... ok
test word_break::break_word_breaks_long ... ok
test word_break::default_is_normal ... ok
test word_break::initial_value_is_normal ... ok
test word_break::keep_all_cjk_no_break ... ok
test word_break::keep_all_empty_no_crash ... ok
test word_break::keep_all_positive_height ... ok
test word_break::keep_all_wraps_at_spaces ... ok
test word_break::normal_cjk_wraps ... ok
test word_break::normal_empty_no_crash ... ok
test word_break::normal_multi_words_wrap ... ok
test word_break::normal_no_break_in_word ... ok
test word_break::normal_single_word_wide ... ok
test word_spacing::empty_no_crash ... ok
test word_spacing::initial_value_is_zero ... ok
test word_spacing::large_causes_wrapping ... ok
test word_spacing::many_words ... ok
test word_spacing::negative_decreases_width ... ok
test word_spacing::negative_large ... ok
test word_spacing::no_spaces_no_effect ... ok
test word_spacing::positive_increases_width ... ok
test word_spacing::positive_width ... ok
test word_spacing::preserves_height ... ok
test word_spacing::single_word_one_line ... ok
test word_spacing::two_spaces_double_effect ... ok
test word_spacing::zero_same_as_default ... ok

test result: ok. 241 passed; 0 failed; 0 ignored; 0 measured; 0 filtered out; finished in 3.07s

     Running tests/wpt_writing_mode_tests.rs (/mnt/e/openui-v02-cargo-c73754e2/target/debug/deps/wpt_writing_mode_tests-32acfde921658966)

running 97 tests
test char_orientation::cjk_comma_is_upright ... ok
test char_orientation::cjk_extension_b_is_upright ... ok
test char_orientation::ascii_period_not_upright ... ok
test char_orientation::ascii_digit_not_upright ... ok
test char_orientation::cjk_compatibility_ideograph_is_upright ... ok
test char_orientation::cjk_ideograph_end_range_is_upright ... ok
test char_orientation::cjk_ideograph_is_upright ... ok
test char_orientation::cjk_period_is_upright ... ok
test bidi_algorithm::empty_text_no_runs ... ok
test bidi_algorithm::rtl_hebrew_text ... ok
test bidi_algorithm::rtl_paragraph_base_level_one ... ok
test bidi_algorithm::auto_detect_rtl ... ok
test bidi_algorithm::runs_cover_full_text ... ok
test bidi_algorithm::auto_detect_ltr ... ok
test bidi_algorithm::ltr_paragraph_base_level_zero ... ok
test bidi_algorithm::rtl_arabic_text ... ok
test bidi_algorithm::run_direction_matches_level ... ok
test bidi_algorithm::numbers_in_rtl_are_ltr ... ok
test bidi_algorithm::mixed_ltr_rtl_produces_multiple_runs ... ok
test bidi_algorithm::ltr_text_single_run ... ok
test char_orientation::cyrillic_not_upright ... ok
test char_orientation::fullwidth_latin_is_upright ... ok
test char_orientation::hangul_syllable_is_upright ... ok
test char_orientation::hiragana_is_upright ... ok
test char_orientation::katakana_is_upright ... ok
test char_orientation::latin_lowercase_not_upright ... ok
test char_orientation::latin_uppercase_not_upright ... ok
test char_orientation::space_not_upright ... ok
test direction_property::direction_creates_writing_direction_mode ... ok
test direction_property::initial_constant_matches_default ... ok
test direction_property::initial_value_is_ltr ... ok
test direction_property::ltr_rtl_distinct ... ok
test direction_property::repr_values ... ok
test direction_property::ltr_text_align_center_shifts_center ... ok
test direction_property::ltr_text_align_start_at_left ... ok
test direction_property::ltr_text_align_right_offsets_right ... ok
test direction_property::rtl_direction_produces_positive_height ... ok
test direction_property::rtl_text_align_end_at_left ... ok
test direction_property::rtl_text_align_start_offsets_right ... ok
test direction_property::rtl_vertical_rl_writing_direction ... ok
test integration::bidi_explicit_overrides_auto ... ok
test integration::box_strut_zero ... ok
test integration::computed_style_defaults_all_wm_properties ... ok
test integration::wdm_from_default_style ... ok
test logical_physical_conversion::default_is_horizontal_ltr ... ok
test logical_physical_conversion::horizontal_ltr_matches_default ... ok
test logical_physical_conversion::horizontal_ltr_offset_mapping ... ok
test logical_physical_conversion::horizontal_ltr_physical_to_logical_size ... ok
test logical_physical_conversion::horizontal_ltr_size_mapping ... ok
test logical_physical_conversion::horizontal_rtl_offset_mirrors ... ok
test logical_physical_conversion::roundtrip_offset_horizontal_ltr ... ok
test logical_physical_conversion::roundtrip_offset_horizontal_rtl ... ok
test logical_physical_conversion::roundtrip_offset_vertical_rl_ltr ... ok
test logical_physical_conversion::roundtrip_size_vertical ... ok
test logical_physical_conversion::vertical_lr_ltr_offset_not_flipped ... ok
test logical_physical_conversion::vertical_lr_ltr_size_mapping ... ok
test logical_physical_conversion::vertical_rl_ltr_offset_flipped_blocks ... ok
test logical_physical_conversion::vertical_rl_ltr_size_mapping ... ok
test text_orientation_property::all_three_values_distinct ... ok
test text_orientation_property::clone_and_eq ... ok
test text_orientation_property::font_orientation_horizontal_tb_always_horizontal ... ok
test text_orientation_property::font_orientation_sideways_lr_sideways ... ok
test text_orientation_property::font_orientation_sideways_lr_upright ... ok
test text_orientation_property::font_orientation_sideways_rl_mixed ... ok
test text_orientation_property::font_orientation_vertical_mixed ... ok
test text_orientation_property::font_orientation_vertical_sideways ... ok
test text_orientation_property::font_orientation_vertical_upright ... ok
test text_orientation_property::initial_constant_matches_default ... ok
test text_orientation_property::initial_value_is_mixed ... ok
test text_orientation_property::repr_values ... ok
test unicode_bidi::all_six_values_distinct ... ok
test unicode_bidi::clone_and_eq ... ok
test unicode_bidi::initial_constant_matches_default ... ok
test unicode_bidi::initial_value_is_normal ... ok
test unicode_bidi::layout_bidi_normal_produces_fragment ... ok
test unicode_bidi::repr_values ... ok
test unicode_bidi::set_isolate_on_computed_style ... ok
test unicode_bidi::set_on_computed_style ... ok
test unicode_bidi::set_override_on_computed_style ... ok
test unicode_bidi::set_plaintext_on_computed_style ... ok
test writing_mode_property::all_five_values_distinct ... ok
test writing_mode_property::horizontal_tb_is_horizontal ... ok
test writing_mode_property::horizontal_tb_layout_produces_positive_size ... ok
test writing_mode_property::horizontal_tb_not_flipped_blocks ... ok
test writing_mode_property::initial_constant_matches_default ... ok
test writing_mode_property::initial_value_is_horizontal_tb ... ok
test writing_mode_property::other_modes_not_flipped_lines ... ok
test writing_mode_property::repr_values ... ok
test writing_mode_property::sideways_lr_is_flipped_lines ... ok
test writing_mode_property::sideways_lr_is_vertical ... ok
test writing_mode_property::sideways_lr_not_flipped_blocks ... ok
test writing_mode_property::sideways_rl_is_flipped_blocks ... ok
test writing_mode_property::sideways_rl_is_vertical ... ok
test writing_mode_property::vertical_lr_is_vertical ... ok
test writing_mode_property::vertical_lr_not_flipped_blocks ... ok
test writing_mode_property::vertical_rl_is_flipped_blocks ... ok
test writing_mode_property::vertical_rl_is_vertical ... ok

test result: ok. 97 passed; 0 failed; 0 ignored; 0 measured; 0 filtered out; finished in 1.36s

     Running unittests src/lib.rs (/mnt/e/openui-v02-cargo-c73754e2/target/debug/deps/openui_macros-1941d25572ec9f83)

running 35 tests
test view::tests::parse_boolean_attribute ... ok
test view::tests::mismatched_close_tag_error ... ok
test view::tests::codegen_self_closing ... ok
test view::tests::codegen_fragment ... ok
test view::tests::parse_component_with_children ... ok
test view::tests::codegen_static_attr ... ok
test view::tests::codegen_text_child ... ok
test view::tests::codegen_unknown_property_is_compile_error ... ok
test view::tests::parse_braced_attr_value ... ok
test view::tests::parse_component ... ok
test view::tests::codegen_dynamic_style_uses_typed_weak_handle ... ok
test view::tests::codegen_standalone_dynamic_uses_mount_fn ... ok
test view::tests::codegen_dynamic_child_uses_text_node ... ok
test view::tests::codegen_invalid_literal_is_compile_error ... ok
test view::tests::codegen_static_style_is_typed_and_schema_validated ... ok
test view::tests::codegen_event ... ok
test component::tests::self_param_error ... ok
test component::tests::no_params ... ok
test component::tests::basic_component ... ok
test component::tests::optional_prop ... ok
test view::tests::parse_dashed_attribute ... ok
test view::tests::parse_dashed_style_prop ... ok
test view::tests::parse_deeply_nested ... ok
test view::tests::parse_dynamic_child ... ok
test view::tests::parse_element_with_children ... ok
test view::tests::parse_empty_element ... ok
test view::tests::parse_event_handler ... ok
test view::tests::parse_event_handler_complex ... ok
test view::tests::parse_mixed_text_and_dynamic ... ok
test view::tests::parse_multiple_attrs ... ok
test view::tests::parse_multiple_root_nodes ... ok
test view::tests::parse_self_closing_element ... ok
test view::tests::parse_static_attributes ... ok
test view::tests::parse_style_dynamic ... ok
test view::tests::parse_style_static ... ok

test result: ok. 35 passed; 0 failed; 0 ignored; 0 measured; 0 filtered out; finished in 0.49s

     Running unittests src/lib.rs (/mnt/e/openui-v02-cargo-c73754e2/target/debug/deps/openui_paint-6085eaedca4ff933)

running 168 tests
test decoration_painter::tests::from_font_no_rounding ... ok
test decoration_painter::tests::explicit_length_uses_the_physical_scale ... ok
test decoration_painter::tests::auto_thickness_uses_font_size_over_10 ... ok
test decoration_painter::tests::double_line_gap_is_always_1px ... ok
test decoration_painter::tests::explicit_length_rounds_to_device_pixel ... ok
test decoration_painter::tests::auto_thickness_14px_matches_blink ... ok
test decoration_painter::tests::double_line_offset_is_thickness_plus_one ... ok
test decoration_painter::tests::from_font_line_through_uses_underline_thickness ... ok
test decoration_painter::tests::auto_thickness_small_font_clamps_to_1 ... ok
test decoration_painter::tests::auto_thickness_12px_matches_blink ... ok
test decoration_painter::tests::from_font_falls_back_to_auto_when_zero ... ok
test decoration_painter::tests::from_font_shared_thickness_for_all_decoration_types ... ok
test decoration_painter::tests::from_font_uses_metric_when_positive ... ok
test decoration_painter::tests::text_underline_offset_percent_resolves_against_font_size ... ok
test decoration_painter::tests::text_underline_offset_shifts_underline_position ... ok
test decoration_painter::tests::wavy_linethrough_no_offset ... ok
test decoration_painter::tests::wavy_overline_offset_is_negative ... ok
test decoration_painter::tests::wavy_step_equals_thickness_plus_one ... ok
test decoration_painter::tests::style_to_font_description_preserves_font_size ... ok
test decoration_painter::tests::wavy_underline_offset_is_positive ... ok
test emphasis_painter::tests::advance_empty_shape_result ... ok
test decoration_painter::tests::decoration_metrics_from_styled_font_not_fallback ... ok
test emphasis_painter::tests::advance_first_character_uniform ... ok
test emphasis_painter::tests::advance_last_character_uses_width ... ok
test emphasis_painter::tests::advance_middle_character_uniform ... ok
test emphasis_painter::tests::advance_single_character ... ok
test emphasis_painter::tests::advance_variable_widths ... ok
test emphasis_painter::tests::current_color_resolves_to_text_color ... ok
test emphasis_painter::tests::current_color_with_custom_text_color ... ok
test emphasis_painter::tests::custom_mark_ignores_fill ... ok
test emphasis_painter::tests::draw_on_cjk_character ... ok
test emphasis_painter::tests::draw_on_latin_letter ... ok
test emphasis_painter::tests::draw_on_punctuation_character ... ok
test emphasis_painter::tests::emphasis_font_size_ratio_is_half ... ok
test emphasis_painter::tests::emphasis_gap_ratio_value ... ok
test emphasis_painter::tests::emphasis_size_for_small_font ... ok
test emphasis_painter::tests::emphasis_size_for_zero_font ... ok
test emphasis_painter::tests::emphasis_size_is_half_of_text_size ... ok
test emphasis_painter::tests::filled_dot_character ... ok
test emphasis_painter::tests::gap_scales_with_emphasis_size ... ok
test emphasis_painter::tests::horizontal_over_magnitude_exceeds_under ... ok
test emphasis_painter::tests::horizontal_over_offset_is_negative ... ok
test emphasis_painter::tests::horizontal_over_offset_value ... ok
test emphasis_painter::tests::horizontal_under_offset_is_positive ... ok
test emphasis_painter::tests::horizontal_under_offset_value ... ok
test emphasis_painter::tests::larger_font_produces_larger_over_offset ... ok
test emphasis_painter::tests::mark_centered_when_narrower_than_character ... ok
test emphasis_painter::tests::mark_centered_when_same_width_as_character ... ok
test emphasis_painter::tests::mark_offset_negative_when_wider_than_character ... ok
test emphasis_painter::tests::none_mark_returns_no_character ... ok
test emphasis_painter::tests::open_sesame_character ... ok
test emphasis_painter::tests::over_and_under_offsets_differ_in_sign ... ok
test emphasis_painter::tests::resolved_color_uses_explicit_value ... ok
test emphasis_painter::tests::resolved_transparent_color ... ok
test emphasis_painter::tests::right_and_left_offsets_differ_in_sign ... ok
test emphasis_painter::tests::sideways_lr_uses_vertical_offsets ... ok
test emphasis_painter::tests::sideways_rl_uses_vertical_offsets ... ok
test emphasis_painter::tests::skip_newline_character ... ok
test emphasis_painter::tests::skip_space_character ... ok
test emphasis_painter::tests::skip_tab_character ... ok
test emphasis_painter::tests::skip_zero_width_space ... ok
test emphasis_painter::tests::soft_hyphen_draws_mark ... ok
test emphasis_painter::tests::vertical_left_magnitude_exceeds_right ... ok
test emphasis_painter::tests::vertical_left_offset_is_negative ... ok
test emphasis_painter::tests::vertical_left_offset_value ... ok
test emphasis_painter::tests::vertical_lr_uses_vertical_offsets ... ok
test emphasis_painter::tests::vertical_right_offset_is_positive ... ok
test emphasis_painter::tests::vertical_right_offset_value ... ok
test emphasis_painter::tests::zero_font_size_produces_zero_offset ... ok
test image_resource::tests::background_phase_precision_follows_encoded_sample_depth ... ok
test image_resource::tests::broken_image_fixed_matrix_preserves_fractional_filter_phases ... ok
test image_resource::tests::clipped_replaced_patch_uses_a_strict_visible_source_domain ... ok
test image_resource::tests::compositor_scanline_restarts_at_each_overlapping_tile_origin ... ok
test image_resource::tests::constant_raster_color_requires_one_opaque_pixel ... ok
test image_resource::tests::decoded_rgba8_media_transport_is_strict_and_cacheable ... ok
test image_resource::tests::direct_nine_slice_closes_exact_source_phase_to_predecessor ... ok
test image_resource::tests::full_precision_repeat_retains_global_fused_matrix_phase ... ok
test image_resource::tests::full_precision_repeated_background_retains_inverse_transform_phase ... ok
test image_resource::tests::full_precision_replaced_patch_retains_phase_and_closes_corner_coverage ... ok
test image_resource::tests::integral_one_to_one_patch_is_a_bit_preserving_copy ... ok
test image_resource::tests::missing_resource_is_an_error ... ok
test image_resource::tests::non_repeating_image_edges_own_coverage_inside_a_wider_clip ... ok
test image_resource::tests::opaque_border_repeat_clip_retains_legacy_color_closure ... ok
test image_resource::tests::png_decoding_preserves_intrinsic_pixels_and_cache_identity ... ok
test image_resource::tests::png_neutral_gamma_rejects_corrupt_or_truncated_metadata ... ok
test image_resource::tests::physical_patch_uses_global_phase_and_packed_bilinear_truncation ... ok
test image_resource::tests::png_neutral_gamma_respects_color_profile_precedence ... ok
test image_resource::tests::profiled_srgb_png_decode_preserves_source_channels ... ok
test image_resource::tests::repeated_sample_matches_normalized_skia_fixed_point_phases ... ok
test image_resource::tests::repeated_sample_rebases_exact_paired_edge_phase_across_raster_tiles ... ok
test image_resource::tests::replaced_color_coverage_uses_packed_nearest_rounding ... ok
test image_resource::tests::replaced_corner_coverage_rounds_only_low_span_products ... ok
test image_resource::tests::replaced_sample_preserves_direct_and_mip_half_phase_closure ... ok
test image_resource::tests::single_tile_subset_uses_unsnapped_source_and_snapped_destination ... ok
test image_resource::tests::static_svg_axis_aligned_paths_ignore_an_incomplete_trailing_moveto ... ok
test image_resource::tests::static_svg_has_deterministic_intrinsic_dimensions_and_cache ... ok
test image_resource::tests::svg_outer_edge_shortfall_tracks_the_composed_f32_phase ... ok
test image_resource::tests::translated_repeated_scanline_closes_half_texel_to_predecessor ... ok
test image_resource::tests::transparent_resource_color_coverage_can_truncate_before_composition ... ok
test painter::tests::adjacent_decoration_coverage_overlaps_only_at_fractional_device_edges ... ok
test painter::tests::ahem_preceding_row_trigger_distinguishes_css_and_integral_device_phases ... ok
test painter::tests::aliased_ahem_start_replay_uses_integral_physical_magnification ... ok
test painter::tests::aliased_ahem_subscript_uses_strict_quarter_pixel_phase ... ok
test painter::tests::aligned_uniform_double_border_owns_the_inner_square_corner ... ok
test painter::tests::background_axis_tiling_and_edge_offsets_cover_all_repeat_modes ... ok
test painter::tests::background_ratio_and_physical_edge_bands_match_blink_packing ... ok
test painter::tests::background_shader_paints_to_clip_not_positioning_area ... ok
test painter::tests::border_image_axis_tiling_covers_stretch_repeat_round_and_space ... ok
test painter::tests::broken_image_resource_switches_to_the_pinned_200_percent_asset ... ok
test painter::tests::button_content_clip_does_not_square_a_coincident_child_edge ... ok
test painter::tests::cardinal_linear_gradient_directions_are_exactly_axial ... ok
test painter::tests::clipped_fractional_replaced_background_uses_both_compositor_masks ... ok
test painter::tests::coincident_different_color_coverage_composites_in_source_order ... ok
test painter::tests::coincident_zero_block_outlines_close_the_fractional_joint_cell ... ok
test painter::tests::conic_gradient_dithers_and_resolves_a_sample_center_singularity ... ok
test painter::tests::cpu_scroll_backing_is_limited_to_fractional_explicit_scroll_axes ... ok
test painter::tests::cpu_scroll_contents_paint_directly_while_ganesh_layers_real_scroll_ranges ... ok
test painter::tests::css_3d_dark_uses_blink_legacy_quantization ... ok
test painter::tests::decoration_paint_limit_snaps_the_physical_block_edge ... ok
test painter::tests::decoration_source_slice_uses_physical_block_polarity ... ok
test painter::tests::empty_video_without_controls_remains_transparent ... ok
test painter::tests::every_visible_border_style_paints_and_balances_canvas ... ok
test painter::tests::external_outline_bottom_inner_corner_uses_half_open_coverage ... ok
test painter::tests::fractional_ahem_strike_retains_row_from_ascent_phase ... ok
test painter::tests::fractional_fragmentainer_clip_closes_outward_on_device_grid ... ok
test painter::tests::fractional_hidden_clips_keep_analytic_coverage_but_scrollports_snap ... ok
test painter::tests::fractional_outline_span_partitions_exact_physical_coverage ... ok
test painter::tests::fragmented_column_clip_maps_block_axis_for_all_writing_modes ... ok
test painter::tests::fragmented_flex_row_major_order_requires_an_internal_four_way_junction ... ok
test painter::tests::generated_images_resample_only_when_repetition_or_rounding_requires_it ... ok
test painter::tests::gradient_stop_fixup_is_monotonic_and_resolves_absolute_lengths ... ok
test painter::tests::half_open_clip_only_moves_trailing_edges_on_pixel_centers ... ok
test painter::tests::ignored_table_radius_border_packs_fractional_sides_independently ... ok
test painter::tests::inside_marker_zero_block_outline_retains_the_collapsed_two_edge_contour ... ok
test painter::tests::integral_scroll_backing_origins_do_not_acquire_a_fractional_resample ... ok
test painter::tests::large_per_side_borders_inner_rect_never_crosses ... ok
test painter::tests::large_uniform_border_clamps_stroke_dimensions ... ok
test painter::tests::native_following_text_closes_late_phases_on_the_physical_grid ... ok
test painter::tests::negative_flex_stacking_contexts_sort_by_stack_level_before_order ... ok
test painter::tests::normal_borders_inner_rect_unchanged ... ok
test painter::tests::opaque_in_flow_child_only_occludes_a_fully_covered_inner_border_box ... ok
test painter::tests::opaque_single_pixel_raster_repetition_fills_scaled_canvas ... ok
test painter::tests::outset_and_inset_shadows_paint_spread_blur_and_restore_canvas ... ok
test painter::tests::overlapping_fractional_outline_junctions_retain_independent_coverage ... ok
test painter::tests::raster_background_keeps_packed_opacity_under_an_ancestor ... ok
test painter::tests::passive_video_surface_and_controls_use_content_box_and_restore_canvas ... ok
test painter::tests::raster_mask_composites_the_complete_box_layer ... ok
test painter::tests::replaced_object_overflows_content_box_when_overflow_is_visible ... ok
test painter::tests::rounded_overflow_clip_leaves_visible_axis_unbounded ... ok
test painter::tests::shared_column_decoration_prepass_keeps_floats_in_their_paint_phase ... ok
test painter::tests::sliced_borders_map_first_middle_and_last_physical_block_edges ... ok
test painter::tests::subpixel_constant_gradient_repetition_fills_clip_and_balances_canvas ... ok
test painter::tests::tiny_fractional_aliased_ahem_closes_its_ink_start_device_cell ... ok
test painter::tests::transition_hints_use_chromiums_clamped_nine_stop_curve ... ok
test painter::tests::transparent_adjacent_solid_border_uses_direct_analytic_trapezoid_coverage ... ok
test painter::tests::truncated_decoration_retains_the_background_edge_coverage ... ok
test painter::tests::typed_gradient_stops_preserve_hard_calc_and_current_color ... ok
test painter::tests::zero_block_fragment_transform_backing_retains_inline_extent ... ok
test render::tests::chromium_sized_small_layers_replay_untiled ... ok
test render::tests::legacy_surface_keeps_unknown_pixel_geometry ... ok
test render::tests::overflowing_content_uses_its_layer_size_for_tiling ... ok
test render::tests::real_font_surface_uses_horizontal_rgb_geometry ... ok
test render::tests::render_nested_boxes ... ok
test render::tests::render_simple_red_box ... ok
test render::tests::render_to_png_file ... ok
test render::tests::render_with_borders ... ok
test render::tests::root_constraint_uses_computed_writing_direction ... ok
test render::tests::viewport_control_recording_survives_document_mutation_and_drop ... ok

test result: ok. 168 passed; 0 failed; 0 ignored; 0 measured; 0 filtered out; finished in 2.11s

     Running tests/decoration_tests.rs (/mnt/e/openui-v02-cargo-c73754e2/target/debug/deps/decoration_tests-d34720419bce48a2)

running 25 tests
test empty_text_does_not_crash ... ok
test decoration_on_zero_width_text_does_not_crash ... ok
test line_through_renders_visible_pixels ... ok
test line_through_at_middle_of_text ... ok
test underline_and_line_through_simultaneously ... ok
test no_decoration_produces_no_pixels ... ok
test line_through_with_dashed_style ... ok
test overline_positioned_above_baseline ... ok
test from_font_uses_underline_thickness ... ok
test overline_renders_visible_pixels ... ok
test specified_red_underline_color ... ok
test auto_thickness_uses_font_metric_at_least_1px ... ok
test overline_with_custom_thickness ... ok
test solid_style_renders ... ok
test double_style_renders ... ok
test explicit_length_thickness ... ok
test underline_and_overline_simultaneously ... ok
test dotted_style_renders ... ok
test dashed_style_renders ... ok
test current_color_resolves_to_element_color ... ok
test transparent_decoration_produces_no_visible_pixels ... ok
test underline_position_uses_font_metrics_offset ... ok
test underline_renders_visible_pixels ... ok
test underline_with_custom_color ... ok
test wavy_style_renders ... ok

test result: ok. 25 passed; 0 failed; 0 ignored; 0 measured; 0 filtered out; finished in 0.32s

     Running tests/pixel_comparison_tests.rs (/mnt/e/openui-v02-cargo-c73754e2/target/debug/deps/pixel_comparison_tests-a1ef7731ec33c785)

running 11 tests
test pixel_vertical_align ... ok
test pixel_text_alignment ... ok
test pixel_text_transform ... ok
test pixel_white_space ... ok
test pixel_line_height ... ok
test pixel_bidi_mixed ... ok
test pixel_letter_word_spacing ... ok
test pixel_line_breaking ... ok
test pixel_basic_text ... ok
test pixel_text_decoration ... ok
test pixel_all_scenarios_produce_output ... ok

test result: ok. 11 passed; 0 failed; 0 ignored; 0 measured; 0 filtered out; finished in 0.34s

     Running tests/recorded_font_lifetime.rs (/mnt/e/openui-v02-cargo-c73754e2/target/debug/deps/recorded_font_lifetime-fdc8b64dbd026c00)

running 1 test
test retained_recordings_own_font_lifetime_through_replay_and_layer_clones ... ok

test result: ok. 1 passed; 0 failed; 0 ignored; 0 measured; 0 filtered out; finished in 0.12s

     Running tests/skip_ink_tests.rs (/mnt/e/openui-v02-cargo-c73754e2/target/debug/deps/skip_ink_tests-ef0c4ac612f15c2a)

running 69 tests
test cjk_compatibility_ideographs ... ok
test boundary_after_cjk_unified ... ok
test cjk_extension_c ... ok
test boundary_before_cjk_unified ... ok
test cjk_compatibility_supplement ... ok
test cjk_extension_a ... ok
test cjk_extension_b ... ok
test arabic_is_not_cjk ... ok
test cjk_extension_d ... ok
test cjk_extension_e ... ok
test cjk_extension_f ... ok
test cjk_unified_ideographs_basic ... ok
test cjk_symbols_and_punctuation ... ok
test cyrillic_is_not_cjk ... ok
test dilation_capped_at_13px ... ok
test dilation_with_thick_line ... ok
test dilation_with_very_thin_line ... ok
test emoji_are_not_cjk ... ok
test computed_style_initial_skip_ink_is_auto ... ok
test empty_shape_result_no_intercepts ... ok
test hangul_syllables ... ok
test hiragana_range ... ok
test all_skip_ink_values_with_all_phases_no_crash ... ok
test horizontal_padding_is_1px ... ok
test katakana_phonetic_extensions ... ok
test katakana_range ... ok
test latin_characters_are_not_cjk ... ok
test line_through_pixels_same_regardless_of_skip_ink ... ok
test long_text_with_descenders ... ok
test multiple_characters_produce_decoration ... ok
test no_text_content_falls_back_to_no_cjk_filtering ... ok
test overlapping_intercepts_merged_gracefully ... ok
test single_space_character ... ok
test skip_ink_all_overline_visible ... ok
test skip_ink_all_underline_visible ... ok
test skip_ink_all_with_all_styles_no_crash ... ok
test skip_ink_auto_is_default_behavior ... ok
test skip_ink_auto_overline_creates_visible_decoration ... ok
test skip_ink_auto_underline_and_overline ... ok
test skip_ink_auto_underline_creates_visible_decoration ... ok
test skip_ink_auto_with_dashed_style ... ok
test skip_ink_auto_with_dotted_style ... ok
test skip_ink_auto_with_double_style ... ok
test skip_ink_auto_with_solid_style ... ok
test skip_ink_auto_with_wavy_style ... ok
test skip_ink_debug_output ... ok
test skip_ink_enum_default_is_auto ... ok
test skip_ink_enum_values_are_distinct ... ok
test skip_ink_initial_is_auto ... ok
test skip_ink_is_copy ... ok
test skip_ink_none_does_not_create_gaps ... ok
test skip_ink_none_overline_draws_continuous ... ok
test skip_ink_none_underline_draws_continuous ... ok
test skip_ink_not_applied_to_line_through_all ... ok
test skip_ink_not_applied_to_line_through_auto ... ok
test skip_ink_repr_matches_blink ... ok
test skip_ink_with_custom_color ... ok
test skip_ink_with_digits ... ok
test skip_ink_with_explicit_thick_decoration ... ok
test skip_ink_with_from_font_thickness ... ok
test skip_ink_with_large_font ... ok
test skip_ink_with_no_decoration_line_draws_nothing ... ok
test skip_ink_with_punctuation ... ok
test skip_ink_with_small_font ... ok
test skip_ink_with_underline_offset ... ok
test skip_ink_with_zero_width_shape_result ... ok
test style_skip_ink_can_be_set_to_all ... ok
test style_skip_ink_can_be_set_to_none ... ok
test style_skip_ink_preserves_value_through_clone ... ok

test result: ok. 69 passed; 0 failed; 0 ignored; 0 measured; 0 filtered out; finished in 0.89s

     Running tests/sp11_decoration_phase_tests.rs (/mnt/e/openui-v02-cargo-c73754e2/target/debug/deps/sp11_decoration_phase_tests-6f7d0c7a23808d7d)

running 3 tests
test after_text_phase_paints_line_through ... ok
test before_text_phase_does_not_paint_line_through ... ok
test before_text_phase_paints_underline ... ok

test result: ok. 3 passed; 0 failed; 0 ignored; 0 measured; 0 filtered out; finished in 0.09s

     Running tests/sp11_round12_decoration_tests.rs (/mnt/e/openui-v02-cargo-c73754e2/target/debug/deps/sp11_round12_decoration_tests-e2041e8daa3c9e21)

running 2 tests
test double_underline_second_line_is_below_first ... ok
test double_overline_second_line_is_above_first ... ok

test result: ok. 2 passed; 0 failed; 0 ignored; 0 measured; 0 filtered out; finished in 0.08s

     Running tests/sp11_round22_border_tests.rs (/mnt/e/openui-v02-cargo-c73754e2/target/debug/deps/sp11_round22_border_tests-2c13988e3821a365)

running 9 tests
test outset_border_paints_something ... ok
test solid_border_still_works_after_refactor ... ok
test double_border_paints_something ... ok
test inset_border_paints_something ... ok
test none_border_paints_nothing ... ok
test ridge_border_paints_something ... ok
test groove_border_paints_something ... ok
test dashed_border_paints_something ... ok
test dotted_border_paints_something ... ok

test result: ok. 9 passed; 0 failed; 0 ignored; 0 measured; 0 filtered out; finished in 0.15s

     Running tests/sp11_round23_border_tests.rs (/mnt/e/openui-v02-cargo-c73754e2/target/debug/deps/sp11_round23_border_tests-9e4165f414b975a1)

running 7 tests
test paint_style_to_font_description_locale_none_default ... ok
test paint_style_to_font_description_plumbs_locale ... ok
test inset_left_is_darker_than_right ... ok
test ridge_border_is_opposite_of_groove ... ok
test outset_border_top_is_lighter_than_bottom ... ok
test groove_border_has_different_halves ... ok
test inset_border_top_is_darker_than_bottom ... ok

test result: ok. 7 passed; 0 failed; 0 ignored; 0 measured; 0 filtered out; finished in 0.11s

     Running tests/sp11_round24_border_tests.rs (/mnt/e/openui-v02-cargo-c73754e2/target/debug/deps/sp11_round24_border_tests-93bdea61562e5067)

running 3 tests
test r24_non_uniform_border_right_center_is_green ... ok
test r24_non_uniform_border_corner_no_overlap ... ok
test r24_non_uniform_border_top_center_is_red ... ok

test result: ok. 3 passed; 0 failed; 0 ignored; 0 measured; 0 filtered out; finished in 0.08s

     Running tests/sp11_round27_decoration_tests.rs (/mnt/e/openui-v02-cargo-c73754e2/target/debug/deps/sp11_round27_decoration_tests-f95188a693776653)

running 4 tests
test from_font_line_through_also_uses_underline_thickness ... ok
test from_font_underline_uses_underline_thickness ... ok
test from_font_fallback_when_underline_zero ... ok
test paint_decorations_with_distinct_thicknesses_no_panic ... ok

test result: ok. 4 passed; 0 failed; 0 ignored; 0 measured; 0 filtered out; finished in 0.07s

     Running tests/sp11_round30_decoration_tests.rs (/mnt/e/openui-v02-cargo-c73754e2/target/debug/deps/sp11_round30_decoration_tests-ff6dbb8f282e075b)

running 4 tests
test r30_auto_thickness_14px_not_rounded ... ok
test r30_auto_thickness_16px_not_rounded ... ok
test r30_from_font_ignores_strikeout_thickness ... ok
test r30_underline_and_linethrough_share_thickness ... ok

test result: ok. 4 passed; 0 failed; 0 ignored; 0 measured; 0 filtered out; finished in 0.06s

     Running tests/sp11_round7_overflow_tests.rs (/mnt/e/openui-v02-cargo-c73754e2/target/debug/deps/sp11_round7_overflow_tests-27bbeeb848f34782)

running 1 test
test overflow_hidden_clips_text_beyond_box ... ok

test result: ok. 1 passed; 0 failed; 0 ignored; 0 measured; 0 filtered out; finished in 0.09s

     Running tests/sp11_round8_overflow_tests.rs (/mnt/e/openui-v02-cargo-c73754e2/target/debug/deps/sp11_round8_overflow_tests-14be55748cf9a207)

running 2 tests
test overflow_hidden_no_border_still_clips ... ok
test overflow_hidden_clips_at_padding_box_not_border_box ... ok

test result: ok. 2 passed; 0 failed; 0 ignored; 0 measured; 0 filtered out; finished in 0.10s

     Running tests/sp12_i1_block_pixel_tests.rs (/mnt/e/openui-v02-cargo-c73754e2/target/debug/deps/sp12_i1_block_pixel_tests-d4d1eb29ad649376)

running 205 tests
test bg_black_block ... ok
test bg_corner_color ... ok
test bg_child_covers_parent_center ... ok
test bg_blue_block ... ok
test bg_magenta ... ok
test bg_light_gray ... ok
test bg_nested_two_levels ... ok
test bg_orange ... ok
test bg_red_block ... ok
test bg_dark_gray ... ok
test bg_cyan ... ok
test bg_center_color ... ok
test bg_parent_visible_around ... ok
test bg_opacity_renders ... ok
test bg_multiple_colors ... ok
test bg_custom_gray ... ok
test bg_navy ... ok
test bg_green_block ... ok
test bg_full_width ... ok
test bg_nested_child_over_parent ... ok
test bg_three_stacked ... ok
test bg_two_stacked ... ok
test bg_viewport_white ... ok
test bg_with_border ... ok
test bg_with_padding ... ok
test bg_yellow ... ok
test border_1px_all_sides ... ok
test border_2px_left_only ... ok
test border_3px_all_red ... ok
test border_affects_stacking ... ok
test border_all_10px_red ... ok
test border_all_1px_black ... ok
test border_all_2px_red ... ok
test border_all_5px_blue ... ok
test border_asymmetric_widths ... ok
test border_bottom_10px_blue ... ok
test border_content_center_bg ... ok
test border_different_colors ... ok
test border_left_5px_red ... ok
test border_left_and_right ... ok
test border_left_green_right_red ... ok
test border_nested_with_border ... ok
test border_right_5px_green ... ok
test border_shifts_content_down ... ok
test border_shifts_content_right ... ok
test border_thick_5px ... ok
test border_top_10px_red ... ok
test border_top_1px_red ... ok
test border_top_and_bottom ... ok
test border_top_red_bottom_blue ... ok
test border_with_padding ... ok
test collapse_10px_margins ... ok
test collapse_20px_margins ... ok
test collapse_50px_margins ... ok
test collapse_adjacent_render ... ok
test collapse_all_render ... ok
test collapse_blocks_not_empty ... ok
test collapse_both_colored ... ok
test collapse_different_colors ... ok
test collapse_first_visible ... ok
test collapse_green_red ... ok
test collapse_large_margins_render ... ok
test collapse_mixed_sizes ... ok
test collapse_narrow_blocks ... ok
test collapse_nested_render ... ok
test collapse_parent_child_render ... ok
test collapse_red_blue ... ok
test collapse_red_green_blue ... ok
test collapse_second_visible ... ok
test collapse_small_margins_render ... ok
test collapse_stacked_four ... ok
test collapse_three_blocks_render ... ok
test collapse_three_colors ... ok
test collapse_visible_check ... ok
test collapse_zero_margin_render ... ok
test combo_all_properties ... ok
test combo_auto_width_padding ... ok
test combo_border_and_bg ... ok
test combo_border_box ... ok
test combo_border_box_vs_content_box_width ... ok
test combo_centered_with_border ... ok
test combo_centered_with_padding ... ok
test combo_content_box_explicit ... ok
test combo_deep_nesting ... ok
test combo_everything ... ok
test combo_full_box_model ... ok
test combo_full_page ... ok
test combo_margin_and_bg ... ok
test combo_margin_border_padding ... ok
test combo_mixed_sizes ... ok
test combo_multi_child ... ok
test combo_narrow_centered_padded ... ok
test combo_nested_centered ... ok
test combo_nested_padding_border ... ok
test combo_nested_three_levels ... ok
test combo_overlapping_bg ... ok
test combo_padding_and_bg_overlap ... ok
test combo_percent_width_margin ... ok
test combo_stacked_with_borders ... ok
test combo_three_level_nesting_borders ... ok
test combo_two_blocks_border_margin ... ok
test combo_two_centered_stacked ... ok
test combo_wide_block_border ... ok
test flow_1px_height ... ok
test flow_alternating_red_blue ... ok
test flow_auto_width_fills ... ok
test flow_block_below_bottom_edge ... ok
test flow_boundary_exact ... ok
test flow_center_of_first ... ok
test flow_center_of_second ... ok
test flow_different_heights ... ok
test flow_different_widths ... ok
test flow_first_at_origin ... ok
test flow_five_blocks ... ok
test flow_four_colors ... ok
test flow_full_width_760 ... ok
test flow_narrow_left_aligned ... ok
test flow_no_gap_between ... ok
test flow_right_edge_white ... ok
test flow_second_directly_below ... ok
test flow_single_blue_block ... ok
test flow_single_green_block ... ok
test flow_single_red_block ... ok
test flow_small_10x10 ... ok
test flow_tall_pushes_next ... ok
test flow_ten_blocks ... ok
test flow_third_block_y ... ok
test flow_three_blocks_stack ... ok
test flow_two_blocks_stack ... ok
test flow_wide_then_narrow ... ok
test margin_1px_all ... ok
test margin_all_10px ... ok
test margin_auto_center_100 ... ok
test margin_auto_center_200 ... ok
test margin_auto_center_400 ... ok
test margin_auto_center_exact ... ok
test margin_auto_centers ... ok
test margin_auto_narrow ... ok
test margin_auto_wide ... ok
test margin_between_blocks ... ok
test margin_bottom_10px ... ok
test margin_bottom_only ... ok
test margin_bottom_separates ... ok
test margin_combined_top_left ... ok
test margin_large_top ... ok
test margin_left_10px ... ok
test margin_left_30px ... ok
test margin_left_only ... ok
test margin_left_shifts_block ... ok
test margin_top_10px ... ok
test margin_top_20px ... ok
test margin_top_50px ... ok
test margin_top_and_bottom ... ok
test margin_top_only ... ok
test margin_top_pushes_second ... ok
test margin_zero_default ... ok
test padding_1px_all ... ok
test padding_all_10px ... ok
test padding_all_20px ... ok
test padding_asymmetric ... ok
test padding_bg_in_padding_area ... ok
test padding_bottom_extends ... ok
test padding_different_each_side ... ok
test padding_increases_box_height ... ok
test padding_large_50_all ... ok
test padding_left_30px ... ok
test padding_left_and_right ... ok
test padding_left_shifts ... ok
test padding_nested_child ... ok
test padding_nested_double ... ok
test padding_only_bottom ... ok
test padding_only_left ... ok
test padding_only_right ... ok
test padding_only_top ... ok
test padding_right_extends ... ok
test padding_stacking_after_padded ... ok
test padding_top_50px ... ok
test padding_top_and_bottom ... ok
test padding_top_left_combo ... ok
test padding_top_shifts ... ok
test padding_zero_is_default ... ok
test size_100x100 ... ok
test size_10_percent_is_76 ... ok
test size_200x200 ... ok
test size_300x150 ... ok
test size_500x50 ... ok
test size_50_percent_is_380 ... ok
test size_50x50 ... ok
test size_auto_width ... ok
test size_different_heights_stacked ... ok
test size_different_widths_stacked ... ok
test size_height_100 ... ok
test size_height_1px ... ok
test size_height_200 ... ok
test size_height_300 ... ok
test size_height_50 ... ok
test size_width_100 ... ok
test size_width_100_percent ... ok
test size_width_10px_tiny ... ok
test size_width_200 ... ok
test size_width_25_percent ... ok
test size_width_400 ... ok
test size_width_50_percent ... ok
test size_width_75_percent ... ok
test size_width_760_full ... ok

test result: ok. 205 passed; 0 failed; 0 ignored; 0 measured; 0 filtered out; finished in 2.78s

     Running tests/sp12_i2_float_pixel_tests.rs (/mnt/e/openui-v02-cargo-c73754e2/target/debug/deps/sp12_i2_float_pixel_tests-ddb80854b990a1b5)

running 151 tests
test bfc_overflow_hidden_with_float_and_clear ... ok
test bfc_float_inside_overflow_hidden ... ok
test bfc_overflow_hidden_beside_right_float ... ok
test bfc_has_visible_content ... ok
test bfc_overflow_hidden_not_affected_by_float_left_position ... ok
test bfc_small_beside_large_float ... ok
test bfc_between_two_floats ... ok
test bfc_overflow_hidden_beside_left_float ... ok
test bfc_overflow_auto_beside_float ... ok
test clear_both_moves_below_all_floats ... ok
test clear_both_float_then_clear_then_float ... ok
test clear_both_full_width ... ok
test bfc_flow_root_beside_float ... ok
test clear_both_asymmetric_floats ... ok
test bfc_cleared_below_float ... ok
test bfc_does_not_overlap_float ... ok
test bfc_scroll_beside_float ... ok
test clear_both_produces_visible ... ok
test bfc_inline_block_beside_float ... ok
test clear_both_two_left_floats ... ok
test clear_both_with_three_floats ... ok
test all_float_scenarios_produce_output ... ok
test clear_left_moves_below_left_float ... ok
test clear_left_multiple_left_floats ... ok
test clear_left_no_left_float_no_effect ... ok
test clear_left_not_beside_float ... ok
test clear_left_then_another_block ... ok
test clear_left_white_at_float_level ... ok
test clear_left_with_tall_float ... ok
test clear_none_stays_beside_float ... ok
test clear_right_moves_below_right_float ... ok
test clear_right_no_right_float_no_effect ... ok
test clear_right_with_tall_right_float ... ok
test content_wrap_block_after_float_expires ... ok
test content_wrap_block_before_float_unaffected ... ok
test content_wrap_block_beside_left_float ... ok
test content_wrap_block_beside_right_float ... ok
test content_wrap_block_between_two_floats ... ok
test content_wrap_block_narrow_between_floats ... ok
test content_wrap_block_not_at_float_position ... ok
test content_wrap_block_reduced_width ... ok
test content_wrap_block_with_fixed_width_beside_float ... ok
test content_wrap_float_then_block_then_block ... ok
test content_wrap_multiple_blocks_beside_float ... ok
test content_wrap_produces_visible ... ok
test content_wrap_right_float_block_at_left ... ok
test content_wrap_three_blocks_stacked_beside_float ... ok
test float_all_margins ... ok
test float_large_margin_left ... ok
test float_left_100x50_area ... ok
test float_left_200x200_four_corners ... ok
test float_left_300x30_horizontal ... ok
test float_left_50pct_width ... ok
test float_left_adjacent_to_padding ... ok
test float_left_basic_position ... ok
test float_left_bottom_right_corner ... ok
test float_left_custom_color ... ok
test float_left_green_box ... ok
test float_left_has_content_visible ... ok
test float_left_no_content_outside ... ok
test float_left_padding_on_container ... ok
test float_left_precise_bottom_edge ... ok
test float_left_precise_right_edge ... ok
test float_left_renders_content ... ok
test float_left_small_box ... ok
test float_left_tall_box ... ok
test float_left_then_clear_left_then_float_left ... ok
test float_left_top_left_corner ... ok
test float_left_white_above ... ok
test float_left_white_after_box ... ok
test float_left_white_below_box ... ok
test float_left_wide_box ... ok
test float_left_with_border ... ok
test float_left_with_padding_content ... ok
test float_margin_bottom_affects_clear ... ok
test float_margin_left_and_margin_right ... ok
test float_margin_left_shifts_right ... ok
test float_margin_produces_visible ... ok
test float_margin_right_on_left_float ... ok
test float_margin_right_on_right_float ... ok
test float_margin_stacking_two_floats_with_margins ... ok
test float_margin_top_shifts_down ... ok
test float_right_150x150_center ... ok
test float_right_250x80_dimensions ... ok
test float_right_300x30_strip ... ok
test float_right_adjacent_to_padding ... ok
test float_right_basic_position ... ok
test float_right_custom_color ... ok
test float_right_four_corners ... ok
test float_right_full_width ... ok
test float_right_green ... ok
test float_right_has_visible_content ... ok
test float_right_left_edge ... ok
test float_right_no_content_at_left_side ... ok
test float_right_padding_on_container ... ok
test float_right_precise_bottom ... ok
test float_right_precise_left_edge ... ok
test float_right_small_box ... ok
test float_right_tall_box ... ok
test float_right_then_clear_right_then_float_right ... ok
test float_right_white_above ... ok
test float_right_white_below ... ok
test float_right_white_to_left ... ok
test float_right_wide_box ... ok
test float_two_50pct_fill_container ... ok
test float_wrap_different_heights_row1 ... ok
test float_wrap_eight_equal_floats ... ok
test float_wrap_exact_fit_no_wrap ... ok
test float_wrap_first_row_has_content ... ok
test float_wrap_five_in_container ... ok
test float_wrap_four_in_two_rows ... ok
test float_wrap_large_then_small ... ok
test float_wrap_mixed_left_right_overflow ... ok
test float_wrap_one_px_overflow ... ok
test float_wrap_produces_visible_content ... ok
test float_wrap_right_drops_below ... ok
test float_wrap_second_drops_below ... ok
test float_wrap_single_oversized ... ok
test float_wrap_six_in_two_rows ... ok
test float_wrap_ten_tiny_floats ... ok
test float_wrap_three_floats_two_rows ... ok
test float_wrap_white_between_rows ... ok
test float_wrap_wide_container_no_wrap ... ok
test four_left_floats_row ... ok
test interleaved_left_right_floats ... ok
test left_and_right_different_heights ... ok
test left_and_right_float ... ok
test left_and_right_large ... ok
test left_and_right_white_between ... ok
test nested_deeply_nested_float ... ok
test nested_float_inside_floated_container ... ok
test nested_float_outer_bg_visible ... ok
test nested_float_produces_visible ... ok
test nested_float_right_inside_float_left ... ok
test nested_float_with_clear_inside ... ok
test nested_float_with_sibling ... ok
test nested_right_float_container_with_inner_left ... ok
test nested_two_floated_containers_side_by_side ... ok
test nested_two_floats_inside_float ... ok
test three_left_floats_side_by_side ... ok
test three_right_floats ... ok
test two_left_200px_each ... ok
test two_left_different_heights ... ok
test two_left_floats_boundary ... ok
test two_left_floats_different_widths ... ok
test two_left_floats_side_by_side ... ok
test two_left_floats_white_after_both ... ok
test two_left_narrow_gap_check ... ok
test two_left_then_white_gap ... ok
test two_right_floats_boundary ... ok
test two_right_floats_side_by_side ... ok

test result: ok. 151 passed; 0 failed; 0 ignored; 0 measured; 0 filtered out; finished in 2.13s

     Running tests/sp12_i3_position_pixel_tests.rs (/mnt/e/openui-v02-cargo-c73754e2/target/debug/deps/sp12_i3_position_pixel_tests-b956a0afc0fbea82)

running 151 tests
test abs_auto_offset_different_size ... ok
test abs_in_container_right_zero ... ok
test abs_in_container_inflow_sibling_at_origin ... ok
test abs_auto_small_block ... ok
test abs_in_container_right_bottom_corner ... ok
test abs_in_container_top_left_offsets ... ok
test abs_in_container_white_outside_container ... ok
test abs_in_container_bottom_zero ... ok
test abs_auto_offsets_with_preceding_inflow ... ok
test abs_four_corners_of_surface ... ok
test abs_in_container_two_abs_children ... ok
test abs_auto_offsets_white_outside ... ok
test abs_auto_offsets_first_child ... ok
test abs_explicit_width_height ... ok
test abs_in_container_centering_auto_margins ... ok
test abs_auto_offset_in_container ... ok
test abs_auto_offsets_uses_static_position ... ok
test abs_bottom_offset ... ok
test abs_auto_multiple_abs_all_at_static_pos ... ok
test abs_container_bg_visible_around_abs_child ... ok
test abs_in_container_with_right_offset ... ok
test abs_in_offset_relative_container ... ok
test abs_in_relative_container_top_left_zero ... ok
test abs_in_relative_container_with_offsets ... ok
test abs_large_offsets ... ok
test abs_left_only_with_top_auto ... ok
test abs_left_zero_top_auto ... ok
test abs_multiple_absolute_blocks ... ok
test abs_multiple_non_overlapping ... ok
test abs_narrow_tall_block ... ok
test abs_only_bottom_set ... ok
test abs_only_left_set ... ok
test abs_only_right_set ... ok
test abs_only_top_set ... ok
test abs_overlapping_normal_flow ... ok
test abs_removed_from_flow ... ok
test abs_removed_from_flow_no_gap ... ok
test abs_renders_visible_content ... ok
test abs_right_10_top_10 ... ok
test abs_right_30_bottom_30 ... ok
test abs_right_bottom_edge_check ... ok
test abs_right_offset ... ok
test abs_small_1x1_block ... ok
test abs_top_10_left_10 ... ok
test abs_top_50_left_50 ... ok
test abs_top_left_zero ... ok
test abs_top_left_zero_bottom_right ... ok
test abs_top_only_with_left_auto ... ok
test abs_top_zero_left_auto ... ok
test abs_two_non_overlapping_vertically ... ok
test abs_white_outside_block ... ok
test abs_wide_short_block ... ok
test abs_with_bottom_offset_in_container ... ok
test abs_with_margin_left ... ok
test abs_with_margin_top ... ok
test abs_with_right_bottom_offsets ... ok
test abs_with_top_left_offsets ... ok
test fixed_auto_offsets ... ok
test fixed_between_static_blocks ... ok
test fixed_bottom_30_left_30 ... ok
test fixed_large_offsets ... ok
test fixed_multiple_fixed_blocks ... ok
test fixed_overlapping_normal_flow ... ok
test fixed_removed_from_flow ... ok
test fixed_right_20_top_20 ... ok
test fixed_right_bottom_corner ... ok
test fixed_same_as_absolute_for_viewport ... ok
test fixed_top_10_left_10 ... ok
test fixed_top_left_zero ... ok
test fixed_white_around_block ... ok
test fixed_with_explicit_size_check ... ok
test fixed_with_right_bottom_offsets ... ok
test fixed_with_top_left_offsets ... ok
test overlap_abs_and_rel_at_same_pixel ... ok
test overlap_abs_covers_center_of_static ... ok
test overlap_abs_does_not_affect_sibling_position ... ok
test overlap_abs_fully_covers_static ... ok
test overlap_abs_over_relative ... ok
test overlap_abs_over_static ... ok
test overlap_abs_partially_covers_static ... ok
test overlap_color_at_exact_boundary ... ok
test overlap_fixed_over_abs ... ok
test overlap_fixed_over_static ... ok
test overlap_later_static_block_on_top_via_relative ... ok
test overlap_multiple_positioned_types ... ok
test overlap_rel_over_preceding_static_wider_block ... ok
test overlap_relative_over_static_at_same_y ... ok
test overlap_source_order_two_fixed_blocks ... ok
test overlap_static_rel_abs_fixed_all_four ... ok
test overlap_three_abs_stacking ... ok
test overlap_two_abs_source_order ... ok
test overlap_two_relative_blocks_overlapping ... ok
test overlap_verify_white_in_non_overlapping_gap ... ok
test rel_auto_offset_no_movement ... ok
test rel_block_with_padding ... ok
test rel_bottom_offset_from_second_block ... ok
test rel_bottom_offset_moves_up ... ok
test rel_bottom_only_offset ... ok
test rel_combined_negative_offsets ... ok
test rel_does_not_affect_next_sibling ... ok
test rel_does_not_affect_previous_sibling ... ok
test rel_large_left_offset ... ok
test rel_large_negative_top ... ok
test rel_large_top_offset ... ok
test rel_left_and_right_left_wins_ltr ... ok
test rel_left_offset_moves_right ... ok
test rel_left_offset_vacated_space ... ok
test rel_negative_left_moves_left ... ok
test rel_negative_top_moves_up ... ok
test rel_nested_relative_blocks ... ok
test rel_offset_preserves_flow_for_third_sibling ... ok
test rel_offset_then_abs_overlay ... ok
test rel_percentage_left_offset ... ok
test rel_percentage_top_offset ... ok
test rel_right_offset_moves_left ... ok
test rel_right_only_offset ... ok
test rel_second_block_with_offset ... ok
test rel_sibling_after_relative_block_correct_y ... ok
test rel_small_left_offset ... ok
test rel_small_top_offset ... ok
test rel_three_blocks_each_offset ... ok
test rel_top_and_bottom_top_wins ... ok
test rel_top_bottom_right_left_only_top_left_applied ... ok
test rel_top_left_combined ... ok
test rel_top_left_combined_bottom_right_corner ... ok
test rel_top_offset_moves_down ... ok
test rel_top_offset_preserves_block_size ... ok
test rel_top_offset_vacated_space_is_white ... ok
test rel_two_siblings_both_relative ... ok
test rel_with_different_width_blocks ... ok
test rel_with_explicit_margin_bottom ... ok
test rel_with_margin_left ... ok
test rel_with_margin_top ... ok
test rel_zero_offsets_same_as_static ... ok
test static_block_bottom_right_corner ... ok
test static_block_different_colors ... ok
test static_block_fills_width ... ok
test static_block_ignores_bottom_offset ... ok
test static_block_ignores_left_offset ... ok
test static_block_ignores_right_offset ... ok
test static_block_ignores_top_offset ... ok
test static_block_renders_visible_content ... ok
test static_block_top_left_corner ... ok
test static_block_white_above_content ... ok
test static_block_white_after_block ... ok
test static_block_white_below_block ... ok
test static_block_white_left_of_content ... ok
test static_default_position_is_static ... ok
test static_single_block_renders_at_content_origin ... ok
test static_three_blocks_stack ... ok
test static_two_blocks_stack_vertically ... ok

test result: ok. 151 passed; 0 failed; 0 ignored; 0 measured; 0 filtered out; finished in 2.22s

     Running tests/sp12_i4_overflow_pixel_tests.rs (/mnt/e/openui-v02-cargo-c73754e2/target/debug/deps/sp12_i4_overflow_pixel_tests-0c0bb36bb459fe8b)

running 105 tests
test max_height_none_no_constraint ... ok
test box_sizing_content_box_is_default ... ok
test max_width_none_no_constraint ... ok
test border_box_padding_included_in_width ... ok
test max_width_on_nested_child ... ok
test max_width_constrains_auto_width ... ok
test max_width_caps_element_size ... ok
test max_height_no_effect_when_larger_than_height ... ok
test border_box_border_included_in_width ... ok
test max_width_no_effect_when_larger_than_width ... ok
test max_height_with_overflow_hidden_clips_content ... ok
test border_box_padding_and_border_included ... ok
test border_box_vertical_sizing ... ok
test box_sizing_border_box_with_height_and_padding ... ok
test content_box_border_adds_to_total_size ... ok
test max_height_caps_element_size ... ok
test content_box_padding_adds_to_total_size ... ok
test max_height_with_auto_height_and_tall_content ... ok
test max_width_with_border ... ok
test content_box_padding_and_border_cumulative ... ok
test max_height_on_nested_element ... ok
test content_box_vs_border_box_different_total_size ... ok
test min_height_initial_value_is_auto ... ok
test min_height_no_effect_when_smaller_than_height ... ok
test all_overflow_modes_render_something ... ok
test min_height_on_nested_element ... ok
test min_height_prevents_element_from_being_too_short ... ok
test min_height_with_auto_height ... ok
test min_height_with_colored_background ... ok
test min_height_zero_no_effect ... ok
test min_max_height_both_set ... ok
test min_max_width_both_set ... ok
test min_width_initial_value_is_auto ... ok
test min_width_no_effect_when_smaller_than_width ... ok
test min_width_on_nested_child ... ok
test min_width_prevents_element_from_being_too_narrow ... ok
test min_width_with_auto_width_in_constrained_parent ... ok
test min_width_with_padding ... ok
test min_width_zero_has_no_effect ... ok
test multiple_overflow_containers_stacked ... ok
test nested_overflow_hidden_inner_clips_further ... ok
test nested_overflow_outer_hidden_inner_visible ... ok
test overflow_all_default_to_visible ... ok
test overflow_all_clipping_modes_clip_identically ... ok
test overflow_auto_clips_horizontally ... ok
test overflow_auto_clips_vertically ... ok
test overflow_auto_is_clipping ... ok
test overflow_auto_is_scrollable ... ok
test overflow_auto_preserves_inner_content ... ok
test overflow_auto_with_tall_content ... ok
test overflow_clip_clips_vertically ... ok
test overflow_clip_is_clipping ... ok
test overflow_clip_not_scrollable ... ok
test overflow_clip_with_wide_content ... ok
test overflow_hidden_child_bg_clipped_at_bottom_edge ... ok
test overflow_hidden_child_bg_clipped_at_right_edge ... ok
test overflow_hidden_child_partially_visible ... ok
test overflow_hidden_child_wider_parent_bg_still_visible ... ok
test overflow_hidden_clips_at_varying_heights ... ok
test overflow_hidden_clips_both_axes ... ok
test overflow_hidden_clips_at_varying_widths ... ok
test overflow_hidden_clips_bottom_right_corner_only ... ok
test overflow_hidden_clips_child_horizontally ... ok
test overflow_hidden_clips_child_vertically ... ok
test overflow_hidden_clips_horizontal_narrow_parent ... ok
test overflow_hidden_clips_large_parent ... ok
test overflow_hidden_clips_vertical_small_parent ... ok
test overflow_hidden_exact_fit_child_fully_visible ... ok
test overflow_hidden_multiple_children_clipped ... ok
test overflow_hidden_parent_and_child_same_bg_color ... ok
test overflow_hidden_parent_bg_renders_fully ... ok
test overflow_hidden_preserves_inner_content ... ok
test overflow_hidden_preserves_sibling_after_clipped_box ... ok
test overflow_hidden_surface_correct_dimensions ... ok
test overflow_hidden_surface_produces_output ... ok
test overflow_hidden_with_bg_and_no_children ... ok
test overflow_hidden_with_border_clips_inside_border ... ok
test overflow_hidden_with_colored_borders_visible ... ok
test overflow_hidden_with_max_height_combined ... ok
test overflow_hidden_with_min_width_child ... ok
test overflow_hidden_with_padding_clips_inside_padding_box ... ok
test overflow_hidden_with_zero_dimension_element ... ok
test overflow_hidden_zero_height_clips_everything ... ok
test overflow_hidden_zero_width_clips_everything ... ok
test overflow_scroll_clips_horizontally ... ok
test overflow_scroll_clips_vertically ... ok
test overflow_scroll_is_clipping ... ok
test overflow_scroll_is_scrollable ... ok
test overflow_scroll_preserves_inner_content ... ok
test overflow_scroll_with_nested_boxes ... ok
test overflow_visible_both_axes_overflow ... ok
test overflow_visible_child_extends_horizontally ... ok
test overflow_visible_child_extends_vertically ... ok
test overflow_visible_child_fills_parent ... ok
test overflow_visible_child_renders_within_parent ... ok
test overflow_visible_content_not_restricted_by_parent_size ... ok
test overflow_visible_enum_not_clipping ... ok
test overflow_visible_enum_not_scrollable ... ok
test overflow_visible_explicit_setting_same_as_default ... ok
test overflow_visible_is_default_for_overflow_x ... ok
test overflow_visible_is_default_for_overflow_y ... ok
test overflow_visible_multiple_children ... ok
test overflow_visible_parent_bg_visible ... ok
test overflow_visible_produces_visible_output ... ok
test three_level_nesting_overflow_hidden ... ok

test result: ok. 105 passed; 0 failed; 0 ignored; 0 measured; 0 filtered out; finished in 1.42s

     Running tests/sp12_overflow_clip_tests.rs (/mnt/e/openui-v02-cargo-c73754e2/target/debug/deps/sp12_overflow_clip_tests-80614ae16202dcc3)

running 15 tests
test overflow_enum_properties ... ok
test has_border_radius_helper ... ok
test compute_clip_rect_clamps_to_zero ... ok
test compute_clip_rect_returns_padding_box ... ok
test border_radius_with_overflow_hidden_clips_corners ... ok
test canvas_save_restore_balanced ... ok
test overflow_visible_does_not_clip ... ok
test overflow_auto_clips_children ... ok
test save_restore_balanced_with_border_radius_and_opacity ... ok
test overflow_scroll_clips_children ... ok
test nested_overflow_containers ... ok
test overflow_hidden_clips_to_padding_box ... ok
test overflow_clip_keyword_clips_without_scrolling ... ok
test overflow_x_hidden_overflow_y_visible_clips ... ok
test paint_order_background_border_clip_children_restore ... ok

test result: ok. 15 passed; 0 failed; 0 ignored; 0 measured; 0 filtered out; finished in 0.20s

     Running tests/sp13_j_inline_pixel_tests.rs (/mnt/e/openui-v02-cargo-c73754e2/target/debug/deps/sp13_j_inline_pixel_tests-6f5a28da9a1b3f22)

running 42 tests
test inline_block_border_left_mid_edge ... ok
test block_in_inline_correct_color ... ok
test inline_block_containing_inline_block ... ok
test float_does_not_overlap_inline_block ... ok
test inline_block_containing_block_child ... ok
test inline_block_border_right_mid_edge ... ok
test inline_block_border_top_mid_edge ... ok
test inline_block_magenta_background ... ok
test float_left_with_inline_block_beside ... ok
test block_in_inline_renders_block ... ok
test inline_block_gray_background ... ok
test block_in_inline_white_after_block ... ok
test inline_block_different_sizes ... ok
test float_exclusion_inline_block_below_cleared ... ok
test inline_block_cyan_background ... ok
test inline_block_border_bottom_mid_edge ... ok
test float_right_with_inline_block ... ok
test block_after_inline_block_wrapper ... ok
test inline_block_after_block_element ... ok
test block_in_inline_between_text_segments ... ok
test inline_block_margin_between_two ... ok
test inline_block_margin_left_offset ... ok
test inline_block_margin_top ... ok
test inline_block_orange_background ... ok
test inline_block_padding_extends_box ... ok
test inline_block_padding_top_bottom ... ok
test inline_block_single_position ... ok
test inline_block_single_renders ... ok
test inline_block_small_box ... ok
test inline_block_square ... ok
test inline_block_tall ... ok
test inline_block_three_side_by_side ... ok
test inline_block_two_colors_side_by_side ... ok
test inline_block_two_side_by_side ... ok
test inline_block_white_after ... ok
test inline_block_white_below ... ok
test inline_block_wide ... ok
test inline_block_with_border_renders ... ok
test inline_block_with_multiple_children ... ok
test inline_block_with_padding_renders ... ok
test inline_block_yellow_background ... ok
test stacked_inline_block_wrappers ... ok

test result: ok. 42 passed; 0 failed; 0 ignored; 0 measured; 0 filtered out; finished in 0.62s

     Running tests/sp13r_multicol_paint_tests.rs (/mnt/e/openui-v02-cargo-c73754e2/target/debug/deps/sp13r_multicol_paint_tests-e71feb60524c3820)

running 7 tests
test first_sliced_continuation_keeps_descendant_border_to_fragmentainer_end ... ok
test opacity_stacking_context_in_a_column_paints_after_later_in_flow_content ... ok
test fragmented_flex_item_outline_repeats_at_each_column_edge ... ok
test fragmented_positioned_grid_descendants_paint_by_logical_box ... ok
test fragmented_overflow_clip_uses_authored_reference_box_while_sharing_decorations ... ok
test middle_sliced_continuation_preserves_fractional_fragmentainer_edge_coverage ... ok
test clipped_ancestor_outline_follows_descendant_fractional_mask ... ok

test result: ok. 7 passed; 0 failed; 0 ignored; 0 measured; 0 filtered out; finished in 0.15s

     Running tests/text_paint_tests.rs (/mnt/e/openui-v02-cargo-c73754e2/target/debug/deps/text_paint_tests-e3d8fb67053cbabb)

running 65 tests
test decoration_on_empty_text_does_not_crash ... ok
test empty_shape_result_to_text_blob_returns_none ... ok
test all_three_decorations_combined ... ok
test decoration_double_line_through ... ok
test decoration_dashed_line_through ... ok
test decoration_thickness_auto ... ok
test decoration_color_explicit ... ok
test decoration_thick_underline ... ok
test decoration_style_dotted ... ok
test decoration_thickness_explicit_length ... ok
test decoration_style_double ... ok
test decoration_style_solid ... ok
test decoration_color_matches_current_color ... ok
test decoration_style_dashed ... ok
test decoration_dotted_overline ... ok
test decoration_thickness_from_font ... ok
test decoration_transparent_color_not_visible ... ok
test decoration_wavy_overline ... ok
test decoration_style_wavy ... ok
test different_font_sizes_produce_different_results ... ok
test clockwise_and_counterclockwise_use_opposite_physical_origins ... ok
test larger_font_produces_taller_metrics ... ok
test line_through_draws_visible_line ... ok
test long_text_string_renders ... ok
test metrics_from_empty_shape_result_returns_zero ... ok
test metrics_from_shape_result_returns_valid_metrics ... ok
test multiple_decorations_underline_and_line_through ... ok
test new_box_fragment_has_no_shape_result ... ok
test new_text_fragment_constructor_sets_kind ... ok
test no_decoration_when_none ... ok
test no_shadow_when_empty_shadow_list ... ok
test overline_draws_visible_line ... ok
test paint_ellipsis_hidden_visibility_no_output ... ok
test paint_mixed_box_and_text_fragment_tree ... ok
test paint_multiple_text_fragments_in_sequence ... ok
test paint_nested_boxes_with_text_child ... ok
test paint_text_at_different_positions ... ok
test paint_text_digits ... ok
test paint_text_empty_string_does_not_crash ... ok
test paint_text_fragment_full_pipeline ... ok
test paint_text_fragment_hidden_visibility ... ok
test paint_text_fragment_large_font ... ok
test paint_text_fragment_no_shape_result ... ok
test paint_text_fragment_with_decorations ... ok
test paint_text_fragment_with_offset ... ok
test paint_text_fragment_with_opacity ... ok
test paint_text_fragment_with_text_shadow ... ok
test paint_text_fragment_zero_opacity ... ok
test paint_text_produces_non_white_pixels ... ok
test paint_text_rtl_does_not_crash ... ok
test paint_text_shadow_produces_output ... ok
test paint_text_shadow_with_blur ... ok
test paint_text_shape_result_width_is_positive ... ok
test paint_text_single_character ... ok
test paint_text_with_all_decoration_styles_does_not_crash ... ok
test paint_text_with_custom_rgba_color ... ok
test paint_text_with_default_style ... ok
test paint_text_with_partial_opacity_color ... ok
test shape_result_to_text_blob_succeeds ... ok
test rotated_run_paints_one_clipped_stack_and_restores_canvas ... ok
test text_color_is_applied ... ok
test text_logically_outside_hard_clip_has_no_lcd_filter_leak ... ok
test transparent_text_produces_no_visible_output ... ok
test underline_draws_visible_line ... ok
test white_text_on_white_background_is_invisible ... ok

test result: ok. 65 passed; 0 failed; 0 ignored; 0 measured; 0 filtered out; finished in 0.85s

     Running tests/wpt_decoration_tests.rs (/mnt/e/openui-v02-cargo-c73754e2/target/debug/deps/wpt_decoration_tests-beb0d49ff013f51c)

running 119 tests
test wpt_all_flags_introspection ... ok
test wpt_combined_flags_introspection ... ok
test wpt_emphasis_color_currentcolor_resolves_to_text ... ok
test wpt_emphasis_color_resolved ... ok
test wpt_emphasis_default_mark_horizontal_vs_vertical ... ok
test wpt_emphasis_default_mark_sideways_lr ... ok
test wpt_emphasis_default_mark_sideways_rl ... ok
test wpt_emphasis_custom_ignores_fill ... ok
test wpt_emphasis_color_default_is_currentcolor ... ok
test wpt_color_default_is_currentcolor ... ok
test wpt_emphasis_draw_on_emoji ... ok
test wpt_emphasis_draw_on_digits ... ok
test wpt_emphasis_draw_on_letters ... ok
test wpt_emphasis_draw_on_punctuation ... ok
test wpt_emphasis_fill_default_is_filled ... ok
test wpt_emphasis_fill_open_vs_filled ... ok
test wpt_color_red_underline ... ok
test wpt_color_semitransparent_draws ... ok
test wpt_color_currentcolor_resolves ... ok
test wpt_color_green_overline ... ok
test wpt_color_blue_underline ... ok
test wpt_color_red_vs_blue_differ ... ok
test wpt_color_transparent_draws_nothing ... ok
test wpt_emphasis_mark_default_is_none ... ok
test wpt_emphasis_offset_over_horizontal ... ok
test wpt_emphasis_offset_scales_with_size ... ok
test wpt_emphasis_offset_under_horizontal ... ok
test wpt_emphasis_painting_circle_renders ... ok
test wpt_emphasis_painting_dot_renders ... ok
test wpt_emphasis_painting_empty_text ... ok
test wpt_emphasis_painting_none_draws_nothing ... ok
test wpt_emphasis_painting_under_position ... ok
test wpt_emphasis_position_default ... ok
test wpt_emphasis_position_horizontal ... ok
test wpt_emphasis_position_under ... ok
test wpt_emphasis_position_vertical_lr ... ok
test wpt_emphasis_position_vertical_rl ... ok
test wpt_emphasis_resolve_circle_filled ... ok
test wpt_emphasis_resolve_circle_open ... ok
test wpt_emphasis_resolve_custom_char ... ok
test wpt_emphasis_resolve_dot_filled ... ok
test wpt_emphasis_resolve_dot_open ... ok
test wpt_emphasis_resolve_double_circle_filled ... ok
test wpt_emphasis_resolve_none_returns_none ... ok
test wpt_emphasis_resolve_sesame_filled ... ok
test wpt_emphasis_resolve_triangle_filled ... ok
test wpt_emphasis_skip_format_chars ... ok
test wpt_emphasis_skip_separators ... ok
test wpt_emphasis_skip_whitespace ... ok
test wpt_emphasis_soft_hyphen_draws ... ok
test wpt_has_line_through_method ... ok
test wpt_has_overline_method ... ok
test wpt_has_underline_method ... ok
test wpt_is_none_method ... ok
test wpt_line_all_three ... ok
test wpt_line_default_is_none ... ok
test wpt_line_none_draws_nothing ... ok
test wpt_line_overline_renders ... ok
test wpt_line_through_renders ... ok
test wpt_line_underline_plus_line_through ... ok
test wpt_line_underline_plus_overline ... ok
test wpt_line_underline_renders ... ok
test wpt_metrics_different_sizes ... ok
test wpt_metrics_from_shape_result_positive ... ok
test wpt_metrics_underline_thickness_positive ... ok
test wpt_overline_with_synthetic_metrics ... ok
test wpt_phase_after_text_no_underline ... ok
test wpt_phase_before_text_no_line_through ... ok
test wpt_shadow_blur_produces_more_pixels ... ok
test wpt_shadow_default_empty ... ok
test wpt_shadow_large_offset ... ok
test wpt_shadow_multiple ... ok
test wpt_shadow_multiple_more_pixels_than_single ... ok
test wpt_shadow_none_no_extra_pixels ... ok
test wpt_shadow_single_offset_renders ... ok
test wpt_shadow_transparent_color ... ok
test wpt_shadow_with_blur ... ok
test wpt_shadow_zero_offset_zero_blur ... ok
test wpt_skip_ink_all_renders ... ok
test wpt_skip_ink_auto_renders ... ok
test wpt_skip_ink_cjk_text ... ok
test wpt_skip_ink_default_is_auto ... ok
test wpt_skip_ink_empty_string ... ok
test wpt_skip_ink_none_more_pixels_than_auto ... ok
test wpt_skip_ink_none_overline ... ok
test wpt_skip_ink_none_renders ... ok
test wpt_skip_ink_spaces_only ... ok
test wpt_skip_ink_uppercase_text ... ok
test wpt_style_dashed_renders ... ok
test wpt_style_default_is_solid ... ok
test wpt_style_dotted_renders ... ok
test wpt_style_double_more_than_solid ... ok
test wpt_style_double_renders ... ok
test wpt_style_line_through_dashed ... ok
test wpt_style_overline_wavy ... ok
test wpt_style_solid_renders ... ok
test wpt_style_wavy_renders ... ok
test wpt_style_wavy_wider_than_solid ... ok
test wpt_thickness_auto_renders ... ok
test wpt_thickness_default_is_auto ... ok
test wpt_thickness_from_font ... ok
test wpt_thickness_length_2px ... ok
test wpt_thickness_length_4px ... ok
test wpt_thickness_line_through_custom ... ok
test wpt_thickness_overline_custom ... ok
test wpt_thickness_thicker_more_pixels ... ok
test wpt_underline_offset_0px ... ok
test wpt_underline_offset_4px ... ok
test wpt_underline_offset_default_is_auto ... ok
test wpt_underline_offset_large ... ok
test wpt_underline_offset_negative ... ok
test wpt_underline_position_auto_renders ... ok
test wpt_underline_position_default_is_auto ... ok
test wpt_underline_position_left ... ok
test wpt_underline_position_right ... ok
test wpt_underline_position_under_renders ... ok
test wpt_underline_position_under_vs_auto ... ok
test wpt_writing_mode_default ... ok
test wpt_writing_mode_predicates ... ok

test result: ok. 119 passed; 0 failed; 0 ignored; 0 measured; 0 filtered out; finished in 1.69s

     Running unittests src/lib.rs (/mnt/e/openui-v02-cargo-c73754e2/target/debug/deps/openui_platform-4341425fb699c511)

running 5 tests
test linux::tests::software_frame_is_copied_without_resampling ... ok
test linux::tests::character_keys_do_not_alias_navigation_and_editing_keys ... ok
test linux::tests::ime_normalization_preserves_commit_after_the_synthetic_empty_preview ... ok
test linux::tests::invalid_frame_layout_is_rejected_before_native_upload ... ok
test linux::tests::ime_focus_loss_and_disable_cancel_without_inserting_a_late_commit ... ok

test result: ok. 5 passed; 0 failed; 0 ignored; 0 measured; 0 filtered out; finished in 0.07s

     Running unittests src/lib.rs (/mnt/e/openui-v02-cargo-c73754e2/target/debug/deps/openui_style-af551f93f2bb5dbe)

running 35 tests
test color::tests::current_color_resolves ... ok
test color::tests::from_rgba8 ... ok
test color::tests::hex_parsing ... ok
test animation::tests::easing_endpoints_and_steps_are_deterministic ... ok
test computed::tests::hanging_punctuation_allow_end ... ok
test computed::tests::hanging_punctuation_combined ... ok
test computed::tests::hanging_punctuation_first ... ok
test animation::tests::timing_handles_delay_direction_and_iteration_boundaries ... ok
test animation::tests::fill_modes_control_out_of_range_samples ... ok
test computed::tests::hanging_punctuation_equality ... ok
test computed::tests::hanging_punctuation_force_end ... ok
test computed::tests::hanging_punctuation_initial_value ... ok
test computed::tests::formatting_context_detection ... ok
test animation::tests::typed_keyframes_reject_a_property_type_mismatch ... ok
test computed::tests::hanging_punctuation_last ... ok
test computed::tests::hanging_punctuation_none_is_default ... ok
test animation::tests::interpolates_lengths_colors_and_compatible_transforms ... ok
test computed::tests::hanging_punctuation_stored_on_style ... ok
test computed::tests::in_flow_detection ... ok
test computed::tests::initial_values_match_blink ... ok
test computed::tests::text_combine_upright_all ... ok
test computed::tests::text_combine_upright_default_trait ... ok
test computed::tests::text_combine_upright_initial ... ok
test computed::tests::text_emphasis_color_custom ... ok
test computed::tests::text_emphasis_custom_char ... ok
test computed::tests::text_emphasis_fill_open ... ok
test computed::tests::text_emphasis_initial_values ... ok
test computed::tests::text_emphasis_mark_set_dot ... ok
test computed::tests::text_emphasis_position_under_left ... ok
test property::tests::every_public_typography_property_parses_applies_and_reads_back ... ok
test property::tests::font_shorthand_is_atomic_and_resets_omitted_font_longhands ... ok
test property::tests::parses_checked_literals_and_applies_them ... ok
test property::tests::resolves_viewport_units_deterministically ... ok
test property::tests::schema_lookup_and_metadata_are_stable ... ok
test property::tests::text_size_adjust_rejects_invalid_percentages ... ok

test result: ok. 35 passed; 0 failed; 0 ignored; 0 measured; 0 filtered out; finished in 0.53s

     Running unittests src/lib.rs (/mnt/e/openui-v02-cargo-c73754e2/target/debug/deps/openui_text-942289012d57ab14)

running 341 tests
test char_orientation::tests::basic_latin_punctuation_rotated ... ok
test char_orientation::tests::arabic_alef_rotated ... ok
test char_orientation::tests::basic_emoji_rotated ... ok
test char_orientation::tests::cjk_compatibility_ideograph ... ok
test char_orientation::tests::cjk_extension_a ... ok
test bidi::paragraph::tests::reorder_visual_pure_ltr ... ok
test bidi::paragraph::tests::empty_text ... ok
test bidi::paragraph::tests::reorder_visual_single_rtl ... ok
test bidi::paragraph::tests::reorder_visual_mixed ... ok
test bidi::paragraph::tests::pure_ltr ... ok
test bidi::paragraph::tests::multi_paragraph_preserves_original_text ... ok
test bidi::paragraph::tests::forced_ltr_direction ... ok
test bidi::paragraph::tests::forced_rtl_direction ... ok
test bidi::paragraph::tests::levels_per_char_count ... ok
test bidi::paragraph::tests::multi_paragraph_newline_bidi_levels ... ok
test bidi::paragraph::tests::mixed_ltr_rtl ... ok
test bidi::paragraph::tests::level_at_byte_mid_char_no_panic ... ok
test bidi::paragraph::tests::multi_paragraph_crlf_bidi_levels ... ok
test bidi::paragraph::tests::pure_rtl_hebrew ... ok
test bidi::paragraph::tests::level_at_byte_valid_offset ... ok
test char_orientation::tests::cjk_extension_b ... ok
test char_orientation::tests::cjk_ideograph_last ... ok
test char_orientation::tests::cjk_ideograph_water ... ok
test char_orientation::tests::cjk_unified_ideograph_upright ... ok
test char_orientation::tests::cyrillic_a_rotated ... ok
test char_orientation::tests::digit_0_rotated ... ok
test char_orientation::tests::enclosed_cjk ... ok
test char_orientation::tests::fullwidth_a ... ok
test char_orientation::tests::fullwidth_exclamation ... ok
test char_orientation::tests::greek_alpha_rotated ... ok
test char_orientation::tests::halfwidth_katakana_rotated ... ok
test char_orientation::tests::hangul_compatibility_jamo ... ok
test char_orientation::tests::hangul_syllable_ga ... ok
test char_orientation::tests::hiragana_a ... ok
test char_orientation::tests::ideographic_comma ... ok
test char_orientation::tests::ideographic_period ... ok
test char_orientation::tests::ideographic_space ... ok
test char_orientation::tests::just_below_cjk_radicals ... ok
test char_orientation::tests::katakana_a ... ok
test char_orientation::tests::katakana_phonetic_extension ... ok
test char_orientation::tests::latin_a_rotated ... ok
test char_orientation::tests::latin_z_rotated ... ok
test char_orientation::tests::space_rotated ... ok
test char_orientation::tests::start_of_cjk_radicals ... ok
test char_orientation::tests::vertical_form ... ok
test char_orientation::tests::yi_syllable_upright ... ok
test emoji::tests::above_dingbats_not_emoji ... ok
test emoji::tests::above_tag_range_not_detected ... ok
test emoji::tests::airplane_is_emoji ... ok
test emoji::tests::anchor_is_emoji ... ok
test emoji::tests::arabic_is_not_emoji ... ok
test emoji::tests::basic_punctuation_is_not_emoji ... ok
test emoji::tests::below_tag_range_not_detected ... ok
test emoji::tests::black_small_square_is_emoji ... ok
test emoji::tests::brain_is_emoji ... ok
test emoji::tests::car_is_emoji ... ok
test emoji::tests::chess_symbols ... ok
test emoji::tests::cjk_ideograph_is_not_emoji ... ok
test emoji::tests::cjk_text_no_emoji ... ok
test emoji::tests::combining_enclosing_keycap ... ok
test emoji::tests::copyright_sign_is_not_emoji ... ok
test emoji::tests::cyrillic_is_not_emoji ... ok
test emoji::tests::digit_0_is_not_emoji ... ok
test emoji::tests::empty_string_no_emoji ... ok
test emoji::tests::end_of_dingbats_extended ... ok
test emoji::tests::first_emoticon_is_emoji ... ok
test emoji::tests::geometric_shapes_extended ... ok
test emoji::tests::grinning_face_is_emoji ... ok
test emoji::tests::hiragana_is_not_emoji ... ok
test emoji::tests::hot_beverage_is_emoji ... ok
test emoji::tests::hourglass_is_emoji ... ok
test emoji::tests::just_below_misc_symbols_block ... ok
test emoji::tests::last_emoticon_is_emoji ... ok
test emoji::tests::latin_a_is_not_emoji ... ok
test emoji::tests::lungs_is_emoji ... ok
test emoji::tests::mahjong_tile_is_emoji ... ok
test emoji::tests::mirror_ball_is_emoji ... ok
test emoji::tests::mixed_text_with_flag_indicators ... ok
test emoji::tests::modifiers_are_emoji ... ok
test emoji::tests::newline_is_not_emoji ... ok
test emoji::tests::non_modifier_not_detected ... ok
test emoji::tests::non_regional_not_detected ... ok
test emoji::tests::non_zwj_not_detected ... ok
test emoji::tests::null_character_is_not_emoji ... ok
test emoji::tests::other_variation_selectors_are_emoji ... ok
test emoji::tests::play_button_is_emoji ... ok
test emoji::tests::playing_card_is_emoji ... ok
test emoji::tests::pure_emoji_string ... ok
test emoji::tests::red_heart_is_emoji ... ok
test emoji::tests::regional_indicator_a ... ok
test emoji::tests::regional_indicator_z ... ok
test emoji::tests::regional_indicators_are_emoji ... ok
test emoji::tests::reverse_button_is_emoji ... ok
test emoji::tests::rocket_is_emoji ... ok
test emoji::tests::skin_tone_dark_is_modifier ... ok
test emoji::tests::skin_tone_light_is_modifier ... ok
test emoji::tests::skin_tone_medium_is_modifier ... ok
test emoji::tests::space_is_not_emoji ... ok
test emoji::tests::start_of_mahjong ... ok
test emoji::tests::start_of_misc_symbols ... ok
test emoji::tests::string_with_emoji ... ok
test emoji::tests::string_without_emoji ... ok
test emoji::tests::sun_is_emoji ... ok
test emoji::tests::superhero_is_emoji ... ok
test emoji::tests::supplemental_arrows_c ... ok
test emoji::tests::tag_cancel_is_tag ... ok
test emoji::tests::tag_latin_g_is_tag ... ok
test emoji::tests::tag_space_is_tag ... ok
test emoji::tests::tags_are_emoji ... ok
test emoji::tests::thumbs_up_is_emoji ... ok
test emoji::tests::umbrella_is_emoji ... ok
test emoji::tests::variation_selectors_are_emoji ... ok
test emoji::tests::vs15_is_not_emoji_presentation ... ok
test emoji::tests::vs15_is_text_presentation ... ok
test emoji::tests::vs16_is_emoji_presentation ... ok
test emoji::tests::vs16_is_not_text_presentation ... ok
test emoji::tests::watch_is_emoji ... ok
test emoji::tests::wheelchair_is_emoji ... ok
test emoji::tests::zodiac_aries_is_emoji ... ok
test emoji::tests::zodiac_pisces_is_emoji ... ok
test emoji::tests::zwj_detected ... ok
test emoji::tests::zwj_is_emoji ... ok
test emphasis::tests::all_shapes_filled ... ok
test emphasis::tests::all_shapes_open ... ok
test emphasis::tests::custom_char_ignores_fill ... ok
test emphasis::tests::custom_char_unicode ... ok
test emphasis::tests::default_mark_horizontal ... ok
test emphasis::tests::default_mark_vertical_lr ... ok
test emphasis::tests::default_mark_vertical_rl ... ok
test emphasis::tests::default_position_is_over_right ... ok
test emphasis::tests::draw_on_digits ... ok
test emphasis::tests::draw_on_emoji ... ok
test emphasis::tests::draw_on_letters ... ok
test emphasis::tests::draw_on_punctuation ... ok
test emphasis::tests::fill_default ... ok
test emphasis::tests::filled_circle ... ok
test emphasis::tests::filled_dot ... ok
test emphasis::tests::filled_double_circle ... ok
test emphasis::tests::filled_sesame ... ok
test emphasis::tests::filled_triangle ... ok
test emphasis::tests::mark_default ... ok
test emphasis::tests::none_returns_none ... ok
test emphasis::tests::open_circle ... ok
test emphasis::tests::open_dot ... ok
test emphasis::tests::open_double_circle ... ok
test emphasis::tests::open_sesame ... ok
test emphasis::tests::open_triangle ... ok
test emphasis::tests::position_default ... ok
test emphasis::tests::resolve_filled_dot_over ... ok
test emphasis::tests::resolve_none_returns_none ... ok
test emphasis::tests::resolve_open_circle_under ... ok
test emphasis::tests::skip_ascii_space ... ok
test emphasis::tests::skip_bom ... ok
test emphasis::tests::skip_ideographic_space ... ok
test emphasis::tests::skip_left_to_right_mark ... ok
test emphasis::tests::skip_line_separator ... ok
test emphasis::tests::skip_newline ... ok
test emphasis::tests::skip_no_break_space ... ok
test emphasis::tests::skip_paragraph_separator ... ok
test emphasis::tests::skip_right_to_left_mark ... ok
test emphasis::tests::skip_tab ... ok
test emphasis::tests::skip_zero_width_joiner ... ok
test emphasis::tests::skip_zero_width_space ... ok
test emphasis::tests::soft_hyphen_draws ... ok
test font::cache::tests::exact_float_bits_participate_in_cache_identity ... ok
test font::cache::tests::raster_configuration_and_scale_participate_in_cache_identity ... ok
test font::collection::tests::collection_face_indices_are_validated_for_ttc_and_otc ... ok
test font::collection::tests::css_face_matching_is_lexicographic_and_directional ... ok
test font::collection::tests::face_metrics_defaults_and_synthesis_are_applied ... ok
test font::collection::tests::fallback_instances_are_cached_and_registry_changes_evict_them ... ok
test font::collection::tests::font_container_signatures_do_not_bypass_decoder_validation ... ok
test font::collection::tests::instance_key_includes_variations_palette_synthesis_scale_and_raster_policy ... ok
test font::collection::tests::malformed_inputs_and_descriptors_are_rejected ... ok
test font::collection::tests::pinned_wpt_font_containers_report_identical_owned_metadata ... ok
test font::collection::tests::registered_faces_precede_installed_families_without_cross_collection_leakage ... ok
test font::collection::tests::registration_is_owned_bounded_and_generation_checked ... ok
test font::collection::tests::resource_hash_is_sha256 ... ok
test font::description::tests::none_text_size_adjust_preserves_used_size ... ok
test font::description::tests::percentage_text_size_adjust_changes_used_not_specified_size ... ok
test font::features::tests::all_variants_active_simultaneously ... ok
test font::features::tests::alternates_default_is_normal ... ok
test font::features::tests::alternates_historical_forms ... ok
test font::features::tests::alternates_normal_no_features ... ok
test font::features::tests::caps_all_petite_caps ... ok
test font::features::tests::caps_all_small_caps ... ok
test font::features::tests::caps_default_is_normal ... ok
test font::features::tests::caps_normal_no_features ... ok
test font::features::tests::caps_petite_caps ... ok
test font::features::tests::caps_small_caps ... ok
test font::features::tests::caps_titling ... ok
test font::features::tests::caps_unicase ... ok
test font::features::tests::default_description_produces_no_features ... ok
test font::features::tests::east_asian_combined_form_width_ruby ... ok
test font::features::tests::east_asian_default_is_normal ... ok
test font::features::tests::east_asian_full_width ... ok
test font::features::tests::east_asian_jis04 ... ok
test font::features::tests::east_asian_jis78 ... ok
test font::features::tests::east_asian_jis83 ... ok
test font::features::tests::east_asian_jis90 ... ok
test font::features::tests::east_asian_normal_no_features ... ok
test font::features::tests::east_asian_proportional_width ... ok
test font::features::tests::east_asian_ruby ... ok
test font::features::tests::east_asian_simplified ... ok
test font::features::tests::east_asian_traditional ... ok
test font::features::tests::explicit_feature_settings_appended ... ok
test font::features::tests::explicit_settings_override_variant ... ok
test font::features::tests::feature_order_is_deterministic ... ok
test font::features::tests::ligatures_common_disabled ... ok
test font::features::tests::ligatures_common_enabled ... ok
test font::features::tests::ligatures_contextual_disabled ... ok
test font::features::tests::ligatures_contextual_enabled ... ok
test font::features::tests::ligatures_default_is_normal ... ok
test font::features::tests::ligatures_discretionary_disabled ... ok
test font::features::tests::ligatures_discretionary_enabled ... ok
test font::features::tests::ligatures_historical_disabled ... ok
test font::features::tests::ligatures_historical_enabled ... ok
test font::collection::tests::custom_palette_values_are_owned_and_invalidate_instances ... ok
test font::collection::tests::deterministic_collection_owns_generic_aliases_explicitly ... ok
test font::features::tests::ligatures_none_disables_all ... ok
test font::collection::tests::deterministic_collection_tolerates_optional_backend_format_gaps ... ok
test font::features::tests::ligatures_normal_no_features ... ok
test font::features::tests::mixed_ligature_states ... ok
test font::features::tests::multiple_explicit_features ... ok
test font::features::tests::multiple_variants_combined ... ok
test font::features::tests::numeric_all_at_once ... ok
test font::features::tests::numeric_default_is_normal ... ok
test font::features::tests::numeric_diagonal_fractions ... ok
test font::features::tests::numeric_lining_nums ... ok
test font::features::tests::numeric_normal_no_features ... ok
test font::features::tests::numeric_oldstyle_nums ... ok
test font::features::tests::numeric_ordinal ... ok
test font::features::tests::numeric_proportional_nums ... ok
test font::features::tests::numeric_slashed_zero ... ok
test font::features::tests::numeric_stacked_fractions ... ok
test font::features::tests::numeric_tabular_nums ... ok
test font::cache::tests::cache_is_bounded_and_clearable ... ok
test font::features::tests::position_default_is_normal ... ok
test font::features::tests::position_normal_no_features ... ok
test font::features::tests::position_sub ... ok
test font::features::tests::position_super ... ok
test font::platform::tests::aliased_ahem_hinting_tracks_computed_font_size ... ok
test font::platform::tests::author_lcd_light_hinting_is_immutable_across_device_scales ... ok
test font::platform::tests::chromium_lcd_hinting_tracks_pinned_fontconfig_family_policy ... ok
test font::platform::tests::lcd_ahem_hinting_tracks_physical_strike_fraction ... ok
test font::platform::tests::oblique_default_angle_differs_from_zero ... ok
test font::platform::tests::oblique_with_angle_stores_angle ... ok
test font::platform::tests::stretch_62_5_maps_to_extra_condensed ... ok
test font::platform::tests::stretch_boundary_values_round_correctly ... ok
test font::platform::tests::stretch_keyword_values_map_correctly ... ok
test font::relative::tests::half_leading_preserves_the_exact_used_height ... ok
test font::relative::tests::missing_glyph_metrics_use_half_em_fallbacks ... ok
test font::relative::tests::negative_half_leading_uses_fractional_face_metrics_before_snapping ... ok
test font::relative::tests::resolves_ch_ex_and_lh_from_primary_metrics ... ok
test font::relative::tests::used_line_height_supports_every_computed_form ... ok
test hyphenation::patterns::tests::builds_trie_without_panic ... ok
test hyphenation::patterns::tests::pattern_count ... ok
test hyphenation::tests::find_soft_hyphens_at_boundaries ... ok
test hyphenation::tests::find_soft_hyphens_multiple ... ok
test hyphenation::tests::find_soft_hyphens_none ... ok
test hyphenation::tests::find_soft_hyphens_single ... ok
test hyphenation::tests::hyphen_byte_locations_ascii ... ok
test hyphenation::tests::hyphen_byte_locations_empty_result ... ok
test hyphenation::tests::hyphen_locations_empty_word ... ok
test hyphenation::tests::hyphen_locations_short_word ... ok
test hyphenation::tests::hyphenation_case_insensitive ... ok
test hyphenation::tests::hyphenation_from_css_limits ... ok
test hyphenation::tests::hyphenation_known_word_algorithm ... ok
test hyphenation::tests::hyphenation_known_word_computer ... ok
test hyphenation::tests::hyphenation_known_word_hyphenation ... ok
test hyphenation::tests::hyphenation_known_word_information ... ok
test hyphenation::tests::hyphenation_known_word_programming ... ok
test hyphenation::tests::hyphenation_many_syllables ... ok
test hyphenation::tests::hyphenation_points_are_sorted ... ok
test hyphenation::tests::hyphenation_points_within_bounds ... ok
test hyphenation::tests::hyphenation_respects_min_prefix ... ok
test hyphenation::tests::hyphenation_respects_min_suffix ... ok
test hyphenation::tests::hyphenation_respects_min_word ... ok
test hyphenation::tests::hyphenation_single_syllable_words ... ok
test hyphenation::tests::is_soft_hyphen_false_regular_chars ... ok
test hyphenation::tests::is_soft_hyphen_true ... ok
test hyphenation::tests::last_hyphen_before_at_end ... ok
test hyphenation::tests::last_hyphen_before_finds_best ... ok
test hyphenation::tests::last_hyphen_before_none_if_too_early ... ok
test hyphenation::tests::last_soft_hyphen_before_finds_last ... ok
test hyphenation::tests::last_soft_hyphen_before_none ... ok
test hyphenation::tests::last_soft_hyphen_before_respects_limit ... ok
test hyphenation::tests::registry_is_locale_aware_and_application_owned ... ok
test hyphenation::tests::registry_rejects_malformed_and_duplicate_dictionaries ... ok
test hyphenation::tests::should_hyphenate_long_words ... ok
test hyphenation::tests::should_hyphenate_short_words ... ok
test hyphenation::tests::soft_hyphen_in_word_with_auto_hyphenation ... ok
test hyphenation::tests::soft_hyphen_only_mode ... ok
test hyphenation::tests::strip_soft_hyphens_no_change ... ok
test hyphenation::tests::strip_soft_hyphens_removes_all ... ok
test hyphenation::trie::tests::parse_pattern_leading_digit ... ok
test hyphenation::trie::tests::parse_pattern_multiple_digits ... ok
test hyphenation::trie::tests::parse_pattern_trailing_digit ... ok
test hyphenation::trie::tests::parse_pattern_with_boundary ... ok
test hyphenation::trie::tests::parse_simple_pattern ... ok
test hyphenation::trie::tests::trie_boundary_pattern ... ok
test hyphenation::trie::tests::trie_insert_and_apply ... ok
test hyphenation::trie::tests::trie_multiple_patterns_max_wins ... ok
test shaping::shape_result::tests::chromium_lcd_phase_retains_only_the_24_to_25_sixty_fourths_cell ... ok
test shaping::shape_result::tests::chromium_lcd_strike_y_offset_is_limited_to_scaled_10px_outline_faces ... ok
test shaping::shaper::tests::arabic_joining_sequence_marked_unsafe ... ok
test shaping::shaper::tests::arabic_with_space_has_safe_break_at_word_boundary ... ok
test shaping::shaper::tests::bidi_format_controls_have_zero_advance ... ok
test shaping::shaper::tests::char_advance_from_runs_1to1_mapping_unchanged ... ok
test shaping::shaper::tests::char_advance_from_runs_sums_duplicate_cluster_glyphs ... ok
test shaping::shaper::tests::char_advance_from_runs_three_glyphs_same_cluster ... ok
test shaping::shaper::tests::fallback_preserves_run_font_data ... ok
test shaping::shaper::tests::latin_cluster_boundaries_remain_safe ... ok
test shaping::shaper::tests::letter_spacing_distributes_across_ligature_run ... ok
test shaping::shaper::tests::mixed_bidi_and_emoji_runs_use_exact_buffer_sizes ... ok
test shaping::shaper::tests::rebuild_character_data_retains_cluster_metadata ... ok
test shaping::shaper::tests::shape_basic_latin_produces_nonzero_glyphs ... ok
test shaping::shaper::tests::shape_empty_returns_empty ... ok
test shaping::shaper::tests::shape_fallback_detects_missing_glyphs ... ok
test shaping::shaper::tests::shape_with_fallback_uses_multiple_fonts ... ok
test shaping::shaper::tests::word_spacing_only_applies_to_space_chars ... ok
test transform::tests::capitalize_after_colon ... ok
test transform::tests::capitalize_after_dot ... ok
test transform::tests::capitalize_after_hyphen ... ok
test transform::tests::capitalize_after_open_paren ... ok
test transform::tests::capitalize_after_slash ... ok
test transform::tests::capitalize_apostrophe_not_word_boundary ... ok
test transform::tests::capitalize_smart_apostrophe_not_word_boundary ... ok
test transform::tests::full_size_kana_converts_small_hiragana_ka_ke ... ok
test transform::tests::full_size_kana_converts_small_kana ... ok
test transform::tests::full_size_kana_converts_small_katakana ... ok
test transform::tests::full_size_kana_preserves_normal_text ... ok
test transform::tests::full_width_ascii ... ok
test transform::tests::full_width_space ... ok
test transform::tests::transform_capitalize ... ok
test transform::tests::transform_lowercase ... ok
test transform::tests::transform_none ... ok
test transform::tests::transform_uppercase ... ok
test transform::tests::unicode_uppercase ... ok
test shaping::shaper::tests::pinned_fallback_order_shapes_latin_cjk_devanagari_and_emoji ... ok
test shaping::shaper::tests::sideways_orientation_preserves_horizontal_shaping ... ok
test shaping::shaper::tests::upright_vertical_shaping_enables_cjk_vertical_substitution ... ok

test result: ok. 341 passed; 0 failed; 0 ignored; 0 measured; 0 filtered out; finished in 4.82s

     Running tests/bidi_integration_tests.rs (/mnt/e/openui-v02-cargo-c73754e2/target/debug/deps/bidi_integration_tests-30ef6faf5a911d23)

running 28 tests
test bidi_auto_detect_spaces_then_latin_ltr ... ok
test bidi_level_at_char_hebrew_and_latin_positions ... ok
test bidi_digits_char_level_in_hebrew_context ... ok
test bidi_all_runs_byte_total_equals_text_len ... ok
test bidi_level_at_byte_out_of_bounds ... ok
test bidi_auto_detect_arabic_first_strong_rtl ... ok
test bidi_english_hebrew_english_at_least_three_runs ... ok
test bidi_comma_between_hebrew_gets_odd_level ... ok
test bidi_exclamation_after_hebrew_absorbs_rtl ... ok
test bidi_hebrew_english_hebrew_at_least_three_runs ... ok
test bidi_forced_rtl_numbers_exact_level_two ... ok
test bidi_arabic_with_numbers_number_run_is_ltr ... ok
test bidi_mixed_with_parentheses_neutral_chars ... ok
test bidi_long_mixed_byte_coverage_equals_length ... ok
test bidi_multiple_number_groups_in_rtl ... ok
test bidi_level_at_byte_hebrew_char_boundaries ... ok
test bidi_only_weak_chars_default_ltr ... ok
test bidi_punctuation_in_ltr_all_level_zero ... ok
test bidi_rtl_text_forced_ltr_base_hebrew_level_one ... ok
test bidi_runs_are_contiguous_no_gaps ... ok
test bidi_single_digit_level_zero_base_ltr ... ok
test bidi_single_hebrew_char_run_byte_range ... ok
test bidi_single_latin_char_run_direction_ltr ... ok
test bidi_space_between_hebrew_words_absorbs_rtl ... ok
test bidi_text_accessor_preserves_rtl_input ... ok
test bidi_visual_all_ltr_equals_logical ... ok
test bidi_visual_ltr_rtl_ltr_middle_run_is_rtl ... ok
test bidi_visual_pure_rtl_single_run_rtl_direction ... ok

test result: ok. 28 passed; 0 failed; 0 ignored; 0 measured; 0 filtered out; finished in 0.38s

     Running tests/bidi_tests.rs (/mnt/e/openui-v02-cargo-c73754e2/target/debug/deps/bidi_tests-8fe0b9fd1d87eaa8)

running 36 tests
test bidi_level_at_char_ltr ... ok
test bidi_mixed_first_run_ltr ... ok
test bidi_mixed_base_direction_from_first_strong ... ok
test bidi_auto_detect_from_latin ... ok
test bidi_level_at_byte_ltr ... ok
test bidi_level_at_char_out_of_bounds ... ok
test bidi_auto_detect_from_hebrew ... ok
test bidi_empty_text ... ok
test bidi_forced_ltr_on_rtl_text ... ok
test bidi_forced_rtl_numbers_level ... ok
test bidi_forced_rtl_on_ltr_text ... ok
test bidi_mixed_has_rtl_run ... ok
test bidi_mixed_ltr_rtl_multiple_runs ... ok
test bidi_mixed_rtl_base_from_first_strong ... ok
test bidi_mixed_scripts_cjk ... ok
test bidi_multibyte_utf8_ltr ... ok
test bidi_numbers_in_rtl_remain_ltr ... ok
test bidi_numbers_with_rtl_direction ... ok
test bidi_only_numbers ... ok
test bidi_only_spaces ... ok
test bidi_paragraph_text_accessor ... ok
test bidi_pure_ltr_all_levels_zero ... ok
test bidi_pure_ltr_base_direction ... ok
test bidi_pure_ltr_run_boundaries ... ok
test bidi_pure_ltr_single_run ... ok
test bidi_pure_rtl_arabic ... ok
test bidi_pure_rtl_base_direction ... ok
test bidi_pure_rtl_hebrew_levels_one ... ok
test bidi_pure_rtl_hebrew_single_run ... ok
test bidi_run_byte_offsets_cover_full_text ... ok
test bidi_single_ltr_char ... ok
test bidi_single_rtl_char ... ok
test bidi_visual_reorder_mixed ... ok
test bidi_visual_reorder_pure_ltr_unchanged ... ok
test bidi_visual_reorder_pure_rtl_unchanged ... ok
test bidi_visual_runs_same_byte_coverage ... ok

test result: ok. 36 passed; 0 failed; 0 ignored; 0 measured; 0 filtered out; finished in 0.50s

     Running tests/font_cache_lifetime.rs (/mnt/e/openui-v02-cargo-c73754e2/target/debug/deps/font_cache_lifetime-18f5995c6584fbf0)

running 1 test
test fonts_outlive_their_collection_and_last_client_retires_cached_strikes ... ok

test result: ok. 1 passed; 0 failed; 0 ignored; 0 measured; 0 filtered out; finished in 0.19s

     Running tests/font_edge_cases_tests.rs (/mnt/e/openui-v02-cargo-c73754e2/target/debug/deps/font_edge_cases_tests-a6d9ba91da386e7b)

running 37 tests
test description_clone_preserves_all_fields ... ok
test description_with_family_and_size_sets_both_sizes ... ok
test description_mutation_does_not_affect_clone ... ok
test metrics_zero_returns_all_zeroes ... ok
test fallback_multiple_nonexistent_families ... ok
test fallback_list_direct_construction ... ok
test metrics_line_spacing_equals_sum ... ok
test cache_repeated_lookup_returns_same_arc ... ok
test generic_fantasy_resolves ... ok
test generic_sans_serif_resolves_with_metrics ... ok
test generic_cursive_resolves ... ok
test fallback_nonexistent_family_still_resolves ... ok
test metrics_ascent_positive_descent_non_negative ... ok
test generic_serif_resolves_with_metrics ... ok
test generic_system_ui_resolves ... ok
test size_very_large_1000px ... ok
test generic_monospace_resolves_with_metrics ... ok
test metrics_cap_height_ge_x_height ... ok
test fallback_chain_nonexistent_then_generic ... ok
test cache_different_sizes_return_different_arcs ... ok
test size_affects_text_width ... ok
test size_very_small_1px ... ok
test size_zero_still_resolves ... ok
test stretch_condensed_resolves ... ok
test stretch_expanded_resolves ... ok
test stretch_ultra_condensed_resolves ... ok
test stretch_ultra_expanded_resolves ... ok
test style_italic_resolves ... ok
test style_normal_resolves ... ok
test style_oblique_14deg_resolves ... ok
test system_font_cache_name_mapping ... ok
test weight_black_900_resolves ... ok
test weight_bold_700_resolves ... ok
test system_fonts_all_generic_families_resolve ... ok
test weight_custom_550_resolves ... ok
test weight_light_300_resolves ... ok
test weight_thin_100_resolves ... ok

test result: ok. 37 passed; 0 failed; 0 ignored; 0 measured; 0 filtered out; finished in 0.51s

     Running tests/font_tests.rs (/mnt/e/openui-v02-cargo-c73754e2/target/debug/deps/font_tests-7d5747fc6447dd0f)

running 105 tests
test computed_style_font_family_default ... ok
test computed_style_font_optical_sizing_default ... ok
test computed_style_font_size_default ... ok
test computed_style_font_smoothing_default ... ok
test computed_style_font_stretch_default ... ok
test computed_style_font_style_default ... ok
test computed_style_font_synthesis_default ... ok
test computed_style_font_variant_caps_default ... ok
test computed_style_font_weight_default ... ok
test computed_style_hyphens_default ... ok
test computed_style_letter_spacing_default ... ok
test computed_style_line_height_default ... ok
test computed_style_overflow_wrap_default ... ok
test cache_generic_family_name_mapping ... ok
test computed_style_text_align_default ... ok
test computed_style_tab_size_default ... ok
test computed_style_text_align_last_default ... ok
test computed_style_text_decoration_color_default ... ok
test computed_style_text_decoration_line_default ... ok
test cache_returns_same_arc_for_same_description ... ok
test cache_returns_different_arc_for_different_size ... ok
test computed_style_text_decoration_style_default ... ok
test computed_style_text_decoration_thickness_default ... ok
test computed_style_text_justify_default ... ok
test computed_style_text_orientation_default ... ok
test computed_style_text_overflow_default ... ok
test computed_style_text_rendering_default ... ok
test computed_style_text_shadow_default ... ok
test computed_style_text_transform_default ... ok
test computed_style_text_underline_position_default ... ok
test computed_style_unicode_bidi_default ... ok
test computed_style_vertical_align_default ... ok
test computed_style_word_break_default ... ok
test computed_style_word_spacing_default ... ok
test computed_style_writing_mode_default ... ok
test different_sizes_different_ascent ... ok
test different_sizes_different_line_spacing ... ok
test different_sizes_different_width ... ok
test fallback_list_get_out_of_bounds ... ok
test fallback_list_has_correct_length ... ok
test fallback_multiple_families_first_match_wins ... ok
test fallback_nonexistent_family_falls_back ... ok
test font_debug_does_not_panic ... ok
test font_description_debug_does_not_panic ... ok
test font_description_default_family ... ok
test font_description_default_feature_settings ... ok
test font_description_default_locale ... ok
test font_description_default_optical_sizing ... ok
test font_description_default_size ... ok
test font_description_default_smoothing ... ok
test font_description_default_spacing ... ok
test font_description_default_stretch ... ok
test font_description_default_style ... ok
test font_description_default_synthesis ... ok
test font_description_default_text_rendering ... ok
test font_description_default_variant_caps ... ok
test font_description_default_variation_settings ... ok
test font_description_default_weight ... ok
test font_description_with_family_and_size ... ok
test font_family_list_default_is_sans_serif ... ok
test font_family_list_empty ... ok
test font_family_list_multiple ... ok
test font_family_list_single_generic ... ok
test font_family_list_single_named ... ok
test font_metrics_debug_does_not_panic ... ok
test font_metrics_default_is_zero ... ok
test font_metrics_zero ... ok
test font_size_accessor ... ok
test font_stretch_constants ... ok
test font_weight_constants ... ok
test generic_monospace_resolves ... ok
test generic_none_resolves_to_sans_serif ... ok
test generic_sans_serif_resolves ... ok
test generic_serif_resolves ... ok
test platform_data_size_matches_request ... ok
test platform_data_sk_font_accessible ... ok
test platform_data_typeface_not_null ... ok
test resolve_monospace ... ok
test resolve_sans_serif ... ok
test resolve_serif ... ok
test resolved_font_ascent_positive ... ok
test resolved_font_cap_height_ge_x_height ... ok
test resolved_font_cap_height_positive ... ok
test resolved_font_descent_positive ... ok
test resolved_font_line_spacing_equals_sum ... ok
test resolved_font_line_spacing_positive ... ok
test resolved_font_underline_thickness_positive ... ok
test resolved_font_units_per_em_positive ... ok
test resolved_font_x_height_positive ... ok
test resolved_font_zero_width_positive ... ok
test style_italic_resolves ... ok
test style_oblique_resolves ... ok
test text_decoration_line_combined ... ok
test text_decoration_line_none ... ok
test text_decoration_line_underline ... ok
test weight_100_resolves ... ok
test weight_400_resolves ... ok
test weight_700_resolves ... ok
test weight_900_resolves ... ok
test width_longer_string_greater ... ok
test width_of_empty_string_zero ... ok
test width_of_hello_positive ... ok
test width_single_char ... ok
test writing_mode_horizontal ... ok
test writing_mode_vertical ... ok

test result: ok. 105 passed; 0 failed; 0 ignored; 0 measured; 0 filtered out; finished in 1.43s

     Running tests/font_variant_tests.rs (/mnt/e/openui-v02-cargo-c73754e2/target/debug/deps/font_variant_tests-ff3b200373b3a716)

running 60 tests
test t04_ligatures_common_normal_emits_nothing ... ok
test t02_ligatures_common_enabled ... ok
test t01_default_description_produces_no_features ... ok
test t06_ligatures_discretionary_disabled ... ok
test t03_ligatures_common_disabled ... ok
test t05_ligatures_discretionary_enabled ... ok
test t08_ligatures_historical_disabled ... ok
test t09_ligatures_contextual_enabled ... ok
test t07_ligatures_historical_enabled ... ok
test t10_ligatures_contextual_disabled ... ok
test t11_ligatures_none_disables_all ... ok
test t12_ligatures_normal_no_features ... ok
test t13_ligatures_mixed_states ... ok
test t14_caps_normal ... ok
test t15_caps_small_caps ... ok
test t16_caps_all_small_caps ... ok
test t17_caps_petite_caps ... ok
test t19_caps_unicase ... ok
test t18_caps_all_petite_caps ... ok
test t20_caps_titling ... ok
test t21_numeric_lining_nums ... ok
test t22_numeric_oldstyle_nums ... ok
test t23_numeric_proportional_nums ... ok
test t24_numeric_tabular_nums ... ok
test t25_numeric_diagonal_fractions ... ok
test t26_numeric_stacked_fractions ... ok
test t27_numeric_ordinal ... ok
test t28_numeric_slashed_zero ... ok
test t29_numeric_normal_no_features ... ok
test t30_east_asian_jis78 ... ok
test t31_east_asian_jis83 ... ok
test t32_east_asian_jis90 ... ok
test t33_east_asian_jis04 ... ok
test t34_east_asian_simplified ... ok
test t35_east_asian_traditional ... ok
test t36_east_asian_full_width ... ok
test t37_east_asian_proportional_width ... ok
test t38_east_asian_ruby ... ok
test t39_east_asian_normal_no_features ... ok
test t40_position_sub ... ok
test t41_position_super ... ok
test t42_position_normal_no_features ... ok
test t43_alternates_historical_forms ... ok
test t44_alternates_normal_no_features ... ok
test t45_explicit_feature_settings_appended ... ok
test t46_explicit_settings_override_variant_last_wins ... ok
test t47_multiple_explicit_features ... ok
test t48_multiple_variants_combined ... ok
test t49_all_numeric_at_once ... ok
test t50_east_asian_form_plus_width_plus_ruby ... ok
test t51_all_variants_active_simultaneously ... ok
test t52_feature_order_ligatures_caps_numeric_eastasian_position_alternates_explicit ... ok
test t53_ligatures_none_plus_explicit_liga_on ... ok
test t54_ligatures_default_is_normal ... ok
test t55_numeric_default_is_normal ... ok
test t56_east_asian_default_is_normal ... ok
test t57_position_default_is_normal ... ok
test t58_alternates_default_is_normal ... ok
test t59_tag_to_u32_liga ... ok
test t60_tag_to_u32_smcp ... ok

test result: ok. 60 passed; 0 failed; 0 ignored; 0 measured; 0 filtered out; finished in 0.80s

     Running tests/locale_case_tests.rs (/mnt/e/openui-v02-cargo-c73754e2/target/debug/deps/locale_case_tests-bbf310190352425a)

running 73 tests
test default_locale_none ... ok
test default_locale_french ... ok
test default_locale_empty_string ... ok
test default_locale_english ... ok
test az_upper_same_as_turkish ... ok
test el_upper_combining_acute_after_greek ... ok
test default_locale_german_eszett ... ok
test el_upper_alpha_tonos ... ok
test el_upper_decomposed_alpha_rough_breathing ... ok
test el_upper_decomposed_alpha_breathing ... ok
test el_lowercase_uses_default_sigma ... ok
test el_upper_decomposed_dialytika_tonos ... ok
test el_upper_decomposed_ypogegrammeni_to_iota ... ok
test el_upper_epsilon_tonos ... ok
test el_upper_eta_tonos ... ok
test el_upper_greek_extended_alpha_oxia_ypogegrammeni ... ok
test el_upper_greek_extended_alpha_rough_breathing ... ok
test el_upper_greek_extended_alpha_smooth_breathing ... ok
test el_upper_greek_extended_alpha_with_grave ... ok
test el_upper_greek_extended_eta_oxia_ypogegrammeni ... ok
test el_upper_greek_extended_iota_dialytika_oxia ... ok
test el_upper_greek_extended_iota_dialytika_varia ... ok
test el_upper_greek_extended_omega_oxia_ypogegrammeni ... ok
test el_upper_greek_extended_upsilon_dialytika_oxia ... ok
test el_upper_greek_extended_upsilon_dialytika_varia ... ok
test el_upper_iota_dialytika_tonos ... ok
test el_upper_iota_tonos ... ok
test el_upper_mixed_greek_latin ... ok
test el_upper_mixed_word ... ok
test el_upper_no_accent_chars_unchanged ... ok
test el_upper_omega_tonos ... ok
test el_upper_omicron_tonos ... ok
test el_upper_precomposed_uppercase_eta_tonos ... ok
test el_upper_precomposed_uppercase_tonos ... ok
test el_upper_upsilon_dialytika_tonos ... ok
test el_upper_upsilon_tonos ... ok
test empty_string_with_locale ... ok
test fullsize_kana_ignores_locale ... ok
test fullwidth_ignores_locale ... ok
test locale_case_insensitive ... ok
test lt_lower_capital_i_before_combining_accent ... ok
test lt_lower_capital_i_no_accent_after ... ok
test lt_lower_capital_j_before_combining_accent ... ok
test lt_lower_i_acute ... ok
test lt_lower_i_grave ... ok
test lt_lower_i_tilde ... ok
test nl_capitalize_ij_digraph ... ok
test nl_capitalize_ij_mid_word ... ok
test nl_capitalize_multiple_words ... ok
test nl_capitalize_unicode_ij_digraph ... ok
test nl_capitalize_uppercase_ij ... ok
test nl_locale_with_region ... ok
test none_ignores_locale ... ok
test sigma_all_caps_word ... ok
test sigma_before_space ... ok
test sigma_isolated ... ok
test sigma_word_final ... ok
test sigma_word_medial ... ok
test single_char_turkish ... ok
test tr_capitalize_dotless_i_word_start ... ok
test tr_capitalize_istanbul ... ok
test tr_capitalize_multiple_words ... ok
test tr_locale_with_region ... ok
test tr_lower_capital_i_to_dotless ... ok
test tr_lower_i_combining_dot_above ... ok
test tr_lower_i_dot_to_i ... ok
test tr_lower_mixed_text ... ok
test tr_round_trip_lower_upper ... ok
test tr_upper_dotless_i_to_capital_i ... ok
test tr_upper_i_to_i_dot ... ok
test tr_upper_mixed_latin_cjk ... ok
test tr_upper_mixed_text ... ok
test tr_upper_preserves_non_latin ... ok

test result: ok. 73 passed; 0 failed; 0 ignored; 0 measured; 0 filtered out; finished in 0.92s

     Running tests/shaping_advanced_tests.rs (/mnt/e/openui-v02-cargo-c73754e2/target/debug/deps/shaping_advanced_tests-a89b4b1569dddfb1)

running 42 tests
test empty_shape_result_rtl_direction ... ok
test empty_shape_result_factory ... ok
test edge_empty_string_zeros ... ok
test segmenter_all_common_chars_single_segment ... ok
test segmenter_empty_string_no_segments ... ok
test emoji_single_codepoint_produces_glyphs ... ok
test emoji_has_positive_width ... ok
test multi_script_arabic_only_shapes_with_positive_width ... ok
test direction_arabic_rtl_positive_width ... ok
test direction_ltr_result_is_ltr ... ok
test emoji_flag_does_not_crash ... ok
test edge_single_char_one_glyph_one_character ... ok
test direction_rtl_result_is_rtl ... ok
test emoji_zwj_sequence_does_not_crash ... ok
test multi_script_cjk_only_positive_width ... ok
test edge_repeated_chars_proportional_width ... ok
test direction_same_text_both_directions_positive ... ok
test kern_different_pairs_may_differ ... ok
test kern_av_pair_not_wider_than_sum ... ok
test segmenter_latin_arabic_multiple_segments ... ok
test kern_non_kerning_pair_width_close_to_sum ... ok
test kern_to_pair_not_wider_than_sum ... ok
test segmenter_latin_cjk_multiple_segments ... ok
test kern_effect_at_reasonable_font_size ... ok
test segmenter_latin_with_digits_single_segment ... ok
test segmenter_punctuation_between_latin_single_segment ... ok
test segmenter_pure_digits_common_script ... ok
test edge_very_long_string_completes ... ok
test shape_result_advances_sum_near_total_width ... ok
test shape_result_character_data_length_matches_num_characters ... ok
test shape_result_empty_to_text_blob_is_none ... ok
test shape_result_num_glyphs_matches_run_sum ... ok
test shape_result_to_text_blob_some_for_nonempty ... ok
test text_autospace_adds_eighth_em_at_ideograph_latin_boundaries ... ok
test text_direction_is_ltr_helper ... ok
test text_direction_is_rtl_helper ... ok
test text_spacing_trim_removes_opening_punctuation_half_em ... ok
test whitespace_em_space_wider_than_normal ... ok
test whitespace_multiple_spaces_proportional ... ok
test whitespace_nbsp_similar_to_normal_space ... ok
test whitespace_space_has_positive_advance ... ok
test whitespace_tab_has_advance ... ok

test result: ok. 42 passed; 0 failed; 0 ignored; 0 measured; 0 filtered out; finished in 0.58s

     Running tests/shaping_tests.rs (/mnt/e/openui-v02-cargo-c73754e2/target/debug/deps/shaping_tests-99d09116b55d0d6c)

running 96 tests
test character_data_empty_for_empty_string ... ok
test glyphs_count_positive_for_nonempty ... ok
test character_data_for_mixed_case ... ok
test glyph_ids_nonzero_for_latin ... ok
test character_data_for_spaces ... ok
test character_data_length_matches_char_count ... ok
test last_char_x_position_less_than_width ... ok
test first_character_x_position_zero ... ok
test glyph_advances_positive_for_visible ... ok
test character_data_for_digits ... ok
test character_data_for_single_char ... ok
test is_cluster_base_true_for_latin ... ok
test character_data_length_for_unicode ... ok
test consistent_reshaping ... ok
test different_font_sizes_proportional ... ok
test font_size_8_narrower_than_16 ... ok
test letter_spacing_amount_correct ... ok
test letter_spacing_increases_width ... ok
test different_characters_different_widths ... ok
test letter_spacing_applied_to_all_characters ... ok
test ligature_spacing_accumulates_all_characters ... ok
test num_glyphs_matches_run_data ... ok
test offset_for_x_position_at_width ... ok
test offset_for_x_position_at_zero ... ok
test offset_for_x_position_beyond_width ... ok
test offset_for_x_position_negative ... ok
test offsets_typically_zero_for_latin ... ok
test roundtrip_offset_to_x_to_offset ... ok
test run_direction_matches_result ... ok
test run_num_characters_sums_to_total ... ok
test safe_break_after_space ... ok
test safe_break_at_start ... ok
test safe_break_at_whitespace ... ok
test safe_to_break_at_end ... ok
test safe_to_break_at_start ... ok
test safe_to_break_at_word_boundary ... ok
test safe_to_break_at_zero ... ok
test segment_byte_offsets_correct_for_ascii ... ok
test segment_covers_entire_text ... ok
test segment_direction_is_ltr ... ok
test segment_empty_text_no_segments ... ok
test segment_latin_punctuation_merged ... ok
test segment_latin_with_numbers_merged ... ok
test segment_no_gaps ... ok
test segment_pure_latin_one_segment ... ok
test segment_single_char_one_segment ... ok
test segment_spaces_only ... ok
test shape_direction_is_ltr ... ok
test shape_empty_string_produces_empty_result ... ok
test shape_has_at_least_one_run ... ok
test shape_hello_produces_5_glyphs ... ok
test shape_hello_world_wider_than_hello ... ok
test shape_longer_text_wider ... ok
test shape_mixed_content ... ok
test shape_newline_character ... ok
test shape_numbers ... ok
test shape_punctuation ... ok
test shape_repeated_chars_proportional_width ... ok
test shape_rtl_direction ... ok
test shape_single_character ... ok
test shape_space_has_nonzero_width ... ok
test shape_tab_character ... ok
test sub_range_character_count ... ok
test sub_range_empty_when_start_equals_end ... ok
test sub_range_full_equals_total_width ... ok
test sub_range_oob_past_end ... ok
test sub_range_out_of_bounds_clamped ... ok
test sub_range_preserves_direction ... ok
test sub_range_start_at_boundary_end_past ... ok
test sub_range_starts_at_zero_x ... ok
test sub_range_width_less_than_or_equal_total ... ok
test sum_advances_equals_total_width ... ok
test text_blob_bounds_reasonable ... ok
test text_blob_for_long_text ... ok
test text_blob_for_single_char ... ok
test text_blob_none_for_empty ... ok
test text_blob_some_for_nonempty ... ok
test very_large_font_size ... ok
test very_small_font_size ... ok
test width_for_range_matches_sub_range ... ok
test width_always_nonnegative ... ok
test width_for_range_oob_both_past_end ... ok
test width_for_range_partial ... ok
test width_for_range_start_equals_end_after_clamp ... ok
test width_for_range_zero_to_end ... ok
test width_for_range_zero_zero_returns_zero ... ok
test word_spacing_applied_to_spaces ... ok
test word_spacing_increases_width_with_spaces ... ok
test word_spacing_only_affects_spaces ... ok
test x_position_for_offset_at_end ... ok
test x_position_for_offset_midpoint ... ok
test x_position_for_offset_zero ... ok
test x_position_span_equals_width ... ok
test x_positions_increase_across_characters ... ok
test x_positions_monotonically_increasing_ltr ... ok
test zero_spacing_no_change ... ok

test result: ok. 96 passed; 0 failed; 0 ignored; 0 measured; 0 filtered out; finished in 1.32s

     Running tests/sp11_round21_fix_tests.rs (/mnt/e/openui-v02-cargo-c73754e2/target/debug/deps/sp11_round21_fix_tests-a666f4172db5e0b0)

running 14 tests
test int_line_spacing_sum_of_rounds_blink_example ... ok
test int_line_spacing_sum_of_rounds_half_values ... ok
test int_line_spacing_already_integer ... ok
test capitalize_ligature_ff ... ok
test capitalize_ligature_fl ... ok
test capitalize_ligature_ffi ... ok
test capitalize_ligature_fi ... ok
test capitalize_ligature_long_st ... ok
test capitalize_ligature_st ... ok
test capitalize_ligature_ffl ... ok
test capitalize_dutch_ij_digraph ... ok
test rtl_justification_exclude_two_trailing ... ok
test rtl_justification_trailing_spaces_excluded_correctly ... ok
test ltr_justification_trailing_spaces_excluded_correctly ... ok

test result: ok. 14 passed; 0 failed; 0 ignored; 0 measured; 0 filtered out; finished in 0.18s

     Running tests/sp11_round22_fix_tests.rs (/mnt/e/openui-v02-cargo-c73754e2/target/debug/deps/sp11_round22_fix_tests-c989a394d8c617a9)

running 11 tests
test font_description_empty_locale_defaults_to_en ... ok
test font_description_locale_is_used_not_discarded ... ok
test platform_fallback_with_locale_does_not_panic ... ok
test char_advance_from_runs_uses_cluster_geometry ... ok
test inter_char_justification_single_char_no_change ... ok
test glyph_range_includes_ligature_spanning_clip_start ... ok
test char_advance_ligature_not_uniform ... ok
test inter_char_justification_updates_character_positions ... ok
test inter_char_justification_expands_width ... ok
test glyph_range_excludes_ligature_not_overlapping ... ok
test sub_range_preserves_ligature_glyph_at_boundary ... ok

test result: ok. 11 passed; 0 failed; 0 ignored; 0 measured; 0 filtered out; finished in 0.16s

     Running tests/sp11_round23_fix_tests.rs (/mnt/e/openui-v02-cargo-c73754e2/target/debug/deps/sp11_round23_fix_tests-a0a03d2edd201b59)

running 7 tests
test glyph_range_duplicate_clusters_second_cluster ... ok
test glyph_range_duplicate_clusters_not_zero_width ... ok
test inter_char_justification_ligature_covering_multiple_chars ... ok
test char_advance_sums_duplicate_cluster_glyphs ... ok
test char_advance_sums_three_glyphs_same_cluster ... ok
test glyph_range_duplicate_clusters_includes_all_glyphs ... ok
test inter_char_justification_duplicate_clusters_no_double_expansion ... ok

test result: ok. 7 passed; 0 failed; 0 ignored; 0 measured; 0 filtered out; finished in 0.12s

     Running tests/sp11_round24_fix_tests.rs (/mnt/e/openui-v02-cargo-c73754e2/target/debug/deps/sp11_round24_fix_tests-11eb25e278756918)

running 3 tests
test r24_char_advance_from_runs_three_glyphs_one_cluster ... ok
test r24_char_advance_from_runs_duplicate_clusters_sum_correctly ... ok
test r24_char_advance_total_width_preserved_with_duplicates ... ok

test result: ok. 3 passed; 0 failed; 0 ignored; 0 measured; 0 filtered out; finished in 0.06s

     Running tests/sp11_round27_fix_tests.rs (/mnt/e/openui-v02-cargo-c73754e2/target/debug/deps/sp11_round27_fix_tests-5ed4e09503bbd144)

running 13 tests
test int_line_spacing_fractional_ascent_descent_sum ... ok
test int_line_spacing_line_gap_not_independently_rounded ... ok
test int_line_spacing_blink_round27_example ... ok
test bidi_sanitizes_line_separator_u2028 ... ok
test bidi_preserves_original_text_with_u2028 ... ok
test bidi_u2028_does_not_split_rtl_analysis ... ok
test platform_fallback_preserves_oblique_angle ... ok
test platform_fallback_normal_style_has_zero_oblique ... ok
test platform_fallback_iterates_for_distinct_missing_chars ... ok
test platform_fallback_handles_mixed_missing_segment ... ok
test ltr_word_spacing_still_correct ... ok
test rtl_word_spacing_multiple_spaces ... ok
test rtl_word_spacing_applies_to_space_character ... ok

test result: ok. 13 passed; 0 failed; 0 ignored; 0 measured; 0 filtered out; finished in 0.19s

     Running tests/sp11_round28_fix_tests.rs (/mnt/e/openui-v02-cargo-c73754e2/target/debug/deps/sp11_round28_fix_tests-b9f4a9cf3f80bc4b)

running 7 tests
test r28_rtl_hebrew_no_false_notdef ... ok
test r28_char_advance_for_rtl_uses_cluster_mapping ... ok
test r28_char_advance_for_rtl_hebrew_monotonic ... ok
test r28_rtl_notdef_detection_uses_cluster_mapping ... ok
test r28_char_advance_for_rtl_total_matches_width ... ok
test r28_fallback_preserves_earlier_resolved_runs ... ok
test r28_fallback_does_not_overwrite_previously_resolved ... ok

test result: ok. 7 passed; 0 failed; 0 ignored; 0 measured; 0 filtered out; finished in 0.13s

     Running tests/sp11_round29_fix_tests.rs (/mnt/e/openui-v02-cargo-c73754e2/target/debug/deps/sp11_round29_fix_tests-2530cebeac8cdb71)

running 7 tests
test r29_int_line_spacing_rounds_each_metric_individually ... ok
test r29_int_line_spacing_uses_int_ascent_int_descent ... ok
test r29_int_line_spacing_fractional_line_gap_rounded ... ok
test r29_cluster_span_notdef_detected_for_all_chars_in_cluster ... ok
test r29_cluster_span_covers_non_base_characters ... ok
test r29_platform_fallback_continues_past_tried_codepoint ... ok
test r29_platform_fallback_skips_tried_codepoint_continues_others ... ok

test result: ok. 7 passed; 0 failed; 0 ignored; 0 measured; 0 filtered out; finished in 0.09s

     Running tests/sp11_round30_fix_tests.rs (/mnt/e/openui-v02-cargo-c73754e2/target/debug/deps/sp11_round30_fix_tests-117aeac17cc751a9)

running 4 tests
test r30_proportional_full_range_covers_all_glyphs ... ok
test r30_proportional_clamped_to_num_glyphs ... ok
test r30_proportional_middle_char_not_empty ... ok
test r30_proportional_single_char_not_empty ... ok

test result: ok. 4 passed; 0 failed; 0 ignored; 0 measured; 0 filtered out; finished in 0.07s

     Running tests/transform_tests.rs (/mnt/e/openui-v02-cargo-c73754e2/target/debug/deps/transform_tests-a95161e244e9e520)

running 31 tests
test capitalize_already_uppercase ... ok
test capitalize_after_apostrophe_mid_word ... ok
test capitalize_after_double_hyphen ... ok
test capitalize_numbers_pass_through_flag ... ok
test capitalize_only_first_letter_of_word ... ok
test capitalize_newline_as_word_boundary ... ok
test capitalize_tab_as_word_boundary ... ok
test capitalize_normal_char_unaffected_by_titlecase ... ok
test capitalize_titlecase_dz_digraph ... ok
test capitalize_titlecase_dz_with_caron ... ok
test capitalize_titlecase_lj_digraph ... ok
test capitalize_titlecase_nj_digraph ... ok
test capitalize_titlecase_uppercase_dz_to_titlecase ... ok
test full_size_kana_passthrough_latin ... ok
test full_size_kana_passthrough_mixed ... ok
test full_width_control_chars_passthrough ... ok
test full_width_digits ... ok
test full_width_exclamation_and_tilde ... ok
test full_width_full_printable_ascii_range ... ok
test full_width_mixed_ascii_and_non_ascii ... ok
test lowercase_german_eszett_unchanged ... ok
test lowercase_mixed_case ... ok
test lowercase_preserves_numbers ... ok
test lowercase_single_char ... ok
test lowercase_unicode_accented ... ok
test none_preserves_unicode_and_whitespace ... ok
test uppercase_german_eszett_expands ... ok
test uppercase_idempotent ... ok
test uppercase_mixed_scripts_with_accents ... ok
test uppercase_preserves_numbers ... ok
test uppercase_preserves_punctuation ... ok

test result: ok. 31 passed; 0 failed; 0 ignored; 0 measured; 0 filtered out; finished in 0.45s

     Running tests/wpt_font_tests.rs (/mnt/e/openui-v02-cargo-c73754e2/target/debug/deps/wpt_font_tests-3a11140f89bd8563)

running 186 tests
test computed_style_defaults::default_font_palette_is_normal ... ok
test computed_style_defaults::default_font_family_is_sans_serif ... ok
test computed_style_defaults::default_font_size_is_16 ... ok
test computed_style_defaults::default_font_style_is_normal ... ok
test computed_style_defaults::default_font_weight_is_normal ... ok
test font_family::family_list_generic_cursive ... ok
test font_family::family_list_generic_emoji ... ok
test font_family::family_list_generic_fantasy ... ok
test font_family::family_list_generic_fangsong ... ok
test font_family::family_list_generic_math ... ok
test font_family::family_list_generic_serif ... ok
test font_family::family_list_generic_system_ui ... ok
test font_family::family_list_generic_monospace ... ok
test font_family::family_list_generic_ui_monospace ... ok
test font_family::default_family_is_sans_serif ... ok
test font_family::family_list_generic_ui_rounded ... ok
test font_family::family_list_generic_ui_sans_serif ... ok
test font_family::family_list_generic_ui_serif ... ok
test font_family::family_list_single_named ... ok
test font_family::fallback_chain_multiple_families ... ok
test font_family::named_font_resolves_primary ... ok
test font_feature_settings::collect_with_no_overrides_matches_variants ... ok
test font_feature_settings::custom_feature_kern_off ... ok
test font_feature_settings::custom_feature_kern_on ... ok
test font_feature_settings::default_empty ... ok
test font_feature_settings::explicit_features_appended_after_variants ... ok
test font_feature_settings::multiple_custom_features ... ok
test font_measurement::digits_have_positive_width ... ok
test font_measurement::empty_string_has_zero_width ... ok
test font_measurement::fallback_count_at_least_one ... ok
test font_measurement::longer_text_is_wider ... ok
test font_measurement::newline_width ... ok
test font_measurement::non_empty_text_has_positive_width ... ok
test font_measurement::punctuation_has_positive_width ... ok
test font_measurement::repeated_text_proportional ... ok
test font_measurement::single_char_has_positive_width ... ok
test font_measurement::space_has_measurable_width ... ok
test font_measurement::tab_character_width ... ok
test font_measurement::width_scales_with_font_size ... ok
test font_metrics_validation::ascent_is_positive ... ok
test font_metrics_validation::cap_height_greater_than_x_height ... ok
test font_metrics_validation::default_metrics_equals_zero ... ok
test font_metrics_validation::descent_is_positive ... ok
test font_metrics_validation::line_gap_non_negative ... ok
test font_metrics_validation::line_spacing_equals_ascent_plus_descent_plus_gap ... ok
test font_metrics_validation::metrics_consistent_across_same_font ... ok
test font_metrics_validation::resolved_font_has_metrics ... ok
test font_metrics_validation::underline_thickness_positive ... ok
test font_metrics_validation::units_per_em_nonzero ... ok
test font_metrics_validation::x_height_positive ... ok
test font_metrics_validation::zero_metrics_all_zero ... ok
test font_optical_sizing::default_is_auto ... ok
test font_optical_sizing::none_disables ... ok
test font_optical_sizing::optical_sizing_none_resolves ... ok
test font_size::default_is_16px ... ok
test font_size::different_sizes_give_different_line_spacing ... ok
test font_size::font_size_method_returns_correct_value ... ok
test font_size::size_12px ... ok
test font_size::size_1px ... ok
test font_size::size_200px ... ok
test font_size::size_48px ... ok
test font_size::size_72px ... ok
test font_size::size_8px ... ok
test font_size::size_affects_metrics ... ok
test font_size::size_affects_width ... ok
test font_size::width_scales_approximately_with_size ... ok
test font_size::with_family_and_size_sets_both ... ok
test font_smoothing_and_rendering::default_smoothing_is_auto ... ok
test font_smoothing_and_rendering::default_text_rendering_is_auto ... ok
test font_smoothing_and_rendering::smoothing_antialiased ... ok
test font_smoothing_and_rendering::smoothing_none ... ok
test font_smoothing_and_rendering::smoothing_subpixel ... ok
test font_smoothing_and_rendering::text_rendering_variants ... ok
test font_spacing::custom_letter_spacing ... ok
test font_spacing::custom_word_spacing ... ok
test font_spacing::default_letter_spacing_zero ... ok
test font_spacing::default_word_spacing_zero ... ok
test font_stretch::condensed_is_75 ... ok
test font_stretch::custom_stretch_110 ... ok
test font_stretch::default_is_normal_100 ... ok
test font_stretch::expanded_is_125 ... ok
test font_stretch::extra_condensed_is_62_5 ... ok
test font_stretch::extra_expanded_is_150 ... ok
test font_stretch::normal_is_100 ... ok
test font_stretch::semi_condensed_is_87_5 ... ok
test font_stretch::semi_expanded_is_112_5 ... ok
test font_stretch::stretch_stored_in_description ... ok
test font_stretch::ultra_condensed_is_50 ... ok
test font_stretch::ultra_expanded_is_200 ... ok
test font_style::default_is_normal ... ok
test font_style::italic_style_resolves ... ok
test font_style::italic_variant ... ok
test font_style::normal_style_resolves ... ok
test font_style::oblique_custom_angle_20 ... ok
test font_style::oblique_default_angle_14 ... ok
test font_style::oblique_negative_angle ... ok
test font_style::oblique_style_resolves ... ok
test font_style::oblique_zero_angle ... ok
test font_style::style_equality ... ok
test font_style::style_stored_in_description ... ok
test font_synthesis::both_none_resolves ... ok
test font_synthesis::default_style_is_auto ... ok
test font_synthesis::default_weight_is_auto ... ok
test font_synthesis::style_none ... ok
test font_synthesis::weight_none ... ok
test font_variant_caps::all_petite_caps ... ok
test font_variant_caps::all_petite_caps_emits_pcap_and_c2pc ... ok
test font_variant_caps::all_small_caps ... ok
test font_variant_caps::all_small_caps_emits_smcp_and_c2sc ... ok
test font_variant_caps::default_is_normal ... ok
test font_variant_caps::petite_caps ... ok
test font_variant_caps::petite_caps_emits_pcap ... ok
test font_variant_caps::small_caps ... ok
test font_variant_caps::small_caps_emits_smcp_feature ... ok
test font_variant_caps::titling_caps ... ok
test font_variant_caps::titling_caps_emits_titl ... ok
test font_variant_caps::unicase ... ok
test font_variant_caps::unicase_emits_unic ... ok
test font_variant_east_asian::default_all_normal ... ok
test font_variant_east_asian::full_width_emits_fwid ... ok
test font_variant_east_asian::jis04_emits_jp04 ... ok
test font_variant_east_asian::jis78_emits_jp78 ... ok
test font_variant_east_asian::jis83_emits_jp83 ... ok
test font_variant_east_asian::jis90_emits_jp90 ... ok
test font_variant_east_asian::ruby_emits_ruby ... ok
test font_variant_east_asian::simplified_emits_smpl ... ok
test font_variant_east_asian::traditional_emits_trad ... ok
test font_variant_ligatures::common_disabled ... ok
test font_variant_ligatures::common_enabled ... ok
test font_variant_ligatures::contextual_disabled ... ok
test font_variant_ligatures::contextual_enabled ... ok
test font_variant_ligatures::default_all_normal ... ok
test font_variant_ligatures::discretionary_disabled ... ok
test font_variant_ligatures::discretionary_enabled ... ok
test font_variant_ligatures::historical_disabled ... ok
test font_variant_ligatures::historical_enabled ... ok
test font_variant_ligatures::normal_emits_no_features ... ok
test font_variant_numeric::default_all_normal ... ok
test font_variant_numeric::diagonal_fractions_emits_frac ... ok
test font_variant_numeric::lining_nums_emits_lnum ... ok
test font_variant_numeric::oldstyle_nums_emits_onum ... ok
test font_variant_numeric::ordinal_emits_ordn ... ok
test font_variant_numeric::proportional_nums_emits_pnum ... ok
test font_variant_numeric::slashed_zero_emits_zero ... ok
test font_variant_numeric::stacked_fractions_emits_afrc ... ok
test font_variant_numeric::tabular_nums_emits_tnum ... ok
test font_variant_position_and_alternates::default_alternates_is_normal ... ok
test font_variant_position_and_alternates::default_position_is_normal ... ok
test font_variant_position_and_alternates::historical_forms_emits_hist ... ok
test font_variant_position_and_alternates::sub_emits_subs ... ok
test font_variant_position_and_alternates::super_emits_sups ... ok
test font_variation_settings::custom_wdth_variation ... ok
test font_variation_settings::custom_wght_variation ... ok
test font_variation_settings::default_empty ... ok
test font_variation_settings::multiple_variations ... ok
test font_variation_settings::variation_font_resolves ... ok
test font_weight::black_is_900 ... ok
test font_weight::bold_is_700 ... ok
test font_weight::bold_text_wider_than_normal ... ok
test font_weight::bold_weight_font_resolves ... ok
test font_weight::custom_weight_1 ... ok
test font_weight::custom_weight_1000 ... ok
test font_weight::custom_weight_150 ... ok
test font_weight::default_is_normal_400 ... ok
test font_weight::extra_bold_is_800 ... ok
test font_weight::light_is_300 ... ok
test font_weight::medium_is_500 ... ok
test font_weight::normal_is_400 ... ok
test font_weight::normal_weight_font_resolves ... ok
test font_weight::semi_bold_is_600 ... ok
test font_weight::thin_is_100 ... ok
test font_weight::weight_stored_in_description ... ok
test text_shaping::character_positions_monotonic_ltr ... ok
test text_shaping::longer_text_wider_shape_result ... ok
test text_shaping::ltr_direction_preserved ... ok
test text_shaping::rtl_direction_preserved ... ok
test text_shaping::shape_digits ... ok
test text_shaping::shape_empty_string ... ok
test text_shaping::shape_result_character_count ... ok
test text_shaping::shape_result_glyph_count ... ok
test text_shaping::shape_result_has_character_data ... ok
test text_shaping::shape_result_has_positive_width ... ok
test text_shaping::shape_result_has_runs ... ok
test text_shaping::shape_single_character ... ok
test text_shaping::shape_width_consistent_with_font_width ... ok
test text_shaping::shape_with_spaces ... ok

test result: ok. 186 passed; 0 failed; 0 ignored; 0 measured; 0 filtered out; finished in 2.47s

     Running unittests src/main.rs (/mnt/e/openui-v02-cargo-c73754e2/target/debug/deps/pixel_compare-6c9904877a7c3017)

running 4 tests
test profile_tests::ganesh_backend_selection_is_explicit ... ok
test profile_tests::qualification_profile_uses_logical_authority_and_winit_rounding ... ok
test profile_tests::qualification_profile_rejects_invalid_or_unknown_options ... ok
test profile_tests::adjacent_row_flex_items_keep_their_own_height_across_columns ... ok

test result: ok. 4 passed; 0 failed; 0 ignored; 0 measured; 0 filtered out; finished in 1.30s

     Running unittests src/main.rs (/mnt/e/openui-v02-cargo-c73754e2/target/debug/deps/todo-5546a2d05be8224d)

running 0 tests

test result: ok. 0 passed; 0 failed; 0 ignored; 0 measured; 0 filtered out; finished in 0.00s

   Doc-tests openui

running 9 tests
test openui/src/effect.rs - effect::batch (line 66) ... ignored
test openui/src/effect.rs - effect::create_effect (line 11) ... ignored
test openui/src/lib.rs - prelude (line 97) ... ignored
test openui/src/renderer.rs - renderer::DynChild (line 222) ... ignored
test openui/src/renderer.rs - renderer::For (line 113) ... ignored
test openui/src/renderer.rs - renderer::Show (line 34) ... ignored
test openui/src/signal.rs - signal::create_memo (line 145) ... ignored
test openui/src/signal.rs - signal::create_signal (line 89) ... ignored
test openui/src/lib.rs - (line 9) - compile ... ok

test result: ok. 1 passed; 0 failed; 8 ignored; 0 measured; 0 filtered out; finished in 0.76s

   Doc-tests openui_compositor

running 0 tests

test result: ok. 0 passed; 0 failed; 0 ignored; 0 measured; 0 filtered out; finished in 0.00s

   Doc-tests openui_dom

running 0 tests

test result: ok. 0 passed; 0 failed; 0 ignored; 0 measured; 0 filtered out; finished in 0.00s

   Doc-tests openui_engine

running 0 tests

test result: ok. 0 passed; 0 failed; 0 ignored; 0 measured; 0 filtered out; finished in 0.00s

   Doc-tests openui_ffi

running 0 tests

test result: ok. 0 passed; 0 failed; 0 ignored; 0 measured; 0 filtered out; finished in 0.00s

   Doc-tests openui_geometry

running 0 tests

test result: ok. 0 passed; 0 failed; 0 ignored; 0 measured; 0 filtered out; finished in 0.00s

   Doc-tests openui_layout

running 2 tests
test openui-layout/src/exclusions/float_utils.rs - exclusions::float_utils::compute_margin_box_inline_size (line 102) ... ignored
test openui-layout/src/inline/line_breaker.rs - inline::line_breaker::LineBreaker (line 36) ... ignored

test result: ok. 0 passed; 0 failed; 2 ignored; 0 measured; 0 filtered out; finished in 0.03s

   Doc-tests openui_macros

running 3 tests
test openui-macros/src/lib.rs - component (line 54) ... ignored
test openui-macros/src/lib.rs - component (line 68) ... ignored
test openui-macros/src/lib.rs - view (line 15) ... ignored

test result: ok. 0 passed; 0 failed; 3 ignored; 0 measured; 0 filtered out; finished in 0.09s

   Doc-tests openui_paint

running 0 tests

test result: ok. 0 passed; 0 failed; 0 ignored; 0 measured; 0 filtered out; finished in 0.00s

   Doc-tests openui_platform

running 0 tests

test result: ok. 0 passed; 0 failed; 0 ignored; 0 measured; 0 filtered out; finished in 0.00s

   Doc-tests openui_style

running 1 test
test openui-style/src/generated_properties.rs - property::GeneratedPropertyCompileContract (line 3921) - compile fail ... ok

test result: ok. 1 passed; 0 failed; 0 ignored; 0 measured; 0 filtered out; finished in 0.67s

   Doc-tests openui_text

running 0 tests

test result: ok. 0 passed; 0 failed; 0 ignored; 0 measured; 0 filtered out; finished in 0.00s

