conformance-and-platform	Set up job	﻿2026-10-05T15:16:38.7945207Z Current runner version: '2.337.0'
conformance-and-platform	Set up job	2026-10-05T15:16:38.7961780Z ##[group]Runner Image Provisioner
conformance-and-platform	Set up job	2026-10-05T15:16:38.7962427Z Hosted Compute Agent
conformance-and-platform	Set up job	2026-10-05T15:16:38.7962880Z Version: 20260901.588
conformance-and-platform	Set up job	2026-10-05T15:16:38.7963319Z Commit: f88ec8081b781fac6c440065ac7ff9e710ce3d0b
conformance-and-platform	Set up job	2026-10-05T15:16:38.7964098Z Build Date: 2026-09-01T19:56:44Z
conformance-and-platform	Set up job	2026-10-05T15:16:38.7964603Z Worker ID: {1e870a27-3d90-4b74-a079-4776966b25e3}
conformance-and-platform	Set up job	2026-10-05T15:16:38.7965105Z Azure Region: centralus
conformance-and-platform	Set up job	2026-10-05T15:16:38.7965519Z ##[endgroup]
conformance-and-platform	Set up job	2026-10-05T15:16:38.7966690Z ##[group]Operating System
conformance-and-platform	Set up job	2026-10-05T15:16:38.7967112Z Ubuntu
conformance-and-platform	Set up job	2026-10-05T15:16:38.7967483Z 24.04.5
conformance-and-platform	Set up job	2026-10-05T15:16:38.7967828Z LTS
conformance-and-platform	Set up job	2026-10-05T15:16:38.7968177Z ##[endgroup]
conformance-and-platform	Set up job	2026-10-05T15:16:38.7968568Z ##[group]Runner Image
conformance-and-platform	Set up job	2026-10-05T15:16:38.7969018Z Image: ubuntu-24.04
conformance-and-platform	Set up job	2026-10-05T15:16:38.7969438Z Version: 20260927.320.1
conformance-and-platform	Set up job	2026-10-05T15:16:38.7970159Z Included Software: https://github.com/actions/runner-images/blob/ubuntu24/20260927.320/images/ubuntu/Ubuntu2404-Readme.md
conformance-and-platform	Set up job	2026-10-05T15:16:38.7971355Z Image Release: https://github.com/actions/runner-images/releases/tag/ubuntu24%2F20260927.320
conformance-and-platform	Set up job	2026-10-05T15:16:38.7972054Z ##[endgroup]
conformance-and-platform	Set up job	2026-10-05T15:16:38.7972841Z ##[group]GITHUB_TOKEN Permissions
conformance-and-platform	Set up job	2026-10-05T15:16:38.7974780Z Contents: read
conformance-and-platform	Set up job	2026-10-05T15:16:38.7975212Z Metadata: read
conformance-and-platform	Set up job	2026-10-05T15:16:38.7975582Z ##[endgroup]
conformance-and-platform	Set up job	2026-10-05T15:16:38.7976984Z Secret source: Actions
conformance-and-platform	Set up job	2026-10-05T15:16:38.7977621Z Cache mode: write
conformance-and-platform	Set up job	2026-10-05T15:16:38.7978121Z Prepare workflow directory
conformance-and-platform	Set up job	2026-10-05T15:16:38.8391463Z Prepare all required actions
conformance-and-platform	Set up job	2026-10-05T15:16:38.8426424Z Getting action download info
conformance-and-platform	Set up job	2026-10-05T15:16:39.1110279Z Download action repository 'actions/checkout@v6' (SHA:d23441a48e516b6c34aea4fa41551a30e30af803)
conformance-and-platform	Set up job	2026-10-05T15:16:39.3695278Z Download action repository 'actions/cache@v5' (SHA:caa296126883cff596d87d8935842f9db880ef25)
conformance-and-platform	Set up job	2026-10-05T15:16:39.9557235Z Download action repository 'actions/upload-artifact@v7' (SHA:043fb46d1a93c77aae656e7c1c64a875d1fc6a0a)
conformance-and-platform	Set up job	2026-10-05T15:16:40.4920293Z Complete job name: conformance-and-platform
conformance-and-platform	Run actions/checkout@v6	﻿2026-10-05T15:16:40.5454813Z ##[group]Run actions/checkout@v6
conformance-and-platform	Run actions/checkout@v6	2026-10-05T15:16:40.5455533Z with:
conformance-and-platform	Run actions/checkout@v6	2026-10-05T15:16:40.5455960Z   repository: zhuowcui/open-ui
conformance-and-platform	Run actions/checkout@v6	2026-10-05T15:16:40.5458103Z   token: ***
conformance-and-platform	Run actions/checkout@v6	2026-10-05T15:16:40.5458475Z   ssh-strict: true
conformance-and-platform	Run actions/checkout@v6	2026-10-05T15:16:40.5458828Z   ssh-user: git
conformance-and-platform	Run actions/checkout@v6	2026-10-05T15:16:40.5459268Z   persist-credentials: true
conformance-and-platform	Run actions/checkout@v6	2026-10-05T15:16:40.5459659Z   clean: true
conformance-and-platform	Run actions/checkout@v6	2026-10-05T15:16:40.5460083Z   sparse-checkout-cone-mode: true
conformance-and-platform	Run actions/checkout@v6	2026-10-05T15:16:40.5460484Z   fetch-depth: 1
conformance-and-platform	Run actions/checkout@v6	2026-10-05T15:16:40.5460835Z   fetch-tags: false
conformance-and-platform	Run actions/checkout@v6	2026-10-05T15:16:40.5461247Z   show-progress: true
conformance-and-platform	Run actions/checkout@v6	2026-10-05T15:16:40.5461622Z   lfs: false
conformance-and-platform	Run actions/checkout@v6	2026-10-05T15:16:40.5462033Z   submodules: false
conformance-and-platform	Run actions/checkout@v6	2026-10-05T15:16:40.5462419Z   set-safe-directory: true
conformance-and-platform	Run actions/checkout@v6	2026-10-05T15:16:40.5462823Z   allow-unsafe-pr-checkout: false
conformance-and-platform	Run actions/checkout@v6	2026-10-05T15:16:40.5463403Z env:
conformance-and-platform	Run actions/checkout@v6	2026-10-05T15:16:40.5463925Z   BINDGEN_EXTRA_CLANG_ARGS: 
conformance-and-platform	Run actions/checkout@v6	2026-10-05T15:16:40.5464389Z   CARGO_TARGET_X86_64_UNKNOWN_LINUX_GNU_RUSTFLAGS: 
conformance-and-platform	Run actions/checkout@v6	2026-10-05T15:16:40.5464858Z   CC: clang
conformance-and-platform	Run actions/checkout@v6	2026-10-05T15:16:40.5465283Z   CXX: clang++
conformance-and-platform	Run actions/checkout@v6	2026-10-05T15:16:40.5465657Z   CXXFLAGS: 
conformance-and-platform	Run actions/checkout@v6	2026-10-05T15:16:40.5466016Z   CARGO_TERM_COLOR: always
conformance-and-platform	Run actions/checkout@v6	2026-10-05T15:16:40.5466400Z   FORCE_SKIA_BUILD: 1
conformance-and-platform	Run actions/checkout@v6	2026-10-05T15:16:40.5466769Z   PKG_CONFIG_SYSROOT_DIR: 
conformance-and-platform	Run actions/checkout@v6	2026-10-05T15:16:40.5467472Z   SKIA_GN_ARGS: extra_cflags += [ "-DSK_SUPPORT_LEGACY_CONIC_CHOP", "-DSK_USE_FREETYPE_EMBOLDEN", "-DSK_GAMMA_EXPONENT=1.2", "-DSK_GAMMA_CONTRAST=0.2", "-fno-strict-aliasing", "-msse3" ]
conformance-and-platform	Run actions/checkout@v6	2026-10-05T15:16:40.5468228Z   SKIA_NINJA_COMMAND: ninja
conformance-and-platform	Run actions/checkout@v6	2026-10-05T15:16:40.5468611Z ##[endgroup]
conformance-and-platform	Run actions/checkout@v6	2026-10-05T15:16:40.6174847Z Syncing repository: zhuowcui/open-ui
conformance-and-platform	Run actions/checkout@v6	2026-10-05T15:16:40.6176276Z ##[group]Getting Git version info
conformance-and-platform	Run actions/checkout@v6	2026-10-05T15:16:40.6176838Z Working directory is '/home/runner/work/open-ui/open-ui'
conformance-and-platform	Run actions/checkout@v6	2026-10-05T15:16:40.6177558Z [command]/usr/bin/git version
conformance-and-platform	Run actions/checkout@v6	2026-10-05T15:16:40.6238788Z git version 2.55.0
conformance-and-platform	Run actions/checkout@v6	2026-10-05T15:16:40.6252375Z ##[endgroup]
conformance-and-platform	Run actions/checkout@v6	2026-10-05T15:16:40.6261851Z Temporarily overriding HOME='/home/runner/work/_temp/81fcfdef-d0f3-47db-91b0-fd0c4f097ccf' before making global git config changes
conformance-and-platform	Run actions/checkout@v6	2026-10-05T15:16:40.6263052Z Adding repository directory to the temporary git global config as a safe directory
conformance-and-platform	Run actions/checkout@v6	2026-10-05T15:16:40.6265809Z [command]/usr/bin/git config --global --add safe.directory /home/runner/work/open-ui/open-ui
conformance-and-platform	Run actions/checkout@v6	2026-10-05T15:16:40.6303870Z Deleting the contents of '/home/runner/work/open-ui/open-ui'
conformance-and-platform	Run actions/checkout@v6	2026-10-05T15:16:40.6306945Z ##[group]Determining repository object format
conformance-and-platform	Run actions/checkout@v6	2026-10-05T15:16:40.6308119Z ##[endgroup]
conformance-and-platform	Run actions/checkout@v6	2026-10-05T15:16:40.6309084Z ##[group]Initializing the repository
conformance-and-platform	Run actions/checkout@v6	2026-10-05T15:16:40.6311841Z [command]/usr/bin/git init /home/runner/work/open-ui/open-ui
conformance-and-platform	Run actions/checkout@v6	2026-10-05T15:16:40.6402712Z hint: Using 'master' as the name for the initial branch. This default branch name
conformance-and-platform	Run actions/checkout@v6	2026-10-05T15:16:40.6403416Z hint: will change to "main" in Git 3.0. To configure the initial branch name
conformance-and-platform	Run actions/checkout@v6	2026-10-05T15:16:40.6404288Z hint: to use in all of your new repositories, which will suppress this warning,
conformance-and-platform	Run actions/checkout@v6	2026-10-05T15:16:40.6405023Z hint: call:
conformance-and-platform	Run actions/checkout@v6	2026-10-05T15:16:40.6405545Z hint:
conformance-and-platform	Run actions/checkout@v6	2026-10-05T15:16:40.6406226Z hint: 	git config --global init.defaultBranch <name>
conformance-and-platform	Run actions/checkout@v6	2026-10-05T15:16:40.6406852Z hint:
conformance-and-platform	Run actions/checkout@v6	2026-10-05T15:16:40.6407407Z hint: Names commonly chosen instead of 'master' are 'main', 'trunk' and
conformance-and-platform	Run actions/checkout@v6	2026-10-05T15:16:40.6408345Z hint: 'development'. The just-created branch can be renamed via this command:
conformance-and-platform	Run actions/checkout@v6	2026-10-05T15:16:40.6409007Z hint:
conformance-and-platform	Run actions/checkout@v6	2026-10-05T15:16:40.6409512Z hint: 	git branch -m <name>
conformance-and-platform	Run actions/checkout@v6	2026-10-05T15:16:40.6410078Z hint:
conformance-and-platform	Run actions/checkout@v6	2026-10-05T15:16:40.6410665Z hint: Disable this message with "git config set advice.defaultBranchName false"
conformance-and-platform	Run actions/checkout@v6	2026-10-05T15:16:40.6411514Z Initialized empty Git repository in /home/runner/work/open-ui/open-ui/.git/
conformance-and-platform	Run actions/checkout@v6	2026-10-05T15:16:40.6413087Z [command]/usr/bin/git remote add origin https://github.com/zhuowcui/open-ui
conformance-and-platform	Run actions/checkout@v6	2026-10-05T15:16:40.6456477Z ##[endgroup]
conformance-and-platform	Run actions/checkout@v6	2026-10-05T15:16:40.6457350Z ##[group]Disabling automatic garbage collection
conformance-and-platform	Run actions/checkout@v6	2026-10-05T15:16:40.6459342Z [command]/usr/bin/git config --local gc.auto 0
conformance-and-platform	Run actions/checkout@v6	2026-10-05T15:16:40.6481977Z ##[endgroup]
conformance-and-platform	Run actions/checkout@v6	2026-10-05T15:16:40.6483163Z ##[group]Setting up auth
conformance-and-platform	Run actions/checkout@v6	2026-10-05T15:16:40.6484053Z Removing SSH command configuration
conformance-and-platform	Run actions/checkout@v6	2026-10-05T15:16:40.6487862Z [command]/usr/bin/git config --local --name-only --get-regexp core\.sshCommand
conformance-and-platform	Run actions/checkout@v6	2026-10-05T15:16:40.6508910Z [command]/usr/bin/git submodule foreach --recursive sh -c "git config --local --name-only --get-regexp 'core\.sshCommand' && git config --local --unset-all 'core.sshCommand' || :"
conformance-and-platform	Run actions/checkout@v6	2026-10-05T15:16:40.6760862Z Removing HTTP extra header
conformance-and-platform	Run actions/checkout@v6	2026-10-05T15:16:40.6764485Z [command]/usr/bin/git config --local --name-only --get-regexp http\.https\:\/\/github\.com\/\.extraheader
conformance-and-platform	Run actions/checkout@v6	2026-10-05T15:16:40.6783284Z [command]/usr/bin/git submodule foreach --recursive sh -c "git config --local --name-only --get-regexp 'http\.https\:\/\/github\.com\/\.extraheader' && git config --local --unset-all 'http.https://github.com/.extraheader' || :"
conformance-and-platform	Run actions/checkout@v6	2026-10-05T15:16:40.6915904Z Removing includeIf entries pointing to credentials config files
conformance-and-platform	Run actions/checkout@v6	2026-10-05T15:16:40.6919561Z [command]/usr/bin/git config --local --name-only --get-regexp ^includeIf\.gitdir:
conformance-and-platform	Run actions/checkout@v6	2026-10-05T15:16:40.6939508Z [command]/usr/bin/git submodule foreach --recursive git config --local --show-origin --name-only --get-regexp remote.origin.url
conformance-and-platform	Run actions/checkout@v6	2026-10-05T15:16:40.7080017Z [command]/usr/bin/git config --file /home/runner/work/_temp/git-credentials-867acd4a-24f8-47b8-bf06-60239ca9643d.config http.https://github.com/.extraheader AUTHORIZATION: basic ***
conformance-and-platform	Run actions/checkout@v6	2026-10-05T15:16:40.7103760Z [command]/usr/bin/git config --local includeIf.gitdir:/home/runner/work/open-ui/open-ui/.git.path /home/runner/work/_temp/git-credentials-867acd4a-24f8-47b8-bf06-60239ca9643d.config
conformance-and-platform	Run actions/checkout@v6	2026-10-05T15:16:40.7129490Z [command]/usr/bin/git config --local includeIf.gitdir:/home/runner/work/open-ui/open-ui/.git/worktrees/*.path /home/runner/work/_temp/git-credentials-867acd4a-24f8-47b8-bf06-60239ca9643d.config
conformance-and-platform	Run actions/checkout@v6	2026-10-05T15:16:40.7155745Z [command]/usr/bin/git config --local includeIf.gitdir:/github/workspace/.git.path /github/runner_temp/git-credentials-867acd4a-24f8-47b8-bf06-60239ca9643d.config
conformance-and-platform	Run actions/checkout@v6	2026-10-05T15:16:40.7178697Z [command]/usr/bin/git config --local includeIf.gitdir:/github/workspace/.git/worktrees/*.path /github/runner_temp/git-credentials-867acd4a-24f8-47b8-bf06-60239ca9643d.config
conformance-and-platform	Run actions/checkout@v6	2026-10-05T15:16:40.7199843Z ##[endgroup]
conformance-and-platform	Run actions/checkout@v6	2026-10-05T15:16:40.7200705Z ##[group]Fetching the repository
conformance-and-platform	Run actions/checkout@v6	2026-10-05T15:16:40.7205888Z [command]/usr/bin/git -c protocol.version=2 fetch --no-tags --prune --no-recurse-submodules --depth=1 origin +a324331d029600a3388cd5fc2366943fab7da59d:refs/remotes/pull/3/merge
conformance-and-platform	Run actions/checkout@v6	2026-10-05T15:16:43.9542129Z From https://github.com/zhuowcui/open-ui
conformance-and-platform	Run actions/checkout@v6	2026-10-05T15:16:43.9542766Z  * [new ref]         a324331d029600a3388cd5fc2366943fab7da59d -> pull/3/merge
conformance-and-platform	Run actions/checkout@v6	2026-10-05T15:16:43.9546154Z ##[endgroup]
conformance-and-platform	Run actions/checkout@v6	2026-10-05T15:16:43.9546667Z ##[group]Determining the checkout info
conformance-and-platform	Run actions/checkout@v6	2026-10-05T15:16:43.9547244Z ##[endgroup]
conformance-and-platform	Run actions/checkout@v6	2026-10-05T15:16:43.9552716Z [command]/usr/bin/git sparse-checkout disable
conformance-and-platform	Run actions/checkout@v6	2026-10-05T15:16:43.9594959Z [command]/usr/bin/git config --local --unset-all extensions.worktreeConfig
conformance-and-platform	Run actions/checkout@v6	2026-10-05T15:16:43.9616655Z ##[group]Checking out the ref
conformance-and-platform	Run actions/checkout@v6	2026-10-05T15:16:43.9623722Z [command]/usr/bin/git checkout --progress --force refs/remotes/pull/3/merge
conformance-and-platform	Run actions/checkout@v6	2026-10-05T15:16:45.0668605Z Updating files:  74% (8393/11331)
conformance-and-platform	Run actions/checkout@v6	2026-10-05T15:16:45.0691058Z Updating files:  75% (8499/11331)
conformance-and-platform	Run actions/checkout@v6	2026-10-05T15:16:45.0713575Z Updating files:  76% (8612/11331)
conformance-and-platform	Run actions/checkout@v6	2026-10-05T15:16:45.0738105Z Updating files:  77% (8725/11331)
conformance-and-platform	Run actions/checkout@v6	2026-10-05T15:16:45.0761796Z Updating files:  78% (8839/11331)
conformance-and-platform	Run actions/checkout@v6	2026-10-05T15:16:45.0786135Z Updating files:  79% (8952/11331)
conformance-and-platform	Run actions/checkout@v6	2026-10-05T15:16:45.0817204Z Updating files:  80% (9065/11331)
conformance-and-platform	Run actions/checkout@v6	2026-10-05T15:16:45.0848338Z Updating files:  81% (9179/11331)
conformance-and-platform	Run actions/checkout@v6	2026-10-05T15:16:45.0871227Z Updating files:  82% (9292/11331)
conformance-and-platform	Run actions/checkout@v6	2026-10-05T15:16:45.0896345Z Updating files:  83% (9405/11331)
conformance-and-platform	Run actions/checkout@v6	2026-10-05T15:16:45.0919441Z Updating files:  84% (9519/11331)
conformance-and-platform	Run actions/checkout@v6	2026-10-05T15:16:45.0943281Z Updating files:  85% (9632/11331)
conformance-and-platform	Run actions/checkout@v6	2026-10-05T15:16:45.0965256Z Updating files:  86% (9745/11331)
conformance-and-platform	Run actions/checkout@v6	2026-10-05T15:16:45.0988800Z Updating files:  87% (9858/11331)
conformance-and-platform	Run actions/checkout@v6	2026-10-05T15:16:45.1034720Z Updating files:  88% (9972/11331)
conformance-and-platform	Run actions/checkout@v6	2026-10-05T15:16:45.1056735Z Updating files:  89% (10085/11331)
conformance-and-platform	Run actions/checkout@v6	2026-10-05T15:16:45.1075003Z Updating files:  90% (10198/11331)
conformance-and-platform	Run actions/checkout@v6	2026-10-05T15:16:45.1106498Z Updating files:  91% (10312/11331)
conformance-and-platform	Run actions/checkout@v6	2026-10-05T15:16:45.1129239Z Updating files:  92% (10425/11331)
conformance-and-platform	Run actions/checkout@v6	2026-10-05T15:16:45.1153211Z Updating files:  93% (10538/11331)
conformance-and-platform	Run actions/checkout@v6	2026-10-05T15:16:45.1176596Z Updating files:  94% (10652/11331)
conformance-and-platform	Run actions/checkout@v6	2026-10-05T15:16:45.1199823Z Updating files:  95% (10765/11331)
conformance-and-platform	Run actions/checkout@v6	2026-10-05T15:16:45.1223933Z Updating files:  96% (10878/11331)
conformance-and-platform	Run actions/checkout@v6	2026-10-05T15:16:45.1265902Z Updating files:  97% (10992/11331)
conformance-and-platform	Run actions/checkout@v6	2026-10-05T15:16:45.1808851Z Updating files:  98% (11105/11331)
conformance-and-platform	Run actions/checkout@v6	2026-10-05T15:16:45.1884705Z Updating files:  99% (11218/11331)
conformance-and-platform	Run actions/checkout@v6	2026-10-05T15:16:45.1885055Z Updating files: 100% (11331/11331)
conformance-and-platform	Run actions/checkout@v6	2026-10-05T15:16:45.1885463Z Updating files: 100% (11331/11331), done.
conformance-and-platform	Run actions/checkout@v6	2026-10-05T15:16:45.2035494Z Note: switching to 'refs/remotes/pull/3/merge'.
conformance-and-platform	Run actions/checkout@v6	2026-10-05T15:16:45.2035761Z 
conformance-and-platform	Run actions/checkout@v6	2026-10-05T15:16:45.2035959Z You are in 'detached HEAD' state. You can look around, make experimental
conformance-and-platform	Run actions/checkout@v6	2026-10-05T15:16:45.2036401Z changes and commit them, and you can discard any commits you make in this
conformance-and-platform	Run actions/checkout@v6	2026-10-05T15:16:45.2036788Z state without impacting any branches by switching back to a branch.
conformance-and-platform	Run actions/checkout@v6	2026-10-05T15:16:45.2037010Z 
conformance-and-platform	Run actions/checkout@v6	2026-10-05T15:16:45.2037211Z If you want to create a new branch to retain commits you create, you may
conformance-and-platform	Run actions/checkout@v6	2026-10-05T15:16:45.2037620Z do so (now or later) by using -c with the switch command. Example:
conformance-and-platform	Run actions/checkout@v6	2026-10-05T15:16:45.2037835Z 
conformance-and-platform	Run actions/checkout@v6	2026-10-05T15:16:45.2037994Z   git switch -c <new-branch-name>
conformance-and-platform	Run actions/checkout@v6	2026-10-05T15:16:45.2038201Z 
conformance-and-platform	Run actions/checkout@v6	2026-10-05T15:16:45.2038345Z Or undo this operation with:
conformance-and-platform	Run actions/checkout@v6	2026-10-05T15:16:45.2038503Z 
conformance-and-platform	Run actions/checkout@v6	2026-10-05T15:16:45.2038585Z   git switch -
conformance-and-platform	Run actions/checkout@v6	2026-10-05T15:16:45.2038711Z 
conformance-and-platform	Run actions/checkout@v6	2026-10-05T15:16:45.2038899Z Turn off this advice by setting config variable advice.detachedHead to false
conformance-and-platform	Run actions/checkout@v6	2026-10-05T15:16:45.2039383Z 
conformance-and-platform	Run actions/checkout@v6	2026-10-05T15:16:45.2039658Z HEAD is now at a324331 Merge 59cac2298d4c6a391b7032091a0455f639f2b70a into 1d7a4cc544b26f320266c298080c892efabad442
conformance-and-platform	Run actions/checkout@v6	2026-10-05T15:16:45.2061084Z ##[endgroup]
conformance-and-platform	Run actions/checkout@v6	2026-10-05T15:16:45.2097102Z [command]/usr/bin/git log -1 --format=%H
conformance-and-platform	Run actions/checkout@v6	2026-10-05T15:16:45.2115795Z a324331d029600a3388cd5fc2366943fab7da59d
conformance-and-platform	Install toolchain and Linux runtime dependencies	﻿2026-10-05T15:16:45.2313859Z ##[group]Run sudo apt-get update
conformance-and-platform	Install toolchain and Linux runtime dependencies	2026-10-05T15:16:45.2314301Z [36;1msudo apt-get update[0m
conformance-and-platform	Install toolchain and Linux runtime dependencies	2026-10-05T15:16:45.2314618Z [36;1msudo apt-get install --yes --no-install-recommends \[0m
conformance-and-platform	Install toolchain and Linux runtime dependencies	2026-10-05T15:16:45.2315032Z [36;1m  build-essential clang libclang-18-dev libfontconfig1-dev \[0m
conformance-and-platform	Install toolchain and Linux runtime dependencies	2026-10-05T15:16:45.2315423Z [36;1m  libfreetype-dev libgl1-mesa-dev libwayland-dev libx11-dev \[0m
conformance-and-platform	Install toolchain and Linux runtime dependencies	2026-10-05T15:16:45.2315814Z [36;1m  libx11-xcb-dev libxcb1-dev libxkbcommon-dev mesa-utils \[0m
conformance-and-platform	Install toolchain and Linux runtime dependencies	2026-10-05T15:16:45.2316210Z [36;1m  ninja-build pkg-config python3 weston xvfb libxkbcommon-x11-0[0m
conformance-and-platform	Install toolchain and Linux runtime dependencies	2026-10-05T15:16:45.2316619Z [36;1mrustup toolchain install 1.94.1 --profile minimal --component rustfmt[0m
conformance-and-platform	Install toolchain and Linux runtime dependencies	2026-10-05T15:16:45.2317008Z [36;1mrustup default 1.94.1[0m
conformance-and-platform	Install toolchain and Linux runtime dependencies	2026-10-05T15:16:45.2484499Z shell: /usr/bin/bash -e {0}
conformance-and-platform	Install toolchain and Linux runtime dependencies	2026-10-05T15:16:45.2484867Z env:
conformance-and-platform	Install toolchain and Linux runtime dependencies	2026-10-05T15:16:45.2485092Z   BINDGEN_EXTRA_CLANG_ARGS: 
conformance-and-platform	Install toolchain and Linux runtime dependencies	2026-10-05T15:16:45.2485421Z   CARGO_TARGET_X86_64_UNKNOWN_LINUX_GNU_RUSTFLAGS: 
conformance-and-platform	Install toolchain and Linux runtime dependencies	2026-10-05T15:16:45.2485707Z   CC: clang
conformance-and-platform	Install toolchain and Linux runtime dependencies	2026-10-05T15:16:45.2486006Z   CXX: clang++
conformance-and-platform	Install toolchain and Linux runtime dependencies	2026-10-05T15:16:45.2486220Z   CXXFLAGS: 
conformance-and-platform	Install toolchain and Linux runtime dependencies	2026-10-05T15:16:45.2486446Z   CARGO_TERM_COLOR: always
conformance-and-platform	Install toolchain and Linux runtime dependencies	2026-10-05T15:16:45.2486688Z   FORCE_SKIA_BUILD: 1
conformance-and-platform	Install toolchain and Linux runtime dependencies	2026-10-05T15:16:45.2486915Z   PKG_CONFIG_SYSROOT_DIR: 
conformance-and-platform	Install toolchain and Linux runtime dependencies	2026-10-05T15:16:45.2487435Z   SKIA_GN_ARGS: extra_cflags += [ "-DSK_SUPPORT_LEGACY_CONIC_CHOP", "-DSK_USE_FREETYPE_EMBOLDEN", "-DSK_GAMMA_EXPONENT=1.2", "-DSK_GAMMA_CONTRAST=0.2", "-fno-strict-aliasing", "-msse3" ]
conformance-and-platform	Install toolchain and Linux runtime dependencies	2026-10-05T15:16:45.2488018Z   SKIA_NINJA_COMMAND: ninja
conformance-and-platform	Install toolchain and Linux runtime dependencies	2026-10-05T15:16:45.2488263Z ##[endgroup]
conformance-and-platform	Install toolchain and Linux runtime dependencies	2026-10-05T15:16:45.3064780Z Get:1 file:/etc/apt/apt-mirrors.txt Mirrorlist [144 B]
conformance-and-platform	Install toolchain and Linux runtime dependencies	2026-10-05T15:16:45.3386899Z Hit:2 http://azure.archive.ubuntu.com/ubuntu noble InRelease
conformance-and-platform	Install toolchain and Linux runtime dependencies	2026-10-05T15:16:45.3398780Z Get:3 http://azure.archive.ubuntu.com/ubuntu noble-updates InRelease [126 kB]
conformance-and-platform	Install toolchain and Linux runtime dependencies	2026-10-05T15:16:45.3434771Z Get:4 http://azure.archive.ubuntu.com/ubuntu noble-backports InRelease [126 kB]
conformance-and-platform	Install toolchain and Linux runtime dependencies	2026-10-05T15:16:45.3464630Z Get:5 http://azure.archive.ubuntu.com/ubuntu noble-security InRelease [126 kB]
conformance-and-platform	Install toolchain and Linux runtime dependencies	2026-10-05T15:16:45.3648627Z Get:6 https://packages.microsoft.com/ubuntu/24.04/prod noble InRelease [3600 B]
conformance-and-platform	Install toolchain and Linux runtime dependencies	2026-10-05T15:16:45.4175833Z Get:7 http://azure.archive.ubuntu.com/ubuntu noble-updates/main amd64 Packages [1366 kB]
conformance-and-platform	Install toolchain and Linux runtime dependencies	2026-10-05T15:16:45.4302405Z Get:8 http://azure.archive.ubuntu.com/ubuntu noble-updates/main Translation-en [304 kB]
conformance-and-platform	Install toolchain and Linux runtime dependencies	2026-10-05T15:16:45.4315983Z Get:9 http://azure.archive.ubuntu.com/ubuntu noble-updates/main amd64 Components [181 kB]
conformance-and-platform	Install toolchain and Linux runtime dependencies	2026-10-05T15:16:45.4354405Z Get:10 http://azure.archive.ubuntu.com/ubuntu noble-updates/universe amd64 Packages [1699 kB]
conformance-and-platform	Install toolchain and Linux runtime dependencies	2026-10-05T15:16:45.4398914Z Get:11 http://azure.archive.ubuntu.com/ubuntu noble-updates/universe Translation-en [341 kB]
conformance-and-platform	Install toolchain and Linux runtime dependencies	2026-10-05T15:16:45.4426142Z Get:12 http://azure.archive.ubuntu.com/ubuntu noble-updates/universe amd64 Components [388 kB]
conformance-and-platform	Install toolchain and Linux runtime dependencies	2026-10-05T15:16:45.4441713Z Get:13 http://azure.archive.ubuntu.com/ubuntu noble-updates/restricted amd64 Packages [1724 kB]
conformance-and-platform	Install toolchain and Linux runtime dependencies	2026-10-05T15:16:45.4523755Z Get:14 http://azure.archive.ubuntu.com/ubuntu noble-updates/restricted Translation-en [394 kB]
conformance-and-platform	Install toolchain and Linux runtime dependencies	2026-10-05T15:16:45.4535088Z Get:15 http://azure.archive.ubuntu.com/ubuntu noble-updates/multiverse amd64 Components [940 B]
conformance-and-platform	Install toolchain and Linux runtime dependencies	2026-10-05T15:16:45.4622624Z Get:16 http://azure.archive.ubuntu.com/ubuntu noble-backports/main amd64 Components [5776 B]
conformance-and-platform	Install toolchain and Linux runtime dependencies	2026-10-05T15:16:45.5039546Z Get:17 http://azure.archive.ubuntu.com/ubuntu noble-backports/universe amd64 Components [12.6 kB]
conformance-and-platform	Install toolchain and Linux runtime dependencies	2026-10-05T15:16:45.5048631Z Get:18 http://azure.archive.ubuntu.com/ubuntu noble-security/main amd64 Packages [1069 kB]
conformance-and-platform	Install toolchain and Linux runtime dependencies	2026-10-05T15:16:45.5089977Z Get:19 http://azure.archive.ubuntu.com/ubuntu noble-security/main Translation-en [221 kB]
conformance-and-platform	Install toolchain and Linux runtime dependencies	2026-10-05T15:16:45.5098466Z Get:20 http://azure.archive.ubuntu.com/ubuntu noble-security/main amd64 Components [46.4 kB]
conformance-and-platform	Install toolchain and Linux runtime dependencies	2026-10-05T15:16:45.5109751Z Get:21 http://azure.archive.ubuntu.com/ubuntu noble-security/universe amd64 Packages [1216 kB]
conformance-and-platform	Install toolchain and Linux runtime dependencies	2026-10-05T15:16:45.5154736Z Get:22 http://azure.archive.ubuntu.com/ubuntu noble-security/universe Translation-en [244 kB]
conformance-and-platform	Install toolchain and Linux runtime dependencies	2026-10-05T15:16:45.5169224Z Get:23 http://azure.archive.ubuntu.com/ubuntu noble-security/universe amd64 Components [76.4 kB]
conformance-and-platform	Install toolchain and Linux runtime dependencies	2026-10-05T15:16:45.5185336Z Get:24 http://azure.archive.ubuntu.com/ubuntu noble-security/restricted amd64 Packages [1566 kB]
conformance-and-platform	Install toolchain and Linux runtime dependencies	2026-10-05T15:16:45.5237960Z Get:25 http://azure.archive.ubuntu.com/ubuntu noble-security/restricted Translation-en [361 kB]
conformance-and-platform	Install toolchain and Linux runtime dependencies	2026-10-05T15:16:45.5327178Z Get:26 https://packages.microsoft.com/ubuntu/24.04/prod noble/main arm64 Packages [458 kB]
conformance-and-platform	Install toolchain and Linux runtime dependencies	2026-10-05T15:16:45.5421047Z Get:27 https://packages.microsoft.com/ubuntu/24.04/prod noble/main armhf Packages [12.6 kB]
conformance-and-platform	Install toolchain and Linux runtime dependencies	2026-10-05T15:16:45.5482313Z Get:28 https://packages.microsoft.com/ubuntu/24.04/prod noble/main amd64 Packages [511 kB]
conformance-and-platform	Install toolchain and Linux runtime dependencies	2026-10-05T15:16:51.6177350Z Fetched 12.6 MB in 1s (12.0 MB/s)
conformance-and-platform	Install toolchain and Linux runtime dependencies	2026-10-05T15:16:52.2376503Z Reading package lists...
conformance-and-platform	Install toolchain and Linux runtime dependencies	2026-10-05T15:16:52.2633759Z Reading package lists...
conformance-and-platform	Install toolchain and Linux runtime dependencies	2026-10-05T15:16:52.3861890Z Building dependency tree...
conformance-and-platform	Install toolchain and Linux runtime dependencies	2026-10-05T15:16:52.3867556Z Reading state information...
conformance-and-platform	Install toolchain and Linux runtime dependencies	2026-10-05T15:16:52.5260504Z pkg-config is already the newest version (1.8.1-2build1).
conformance-and-platform	Install toolchain and Linux runtime dependencies	2026-10-05T15:16:52.5261126Z python3 is already the newest version (3.12.3-0ubuntu2.1).
conformance-and-platform	Install toolchain and Linux runtime dependencies	2026-10-05T15:16:52.5261833Z xvfb is already the newest version (2:21.1.12-1ubuntu1.8).
conformance-and-platform	Install toolchain and Linux runtime dependencies	2026-10-05T15:16:52.5262328Z The following additional packages will be installed:
conformance-and-platform	Install toolchain and Linux runtime dependencies	2026-10-05T15:16:52.5262871Z   libaml0t64 libass9 libasyncns0 libavcodec60 libavfilter9 libavformat60
conformance-and-platform	Install toolchain and Linux runtime dependencies	2026-10-05T15:16:52.5263464Z   libavutil58 libblas3 libbluray2 libbrotli-dev libbs2b0 libbz2-dev
conformance-and-platform	Install toolchain and Linux runtime dependencies	2026-10-05T15:16:52.5264208Z   libchromaprint1 libcjson1 libcodec2-1.2 libdav1d7 libdecor-0-0 libegl-dev
conformance-and-platform	Install toolchain and Linux runtime dependencies	2026-10-05T15:16:52.5264760Z   libegl-mesa0 libegl1 libflac12t64 libflite1 libfontconfig-dev
conformance-and-platform	Install toolchain and Linux runtime dependencies	2026-10-05T15:16:52.5265487Z   libfreerdp-server2-2t64 libfreerdp2-2t64 libgbm1 libgl-dev libgl1-mesa-dri
conformance-and-platform	Install toolchain and Linux runtime dependencies	2026-10-05T15:16:52.5266169Z   libgles-dev libgles1 libgles2 libglvnd-core-dev libglvnd-dev libglx-dev
conformance-and-platform	Install toolchain and Linux runtime dependencies	2026-10-05T15:16:52.5266824Z   libglx-mesa0 libgme0 libgsm1 libgstreamer-plugins-base1.0-0 libhwy1t64
conformance-and-platform	Install toolchain and Linux runtime dependencies	2026-10-05T15:16:52.5267371Z   libinput-bin libinput10 libjxl0.7 liblapack3 liblilv-0-0 libmbedcrypto7t64
conformance-and-platform	Install toolchain and Linux runtime dependencies	2026-10-05T15:16:52.5268032Z   libmp3lame0 libmpg123-0t64 libmtdev1t64 libmysofa1 libneatvnc0 libopengl-dev
conformance-and-platform	Install toolchain and Linux runtime dependencies	2026-10-05T15:16:52.5268677Z   libopengl0 libopenmpt0t64 libopus0 liborc-0.4-0t64 libpipewire-0.3-0t64
conformance-and-platform	Install toolchain and Linux runtime dependencies	2026-10-05T15:16:52.5269333Z   libplacebo338 libpng-dev libpocketsphinx3 libpostproc57
conformance-and-platform	Install toolchain and Linux runtime dependencies	2026-10-05T15:16:52.5269877Z   libpthread-stubs0-dev libpulse0 librav1e0 librist4 librsvg2-2 librubberband2
conformance-and-platform	Install toolchain and Linux runtime dependencies	2026-10-05T15:16:52.5270478Z   libsamplerate0 libseat1 libserd-0-0 libshine3 libsndfile1 libsord-0-0
conformance-and-platform	Install toolchain and Linux runtime dependencies	2026-10-05T15:16:52.5271119Z   libsoxr0 libspa-0.2-modules libspeex1 libsphinxbase3t64 libsratom-0-0
conformance-and-platform	Install toolchain and Linux runtime dependencies	2026-10-05T15:16:52.5271733Z   libsrt1.5-gnutls libssh-gcrypt-4 libsvtav1enc1d1 libswresample4 libswscale7
conformance-and-platform	Install toolchain and Linux runtime dependencies	2026-10-05T15:16:52.5272398Z   libtheora0 libturbojpeg libtwolame0 libudfread0 libunibreak5 libva-drm2
conformance-and-platform	Install toolchain and Linux runtime dependencies	2026-10-05T15:16:52.5273088Z   libva-x11-2 libva2 libvdpau1 libvidstab1.1 libvorbisenc2 libvpl2 libvpx9
conformance-and-platform	Install toolchain and Linux runtime dependencies	2026-10-05T15:16:52.5274974Z   libwacom-common libwacom9 libwayland-bin libwayland-server0
conformance-and-platform	Install toolchain and Linux runtime dependencies	2026-10-05T15:16:52.5275846Z   libwebrtc-audio-processing1 libweston-13-0 libwinpr2-2t64 libx264-164
conformance-and-platform	Install toolchain and Linux runtime dependencies	2026-10-05T15:16:52.5276406Z   libx265-199 libxau-dev libxcb-composite0 libxcb-xkb1 libxdmcp-dev
conformance-and-platform	Install toolchain and Linux runtime dependencies	2026-10-05T15:16:52.5276945Z   libxvidcore4 libzimg2 libzix-0-0 libzvbi-common libzvbi0t64 mesa-libgallium
conformance-and-platform	Install toolchain and Linux runtime dependencies	2026-10-05T15:16:52.5277484Z   mesa-utils-bin ocl-icd-libopencl1 uuid-dev x11proto-dev xorg-sgml-doctools
conformance-and-platform	Install toolchain and Linux runtime dependencies	2026-10-05T15:16:52.5277888Z   xtrans-dev
conformance-and-platform	Install toolchain and Linux runtime dependencies	2026-10-05T15:16:52.5278555Z Suggested packages:
conformance-and-platform	Install toolchain and Linux runtime dependencies	2026-10-05T15:16:52.5279001Z   libcuda1 libnvcuvid1 libnvidia-encode1 libbluray-bdj freerdp2-x11
conformance-and-platform	Install toolchain and Linux runtime dependencies	2026-10-05T15:16:52.5279796Z   freetype2-doc libvisual-0.4-plugins opus-tools pipewire pulseaudio
conformance-and-platform	Install toolchain and Linux runtime dependencies	2026-10-05T15:16:52.5280264Z   librsvg2-bin serdi sordi speex libwacom-bin libwayland-doc libx11-doc
conformance-and-platform	Install toolchain and Linux runtime dependencies	2026-10-05T15:16:52.5280598Z   libxcb-doc opencl-icd wayland-utils
conformance-and-platform	Install toolchain and Linux runtime dependencies	2026-10-05T15:16:52.5281005Z Recommended packages:
conformance-and-platform	Install toolchain and Linux runtime dependencies	2026-10-05T15:16:52.5281360Z   libaacs0 bzip2-doc default-libdecor-0-plugin-1 | libdecor-0-plugin-1
conformance-and-platform	Install toolchain and Linux runtime dependencies	2026-10-05T15:16:52.5281917Z   gstreamer1.0-plugins-base libpipewire-0.3-common libpng-tools
conformance-and-platform	Install toolchain and Linux runtime dependencies	2026-10-05T15:16:52.5282330Z   pocketsphinx-en-us librsvg2-common va-driver-all | va-driver
conformance-and-platform	Install toolchain and Linux runtime dependencies	2026-10-05T15:16:52.5282651Z   vdpau-driver-all | vdpau-driver
conformance-and-platform	Install toolchain and Linux runtime dependencies	2026-10-05T15:16:52.5755546Z The following NEW packages will be installed:
conformance-and-platform	Install toolchain and Linux runtime dependencies	2026-10-05T15:16:52.5756374Z   build-essential clang libaml0t64 libass9 libasyncns0 libavcodec60
conformance-and-platform	Install toolchain and Linux runtime dependencies	2026-10-05T15:16:52.5756901Z   libavfilter9 libavformat60 libavutil58 libblas3 libbluray2 libbrotli-dev
conformance-and-platform	Install toolchain and Linux runtime dependencies	2026-10-05T15:16:52.5757475Z   libbs2b0 libbz2-dev libchromaprint1 libcjson1 libclang-18-dev libcodec2-1.2
conformance-and-platform	Install toolchain and Linux runtime dependencies	2026-10-05T15:16:52.5758040Z   libdav1d7 libdecor-0-0 libegl-dev libegl-mesa0 libegl1 libflac12t64
conformance-and-platform	Install toolchain and Linux runtime dependencies	2026-10-05T15:16:52.5764903Z   libflite1 libfontconfig-dev libfontconfig1-dev libfreerdp-server2-2t64
conformance-and-platform	Install toolchain and Linux runtime dependencies	2026-10-05T15:16:52.5765649Z   libfreerdp2-2t64 libfreetype-dev libgl-dev libgl1-mesa-dev libgles-dev
conformance-and-platform	Install toolchain and Linux runtime dependencies	2026-10-05T15:16:52.5766172Z   libgles1 libgles2 libglvnd-core-dev libglvnd-dev libglx-dev libgme0 libgsm1
conformance-and-platform	Install toolchain and Linux runtime dependencies	2026-10-05T15:16:52.5766700Z   libgstreamer-plugins-base1.0-0 libhwy1t64 libinput-bin libinput10 libjxl0.7
conformance-and-platform	Install toolchain and Linux runtime dependencies	2026-10-05T15:16:52.5767282Z   liblapack3 liblilv-0-0 libmbedcrypto7t64 libmp3lame0 libmpg123-0t64
conformance-and-platform	Install toolchain and Linux runtime dependencies	2026-10-05T15:16:52.5767785Z   libmtdev1t64 libmysofa1 libneatvnc0 libopengl-dev libopengl0 libopenmpt0t64
conformance-and-platform	Install toolchain and Linux runtime dependencies	2026-10-05T15:16:52.5768257Z   libopus0 liborc-0.4-0t64 libpipewire-0.3-0t64 libplacebo338 libpng-dev
conformance-and-platform	Install toolchain and Linux runtime dependencies	2026-10-05T15:16:52.5768669Z   libpocketsphinx3 libpostproc57 libpthread-stubs0-dev libpulse0 librav1e0
conformance-and-platform	Install toolchain and Linux runtime dependencies	2026-10-05T15:16:52.5769056Z   librist4 librsvg2-2 librubberband2 libsamplerate0 libseat1 libserd-0-0
conformance-and-platform	Install toolchain and Linux runtime dependencies	2026-10-05T15:16:52.5769454Z   libshine3 libsndfile1 libsord-0-0 libsoxr0 libspa-0.2-modules libspeex1
conformance-and-platform	Install toolchain and Linux runtime dependencies	2026-10-05T15:16:52.5769839Z   libsphinxbase3t64 libsratom-0-0 libsrt1.5-gnutls libssh-gcrypt-4
conformance-and-platform	Install toolchain and Linux runtime dependencies	2026-10-05T15:16:52.5770245Z   libsvtav1enc1d1 libswresample4 libswscale7 libtheora0 libturbojpeg
conformance-and-platform	Install toolchain and Linux runtime dependencies	2026-10-05T15:16:52.5770681Z   libtwolame0 libudfread0 libunibreak5 libva-drm2 libva-x11-2 libva2 libvdpau1
conformance-and-platform	Install toolchain and Linux runtime dependencies	2026-10-05T15:16:52.5771068Z   libvidstab1.1 libvorbisenc2 libvpl2 libvpx9 libwacom-common libwacom9
conformance-and-platform	Install toolchain and Linux runtime dependencies	2026-10-05T15:16:52.5771492Z   libwayland-bin libwayland-dev libwayland-server0 libwebrtc-audio-processing1
conformance-and-platform	Install toolchain and Linux runtime dependencies	2026-10-05T15:16:52.5771895Z   libweston-13-0 libwinpr2-2t64 libx11-dev libx11-xcb-dev libx264-164
conformance-and-platform	Install toolchain and Linux runtime dependencies	2026-10-05T15:16:52.5772278Z   libx265-199 libxau-dev libxcb-composite0 libxcb-xkb1 libxcb1-dev
conformance-and-platform	Install toolchain and Linux runtime dependencies	2026-10-05T15:16:52.5772658Z   libxdmcp-dev libxkbcommon-dev libxkbcommon-x11-0 libxvidcore4 libzimg2
conformance-and-platform	Install toolchain and Linux runtime dependencies	2026-10-05T15:16:52.5773057Z   libzix-0-0 libzvbi-common libzvbi0t64 mesa-utils mesa-utils-bin ninja-build
conformance-and-platform	Install toolchain and Linux runtime dependencies	2026-10-05T15:16:52.5773491Z   ocl-icd-libopencl1 uuid-dev weston x11proto-dev xorg-sgml-doctools
conformance-and-platform	Install toolchain and Linux runtime dependencies	2026-10-05T15:16:52.5773963Z   xtrans-dev
conformance-and-platform	Install toolchain and Linux runtime dependencies	2026-10-05T15:16:52.5774444Z The following packages will be upgraded:
conformance-and-platform	Install toolchain and Linux runtime dependencies	2026-10-05T15:16:52.5774833Z   libgbm1 libgl1-mesa-dri libglx-mesa0 mesa-libgallium
conformance-and-platform	Install toolchain and Linux runtime dependencies	2026-10-05T15:16:52.5911812Z 4 upgraded, 131 newly installed, 0 to remove and 21 not upgraded.
conformance-and-platform	Install toolchain and Linux runtime dependencies	2026-10-05T15:16:52.5912344Z Need to get 109 MB of archives.
conformance-and-platform	Install toolchain and Linux runtime dependencies	2026-10-05T15:16:52.5912723Z After this operation, 494 MB of additional disk space will be used.
conformance-and-platform	Install toolchain and Linux runtime dependencies	2026-10-05T15:16:52.5913258Z Get:1 file:/etc/apt/apt-mirrors.txt Mirrorlist [144 B]
conformance-and-platform	Install toolchain and Linux runtime dependencies	2026-10-05T15:16:52.6588539Z Get:2 http://azure.archive.ubuntu.com/ubuntu noble/main amd64 build-essential amd64 12.10ubuntu1 [4928 B]
conformance-and-platform	Install toolchain and Linux runtime dependencies	2026-10-05T15:16:52.7184480Z Get:3 http://azure.archive.ubuntu.com/ubuntu noble/universe amd64 clang amd64 1:18.0-59~exp2 [5846 B]
conformance-and-platform	Install toolchain and Linux runtime dependencies	2026-10-05T15:16:52.7571564Z Get:4 http://azure.archive.ubuntu.com/ubuntu noble/universe amd64 libaml0t64 amd64 0.3.0-1.1build1 [11.6 kB]
conformance-and-platform	Install toolchain and Linux runtime dependencies	2026-10-05T15:16:52.8058580Z Get:5 http://azure.archive.ubuntu.com/ubuntu noble/universe amd64 libunibreak5 amd64 5.1-2build1 [25.0 kB]
conformance-and-platform	Install toolchain and Linux runtime dependencies	2026-10-05T15:16:52.8568913Z Get:6 http://azure.archive.ubuntu.com/ubuntu noble/universe amd64 libass9 amd64 1:0.17.1-2build1 [104 kB]
conformance-and-platform	Install toolchain and Linux runtime dependencies	2026-10-05T15:16:52.8955395Z Get:7 http://azure.archive.ubuntu.com/ubuntu noble/main amd64 libasyncns0 amd64 0.8-6build4 [11.3 kB]
conformance-and-platform	Install toolchain and Linux runtime dependencies	2026-10-05T15:16:52.9456442Z Get:8 http://azure.archive.ubuntu.com/ubuntu noble-updates/universe amd64 libva2 amd64 2.20.0-2ubuntu0.2 [66.4 kB]
conformance-and-platform	Install toolchain and Linux runtime dependencies	2026-10-05T15:16:53.0586145Z Get:9 http://azure.archive.ubuntu.com/ubuntu noble-updates/universe amd64 libva-drm2 amd64 2.20.0-2ubuntu0.2 [7124 B]
conformance-and-platform	Install toolchain and Linux runtime dependencies	2026-10-05T15:16:53.1682486Z Get:10 http://azure.archive.ubuntu.com/ubuntu noble-updates/universe amd64 libva-x11-2 amd64 2.20.0-2ubuntu0.2 [12.0 kB]
conformance-and-platform	Install toolchain and Linux runtime dependencies	2026-10-05T15:16:53.2769273Z Get:11 http://azure.archive.ubuntu.com/ubuntu noble/main amd64 libvdpau1 amd64 1.5-2build1 [27.8 kB]
conformance-and-platform	Install toolchain and Linux runtime dependencies	2026-10-05T15:16:53.3960239Z Get:12 http://azure.archive.ubuntu.com/ubuntu noble/universe amd64 libvpl2 amd64 2023.3.0-1build1 [99.8 kB]
conformance-and-platform	Install toolchain and Linux runtime dependencies	2026-10-05T15:16:53.4353135Z Get:13 http://azure.archive.ubuntu.com/ubuntu noble/universe amd64 ocl-icd-libopencl1 amd64 2.3.2-1build1 [38.5 kB]
conformance-and-platform	Install toolchain and Linux runtime dependencies	2026-10-05T15:16:53.4666855Z Get:14 http://azure.archive.ubuntu.com/ubuntu noble/universe amd64 libavutil58 amd64 7:6.1.1-3ubuntu5 [401 kB]
conformance-and-platform	Install toolchain and Linux runtime dependencies	2026-10-05T15:16:53.5055033Z Get:15 http://azure.archive.ubuntu.com/ubuntu noble/universe amd64 libcodec2-1.2 amd64 1.2.0-2build1 [8998 kB]
conformance-and-platform	Install toolchain and Linux runtime dependencies	2026-10-05T15:16:53.6407806Z Get:16 http://azure.archive.ubuntu.com/ubuntu noble/universe amd64 libdav1d7 amd64 1.4.1-1build1 [604 kB]
conformance-and-platform	Install toolchain and Linux runtime dependencies	2026-10-05T15:16:53.7000836Z Get:17 http://azure.archive.ubuntu.com/ubuntu noble/universe amd64 libgsm1 amd64 1.0.22-1build1 [27.8 kB]
conformance-and-platform	Install toolchain and Linux runtime dependencies	2026-10-05T15:16:53.7389969Z Get:18 http://azure.archive.ubuntu.com/ubuntu noble/universe amd64 libhwy1t64 amd64 1.0.7-8.1build1 [584 kB]
conformance-and-platform	Install toolchain and Linux runtime dependencies	2026-10-05T15:16:53.8695987Z Get:19 http://azure.archive.ubuntu.com/ubuntu noble-updates/universe amd64 libjxl0.7 amd64 0.7.0-10.2ubuntu6.1 [1001 kB]
conformance-and-platform	Install toolchain and Linux runtime dependencies	2026-10-05T15:16:53.9587752Z Get:20 http://azure.archive.ubuntu.com/ubuntu noble/main amd64 libmp3lame0 amd64 3.100-6build1 [142 kB]
conformance-and-platform	Install toolchain and Linux runtime dependencies	2026-10-05T15:16:54.0026796Z Get:21 http://azure.archive.ubuntu.com/ubuntu noble/main amd64 libopus0 amd64 1.4-1build1 [208 kB]
conformance-and-platform	Install toolchain and Linux runtime dependencies	2026-10-05T15:16:54.1279793Z Get:22 http://azure.archive.ubuntu.com/ubuntu noble/universe amd64 librav1e0 amd64 0.7.1-2 [1022 kB]
conformance-and-platform	Install toolchain and Linux runtime dependencies	2026-10-05T15:16:54.2467215Z Get:23 http://azure.archive.ubuntu.com/ubuntu noble/main amd64 librsvg2-2 amd64 2.58.0+dfsg-1build1 [2135 kB]
conformance-and-platform	Install toolchain and Linux runtime dependencies	2026-10-05T15:16:54.2905960Z Get:24 http://azure.archive.ubuntu.com/ubuntu noble/universe amd64 libshine3 amd64 3.1.1-2build1 [23.2 kB]
conformance-and-platform	Install toolchain and Linux runtime dependencies	2026-10-05T15:16:54.3220448Z Get:25 http://azure.archive.ubuntu.com/ubuntu noble-updates/main amd64 libspeex1 amd64 1.2.1-2ubuntu2.24.04.1 [59.6 kB]
conformance-and-platform	Install toolchain and Linux runtime dependencies	2026-10-05T15:16:54.3536319Z Get:26 http://azure.archive.ubuntu.com/ubuntu noble/universe amd64 libsvtav1enc1d1 amd64 1.7.0+dfsg-2build1 [2425 kB]
conformance-and-platform	Install toolchain and Linux runtime dependencies	2026-10-05T15:16:54.3965677Z Get:27 http://azure.archive.ubuntu.com/ubuntu noble/universe amd64 libsoxr0 amd64 0.1.3-4build3 [80.0 kB]
conformance-and-platform	Install toolchain and Linux runtime dependencies	2026-10-05T15:16:54.4282868Z Get:28 http://azure.archive.ubuntu.com/ubuntu noble/universe amd64 libswresample4 amd64 7:6.1.1-3ubuntu5 [63.8 kB]
conformance-and-platform	Install toolchain and Linux runtime dependencies	2026-10-05T15:16:54.4603803Z Get:29 http://azure.archive.ubuntu.com/ubuntu noble/main amd64 libtheora0 amd64 1.1.1+dfsg.1-16.1build3 [211 kB]
conformance-and-platform	Install toolchain and Linux runtime dependencies	2026-10-05T15:16:54.5238301Z Get:30 http://azure.archive.ubuntu.com/ubuntu noble/main amd64 libtwolame0 amd64 0.4.0-2build3 [52.3 kB]
conformance-and-platform	Install toolchain and Linux runtime dependencies	2026-10-05T15:16:54.6211160Z Get:31 http://azure.archive.ubuntu.com/ubuntu noble/main amd64 libvorbisenc2 amd64 1.3.7-1build3 [80.8 kB]
conformance-and-platform	Install toolchain and Linux runtime dependencies	2026-10-05T15:16:54.6894552Z Get:32 http://azure.archive.ubuntu.com/ubuntu noble-updates/main amd64 libvpx9 amd64 1.14.0-1ubuntu2.3 [1143 kB]
conformance-and-platform	Install toolchain and Linux runtime dependencies	2026-10-05T15:16:54.8319531Z Get:33 http://azure.archive.ubuntu.com/ubuntu noble/universe amd64 libx264-164 amd64 2:0.164.3108+git31e19f9-1 [604 kB]
conformance-and-platform	Install toolchain and Linux runtime dependencies	2026-10-05T15:16:54.8741083Z Get:34 http://azure.archive.ubuntu.com/ubuntu noble/universe amd64 libx265-199 amd64 3.5-2build1 [1226 kB]
conformance-and-platform	Install toolchain and Linux runtime dependencies	2026-10-05T15:16:54.9288742Z Get:35 http://azure.archive.ubuntu.com/ubuntu noble/universe amd64 libxvidcore4 amd64 2:1.3.7-1build1 [219 kB]
conformance-and-platform	Install toolchain and Linux runtime dependencies	2026-10-05T15:16:54.9626112Z Get:36 http://azure.archive.ubuntu.com/ubuntu noble/universe amd64 libzvbi-common all 0.2.42-2 [42.4 kB]
conformance-and-platform	Install toolchain and Linux runtime dependencies	2026-10-05T15:16:54.9951461Z Get:37 http://azure.archive.ubuntu.com/ubuntu noble/universe amd64 libzvbi0t64 amd64 0.2.42-2 [261 kB]
conformance-and-platform	Install toolchain and Linux runtime dependencies	2026-10-05T15:16:55.0666022Z Get:38 http://azure.archive.ubuntu.com/ubuntu noble/universe amd64 libavcodec60 amd64 7:6.1.1-3ubuntu5 [5851 kB]
conformance-and-platform	Install toolchain and Linux runtime dependencies	2026-10-05T15:16:55.2148377Z Get:39 http://azure.archive.ubuntu.com/ubuntu noble/universe amd64 libudfread0 amd64 1.1.2-1build1 [19.0 kB]
conformance-and-platform	Install toolchain and Linux runtime dependencies	2026-10-05T15:16:55.2425839Z Get:40 http://azure.archive.ubuntu.com/ubuntu noble/universe amd64 libbluray2 amd64 1:1.3.4-1build1 [159 kB]
conformance-and-platform	Install toolchain and Linux runtime dependencies	2026-10-05T15:16:55.2782338Z Get:41 http://azure.archive.ubuntu.com/ubuntu noble/universe amd64 libchromaprint1 amd64 1.5.1-5 [30.5 kB]
conformance-and-platform	Install toolchain and Linux runtime dependencies	2026-10-05T15:16:55.3060774Z Get:42 http://azure.archive.ubuntu.com/ubuntu noble/universe amd64 libgme0 amd64 0.6.3-7build1 [134 kB]
conformance-and-platform	Install toolchain and Linux runtime dependencies	2026-10-05T15:16:55.3339037Z Get:43 http://azure.archive.ubuntu.com/ubuntu noble-updates/main amd64 libmpg123-0t64 amd64 1.32.5-1ubuntu1.1 [169 kB]
conformance-and-platform	Install toolchain and Linux runtime dependencies	2026-10-05T15:16:55.3619091Z Get:44 http://azure.archive.ubuntu.com/ubuntu noble/universe amd64 libopenmpt0t64 amd64 0.7.3-1.1build3 [647 kB]
conformance-and-platform	Install toolchain and Linux runtime dependencies	2026-10-05T15:16:55.3924652Z Get:45 http://azure.archive.ubuntu.com/ubuntu noble/universe amd64 libcjson1 amd64 1.7.17-1 [24.8 kB]
conformance-and-platform	Install toolchain and Linux runtime dependencies	2026-10-05T15:16:55.4200139Z Get:46 http://azure.archive.ubuntu.com/ubuntu noble/universe amd64 libmbedcrypto7t64 amd64 2.28.8-1 [209 kB]
conformance-and-platform	Install toolchain and Linux runtime dependencies	2026-10-05T15:16:55.4482736Z Get:47 http://azure.archive.ubuntu.com/ubuntu noble/universe amd64 librist4 amd64 0.2.10+dfsg-2 [74.9 kB]
conformance-and-platform	Install toolchain and Linux runtime dependencies	2026-10-05T15:16:55.4795724Z Get:48 http://azure.archive.ubuntu.com/ubuntu noble/universe amd64 libsrt1.5-gnutls amd64 1.5.3-1build2 [316 kB]
conformance-and-platform	Install toolchain and Linux runtime dependencies	2026-10-05T15:16:55.5122795Z Get:49 http://azure.archive.ubuntu.com/ubuntu noble-updates/main amd64 libssh-gcrypt-4 amd64 0.10.6-2ubuntu0.5 [226 kB]
conformance-and-platform	Install toolchain and Linux runtime dependencies	2026-10-05T15:16:55.5469288Z Get:50 http://azure.archive.ubuntu.com/ubuntu noble/universe amd64 libavformat60 amd64 7:6.1.1-3ubuntu5 [1153 kB]
conformance-and-platform	Install toolchain and Linux runtime dependencies	2026-10-05T15:16:55.5857665Z Get:51 http://azure.archive.ubuntu.com/ubuntu noble/universe amd64 libbs2b0 amd64 3.1.0+dfsg-7build1 [10.6 kB]
conformance-and-platform	Install toolchain and Linux runtime dependencies	2026-10-05T15:16:55.6194948Z Get:52 http://azure.archive.ubuntu.com/ubuntu noble/universe amd64 libflite1 amd64 2.2-6build3 [13.6 MB]
conformance-and-platform	Install toolchain and Linux runtime dependencies	2026-10-05T15:16:55.8096710Z Get:53 http://azure.archive.ubuntu.com/ubuntu noble/universe amd64 libserd-0-0 amd64 0.32.2-1 [43.6 kB]
conformance-and-platform	Install toolchain and Linux runtime dependencies	2026-10-05T15:16:55.8372407Z Get:54 http://azure.archive.ubuntu.com/ubuntu noble/universe amd64 libzix-0-0 amd64 0.4.2-2build1 [23.6 kB]
conformance-and-platform	Install toolchain and Linux runtime dependencies	2026-10-05T15:16:55.8647599Z Get:55 http://azure.archive.ubuntu.com/ubuntu noble/universe amd64 libsord-0-0 amd64 0.16.16-2build1 [15.8 kB]
conformance-and-platform	Install toolchain and Linux runtime dependencies	2026-10-05T15:16:55.8922054Z Get:56 http://azure.archive.ubuntu.com/ubuntu noble/universe amd64 libsratom-0-0 amd64 0.6.16-1build1 [17.3 kB]
conformance-and-platform	Install toolchain and Linux runtime dependencies	2026-10-05T15:16:55.9197415Z Get:57 http://azure.archive.ubuntu.com/ubuntu noble/universe amd64 liblilv-0-0 amd64 0.24.22-1build1 [41.0 kB]
conformance-and-platform	Install toolchain and Linux runtime dependencies	2026-10-05T15:16:55.9909247Z Get:58 http://azure.archive.ubuntu.com/ubuntu noble/universe amd64 libmysofa1 amd64 1.3.2+dfsg-2ubuntu2 [1158 kB]
conformance-and-platform	Install toolchain and Linux runtime dependencies	2026-10-05T15:16:56.0233026Z Get:59 http://azure.archive.ubuntu.com/ubuntu noble/universe amd64 libplacebo338 amd64 6.338.2-2build1 [2654 kB]
conformance-and-platform	Install toolchain and Linux runtime dependencies	2026-10-05T15:16:56.0623056Z Get:60 http://azure.archive.ubuntu.com/ubuntu noble-updates/main amd64 libblas3 amd64 3.12.0-3build1.1 [238 kB]
conformance-and-platform	Install toolchain and Linux runtime dependencies	2026-10-05T15:16:56.0909749Z Get:61 http://azure.archive.ubuntu.com/ubuntu noble-updates/main amd64 liblapack3 amd64 3.12.0-3build1.1 [2646 kB]
conformance-and-platform	Install toolchain and Linux runtime dependencies	2026-10-05T15:16:56.1294551Z Get:62 http://azure.archive.ubuntu.com/ubuntu noble/main amd64 libflac12t64 amd64 1.4.3+ds-2.1ubuntu2 [197 kB]
conformance-and-platform	Install toolchain and Linux runtime dependencies	2026-10-05T15:16:56.1580986Z Get:63 http://azure.archive.ubuntu.com/ubuntu noble-updates/main amd64 libsndfile1 amd64 1.2.2-1ubuntu5.24.04.1 [209 kB]
conformance-and-platform	Install toolchain and Linux runtime dependencies	2026-10-05T15:16:56.1867875Z Get:64 http://azure.archive.ubuntu.com/ubuntu noble-updates/main amd64 libpulse0 amd64 1:16.1+dfsg1-2ubuntu10.1 [292 kB]
conformance-and-platform	Install toolchain and Linux runtime dependencies	2026-10-05T15:16:56.2193005Z Get:65 http://azure.archive.ubuntu.com/ubuntu noble/universe amd64 libsphinxbase3t64 amd64 0.8+5prealpha+1-17build2 [126 kB]
conformance-and-platform	Install toolchain and Linux runtime dependencies	2026-10-05T15:16:56.2517127Z Get:66 http://azure.archive.ubuntu.com/ubuntu noble/universe amd64 libpocketsphinx3 amd64 0.8.0+real5prealpha+1-15ubuntu5 [133 kB]
conformance-and-platform	Install toolchain and Linux runtime dependencies	2026-10-05T15:16:56.2837085Z Get:67 http://azure.archive.ubuntu.com/ubuntu noble/universe amd64 libpostproc57 amd64 7:6.1.1-3ubuntu5 [49.9 kB]
conformance-and-platform	Install toolchain and Linux runtime dependencies	2026-10-05T15:16:56.3153712Z Get:68 http://azure.archive.ubuntu.com/ubuntu noble/main amd64 libsamplerate0 amd64 0.2.2-4build1 [1344 kB]
conformance-and-platform	Install toolchain and Linux runtime dependencies	2026-10-05T15:16:56.3536397Z Get:69 http://azure.archive.ubuntu.com/ubuntu noble/universe amd64 librubberband2 amd64 3.3.0+dfsg-2build1 [130 kB]
conformance-and-platform	Install toolchain and Linux runtime dependencies	2026-10-05T15:16:56.3859187Z Get:70 http://azure.archive.ubuntu.com/ubuntu noble/universe amd64 libswscale7 amd64 7:6.1.1-3ubuntu5 [193 kB]
conformance-and-platform	Install toolchain and Linux runtime dependencies	2026-10-05T15:16:56.4156013Z Get:71 http://azure.archive.ubuntu.com/ubuntu noble/universe amd64 libvidstab1.1 amd64 1.1.0-2build1 [38.5 kB]
conformance-and-platform	Install toolchain and Linux runtime dependencies	2026-10-05T15:16:56.4430252Z Get:72 http://azure.archive.ubuntu.com/ubuntu noble/universe amd64 libzimg2 amd64 3.0.5+ds1-1build1 [254 kB]
conformance-and-platform	Install toolchain and Linux runtime dependencies	2026-10-05T15:16:56.4718466Z Get:73 http://azure.archive.ubuntu.com/ubuntu noble/universe amd64 libavfilter9 amd64 7:6.1.1-3ubuntu5 [4235 kB]
conformance-and-platform	Install toolchain and Linux runtime dependencies	2026-10-05T15:16:56.5332911Z Get:74 http://azure.archive.ubuntu.com/ubuntu noble/main amd64 libbrotli-dev amd64 1.1.0-2build2 [353 kB]
conformance-and-platform	Install toolchain and Linux runtime dependencies	2026-10-05T15:16:56.5714170Z Get:75 http://azure.archive.ubuntu.com/ubuntu noble-updates/main amd64 libbz2-dev amd64 1.0.8-5.1ubuntu0.1 [33.6 kB]
conformance-and-platform	Install toolchain and Linux runtime dependencies	2026-10-05T15:16:56.6015048Z Get:76 http://azure.archive.ubuntu.com/ubuntu noble-updates/universe amd64 libclang-18-dev amd64 1:18.1.3-1ubuntu1 [28.8 MB]
conformance-and-platform	Install toolchain and Linux runtime dependencies	2026-10-05T15:16:57.2833900Z Get:77 http://azure.archive.ubuntu.com/ubuntu noble/main amd64 libdecor-0-0 amd64 0.2.2-1build2 [16.5 kB]
conformance-and-platform	Install toolchain and Linux runtime dependencies	2026-10-05T15:16:57.3126662Z Get:78 http://azure.archive.ubuntu.com/ubuntu noble-updates/main amd64 libgl1-mesa-dri amd64 25.2.8-0ubuntu0.24.04.4 [38.0 kB]
conformance-and-platform	Install toolchain and Linux runtime dependencies	2026-10-05T15:16:57.3413407Z Get:79 http://azure.archive.ubuntu.com/ubuntu noble-updates/main amd64 libglx-mesa0 amd64 25.2.8-0ubuntu0.24.04.4 [110 kB]
conformance-and-platform	Install toolchain and Linux runtime dependencies	2026-10-05T15:16:57.3713442Z Get:80 http://azure.archive.ubuntu.com/ubuntu noble-updates/main amd64 libgbm1 amd64 25.2.8-0ubuntu0.24.04.4 [34.2 kB]
conformance-and-platform	Install toolchain and Linux runtime dependencies	2026-10-05T15:16:57.4015096Z Get:81 http://azure.archive.ubuntu.com/ubuntu noble-updates/main amd64 mesa-libgallium amd64 25.2.8-0ubuntu0.24.04.4 [10.8 MB]
conformance-and-platform	Install toolchain and Linux runtime dependencies	2026-10-05T15:16:57.5543533Z Get:82 http://azure.archive.ubuntu.com/ubuntu noble-updates/main amd64 libegl-mesa0 amd64 25.2.8-0ubuntu0.24.04.4 [117 kB]
conformance-and-platform	Install toolchain and Linux runtime dependencies	2026-10-05T15:16:57.5917689Z Get:83 http://azure.archive.ubuntu.com/ubuntu noble/main amd64 libegl1 amd64 1.7.0-1build1 [28.7 kB]
conformance-and-platform	Install toolchain and Linux runtime dependencies	2026-10-05T15:16:57.6213204Z Get:84 http://azure.archive.ubuntu.com/ubuntu noble/main amd64 xorg-sgml-doctools all 1:1.11-1.1 [10.9 kB]
conformance-and-platform	Install toolchain and Linux runtime dependencies	2026-10-05T15:16:57.6513199Z Get:85 http://azure.archive.ubuntu.com/ubuntu noble/main amd64 x11proto-dev all 2023.2-1 [602 kB]
conformance-and-platform	Install toolchain and Linux runtime dependencies	2026-10-05T15:16:57.6841215Z Get:86 http://azure.archive.ubuntu.com/ubuntu noble/main amd64 libxau-dev amd64 1:1.0.9-1build6 [9570 B]
conformance-and-platform	Install toolchain and Linux runtime dependencies	2026-10-05T15:16:57.7120095Z Get:87 http://azure.archive.ubuntu.com/ubuntu noble/main amd64 libxdmcp-dev amd64 1:1.1.3-0ubuntu6 [26.5 kB]
conformance-and-platform	Install toolchain and Linux runtime dependencies	2026-10-05T15:16:57.7453527Z Get:88 http://azure.archive.ubuntu.com/ubuntu noble/main amd64 xtrans-dev all 1.4.0-1 [68.9 kB]
conformance-and-platform	Install toolchain and Linux runtime dependencies	2026-10-05T15:16:57.7814005Z Get:89 http://azure.archive.ubuntu.com/ubuntu noble/main amd64 libpthread-stubs0-dev amd64 0.4-1build3 [4746 B]
conformance-and-platform	Install toolchain and Linux runtime dependencies	2026-10-05T15:16:57.8113505Z Get:90 http://azure.archive.ubuntu.com/ubuntu noble/main amd64 libxcb1-dev amd64 1.15-1ubuntu2 [85.8 kB]
conformance-and-platform	Install toolchain and Linux runtime dependencies	2026-10-05T15:16:57.8411972Z Get:91 http://azure.archive.ubuntu.com/ubuntu noble/main amd64 libx11-dev amd64 2:1.8.7-1build1 [732 kB]
conformance-and-platform	Install toolchain and Linux runtime dependencies	2026-10-05T15:16:57.8866908Z Get:92 http://azure.archive.ubuntu.com/ubuntu noble/main amd64 libglx-dev amd64 1.7.0-1build1 [14.2 kB]
conformance-and-platform	Install toolchain and Linux runtime dependencies	2026-10-05T15:16:57.9300672Z Get:93 http://azure.archive.ubuntu.com/ubuntu noble/main amd64 libgl-dev amd64 1.7.0-1build1 [102 kB]
conformance-and-platform	Install toolchain and Linux runtime dependencies	2026-10-05T15:16:58.0609962Z Get:94 http://azure.archive.ubuntu.com/ubuntu noble/main amd64 libegl-dev amd64 1.7.0-1build1 [18.2 kB]
conformance-and-platform	Install toolchain and Linux runtime dependencies	2026-10-05T15:16:58.2309880Z Get:95 http://azure.archive.ubuntu.com/ubuntu noble-updates/main amd64 libpng-dev amd64 1.6.43-5ubuntu0.6 [265 kB]
conformance-and-platform	Install toolchain and Linux runtime dependencies	2026-10-05T15:16:58.2877983Z Get:96 http://azure.archive.ubuntu.com/ubuntu noble-updates/main amd64 libfreetype-dev amd64 2.13.2+dfsg-1ubuntu0.1 [575 kB]
conformance-and-platform	Install toolchain and Linux runtime dependencies	2026-10-05T15:16:58.3571794Z Get:97 http://azure.archive.ubuntu.com/ubuntu noble-updates/main amd64 uuid-dev amd64 2.39.3-9ubuntu6.6 [33.5 kB]
conformance-and-platform	Install toolchain and Linux runtime dependencies	2026-10-05T15:16:58.4723553Z Get:98 http://azure.archive.ubuntu.com/ubuntu noble/main amd64 libfontconfig-dev amd64 2.15.0-1.1ubuntu2 [161 kB]
conformance-and-platform	Install toolchain and Linux runtime dependencies	2026-10-05T15:16:58.5618356Z Get:99 http://azure.archive.ubuntu.com/ubuntu noble/main amd64 libfontconfig1-dev amd64 2.15.0-1.1ubuntu2 [1840 B]
conformance-and-platform	Install toolchain and Linux runtime dependencies	2026-10-05T15:16:58.6528095Z Get:100 http://azure.archive.ubuntu.com/ubuntu noble/universe amd64 libwinpr2-2t64 amd64 2.11.5+dfsg1-1build2 [350 kB]
conformance-and-platform	Install toolchain and Linux runtime dependencies	2026-10-05T15:16:58.7536734Z Get:101 http://azure.archive.ubuntu.com/ubuntu noble/universe amd64 libfreerdp2-2t64 amd64 2.11.5+dfsg1-1build2 [559 kB]
conformance-and-platform	Install toolchain and Linux runtime dependencies	2026-10-05T15:16:58.8725879Z Get:102 http://azure.archive.ubuntu.com/ubuntu noble/universe amd64 libfreerdp-server2-2t64 amd64 2.11.5+dfsg1-1build2 [108 kB]
conformance-and-platform	Install toolchain and Linux runtime dependencies	2026-10-05T15:16:58.9949662Z Get:103 http://azure.archive.ubuntu.com/ubuntu noble/main amd64 libgles1 amd64 1.7.0-1build1 [11.6 kB]
conformance-and-platform	Install toolchain and Linux runtime dependencies	2026-10-05T15:16:59.1066168Z Get:104 http://azure.archive.ubuntu.com/ubuntu noble/main amd64 libgles2 amd64 1.7.0-1build1 [17.1 kB]
conformance-and-platform	Install toolchain and Linux runtime dependencies	2026-10-05T15:16:59.2257303Z Get:105 http://azure.archive.ubuntu.com/ubuntu noble/main amd64 libgles-dev amd64 1.7.0-1build1 [50.5 kB]
conformance-and-platform	Install toolchain and Linux runtime dependencies	2026-10-05T15:16:59.3357454Z Get:106 http://azure.archive.ubuntu.com/ubuntu noble-updates/main amd64 liborc-0.4-0t64 amd64 1:0.4.38-1ubuntu0.1 [207 kB]
conformance-and-platform	Install toolchain and Linux runtime dependencies	2026-10-05T15:16:59.4556782Z Get:107 http://azure.archive.ubuntu.com/ubuntu noble-updates/main amd64 libgstreamer-plugins-base1.0-0 amd64 1.24.2-1ubuntu0.5 [862 kB]
conformance-and-platform	Install toolchain and Linux runtime dependencies	2026-10-05T15:16:59.5731880Z Get:108 http://azure.archive.ubuntu.com/ubuntu noble/main amd64 libwacom-common all 2.10.0-2 [63.4 kB]
conformance-and-platform	Install toolchain and Linux runtime dependencies	2026-10-05T15:16:59.6916863Z Get:109 http://azure.archive.ubuntu.com/ubuntu noble/main amd64 libwacom9 amd64 2.10.0-2 [23.9 kB]
conformance-and-platform	Install toolchain and Linux runtime dependencies	2026-10-05T15:16:59.8026349Z Get:110 http://azure.archive.ubuntu.com/ubuntu noble-updates/main amd64 libinput-bin amd64 1.25.0-1ubuntu3.7 [23.6 kB]
conformance-and-platform	Install toolchain and Linux runtime dependencies	2026-10-05T15:16:59.9283204Z Get:111 http://azure.archive.ubuntu.com/ubuntu noble/main amd64 libmtdev1t64 amd64 1.1.6-1.1build1 [14.4 kB]
conformance-and-platform	Install toolchain and Linux runtime dependencies	2026-10-05T15:17:00.0463496Z Get:112 http://azure.archive.ubuntu.com/ubuntu noble-updates/main amd64 libinput10 amd64 1.25.0-1ubuntu3.7 [133 kB]
conformance-and-platform	Install toolchain and Linux runtime dependencies	2026-10-05T15:17:00.0779004Z Get:113 http://azure.archive.ubuntu.com/ubuntu noble/universe amd64 libturbojpeg amd64 1:2.1.5-2ubuntu2 [192 kB]
conformance-and-platform	Install toolchain and Linux runtime dependencies	2026-10-05T15:17:00.1100741Z Get:114 http://azure.archive.ubuntu.com/ubuntu noble/universe amd64 libneatvnc0 amd64 0.7.1+dfsg-2build3 [55.7 kB]
conformance-and-platform	Install toolchain and Linux runtime dependencies	2026-10-05T15:17:00.1412533Z Get:115 http://azure.archive.ubuntu.com/ubuntu noble/main amd64 libopengl0 amd64 1.7.0-1build1 [32.8 kB]
conformance-and-platform	Install toolchain and Linux runtime dependencies	2026-10-05T15:17:00.1722956Z Get:116 http://azure.archive.ubuntu.com/ubuntu noble/main amd64 libopengl-dev amd64 1.7.0-1build1 [3454 B]
conformance-and-platform	Install toolchain and Linux runtime dependencies	2026-10-05T15:17:00.2033075Z Get:117 http://azure.archive.ubuntu.com/ubuntu noble/main amd64 libwebrtc-audio-processing1 amd64 0.3.1-0ubuntu6 [290 kB]
conformance-and-platform	Install toolchain and Linux runtime dependencies	2026-10-05T15:17:00.2355731Z Get:118 http://azure.archive.ubuntu.com/ubuntu noble-updates/main amd64 libspa-0.2-modules amd64 1.0.5-1ubuntu3.3 [628 kB]
conformance-and-platform	Install toolchain and Linux runtime dependencies	2026-10-05T15:17:00.2696639Z Get:119 http://azure.archive.ubuntu.com/ubuntu noble-updates/main amd64 libpipewire-0.3-0t64 amd64 1.0.5-1ubuntu3.3 [252 kB]
conformance-and-platform	Install toolchain and Linux runtime dependencies	2026-10-05T15:17:00.2981013Z Get:120 http://azure.archive.ubuntu.com/ubuntu noble/universe amd64 libseat1 amd64 0.8.0-1 [28.3 kB]
conformance-and-platform	Install toolchain and Linux runtime dependencies	2026-10-05T15:17:00.3691392Z Get:121 http://azure.archive.ubuntu.com/ubuntu noble/main amd64 libwayland-server0 amd64 1.22.0-2.1build1 [33.9 kB]
conformance-and-platform	Install toolchain and Linux runtime dependencies	2026-10-05T15:17:00.4030201Z Get:122 http://azure.archive.ubuntu.com/ubuntu noble/main amd64 libxcb-composite0 amd64 1.15-1ubuntu2 [5304 B]
conformance-and-platform	Install toolchain and Linux runtime dependencies	2026-10-05T15:17:00.4369824Z Get:123 http://azure.archive.ubuntu.com/ubuntu noble/main amd64 libxcb-xkb1 amd64 1.15-1ubuntu2 [32.3 kB]
conformance-and-platform	Install toolchain and Linux runtime dependencies	2026-10-05T15:17:00.4708274Z Get:124 http://azure.archive.ubuntu.com/ubuntu noble/universe amd64 libweston-13-0 amd64 13.0.0-4build3 [415 kB]
conformance-and-platform	Install toolchain and Linux runtime dependencies	2026-10-05T15:17:00.5070493Z Get:125 http://azure.archive.ubuntu.com/ubuntu noble/main amd64 libx11-xcb-dev amd64 2:1.8.7-1build1 [9950 B]
conformance-and-platform	Install toolchain and Linux runtime dependencies	2026-10-05T15:17:00.5410623Z Get:126 http://azure.archive.ubuntu.com/ubuntu noble/main amd64 libxkbcommon-dev amd64 1.6.0-1build1 [56.3 kB]
conformance-and-platform	Install toolchain and Linux runtime dependencies	2026-10-05T15:17:00.5756573Z Get:127 http://azure.archive.ubuntu.com/ubuntu noble/main amd64 libxkbcommon-x11-0 amd64 1.6.0-1build1 [14.5 kB]
conformance-and-platform	Install toolchain and Linux runtime dependencies	2026-10-05T15:17:00.6098093Z Get:128 http://azure.archive.ubuntu.com/ubuntu noble/universe amd64 mesa-utils-bin amd64 9.0.0-2 [164 kB]
conformance-and-platform	Install toolchain and Linux runtime dependencies	2026-10-05T15:17:00.6445871Z Get:129 http://azure.archive.ubuntu.com/ubuntu noble/universe amd64 ninja-build amd64 1.11.1-2 [129 kB]
conformance-and-platform	Install toolchain and Linux runtime dependencies	2026-10-05T15:17:00.6789557Z Get:130 http://azure.archive.ubuntu.com/ubuntu noble/universe amd64 weston amd64 13.0.0-4build3 [953 kB]
conformance-and-platform	Install toolchain and Linux runtime dependencies	2026-10-05T15:17:00.7203090Z Get:131 http://azure.archive.ubuntu.com/ubuntu noble/main amd64 libglvnd-core-dev amd64 1.7.0-1build1 [13.6 kB]
conformance-and-platform	Install toolchain and Linux runtime dependencies	2026-10-05T15:17:00.7554095Z Get:132 http://azure.archive.ubuntu.com/ubuntu noble/main amd64 libglvnd-dev amd64 1.7.0-1build1 [3198 B]
conformance-and-platform	Install toolchain and Linux runtime dependencies	2026-10-05T15:17:00.7928450Z Get:133 http://azure.archive.ubuntu.com/ubuntu noble-updates/main amd64 libgl1-mesa-dev amd64 25.2.8-0ubuntu0.24.04.4 [22.8 kB]
conformance-and-platform	Install toolchain and Linux runtime dependencies	2026-10-05T15:17:00.8249255Z Get:134 http://azure.archive.ubuntu.com/ubuntu noble/main amd64 libwayland-bin amd64 1.22.0-2.1build1 [20.6 kB]
conformance-and-platform	Install toolchain and Linux runtime dependencies	2026-10-05T15:17:00.8561113Z Get:135 http://azure.archive.ubuntu.com/ubuntu noble/main amd64 libwayland-dev amd64 1.22.0-2.1build1 [71.3 kB]
conformance-and-platform	Install toolchain and Linux runtime dependencies	2026-10-05T15:17:00.8876151Z Get:136 http://azure.archive.ubuntu.com/ubuntu noble/universe amd64 mesa-utils amd64 9.0.0-2 [1051 kB]
conformance-and-platform	Install toolchain and Linux runtime dependencies	2026-10-05T15:17:01.1750978Z Fetched 109 MB in 8s (13.1 MB/s)
conformance-and-platform	Install toolchain and Linux runtime dependencies	2026-10-05T15:17:01.2206865Z Selecting previously unselected package build-essential.
conformance-and-platform	Install toolchain and Linux runtime dependencies	2026-10-05T15:17:01.2388494Z (Reading database ... 
conformance-and-platform	Install toolchain and Linux runtime dependencies	2026-10-05T15:17:01.2388833Z (Reading database ... 5%
conformance-and-platform	Install toolchain and Linux runtime dependencies	2026-10-05T15:17:01.2389121Z (Reading database ... 10%
conformance-and-platform	Install toolchain and Linux runtime dependencies	2026-10-05T15:17:01.2389351Z (Reading database ... 15%
conformance-and-platform	Install toolchain and Linux runtime dependencies	2026-10-05T15:17:01.2389588Z (Reading database ... 20%
conformance-and-platform	Install toolchain and Linux runtime dependencies	2026-10-05T15:17:01.2389846Z (Reading database ... 25%
conformance-and-platform	Install toolchain and Linux runtime dependencies	2026-10-05T15:17:01.2390064Z (Reading database ... 30%
conformance-and-platform	Install toolchain and Linux runtime dependencies	2026-10-05T15:17:01.2390296Z (Reading database ... 35%
conformance-and-platform	Install toolchain and Linux runtime dependencies	2026-10-05T15:17:01.2390575Z (Reading database ... 40%
conformance-and-platform	Install toolchain and Linux runtime dependencies	2026-10-05T15:17:01.2391338Z (Reading database ... 45%
conformance-and-platform	Install toolchain and Linux runtime dependencies	2026-10-05T15:17:01.2391637Z (Reading database ... 50%
conformance-and-platform	Install toolchain and Linux runtime dependencies	2026-10-05T15:17:01.2435247Z (Reading database ... 55%
conformance-and-platform	Install toolchain and Linux runtime dependencies	2026-10-05T15:17:01.3856514Z (Reading database ... 60%
conformance-and-platform	Install toolchain and Linux runtime dependencies	2026-10-05T15:17:01.5926454Z (Reading database ... 65%
conformance-and-platform	Install toolchain and Linux runtime dependencies	2026-10-05T15:17:01.7964949Z (Reading database ... 70%
conformance-and-platform	Install toolchain and Linux runtime dependencies	2026-10-05T15:17:01.9494513Z (Reading database ... 75%
conformance-and-platform	Install toolchain and Linux runtime dependencies	2026-10-05T15:17:02.1423395Z (Reading database ... 80%
conformance-and-platform	Install toolchain and Linux runtime dependencies	2026-10-05T15:17:02.3468765Z (Reading database ... 85%
conformance-and-platform	Install toolchain and Linux runtime dependencies	2026-10-05T15:17:02.5369903Z (Reading database ... 90%
conformance-and-platform	Install toolchain and Linux runtime dependencies	2026-10-05T15:17:02.7020393Z (Reading database ... 95%
conformance-and-platform	Install toolchain and Linux runtime dependencies	2026-10-05T15:17:02.7020948Z (Reading database ... 100%
conformance-and-platform	Install toolchain and Linux runtime dependencies	2026-10-05T15:17:02.7021643Z (Reading database ... 202296 files and directories currently installed.)
conformance-and-platform	Install toolchain and Linux runtime dependencies	2026-10-05T15:17:02.7061783Z Preparing to unpack .../000-build-essential_12.10ubuntu1_amd64.deb ...
conformance-and-platform	Install toolchain and Linux runtime dependencies	2026-10-05T15:17:02.7146161Z Unpacking build-essential (12.10ubuntu1) ...
conformance-and-platform	Install toolchain and Linux runtime dependencies	2026-10-05T15:17:02.7318238Z Selecting previously unselected package clang.
conformance-and-platform	Install toolchain and Linux runtime dependencies	2026-10-05T15:17:02.7407481Z Preparing to unpack .../001-clang_1%3a18.0-59~exp2_amd64.deb ...
conformance-and-platform	Install toolchain and Linux runtime dependencies	2026-10-05T15:17:02.7416259Z Unpacking clang (1:18.0-59~exp2) ...
conformance-and-platform	Install toolchain and Linux runtime dependencies	2026-10-05T15:17:02.7604849Z Selecting previously unselected package libaml0t64:amd64.
conformance-and-platform	Install toolchain and Linux runtime dependencies	2026-10-05T15:17:02.7693861Z Preparing to unpack .../002-libaml0t64_0.3.0-1.1build1_amd64.deb ...
conformance-and-platform	Install toolchain and Linux runtime dependencies	2026-10-05T15:17:02.7713239Z Unpacking libaml0t64:amd64 (0.3.0-1.1build1) ...
conformance-and-platform	Install toolchain and Linux runtime dependencies	2026-10-05T15:17:02.7884705Z Selecting previously unselected package libunibreak5:amd64.
conformance-and-platform	Install toolchain and Linux runtime dependencies	2026-10-05T15:17:02.7971700Z Preparing to unpack .../003-libunibreak5_5.1-2build1_amd64.deb ...
conformance-and-platform	Install toolchain and Linux runtime dependencies	2026-10-05T15:17:02.7979198Z Unpacking libunibreak5:amd64 (5.1-2build1) ...
conformance-and-platform	Install toolchain and Linux runtime dependencies	2026-10-05T15:17:02.8136996Z Selecting previously unselected package libass9:amd64.
conformance-and-platform	Install toolchain and Linux runtime dependencies	2026-10-05T15:17:02.8225410Z Preparing to unpack .../004-libass9_1%3a0.17.1-2build1_amd64.deb ...
conformance-and-platform	Install toolchain and Linux runtime dependencies	2026-10-05T15:17:02.8233701Z Unpacking libass9:amd64 (1:0.17.1-2build1) ...
conformance-and-platform	Install toolchain and Linux runtime dependencies	2026-10-05T15:17:02.8391608Z Selecting previously unselected package libasyncns0:amd64.
conformance-and-platform	Install toolchain and Linux runtime dependencies	2026-10-05T15:17:02.8473989Z Preparing to unpack .../005-libasyncns0_0.8-6build4_amd64.deb ...
conformance-and-platform	Install toolchain and Linux runtime dependencies	2026-10-05T15:17:02.8481529Z Unpacking libasyncns0:amd64 (0.8-6build4) ...
conformance-and-platform	Install toolchain and Linux runtime dependencies	2026-10-05T15:17:02.8629473Z Selecting previously unselected package libva2:amd64.
conformance-and-platform	Install toolchain and Linux runtime dependencies	2026-10-05T15:17:02.8716259Z Preparing to unpack .../006-libva2_2.20.0-2ubuntu0.2_amd64.deb ...
conformance-and-platform	Install toolchain and Linux runtime dependencies	2026-10-05T15:17:02.8724789Z Unpacking libva2:amd64 (2.20.0-2ubuntu0.2) ...
conformance-and-platform	Install toolchain and Linux runtime dependencies	2026-10-05T15:17:02.8903022Z Selecting previously unselected package libva-drm2:amd64.
conformance-and-platform	Install toolchain and Linux runtime dependencies	2026-10-05T15:17:02.8985700Z Preparing to unpack .../007-libva-drm2_2.20.0-2ubuntu0.2_amd64.deb ...
conformance-and-platform	Install toolchain and Linux runtime dependencies	2026-10-05T15:17:02.8993492Z Unpacking libva-drm2:amd64 (2.20.0-2ubuntu0.2) ...
conformance-and-platform	Install toolchain and Linux runtime dependencies	2026-10-05T15:17:02.9280967Z Selecting previously unselected package libva-x11-2:amd64.
conformance-and-platform	Install toolchain and Linux runtime dependencies	2026-10-05T15:17:02.9366116Z Preparing to unpack .../008-libva-x11-2_2.20.0-2ubuntu0.2_amd64.deb ...
conformance-and-platform	Install toolchain and Linux runtime dependencies	2026-10-05T15:17:02.9374196Z Unpacking libva-x11-2:amd64 (2.20.0-2ubuntu0.2) ...
conformance-and-platform	Install toolchain and Linux runtime dependencies	2026-10-05T15:17:02.9529973Z Selecting previously unselected package libvdpau1:amd64.
conformance-and-platform	Install toolchain and Linux runtime dependencies	2026-10-05T15:17:02.9613926Z Preparing to unpack .../009-libvdpau1_1.5-2build1_amd64.deb ...
conformance-and-platform	Install toolchain and Linux runtime dependencies	2026-10-05T15:17:02.9622234Z Unpacking libvdpau1:amd64 (1.5-2build1) ...
conformance-and-platform	Install toolchain and Linux runtime dependencies	2026-10-05T15:17:02.9776204Z Selecting previously unselected package libvpl2.
conformance-and-platform	Install toolchain and Linux runtime dependencies	2026-10-05T15:17:02.9860685Z Preparing to unpack .../010-libvpl2_2023.3.0-1build1_amd64.deb ...
conformance-and-platform	Install toolchain and Linux runtime dependencies	2026-10-05T15:17:02.9870162Z Unpacking libvpl2 (2023.3.0-1build1) ...
conformance-and-platform	Install toolchain and Linux runtime dependencies	2026-10-05T15:17:03.0039207Z Selecting previously unselected package ocl-icd-libopencl1:amd64.
conformance-and-platform	Install toolchain and Linux runtime dependencies	2026-10-05T15:17:03.0123909Z Preparing to unpack .../011-ocl-icd-libopencl1_2.3.2-1build1_amd64.deb ...
conformance-and-platform	Install toolchain and Linux runtime dependencies	2026-10-05T15:17:03.0131741Z Unpacking ocl-icd-libopencl1:amd64 (2.3.2-1build1) ...
conformance-and-platform	Install toolchain and Linux runtime dependencies	2026-10-05T15:17:03.0392393Z Selecting previously unselected package libavutil58:amd64.
conformance-and-platform	Install toolchain and Linux runtime dependencies	2026-10-05T15:17:03.0479256Z Preparing to unpack .../012-libavutil58_7%3a6.1.1-3ubuntu5_amd64.deb ...
conformance-and-platform	Install toolchain and Linux runtime dependencies	2026-10-05T15:17:03.0487775Z Unpacking libavutil58:amd64 (7:6.1.1-3ubuntu5) ...
conformance-and-platform	Install toolchain and Linux runtime dependencies	2026-10-05T15:17:03.0676584Z Selecting previously unselected package libcodec2-1.2:amd64.
conformance-and-platform	Install toolchain and Linux runtime dependencies	2026-10-05T15:17:03.0763022Z Preparing to unpack .../013-libcodec2-1.2_1.2.0-2build1_amd64.deb ...
conformance-and-platform	Install toolchain and Linux runtime dependencies	2026-10-05T15:17:03.0771199Z Unpacking libcodec2-1.2:amd64 (1.2.0-2build1) ...
conformance-and-platform	Install toolchain and Linux runtime dependencies	2026-10-05T15:17:03.2302608Z Selecting previously unselected package libdav1d7:amd64.
conformance-and-platform	Install toolchain and Linux runtime dependencies	2026-10-05T15:17:03.2395572Z Preparing to unpack .../014-libdav1d7_1.4.1-1build1_amd64.deb ...
conformance-and-platform	Install toolchain and Linux runtime dependencies	2026-10-05T15:17:03.2403883Z Unpacking libdav1d7:amd64 (1.4.1-1build1) ...
conformance-and-platform	Install toolchain and Linux runtime dependencies	2026-10-05T15:17:03.2611182Z Selecting previously unselected package libgsm1:amd64.
conformance-and-platform	Install toolchain and Linux runtime dependencies	2026-10-05T15:17:03.2697914Z Preparing to unpack .../015-libgsm1_1.0.22-1build1_amd64.deb ...
conformance-and-platform	Install toolchain and Linux runtime dependencies	2026-10-05T15:17:03.2706183Z Unpacking libgsm1:amd64 (1.0.22-1build1) ...
conformance-and-platform	Install toolchain and Linux runtime dependencies	2026-10-05T15:17:03.2855638Z Selecting previously unselected package libhwy1t64:amd64.
conformance-and-platform	Install toolchain and Linux runtime dependencies	2026-10-05T15:17:03.2935533Z Preparing to unpack .../016-libhwy1t64_1.0.7-8.1build1_amd64.deb ...
conformance-and-platform	Install toolchain and Linux runtime dependencies	2026-10-05T15:17:03.2943451Z Unpacking libhwy1t64:amd64 (1.0.7-8.1build1) ...
conformance-and-platform	Install toolchain and Linux runtime dependencies	2026-10-05T15:17:03.3281570Z Selecting previously unselected package libjxl0.7:amd64.
conformance-and-platform	Install toolchain and Linux runtime dependencies	2026-10-05T15:17:03.3365725Z Preparing to unpack .../017-libjxl0.7_0.7.0-10.2ubuntu6.1_amd64.deb ...
conformance-and-platform	Install toolchain and Linux runtime dependencies	2026-10-05T15:17:03.3374798Z Unpacking libjxl0.7:amd64 (0.7.0-10.2ubuntu6.1) ...
conformance-and-platform	Install toolchain and Linux runtime dependencies	2026-10-05T15:17:03.3678814Z Selecting previously unselected package libmp3lame0:amd64.
conformance-and-platform	Install toolchain and Linux runtime dependencies	2026-10-05T15:17:03.3762171Z Preparing to unpack .../018-libmp3lame0_3.100-6build1_amd64.deb ...
conformance-and-platform	Install toolchain and Linux runtime dependencies	2026-10-05T15:17:03.3771209Z Unpacking libmp3lame0:amd64 (3.100-6build1) ...
conformance-and-platform	Install toolchain and Linux runtime dependencies	2026-10-05T15:17:03.3939185Z Selecting previously unselected package libopus0:amd64.
conformance-and-platform	Install toolchain and Linux runtime dependencies	2026-10-05T15:17:03.4019977Z Preparing to unpack .../019-libopus0_1.4-1build1_amd64.deb ...
conformance-and-platform	Install toolchain and Linux runtime dependencies	2026-10-05T15:17:03.4027090Z Unpacking libopus0:amd64 (1.4-1build1) ...
conformance-and-platform	Install toolchain and Linux runtime dependencies	2026-10-05T15:17:03.4363098Z Selecting previously unselected package librav1e0:amd64.
conformance-and-platform	Install toolchain and Linux runtime dependencies	2026-10-05T15:17:03.4448294Z Preparing to unpack .../020-librav1e0_0.7.1-2_amd64.deb ...
conformance-and-platform	Install toolchain and Linux runtime dependencies	2026-10-05T15:17:03.4456104Z Unpacking librav1e0:amd64 (0.7.1-2) ...
conformance-and-platform	Install toolchain and Linux runtime dependencies	2026-10-05T15:17:03.4766978Z Selecting previously unselected package librsvg2-2:amd64.
conformance-and-platform	Install toolchain and Linux runtime dependencies	2026-10-05T15:17:03.4845732Z Preparing to unpack .../021-librsvg2-2_2.58.0+dfsg-1build1_amd64.deb ...
conformance-and-platform	Install toolchain and Linux runtime dependencies	2026-10-05T15:17:03.4853855Z Unpacking librsvg2-2:amd64 (2.58.0+dfsg-1build1) ...
conformance-and-platform	Install toolchain and Linux runtime dependencies	2026-10-05T15:17:03.5467983Z Selecting previously unselected package libshine3:amd64.
conformance-and-platform	Install toolchain and Linux runtime dependencies	2026-10-05T15:17:03.5546325Z Preparing to unpack .../022-libshine3_3.1.1-2build1_amd64.deb ...
conformance-and-platform	Install toolchain and Linux runtime dependencies	2026-10-05T15:17:03.5555647Z Unpacking libshine3:amd64 (3.1.1-2build1) ...
conformance-and-platform	Install toolchain and Linux runtime dependencies	2026-10-05T15:17:03.5700971Z Selecting previously unselected package libspeex1:amd64.
conformance-and-platform	Install toolchain and Linux runtime dependencies	2026-10-05T15:17:03.5779184Z Preparing to unpack .../023-libspeex1_1.2.1-2ubuntu2.24.04.1_amd64.deb ...
conformance-and-platform	Install toolchain and Linux runtime dependencies	2026-10-05T15:17:03.5787626Z Unpacking libspeex1:amd64 (1.2.1-2ubuntu2.24.04.1) ...
conformance-and-platform	Install toolchain and Linux runtime dependencies	2026-10-05T15:17:03.5932760Z Selecting previously unselected package libsvtav1enc1d1:amd64.
conformance-and-platform	Install toolchain and Linux runtime dependencies	2026-10-05T15:17:03.6010635Z Preparing to unpack .../024-libsvtav1enc1d1_1.7.0+dfsg-2build1_amd64.deb ...
conformance-and-platform	Install toolchain and Linux runtime dependencies	2026-10-05T15:17:03.6020276Z Unpacking libsvtav1enc1d1:amd64 (1.7.0+dfsg-2build1) ...
conformance-and-platform	Install toolchain and Linux runtime dependencies	2026-10-05T15:17:03.6889005Z Selecting previously unselected package libsoxr0:amd64.
conformance-and-platform	Install toolchain and Linux runtime dependencies	2026-10-05T15:17:03.6977069Z Preparing to unpack .../025-libsoxr0_0.1.3-4build3_amd64.deb ...
conformance-and-platform	Install toolchain and Linux runtime dependencies	2026-10-05T15:17:03.6985842Z Unpacking libsoxr0:amd64 (0.1.3-4build3) ...
conformance-and-platform	Install toolchain and Linux runtime dependencies	2026-10-05T15:17:03.7144164Z Selecting previously unselected package libswresample4:amd64.
conformance-and-platform	Install toolchain and Linux runtime dependencies	2026-10-05T15:17:03.7227844Z Preparing to unpack .../026-libswresample4_7%3a6.1.1-3ubuntu5_amd64.deb ...
conformance-and-platform	Install toolchain and Linux runtime dependencies	2026-10-05T15:17:03.7235618Z Unpacking libswresample4:amd64 (7:6.1.1-3ubuntu5) ...
conformance-and-platform	Install toolchain and Linux runtime dependencies	2026-10-05T15:17:03.7393866Z Selecting previously unselected package libtheora0:amd64.
conformance-and-platform	Install toolchain and Linux runtime dependencies	2026-10-05T15:17:03.7475101Z Preparing to unpack .../027-libtheora0_1.1.1+dfsg.1-16.1build3_amd64.deb ...
conformance-and-platform	Install toolchain and Linux runtime dependencies	2026-10-05T15:17:03.7483299Z Unpacking libtheora0:amd64 (1.1.1+dfsg.1-16.1build3) ...
conformance-and-platform	Install toolchain and Linux runtime dependencies	2026-10-05T15:17:03.7659530Z Selecting previously unselected package libtwolame0:amd64.
conformance-and-platform	Install toolchain and Linux runtime dependencies	2026-10-05T15:17:03.7739322Z Preparing to unpack .../028-libtwolame0_0.4.0-2build3_amd64.deb ...
conformance-and-platform	Install toolchain and Linux runtime dependencies	2026-10-05T15:17:03.7747376Z Unpacking libtwolame0:amd64 (0.4.0-2build3) ...
conformance-and-platform	Install toolchain and Linux runtime dependencies	2026-10-05T15:17:03.7899158Z Selecting previously unselected package libvorbisenc2:amd64.
conformance-and-platform	Install toolchain and Linux runtime dependencies	2026-10-05T15:17:03.7978597Z Preparing to unpack .../029-libvorbisenc2_1.3.7-1build3_amd64.deb ...
conformance-and-platform	Install toolchain and Linux runtime dependencies	2026-10-05T15:17:03.7987103Z Unpacking libvorbisenc2:amd64 (1.3.7-1build3) ...
conformance-and-platform	Install toolchain and Linux runtime dependencies	2026-10-05T15:17:03.8157676Z Selecting previously unselected package libvpx9:amd64.
conformance-and-platform	Install toolchain and Linux runtime dependencies	2026-10-05T15:17:03.8236574Z Preparing to unpack .../030-libvpx9_1.14.0-1ubuntu2.3_amd64.deb ...
conformance-and-platform	Install toolchain and Linux runtime dependencies	2026-10-05T15:17:03.8246659Z Unpacking libvpx9:amd64 (1.14.0-1ubuntu2.3) ...
conformance-and-platform	Install toolchain and Linux runtime dependencies	2026-10-05T15:17:03.8566782Z Selecting previously unselected package libx264-164:amd64.
conformance-and-platform	Install toolchain and Linux runtime dependencies	2026-10-05T15:17:03.8648394Z Preparing to unpack .../031-libx264-164_2%3a0.164.3108+git31e19f9-1_amd64.deb ...
conformance-and-platform	Install toolchain and Linux runtime dependencies	2026-10-05T15:17:03.8658761Z Unpacking libx264-164:amd64 (2:0.164.3108+git31e19f9-1) ...
conformance-and-platform	Install toolchain and Linux runtime dependencies	2026-10-05T15:17:03.9060492Z Selecting previously unselected package libx265-199:amd64.
conformance-and-platform	Install toolchain and Linux runtime dependencies	2026-10-05T15:17:03.9145613Z Preparing to unpack .../032-libx265-199_3.5-2build1_amd64.deb ...
conformance-and-platform	Install toolchain and Linux runtime dependencies	2026-10-05T15:17:03.9154629Z Unpacking libx265-199:amd64 (3.5-2build1) ...
conformance-and-platform	Install toolchain and Linux runtime dependencies	2026-10-05T15:17:04.0359001Z Selecting previously unselected package libxvidcore4:amd64.
conformance-and-platform	Install toolchain and Linux runtime dependencies	2026-10-05T15:17:04.0455771Z Preparing to unpack .../033-libxvidcore4_2%3a1.3.7-1build1_amd64.deb ...
conformance-and-platform	Install toolchain and Linux runtime dependencies	2026-10-05T15:17:04.0464447Z Unpacking libxvidcore4:amd64 (2:1.3.7-1build1) ...
conformance-and-platform	Install toolchain and Linux runtime dependencies	2026-10-05T15:17:04.0631134Z Selecting previously unselected package libzvbi-common.
conformance-and-platform	Install toolchain and Linux runtime dependencies	2026-10-05T15:17:04.0725552Z Preparing to unpack .../034-libzvbi-common_0.2.42-2_all.deb ...
conformance-and-platform	Install toolchain and Linux runtime dependencies	2026-10-05T15:17:04.0734093Z Unpacking libzvbi-common (0.2.42-2) ...
conformance-and-platform	Install toolchain and Linux runtime dependencies	2026-10-05T15:17:04.1421806Z Selecting previously unselected package libzvbi0t64:amd64.
conformance-and-platform	Install toolchain and Linux runtime dependencies	2026-10-05T15:17:04.1517397Z Preparing to unpack .../035-libzvbi0t64_0.2.42-2_amd64.deb ...
conformance-and-platform	Install toolchain and Linux runtime dependencies	2026-10-05T15:17:04.1525568Z Unpacking libzvbi0t64:amd64 (0.2.42-2) ...
conformance-and-platform	Install toolchain and Linux runtime dependencies	2026-10-05T15:17:04.1739983Z Selecting previously unselected package libavcodec60:amd64.
conformance-and-platform	Install toolchain and Linux runtime dependencies	2026-10-05T15:17:04.1832975Z Preparing to unpack .../036-libavcodec60_7%3a6.1.1-3ubuntu5_amd64.deb ...
conformance-and-platform	Install toolchain and Linux runtime dependencies	2026-10-05T15:17:04.1841982Z Unpacking libavcodec60:amd64 (7:6.1.1-3ubuntu5) ...
conformance-and-platform	Install toolchain and Linux runtime dependencies	2026-10-05T15:17:04.3483361Z Selecting previously unselected package libudfread0:amd64.
conformance-and-platform	Install toolchain and Linux runtime dependencies	2026-10-05T15:17:04.3583146Z Preparing to unpack .../037-libudfread0_1.1.2-1build1_amd64.deb ...
conformance-and-platform	Install toolchain and Linux runtime dependencies	2026-10-05T15:17:04.3591350Z Unpacking libudfread0:amd64 (1.1.2-1build1) ...
conformance-and-platform	Install toolchain and Linux runtime dependencies	2026-10-05T15:17:04.3751507Z Selecting previously unselected package libbluray2:amd64.
conformance-and-platform	Install toolchain and Linux runtime dependencies	2026-10-05T15:17:04.3848679Z Preparing to unpack .../038-libbluray2_1%3a1.3.4-1build1_amd64.deb ...
conformance-and-platform	Install toolchain and Linux runtime dependencies	2026-10-05T15:17:04.3857806Z Unpacking libbluray2:amd64 (1:1.3.4-1build1) ...
conformance-and-platform	Install toolchain and Linux runtime dependencies	2026-10-05T15:17:04.4026420Z Selecting previously unselected package libchromaprint1:amd64.
conformance-and-platform	Install toolchain and Linux runtime dependencies	2026-10-05T15:17:04.4119954Z Preparing to unpack .../039-libchromaprint1_1.5.1-5_amd64.deb ...
conformance-and-platform	Install toolchain and Linux runtime dependencies	2026-10-05T15:17:04.4128125Z Unpacking libchromaprint1:amd64 (1.5.1-5) ...
conformance-and-platform	Install toolchain and Linux runtime dependencies	2026-10-05T15:17:04.4287185Z Selecting previously unselected package libgme0:amd64.
conformance-and-platform	Install toolchain and Linux runtime dependencies	2026-10-05T15:17:04.4381465Z Preparing to unpack .../040-libgme0_0.6.3-7build1_amd64.deb ...
conformance-and-platform	Install toolchain and Linux runtime dependencies	2026-10-05T15:17:04.4390942Z Unpacking libgme0:amd64 (0.6.3-7build1) ...
conformance-and-platform	Install toolchain and Linux runtime dependencies	2026-10-05T15:17:04.4559147Z Selecting previously unselected package libmpg123-0t64:amd64.
conformance-and-platform	Install toolchain and Linux runtime dependencies	2026-10-05T15:17:04.4650499Z Preparing to unpack .../041-libmpg123-0t64_1.32.5-1ubuntu1.1_amd64.deb ...
conformance-and-platform	Install toolchain and Linux runtime dependencies	2026-10-05T15:17:04.4660196Z Unpacking libmpg123-0t64:amd64 (1.32.5-1ubuntu1.1) ...
conformance-and-platform	Install toolchain and Linux runtime dependencies	2026-10-05T15:17:04.4836431Z Selecting previously unselected package libopenmpt0t64:amd64.
conformance-and-platform	Install toolchain and Linux runtime dependencies	2026-10-05T15:17:04.4916814Z Preparing to unpack .../042-libopenmpt0t64_0.7.3-1.1build3_amd64.deb ...
conformance-and-platform	Install toolchain and Linux runtime dependencies	2026-10-05T15:17:04.4923822Z Unpacking libopenmpt0t64:amd64 (0.7.3-1.1build3) ...
conformance-and-platform	Install toolchain and Linux runtime dependencies	2026-10-05T15:17:04.5134482Z Selecting previously unselected package libcjson1:amd64.
conformance-and-platform	Install toolchain and Linux runtime dependencies	2026-10-05T15:17:04.5216205Z Preparing to unpack .../043-libcjson1_1.7.17-1_amd64.deb ...
conformance-and-platform	Install toolchain and Linux runtime dependencies	2026-10-05T15:17:04.5225244Z Unpacking libcjson1:amd64 (1.7.17-1) ...
conformance-and-platform	Install toolchain and Linux runtime dependencies	2026-10-05T15:17:04.5376929Z Selecting previously unselected package libmbedcrypto7t64:amd64.
conformance-and-platform	Install toolchain and Linux runtime dependencies	2026-10-05T15:17:04.5461303Z Preparing to unpack .../044-libmbedcrypto7t64_2.28.8-1_amd64.deb ...
conformance-and-platform	Install toolchain and Linux runtime dependencies	2026-10-05T15:17:04.5551152Z Unpacking libmbedcrypto7t64:amd64 (2.28.8-1) ...
conformance-and-platform	Install toolchain and Linux runtime dependencies	2026-10-05T15:17:04.5731152Z Selecting previously unselected package librist4:amd64.
conformance-and-platform	Install toolchain and Linux runtime dependencies	2026-10-05T15:17:04.5813769Z Preparing to unpack .../045-librist4_0.2.10+dfsg-2_amd64.deb ...
conformance-and-platform	Install toolchain and Linux runtime dependencies	2026-10-05T15:17:04.5822058Z Unpacking librist4:amd64 (0.2.10+dfsg-2) ...
conformance-and-platform	Install toolchain and Linux runtime dependencies	2026-10-05T15:17:04.5976451Z Selecting previously unselected package libsrt1.5-gnutls:amd64.
conformance-and-platform	Install toolchain and Linux runtime dependencies	2026-10-05T15:17:04.6058502Z Preparing to unpack .../046-libsrt1.5-gnutls_1.5.3-1build2_amd64.deb ...
conformance-and-platform	Install toolchain and Linux runtime dependencies	2026-10-05T15:17:04.6067534Z Unpacking libsrt1.5-gnutls:amd64 (1.5.3-1build2) ...
conformance-and-platform	Install toolchain and Linux runtime dependencies	2026-10-05T15:17:04.6249116Z Selecting previously unselected package libssh-gcrypt-4:amd64.
conformance-and-platform	Install toolchain and Linux runtime dependencies	2026-10-05T15:17:04.6331341Z Preparing to unpack .../047-libssh-gcrypt-4_0.10.6-2ubuntu0.5_amd64.deb ...
conformance-and-platform	Install toolchain and Linux runtime dependencies	2026-10-05T15:17:04.6340669Z Unpacking libssh-gcrypt-4:amd64 (0.10.6-2ubuntu0.5) ...
conformance-and-platform	Install toolchain and Linux runtime dependencies	2026-10-05T15:17:04.6516318Z Selecting previously unselected package libavformat60:amd64.
conformance-and-platform	Install toolchain and Linux runtime dependencies	2026-10-05T15:17:04.6599821Z Preparing to unpack .../048-libavformat60_7%3a6.1.1-3ubuntu5_amd64.deb ...
conformance-and-platform	Install toolchain and Linux runtime dependencies	2026-10-05T15:17:04.6607943Z Unpacking libavformat60:amd64 (7:6.1.1-3ubuntu5) ...
conformance-and-platform	Install toolchain and Linux runtime dependencies	2026-10-05T15:17:04.6906783Z Selecting previously unselected package libbs2b0:amd64.
conformance-and-platform	Install toolchain and Linux runtime dependencies	2026-10-05T15:17:04.6991236Z Preparing to unpack .../049-libbs2b0_3.1.0+dfsg-7build1_amd64.deb ...
conformance-and-platform	Install toolchain and Linux runtime dependencies	2026-10-05T15:17:04.6999460Z Unpacking libbs2b0:amd64 (3.1.0+dfsg-7build1) ...
conformance-and-platform	Install toolchain and Linux runtime dependencies	2026-10-05T15:17:04.7168230Z Selecting previously unselected package libflite1:amd64.
conformance-and-platform	Install toolchain and Linux runtime dependencies	2026-10-05T15:17:04.7256324Z Preparing to unpack .../050-libflite1_2.2-6build3_amd64.deb ...
conformance-and-platform	Install toolchain and Linux runtime dependencies	2026-10-05T15:17:04.7265251Z Unpacking libflite1:amd64 (2.2-6build3) ...
conformance-and-platform	Install toolchain and Linux runtime dependencies	2026-10-05T15:17:04.8922563Z Selecting previously unselected package libserd-0-0:amd64.
conformance-and-platform	Install toolchain and Linux runtime dependencies	2026-10-05T15:17:04.9025765Z Preparing to unpack .../051-libserd-0-0_0.32.2-1_amd64.deb ...
conformance-and-platform	Install toolchain and Linux runtime dependencies	2026-10-05T15:17:04.9035426Z Unpacking libserd-0-0:amd64 (0.32.2-1) ...
conformance-and-platform	Install toolchain and Linux runtime dependencies	2026-10-05T15:17:04.9200399Z Selecting previously unselected package libzix-0-0:amd64.
conformance-and-platform	Install toolchain and Linux runtime dependencies	2026-10-05T15:17:04.9298445Z Preparing to unpack .../052-libzix-0-0_0.4.2-2build1_amd64.deb ...
conformance-and-platform	Install toolchain and Linux runtime dependencies	2026-10-05T15:17:04.9307637Z Unpacking libzix-0-0:amd64 (0.4.2-2build1) ...
conformance-and-platform	Install toolchain and Linux runtime dependencies	2026-10-05T15:17:04.9464340Z Selecting previously unselected package libsord-0-0:amd64.
conformance-and-platform	Install toolchain and Linux runtime dependencies	2026-10-05T15:17:04.9549173Z Preparing to unpack .../053-libsord-0-0_0.16.16-2build1_amd64.deb ...
conformance-and-platform	Install toolchain and Linux runtime dependencies	2026-10-05T15:17:04.9558784Z Unpacking libsord-0-0:amd64 (0.16.16-2build1) ...
conformance-and-platform	Install toolchain and Linux runtime dependencies	2026-10-05T15:17:04.9709163Z Selecting previously unselected package libsratom-0-0:amd64.
conformance-and-platform	Install toolchain and Linux runtime dependencies	2026-10-05T15:17:04.9796075Z Preparing to unpack .../054-libsratom-0-0_0.6.16-1build1_amd64.deb ...
conformance-and-platform	Install toolchain and Linux runtime dependencies	2026-10-05T15:17:04.9804490Z Unpacking libsratom-0-0:amd64 (0.6.16-1build1) ...
conformance-and-platform	Install toolchain and Linux runtime dependencies	2026-10-05T15:17:05.0154368Z Selecting previously unselected package liblilv-0-0:amd64.
conformance-and-platform	Install toolchain and Linux runtime dependencies	2026-10-05T15:17:05.0237707Z Preparing to unpack .../055-liblilv-0-0_0.24.22-1build1_amd64.deb ...
conformance-and-platform	Install toolchain and Linux runtime dependencies	2026-10-05T15:17:05.0246809Z Unpacking liblilv-0-0:amd64 (0.24.22-1build1) ...
conformance-and-platform	Install toolchain and Linux runtime dependencies	2026-10-05T15:17:05.0413350Z Selecting previously unselected package libmysofa1:amd64.
conformance-and-platform	Install toolchain and Linux runtime dependencies	2026-10-05T15:17:05.0493904Z Preparing to unpack .../056-libmysofa1_1.3.2+dfsg-2ubuntu2_amd64.deb ...
conformance-and-platform	Install toolchain and Linux runtime dependencies	2026-10-05T15:17:05.0504098Z Unpacking libmysofa1:amd64 (1.3.2+dfsg-2ubuntu2) ...
conformance-and-platform	Install toolchain and Linux runtime dependencies	2026-10-05T15:17:05.0691738Z Selecting previously unselected package libplacebo338:amd64.
conformance-and-platform	Install toolchain and Linux runtime dependencies	2026-10-05T15:17:05.0784697Z Preparing to unpack .../057-libplacebo338_6.338.2-2build1_amd64.deb ...
conformance-and-platform	Install toolchain and Linux runtime dependencies	2026-10-05T15:17:05.0794381Z Unpacking libplacebo338:amd64 (6.338.2-2build1) ...
conformance-and-platform	Install toolchain and Linux runtime dependencies	2026-10-05T15:17:05.1597800Z Selecting previously unselected package libblas3:amd64.
conformance-and-platform	Install toolchain and Linux runtime dependencies	2026-10-05T15:17:05.1692101Z Preparing to unpack .../058-libblas3_3.12.0-3build1.1_amd64.deb ...
conformance-and-platform	Install toolchain and Linux runtime dependencies	2026-10-05T15:17:05.1717337Z Unpacking libblas3:amd64 (3.12.0-3build1.1) ...
conformance-and-platform	Install toolchain and Linux runtime dependencies	2026-10-05T15:17:05.1904868Z Selecting previously unselected package liblapack3:amd64.
conformance-and-platform	Install toolchain and Linux runtime dependencies	2026-10-05T15:17:05.1995871Z Preparing to unpack .../059-liblapack3_3.12.0-3build1.1_amd64.deb ...
conformance-and-platform	Install toolchain and Linux runtime dependencies	2026-10-05T15:17:05.2020358Z Unpacking liblapack3:amd64 (3.12.0-3build1.1) ...
conformance-and-platform	Install toolchain and Linux runtime dependencies	2026-10-05T15:17:05.9576124Z Selecting previously unselected package libflac12t64:amd64.
conformance-and-platform	Install toolchain and Linux runtime dependencies	2026-10-05T15:17:05.9685505Z Preparing to unpack .../060-libflac12t64_1.4.3+ds-2.1ubuntu2_amd64.deb ...
conformance-and-platform	Install toolchain and Linux runtime dependencies	2026-10-05T15:17:05.9696502Z Unpacking libflac12t64:amd64 (1.4.3+ds-2.1ubuntu2) ...
conformance-and-platform	Install toolchain and Linux runtime dependencies	2026-10-05T15:17:05.9882812Z Selecting previously unselected package libsndfile1:amd64.
conformance-and-platform	Install toolchain and Linux runtime dependencies	2026-10-05T15:17:05.9985819Z Preparing to unpack .../061-libsndfile1_1.2.2-1ubuntu5.24.04.1_amd64.deb ...
conformance-and-platform	Install toolchain and Linux runtime dependencies	2026-10-05T15:17:05.9995307Z Unpacking libsndfile1:amd64 (1.2.2-1ubuntu5.24.04.1) ...
conformance-and-platform	Install toolchain and Linux runtime dependencies	2026-10-05T15:17:06.0209036Z Selecting previously unselected package libpulse0:amd64.
conformance-and-platform	Install toolchain and Linux runtime dependencies	2026-10-05T15:17:06.0306439Z Preparing to unpack .../062-libpulse0_1%3a16.1+dfsg1-2ubuntu10.1_amd64.deb ...
conformance-and-platform	Install toolchain and Linux runtime dependencies	2026-10-05T15:17:06.0359077Z Unpacking libpulse0:amd64 (1:16.1+dfsg1-2ubuntu10.1) ...
conformance-and-platform	Install toolchain and Linux runtime dependencies	2026-10-05T15:17:06.0547965Z Selecting previously unselected package libsphinxbase3t64:amd64.
conformance-and-platform	Install toolchain and Linux runtime dependencies	2026-10-05T15:17:06.0634788Z Preparing to unpack .../063-libsphinxbase3t64_0.8+5prealpha+1-17build2_amd64.deb ...
conformance-and-platform	Install toolchain and Linux runtime dependencies	2026-10-05T15:17:06.0646391Z Unpacking libsphinxbase3t64:amd64 (0.8+5prealpha+1-17build2) ...
conformance-and-platform	Install toolchain and Linux runtime dependencies	2026-10-05T15:17:06.0815405Z Selecting previously unselected package libpocketsphinx3:amd64.
conformance-and-platform	Install toolchain and Linux runtime dependencies	2026-10-05T15:17:06.0933688Z Preparing to unpack .../064-libpocketsphinx3_0.8.0+real5prealpha+1-15ubuntu5_amd64.deb ...
conformance-and-platform	Install toolchain and Linux runtime dependencies	2026-10-05T15:17:06.0944344Z Unpacking libpocketsphinx3:amd64 (0.8.0+real5prealpha+1-15ubuntu5) ...
conformance-and-platform	Install toolchain and Linux runtime dependencies	2026-10-05T15:17:06.1825289Z Selecting previously unselected package libpostproc57:amd64.
conformance-and-platform	Install toolchain and Linux runtime dependencies	2026-10-05T15:17:06.1929259Z Preparing to unpack .../065-libpostproc57_7%3a6.1.1-3ubuntu5_amd64.deb ...
conformance-and-platform	Install toolchain and Linux runtime dependencies	2026-10-05T15:17:06.1937824Z Unpacking libpostproc57:amd64 (7:6.1.1-3ubuntu5) ...
conformance-and-platform	Install toolchain and Linux runtime dependencies	2026-10-05T15:17:06.2101733Z Selecting previously unselected package libsamplerate0:amd64.
conformance-and-platform	Install toolchain and Linux runtime dependencies	2026-10-05T15:17:06.2196588Z Preparing to unpack .../066-libsamplerate0_0.2.2-4build1_amd64.deb ...
conformance-and-platform	Install toolchain and Linux runtime dependencies	2026-10-05T15:17:06.2205700Z Unpacking libsamplerate0:amd64 (0.2.2-4build1) ...
conformance-and-platform	Install toolchain and Linux runtime dependencies	2026-10-05T15:17:06.2414160Z Selecting previously unselected package librubberband2:amd64.
conformance-and-platform	Install toolchain and Linux runtime dependencies	2026-10-05T15:17:06.2507082Z Preparing to unpack .../067-librubberband2_3.3.0+dfsg-2build1_amd64.deb ...
conformance-and-platform	Install toolchain and Linux runtime dependencies	2026-10-05T15:17:06.2516927Z Unpacking librubberband2:amd64 (3.3.0+dfsg-2build1) ...
conformance-and-platform	Install toolchain and Linux runtime dependencies	2026-10-05T15:17:06.2682867Z Selecting previously unselected package libswscale7:amd64.
conformance-and-platform	Install toolchain and Linux runtime dependencies	2026-10-05T15:17:06.2773591Z Preparing to unpack .../068-libswscale7_7%3a6.1.1-3ubuntu5_amd64.deb ...
conformance-and-platform	Install toolchain and Linux runtime dependencies	2026-10-05T15:17:06.2783133Z Unpacking libswscale7:amd64 (7:6.1.1-3ubuntu5) ...
conformance-and-platform	Install toolchain and Linux runtime dependencies	2026-10-05T15:17:06.2963969Z Selecting previously unselected package libvidstab1.1:amd64.
conformance-and-platform	Install toolchain and Linux runtime dependencies	2026-10-05T15:17:06.3050396Z Preparing to unpack .../069-libvidstab1.1_1.1.0-2build1_amd64.deb ...
conformance-and-platform	Install toolchain and Linux runtime dependencies	2026-10-05T15:17:06.3058848Z Unpacking libvidstab1.1:amd64 (1.1.0-2build1) ...
conformance-and-platform	Install toolchain and Linux runtime dependencies	2026-10-05T15:17:06.3212241Z Selecting previously unselected package libzimg2:amd64.
conformance-and-platform	Install toolchain and Linux runtime dependencies	2026-10-05T15:17:06.3295706Z Preparing to unpack .../070-libzimg2_3.0.5+ds1-1build1_amd64.deb ...
conformance-and-platform	Install toolchain and Linux runtime dependencies	2026-10-05T15:17:06.3304383Z Unpacking libzimg2:amd64 (3.0.5+ds1-1build1) ...
conformance-and-platform	Install toolchain and Linux runtime dependencies	2026-10-05T15:17:06.3490189Z Selecting previously unselected package libavfilter9:amd64.
conformance-and-platform	Install toolchain and Linux runtime dependencies	2026-10-05T15:17:06.3573248Z Preparing to unpack .../071-libavfilter9_7%3a6.1.1-3ubuntu5_amd64.deb ...
conformance-and-platform	Install toolchain and Linux runtime dependencies	2026-10-05T15:17:06.3581925Z Unpacking libavfilter9:amd64 (7:6.1.1-3ubuntu5) ...
conformance-and-platform	Install toolchain and Linux runtime dependencies	2026-10-05T15:17:06.4778982Z Selecting previously unselected package libbrotli-dev:amd64.
conformance-and-platform	Install toolchain and Linux runtime dependencies	2026-10-05T15:17:06.4877922Z Preparing to unpack .../072-libbrotli-dev_1.1.0-2build2_amd64.deb ...
conformance-and-platform	Install toolchain and Linux runtime dependencies	2026-10-05T15:17:06.4887132Z Unpacking libbrotli-dev:amd64 (1.1.0-2build2) ...
conformance-and-platform	Install toolchain and Linux runtime dependencies	2026-10-05T15:17:06.5087788Z Selecting previously unselected package libbz2-dev:amd64.
conformance-and-platform	Install toolchain and Linux runtime dependencies	2026-10-05T15:17:06.5182829Z Preparing to unpack .../073-libbz2-dev_1.0.8-5.1ubuntu0.1_amd64.deb ...
conformance-and-platform	Install toolchain and Linux runtime dependencies	2026-10-05T15:17:06.5191047Z Unpacking libbz2-dev:amd64 (1.0.8-5.1ubuntu0.1) ...
conformance-and-platform	Install toolchain and Linux runtime dependencies	2026-10-05T15:17:06.5358028Z Selecting previously unselected package libclang-18-dev.
conformance-and-platform	Install toolchain and Linux runtime dependencies	2026-10-05T15:17:06.5437776Z Preparing to unpack .../074-libclang-18-dev_1%3a18.1.3-1ubuntu1_amd64.deb ...
conformance-and-platform	Install toolchain and Linux runtime dependencies	2026-10-05T15:17:06.5446181Z Unpacking libclang-18-dev (1:18.1.3-1ubuntu1) ...
conformance-and-platform	Install toolchain and Linux runtime dependencies	2026-10-05T15:17:08.2831657Z Selecting previously unselected package libdecor-0-0:amd64.
conformance-and-platform	Install toolchain and Linux runtime dependencies	2026-10-05T15:17:08.2937394Z Preparing to unpack .../075-libdecor-0-0_0.2.2-1build2_amd64.deb ...
conformance-and-platform	Install toolchain and Linux runtime dependencies	2026-10-05T15:17:08.2946760Z Unpacking libdecor-0-0:amd64 (0.2.2-1build2) ...
conformance-and-platform	Install toolchain and Linux runtime dependencies	2026-10-05T15:17:08.3210000Z Preparing to unpack .../076-libgl1-mesa-dri_25.2.8-0ubuntu0.24.04.4_amd64.deb ...
conformance-and-platform	Install toolchain and Linux runtime dependencies	2026-10-05T15:17:08.3316784Z Unpacking libgl1-mesa-dri:amd64 (25.2.8-0ubuntu0.24.04.4) over (25.2.8-0ubuntu0.24.04.2) ...
conformance-and-platform	Install toolchain and Linux runtime dependencies	2026-10-05T15:17:08.3847782Z Preparing to unpack .../077-libglx-mesa0_25.2.8-0ubuntu0.24.04.4_amd64.deb ...
conformance-and-platform	Install toolchain and Linux runtime dependencies	2026-10-05T15:17:08.3873233Z Unpacking libglx-mesa0:amd64 (25.2.8-0ubuntu0.24.04.4) over (25.2.8-0ubuntu0.24.04.2) ...
conformance-and-platform	Install toolchain and Linux runtime dependencies	2026-10-05T15:17:08.4230027Z Preparing to unpack .../078-libgbm1_25.2.8-0ubuntu0.24.04.4_amd64.deb ...
conformance-and-platform	Install toolchain and Linux runtime dependencies	2026-10-05T15:17:08.4321788Z Unpacking libgbm1:amd64 (25.2.8-0ubuntu0.24.04.4) over (25.2.8-0ubuntu0.24.04.2) ...
conformance-and-platform	Install toolchain and Linux runtime dependencies	2026-10-05T15:17:08.4617813Z Preparing to unpack .../079-mesa-libgallium_25.2.8-0ubuntu0.24.04.4_amd64.deb ...
conformance-and-platform	Install toolchain and Linux runtime dependencies	2026-10-05T15:17:08.5481015Z Unpacking mesa-libgallium:amd64 (25.2.8-0ubuntu0.24.04.4) over (25.2.8-0ubuntu0.24.04.2) ...
conformance-and-platform	Install toolchain and Linux runtime dependencies	2026-10-05T15:17:08.8953994Z Selecting previously unselected package libegl-mesa0:amd64.
conformance-and-platform	Install toolchain and Linux runtime dependencies	2026-10-05T15:17:08.9053589Z Preparing to unpack .../080-libegl-mesa0_25.2.8-0ubuntu0.24.04.4_amd64.deb ...
conformance-and-platform	Install toolchain and Linux runtime dependencies	2026-10-05T15:17:08.9061626Z Unpacking libegl-mesa0:amd64 (25.2.8-0ubuntu0.24.04.4) ...
conformance-and-platform	Install toolchain and Linux runtime dependencies	2026-10-05T15:17:08.9234240Z Selecting previously unselected package libegl1:amd64.
conformance-and-platform	Install toolchain and Linux runtime dependencies	2026-10-05T15:17:08.9331433Z Preparing to unpack .../081-libegl1_1.7.0-1build1_amd64.deb ...
conformance-and-platform	Install toolchain and Linux runtime dependencies	2026-10-05T15:17:08.9343036Z Unpacking libegl1:amd64 (1.7.0-1build1) ...
conformance-and-platform	Install toolchain and Linux runtime dependencies	2026-10-05T15:17:08.9485593Z Selecting previously unselected package xorg-sgml-doctools.
conformance-and-platform	Install toolchain and Linux runtime dependencies	2026-10-05T15:17:08.9572854Z Preparing to unpack .../082-xorg-sgml-doctools_1%3a1.11-1.1_all.deb ...
conformance-and-platform	Install toolchain and Linux runtime dependencies	2026-10-05T15:17:08.9581884Z Unpacking xorg-sgml-doctools (1:1.11-1.1) ...
conformance-and-platform	Install toolchain and Linux runtime dependencies	2026-10-05T15:17:08.9764671Z Selecting previously unselected package x11proto-dev.
conformance-and-platform	Install toolchain and Linux runtime dependencies	2026-10-05T15:17:08.9844051Z Preparing to unpack .../083-x11proto-dev_2023.2-1_all.deb ...
conformance-and-platform	Install toolchain and Linux runtime dependencies	2026-10-05T15:17:08.9852637Z Unpacking x11proto-dev (2023.2-1) ...
conformance-and-platform	Install toolchain and Linux runtime dependencies	2026-10-05T15:17:09.0196187Z Selecting previously unselected package libxau-dev:amd64.
conformance-and-platform	Install toolchain and Linux runtime dependencies	2026-10-05T15:17:09.0281554Z Preparing to unpack .../084-libxau-dev_1%3a1.0.9-1build6_amd64.deb ...
conformance-and-platform	Install toolchain and Linux runtime dependencies	2026-10-05T15:17:09.0290226Z Unpacking libxau-dev:amd64 (1:1.0.9-1build6) ...
conformance-and-platform	Install toolchain and Linux runtime dependencies	2026-10-05T15:17:09.0472273Z Selecting previously unselected package libxdmcp-dev:amd64.
conformance-and-platform	Install toolchain and Linux runtime dependencies	2026-10-05T15:17:09.0554477Z Preparing to unpack .../085-libxdmcp-dev_1%3a1.1.3-0ubuntu6_amd64.deb ...
conformance-and-platform	Install toolchain and Linux runtime dependencies	2026-10-05T15:17:09.0562653Z Unpacking libxdmcp-dev:amd64 (1:1.1.3-0ubuntu6) ...
conformance-and-platform	Install toolchain and Linux runtime dependencies	2026-10-05T15:17:09.0704801Z Selecting previously unselected package xtrans-dev.
conformance-and-platform	Install toolchain and Linux runtime dependencies	2026-10-05T15:17:09.0787605Z Preparing to unpack .../086-xtrans-dev_1.4.0-1_all.deb ...
conformance-and-platform	Install toolchain and Linux runtime dependencies	2026-10-05T15:17:09.0797043Z Unpacking xtrans-dev (1.4.0-1) ...
conformance-and-platform	Install toolchain and Linux runtime dependencies	2026-10-05T15:17:09.1079428Z Selecting previously unselected package libpthread-stubs0-dev:amd64.
conformance-and-platform	Install toolchain and Linux runtime dependencies	2026-10-05T15:17:09.1163244Z Preparing to unpack .../087-libpthread-stubs0-dev_0.4-1build3_amd64.deb ...
conformance-and-platform	Install toolchain and Linux runtime dependencies	2026-10-05T15:17:09.1172669Z Unpacking libpthread-stubs0-dev:amd64 (0.4-1build3) ...
conformance-and-platform	Install toolchain and Linux runtime dependencies	2026-10-05T15:17:09.1314590Z Selecting previously unselected package libxcb1-dev:amd64.
conformance-and-platform	Install toolchain and Linux runtime dependencies	2026-10-05T15:17:09.1397169Z Preparing to unpack .../088-libxcb1-dev_1.15-1ubuntu2_amd64.deb ...
conformance-and-platform	Install toolchain and Linux runtime dependencies	2026-10-05T15:17:09.1406351Z Unpacking libxcb1-dev:amd64 (1.15-1ubuntu2) ...
conformance-and-platform	Install toolchain and Linux runtime dependencies	2026-10-05T15:17:09.1567132Z Selecting previously unselected package libx11-dev:amd64.
conformance-and-platform	Install toolchain and Linux runtime dependencies	2026-10-05T15:17:09.1647832Z Preparing to unpack .../089-libx11-dev_2%3a1.8.7-1build1_amd64.deb ...
conformance-and-platform	Install toolchain and Linux runtime dependencies	2026-10-05T15:17:09.1656643Z Unpacking libx11-dev:amd64 (2:1.8.7-1build1) ...
conformance-and-platform	Install toolchain and Linux runtime dependencies	2026-10-05T15:17:09.1952290Z Selecting previously unselected package libglx-dev:amd64.
conformance-and-platform	Install toolchain and Linux runtime dependencies	2026-10-05T15:17:09.2032714Z Preparing to unpack .../090-libglx-dev_1.7.0-1build1_amd64.deb ...
conformance-and-platform	Install toolchain and Linux runtime dependencies	2026-10-05T15:17:09.2046200Z Unpacking libglx-dev:amd64 (1.7.0-1build1) ...
conformance-and-platform	Install toolchain and Linux runtime dependencies	2026-10-05T15:17:09.2190365Z Selecting previously unselected package libgl-dev:amd64.
conformance-and-platform	Install toolchain and Linux runtime dependencies	2026-10-05T15:17:09.2272364Z Preparing to unpack .../091-libgl-dev_1.7.0-1build1_amd64.deb ...
conformance-and-platform	Install toolchain and Linux runtime dependencies	2026-10-05T15:17:09.2285029Z Unpacking libgl-dev:amd64 (1.7.0-1build1) ...
conformance-and-platform	Install toolchain and Linux runtime dependencies	2026-10-05T15:17:09.2454592Z Selecting previously unselected package libegl-dev:amd64.
conformance-and-platform	Install toolchain and Linux runtime dependencies	2026-10-05T15:17:09.2533070Z Preparing to unpack .../092-libegl-dev_1.7.0-1build1_amd64.deb ...
conformance-and-platform	Install toolchain and Linux runtime dependencies	2026-10-05T15:17:09.2542295Z Unpacking libegl-dev:amd64 (1.7.0-1build1) ...
conformance-and-platform	Install toolchain and Linux runtime dependencies	2026-10-05T15:17:09.2683398Z Selecting previously unselected package libpng-dev:amd64.
conformance-and-platform	Install toolchain and Linux runtime dependencies	2026-10-05T15:17:09.2767201Z Preparing to unpack .../093-libpng-dev_1.6.43-5ubuntu0.6_amd64.deb ...
conformance-and-platform	Install toolchain and Linux runtime dependencies	2026-10-05T15:17:09.2774675Z Unpacking libpng-dev:amd64 (1.6.43-5ubuntu0.6) ...
conformance-and-platform	Install toolchain and Linux runtime dependencies	2026-10-05T15:17:09.2972670Z Selecting previously unselected package libfreetype-dev:amd64.
conformance-and-platform	Install toolchain and Linux runtime dependencies	2026-10-05T15:17:09.3050562Z Preparing to unpack .../094-libfreetype-dev_2.13.2+dfsg-1ubuntu0.1_amd64.deb ...
conformance-and-platform	Install toolchain and Linux runtime dependencies	2026-10-05T15:17:09.3150281Z Unpacking libfreetype-dev:amd64 (2.13.2+dfsg-1ubuntu0.1) ...
conformance-and-platform	Install toolchain and Linux runtime dependencies	2026-10-05T15:17:09.3360224Z Selecting previously unselected package uuid-dev:amd64.
conformance-and-platform	Install toolchain and Linux runtime dependencies	2026-10-05T15:17:09.3438951Z Preparing to unpack .../095-uuid-dev_2.39.3-9ubuntu6.6_amd64.deb ...
conformance-and-platform	Install toolchain and Linux runtime dependencies	2026-10-05T15:17:09.3446538Z Unpacking uuid-dev:amd64 (2.39.3-9ubuntu6.6) ...
conformance-and-platform	Install toolchain and Linux runtime dependencies	2026-10-05T15:17:09.3586933Z Selecting previously unselected package libfontconfig-dev:amd64.
conformance-and-platform	Install toolchain and Linux runtime dependencies	2026-10-05T15:17:09.3664271Z Preparing to unpack .../096-libfontconfig-dev_2.15.0-1.1ubuntu2_amd64.deb ...
conformance-and-platform	Install toolchain and Linux runtime dependencies	2026-10-05T15:17:09.3673232Z Unpacking libfontconfig-dev:amd64 (2.15.0-1.1ubuntu2) ...
conformance-and-platform	Install toolchain and Linux runtime dependencies	2026-10-05T15:17:09.3842816Z Selecting previously unselected package libfontconfig1-dev:amd64.
conformance-and-platform	Install toolchain and Linux runtime dependencies	2026-10-05T15:17:09.3922043Z Preparing to unpack .../097-libfontconfig1-dev_2.15.0-1.1ubuntu2_amd64.deb ...
conformance-and-platform	Install toolchain and Linux runtime dependencies	2026-10-05T15:17:09.3931231Z Unpacking libfontconfig1-dev:amd64 (2.15.0-1.1ubuntu2) ...
conformance-and-platform	Install toolchain and Linux runtime dependencies	2026-10-05T15:17:09.4081875Z Selecting previously unselected package libwinpr2-2t64:amd64.
conformance-and-platform	Install toolchain and Linux runtime dependencies	2026-10-05T15:17:09.4160474Z Preparing to unpack .../098-libwinpr2-2t64_2.11.5+dfsg1-1build2_amd64.deb ...
conformance-and-platform	Install toolchain and Linux runtime dependencies	2026-10-05T15:17:09.4168601Z Unpacking libwinpr2-2t64:amd64 (2.11.5+dfsg1-1build2) ...
conformance-and-platform	Install toolchain and Linux runtime dependencies	2026-10-05T15:17:09.4367307Z Selecting previously unselected package libfreerdp2-2t64:amd64.
conformance-and-platform	Install toolchain and Linux runtime dependencies	2026-10-05T15:17:09.4445087Z Preparing to unpack .../099-libfreerdp2-2t64_2.11.5+dfsg1-1build2_amd64.deb ...
conformance-and-platform	Install toolchain and Linux runtime dependencies	2026-10-05T15:17:09.4453591Z Unpacking libfreerdp2-2t64:amd64 (2.11.5+dfsg1-1build2) ...
conformance-and-platform	Install toolchain and Linux runtime dependencies	2026-10-05T15:17:09.4753138Z Selecting previously unselected package libfreerdp-server2-2t64:amd64.
conformance-and-platform	Install toolchain and Linux runtime dependencies	2026-10-05T15:17:09.4832320Z Preparing to unpack .../100-libfreerdp-server2-2t64_2.11.5+dfsg1-1build2_amd64.deb ...
conformance-and-platform	Install toolchain and Linux runtime dependencies	2026-10-05T15:17:09.4843713Z Unpacking libfreerdp-server2-2t64:amd64 (2.11.5+dfsg1-1build2) ...
conformance-and-platform	Install toolchain and Linux runtime dependencies	2026-10-05T15:17:09.5011289Z Selecting previously unselected package libgles1:amd64.
conformance-and-platform	Install toolchain and Linux runtime dependencies	2026-10-05T15:17:09.5089372Z Preparing to unpack .../101-libgles1_1.7.0-1build1_amd64.deb ...
conformance-and-platform	Install toolchain and Linux runtime dependencies	2026-10-05T15:17:09.5097287Z Unpacking libgles1:amd64 (1.7.0-1build1) ...
conformance-and-platform	Install toolchain and Linux runtime dependencies	2026-10-05T15:17:09.5432287Z Selecting previously unselected package libgles2:amd64.
conformance-and-platform	Install toolchain and Linux runtime dependencies	2026-10-05T15:17:09.5509968Z Preparing to unpack .../102-libgles2_1.7.0-1build1_amd64.deb ...
conformance-and-platform	Install toolchain and Linux runtime dependencies	2026-10-05T15:17:09.5517619Z Unpacking libgles2:amd64 (1.7.0-1build1) ...
conformance-and-platform	Install toolchain and Linux runtime dependencies	2026-10-05T15:17:09.5660030Z Selecting previously unselected package libgles-dev:amd64.
conformance-and-platform	Install toolchain and Linux runtime dependencies	2026-10-05T15:17:09.5738917Z Preparing to unpack .../103-libgles-dev_1.7.0-1build1_amd64.deb ...
conformance-and-platform	Install toolchain and Linux runtime dependencies	2026-10-05T15:17:09.5747215Z Unpacking libgles-dev:amd64 (1.7.0-1build1) ...
conformance-and-platform	Install toolchain and Linux runtime dependencies	2026-10-05T15:17:09.5934072Z Selecting previously unselected package liborc-0.4-0t64:amd64.
conformance-and-platform	Install toolchain and Linux runtime dependencies	2026-10-05T15:17:09.6014770Z Preparing to unpack .../104-liborc-0.4-0t64_1%3a0.4.38-1ubuntu0.1_amd64.deb ...
conformance-and-platform	Install toolchain and Linux runtime dependencies	2026-10-05T15:17:09.6023579Z Unpacking liborc-0.4-0t64:amd64 (1:0.4.38-1ubuntu0.1) ...
conformance-and-platform	Install toolchain and Linux runtime dependencies	2026-10-05T15:17:09.6207984Z Selecting previously unselected package libgstreamer-plugins-base1.0-0:amd64.
conformance-and-platform	Install toolchain and Linux runtime dependencies	2026-10-05T15:17:09.6289310Z Preparing to unpack .../105-libgstreamer-plugins-base1.0-0_1.24.2-1ubuntu0.5_amd64.deb ...
conformance-and-platform	Install toolchain and Linux runtime dependencies	2026-10-05T15:17:09.6298757Z Unpacking libgstreamer-plugins-base1.0-0:amd64 (1.24.2-1ubuntu0.5) ...
conformance-and-platform	Install toolchain and Linux runtime dependencies	2026-10-05T15:17:09.6564480Z Selecting previously unselected package libwacom-common.
conformance-and-platform	Install toolchain and Linux runtime dependencies	2026-10-05T15:17:09.6645326Z Preparing to unpack .../106-libwacom-common_2.10.0-2_all.deb ...
conformance-and-platform	Install toolchain and Linux runtime dependencies	2026-10-05T15:17:09.6653708Z Unpacking libwacom-common (2.10.0-2) ...
conformance-and-platform	Install toolchain and Linux runtime dependencies	2026-10-05T15:17:09.7209091Z Selecting previously unselected package libwacom9:amd64.
conformance-and-platform	Install toolchain and Linux runtime dependencies	2026-10-05T15:17:09.7295012Z Preparing to unpack .../107-libwacom9_2.10.0-2_amd64.deb ...
conformance-and-platform	Install toolchain and Linux runtime dependencies	2026-10-05T15:17:09.7304121Z Unpacking libwacom9:amd64 (2.10.0-2) ...
conformance-and-platform	Install toolchain and Linux runtime dependencies	2026-10-05T15:17:09.7573375Z Selecting previously unselected package libinput-bin.
conformance-and-platform	Install toolchain and Linux runtime dependencies	2026-10-05T15:17:09.7658466Z Preparing to unpack .../108-libinput-bin_1.25.0-1ubuntu3.7_amd64.deb ...
conformance-and-platform	Install toolchain and Linux runtime dependencies	2026-10-05T15:17:09.7672879Z Unpacking libinput-bin (1.25.0-1ubuntu3.7) ...
conformance-and-platform	Install toolchain and Linux runtime dependencies	2026-10-05T15:17:09.7857270Z Selecting previously unselected package libmtdev1t64:amd64.
conformance-and-platform	Install toolchain and Linux runtime dependencies	2026-10-05T15:17:09.7941844Z Preparing to unpack .../109-libmtdev1t64_1.1.6-1.1build1_amd64.deb ...
conformance-and-platform	Install toolchain and Linux runtime dependencies	2026-10-05T15:17:09.7959611Z Unpacking libmtdev1t64:amd64 (1.1.6-1.1build1) ...
conformance-and-platform	Install toolchain and Linux runtime dependencies	2026-10-05T15:17:09.8167025Z Selecting previously unselected package libinput10:amd64.
conformance-and-platform	Install toolchain and Linux runtime dependencies	2026-10-05T15:17:09.8249221Z Preparing to unpack .../110-libinput10_1.25.0-1ubuntu3.7_amd64.deb ...
conformance-and-platform	Install toolchain and Linux runtime dependencies	2026-10-05T15:17:09.8258020Z Unpacking libinput10:amd64 (1.25.0-1ubuntu3.7) ...
conformance-and-platform	Install toolchain and Linux runtime dependencies	2026-10-05T15:17:09.8428301Z Selecting previously unselected package libturbojpeg:amd64.
conformance-and-platform	Install toolchain and Linux runtime dependencies	2026-10-05T15:17:09.8509944Z Preparing to unpack .../111-libturbojpeg_1%3a2.1.5-2ubuntu2_amd64.deb ...
conformance-and-platform	Install toolchain and Linux runtime dependencies	2026-10-05T15:17:09.8523046Z Unpacking libturbojpeg:amd64 (1:2.1.5-2ubuntu2) ...
conformance-and-platform	Install toolchain and Linux runtime dependencies	2026-10-05T15:17:09.8698079Z Selecting previously unselected package libneatvnc0:amd64.
conformance-and-platform	Install toolchain and Linux runtime dependencies	2026-10-05T15:17:09.8780163Z Preparing to unpack .../112-libneatvnc0_0.7.1+dfsg-2build3_amd64.deb ...
conformance-and-platform	Install toolchain and Linux runtime dependencies	2026-10-05T15:17:09.8787919Z Unpacking libneatvnc0:amd64 (0.7.1+dfsg-2build3) ...
conformance-and-platform	Install toolchain and Linux runtime dependencies	2026-10-05T15:17:09.8947791Z Selecting previously unselected package libopengl0:amd64.
conformance-and-platform	Install toolchain and Linux runtime dependencies	2026-10-05T15:17:09.9028453Z Preparing to unpack .../113-libopengl0_1.7.0-1build1_amd64.deb ...
conformance-and-platform	Install toolchain and Linux runtime dependencies	2026-10-05T15:17:09.9041585Z Unpacking libopengl0:amd64 (1.7.0-1build1) ...
conformance-and-platform	Install toolchain and Linux runtime dependencies	2026-10-05T15:17:09.9188136Z Selecting previously unselected package libopengl-dev:amd64.
conformance-and-platform	Install toolchain and Linux runtime dependencies	2026-10-05T15:17:09.9267919Z Preparing to unpack .../114-libopengl-dev_1.7.0-1build1_amd64.deb ...
conformance-and-platform	Install toolchain and Linux runtime dependencies	2026-10-05T15:17:09.9275897Z Unpacking libopengl-dev:amd64 (1.7.0-1build1) ...
conformance-and-platform	Install toolchain and Linux runtime dependencies	2026-10-05T15:17:09.9434410Z Selecting previously unselected package libwebrtc-audio-processing1:amd64.
conformance-and-platform	Install toolchain and Linux runtime dependencies	2026-10-05T15:17:09.9512315Z Preparing to unpack .../115-libwebrtc-audio-processing1_0.3.1-0ubuntu6_amd64.deb ...
conformance-and-platform	Install toolchain and Linux runtime dependencies	2026-10-05T15:17:09.9521002Z Unpacking libwebrtc-audio-processing1:amd64 (0.3.1-0ubuntu6) ...
conformance-and-platform	Install toolchain and Linux runtime dependencies	2026-10-05T15:17:09.9813155Z Selecting previously unselected package libspa-0.2-modules:amd64.
conformance-and-platform	Install toolchain and Linux runtime dependencies	2026-10-05T15:17:09.9891981Z Preparing to unpack .../116-libspa-0.2-modules_1.0.5-1ubuntu3.3_amd64.deb ...
conformance-and-platform	Install toolchain and Linux runtime dependencies	2026-10-05T15:17:09.9899897Z Unpacking libspa-0.2-modules:amd64 (1.0.5-1ubuntu3.3) ...
conformance-and-platform	Install toolchain and Linux runtime dependencies	2026-10-05T15:17:10.0190851Z Selecting previously unselected package libpipewire-0.3-0t64:amd64.
conformance-and-platform	Install toolchain and Linux runtime dependencies	2026-10-05T15:17:10.0269580Z Preparing to unpack .../117-libpipewire-0.3-0t64_1.0.5-1ubuntu3.3_amd64.deb ...
conformance-and-platform	Install toolchain and Linux runtime dependencies	2026-10-05T15:17:10.0278148Z Unpacking libpipewire-0.3-0t64:amd64 (1.0.5-1ubuntu3.3) ...
conformance-and-platform	Install toolchain and Linux runtime dependencies	2026-10-05T15:17:10.0466048Z Selecting previously unselected package libseat1:amd64.
conformance-and-platform	Install toolchain and Linux runtime dependencies	2026-10-05T15:17:10.0549062Z Preparing to unpack .../118-libseat1_0.8.0-1_amd64.deb ...
conformance-and-platform	Install toolchain and Linux runtime dependencies	2026-10-05T15:17:10.0562040Z Unpacking libseat1:amd64 (0.8.0-1) ...
conformance-and-platform	Install toolchain and Linux runtime dependencies	2026-10-05T15:17:10.0714173Z Selecting previously unselected package libwayland-server0:amd64.
conformance-and-platform	Install toolchain and Linux runtime dependencies	2026-10-05T15:17:10.0792455Z Preparing to unpack .../119-libwayland-server0_1.22.0-2.1build1_amd64.deb ...
conformance-and-platform	Install toolchain and Linux runtime dependencies	2026-10-05T15:17:10.0800443Z Unpacking libwayland-server0:amd64 (1.22.0-2.1build1) ...
conformance-and-platform	Install toolchain and Linux runtime dependencies	2026-10-05T15:17:10.0963458Z Selecting previously unselected package libxcb-composite0:amd64.
conformance-and-platform	Install toolchain and Linux runtime dependencies	2026-10-05T15:17:10.1041378Z Preparing to unpack .../120-libxcb-composite0_1.15-1ubuntu2_amd64.deb ...
conformance-and-platform	Install toolchain and Linux runtime dependencies	2026-10-05T15:17:10.1050511Z Unpacking libxcb-composite0:amd64 (1.15-1ubuntu2) ...
conformance-and-platform	Install toolchain and Linux runtime dependencies	2026-10-05T15:17:10.1201834Z Selecting previously unselected package libxcb-xkb1:amd64.
conformance-and-platform	Install toolchain and Linux runtime dependencies	2026-10-05T15:17:10.1279931Z Preparing to unpack .../121-libxcb-xkb1_1.15-1ubuntu2_amd64.deb ...
conformance-and-platform	Install toolchain and Linux runtime dependencies	2026-10-05T15:17:10.1289793Z Unpacking libxcb-xkb1:amd64 (1.15-1ubuntu2) ...
conformance-and-platform	Install toolchain and Linux runtime dependencies	2026-10-05T15:17:10.1447350Z Selecting previously unselected package libweston-13-0:amd64.
conformance-and-platform	Install toolchain and Linux runtime dependencies	2026-10-05T15:17:10.1526043Z Preparing to unpack .../122-libweston-13-0_13.0.0-4build3_amd64.deb ...
conformance-and-platform	Install toolchain and Linux runtime dependencies	2026-10-05T15:17:10.1535047Z Unpacking libweston-13-0:amd64 (13.0.0-4build3) ...
conformance-and-platform	Install toolchain and Linux runtime dependencies	2026-10-05T15:17:10.1727092Z Selecting previously unselected package libx11-xcb-dev:amd64.
conformance-and-platform	Install toolchain and Linux runtime dependencies	2026-10-05T15:17:10.1805835Z Preparing to unpack .../123-libx11-xcb-dev_2%3a1.8.7-1build1_amd64.deb ...
conformance-and-platform	Install toolchain and Linux runtime dependencies	2026-10-05T15:17:10.1814094Z Unpacking libx11-xcb-dev:amd64 (2:1.8.7-1build1) ...
conformance-and-platform	Install toolchain and Linux runtime dependencies	2026-10-05T15:17:10.2083442Z Selecting previously unselected package libxkbcommon-dev:amd64.
conformance-and-platform	Install toolchain and Linux runtime dependencies	2026-10-05T15:17:10.2162822Z Preparing to unpack .../124-libxkbcommon-dev_1.6.0-1build1_amd64.deb ...
conformance-and-platform	Install toolchain and Linux runtime dependencies	2026-10-05T15:17:10.2175329Z Unpacking libxkbcommon-dev:amd64 (1.6.0-1build1) ...
conformance-and-platform	Install toolchain and Linux runtime dependencies	2026-10-05T15:17:10.2346122Z Selecting previously unselected package libxkbcommon-x11-0:amd64.
conformance-and-platform	Install toolchain and Linux runtime dependencies	2026-10-05T15:17:10.2425082Z Preparing to unpack .../125-libxkbcommon-x11-0_1.6.0-1build1_amd64.deb ...
conformance-and-platform	Install toolchain and Linux runtime dependencies	2026-10-05T15:17:10.2436686Z Unpacking libxkbcommon-x11-0:amd64 (1.6.0-1build1) ...
conformance-and-platform	Install toolchain and Linux runtime dependencies	2026-10-05T15:17:10.2570659Z Selecting previously unselected package mesa-utils-bin:amd64.
conformance-and-platform	Install toolchain and Linux runtime dependencies	2026-10-05T15:17:10.2649957Z Preparing to unpack .../126-mesa-utils-bin_9.0.0-2_amd64.deb ...
conformance-and-platform	Install toolchain and Linux runtime dependencies	2026-10-05T15:17:10.2658888Z Unpacking mesa-utils-bin:amd64 (9.0.0-2) ...
conformance-and-platform	Install toolchain and Linux runtime dependencies	2026-10-05T15:17:10.2835864Z Selecting previously unselected package ninja-build.
conformance-and-platform	Install toolchain and Linux runtime dependencies	2026-10-05T15:17:10.2913868Z Preparing to unpack .../127-ninja-build_1.11.1-2_amd64.deb ...
conformance-and-platform	Install toolchain and Linux runtime dependencies	2026-10-05T15:17:10.2923859Z Unpacking ninja-build (1.11.1-2) ...
conformance-and-platform	Install toolchain and Linux runtime dependencies	2026-10-05T15:17:10.3124400Z Selecting previously unselected package weston.
conformance-and-platform	Install toolchain and Linux runtime dependencies	2026-10-05T15:17:10.3202444Z Preparing to unpack .../128-weston_13.0.0-4build3_amd64.deb ...
conformance-and-platform	Install toolchain and Linux runtime dependencies	2026-10-05T15:17:10.3211089Z Unpacking weston (13.0.0-4build3) ...
conformance-and-platform	Install toolchain and Linux runtime dependencies	2026-10-05T15:17:10.3663506Z Selecting previously unselected package libglvnd-core-dev:amd64.
conformance-and-platform	Install toolchain and Linux runtime dependencies	2026-10-05T15:17:10.3745192Z Preparing to unpack .../129-libglvnd-core-dev_1.7.0-1build1_amd64.deb ...
conformance-and-platform	Install toolchain and Linux runtime dependencies	2026-10-05T15:17:10.3756736Z Unpacking libglvnd-core-dev:amd64 (1.7.0-1build1) ...
conformance-and-platform	Install toolchain and Linux runtime dependencies	2026-10-05T15:17:10.3894027Z Selecting previously unselected package libglvnd-dev:amd64.
conformance-and-platform	Install toolchain and Linux runtime dependencies	2026-10-05T15:17:10.3973854Z Preparing to unpack .../130-libglvnd-dev_1.7.0-1build1_amd64.deb ...
conformance-and-platform	Install toolchain and Linux runtime dependencies	2026-10-05T15:17:10.3981321Z Unpacking libglvnd-dev:amd64 (1.7.0-1build1) ...
conformance-and-platform	Install toolchain and Linux runtime dependencies	2026-10-05T15:17:10.4272223Z Selecting previously unselected package libgl1-mesa-dev:amd64.
conformance-and-platform	Install toolchain and Linux runtime dependencies	2026-10-05T15:17:10.4351286Z Preparing to unpack .../131-libgl1-mesa-dev_25.2.8-0ubuntu0.24.04.4_amd64.deb ...
conformance-and-platform	Install toolchain and Linux runtime dependencies	2026-10-05T15:17:10.4361672Z Unpacking libgl1-mesa-dev:amd64 (25.2.8-0ubuntu0.24.04.4) ...
conformance-and-platform	Install toolchain and Linux runtime dependencies	2026-10-05T15:17:10.4519125Z Selecting previously unselected package libwayland-bin.
conformance-and-platform	Install toolchain and Linux runtime dependencies	2026-10-05T15:17:10.4597952Z Preparing to unpack .../132-libwayland-bin_1.22.0-2.1build1_amd64.deb ...
conformance-and-platform	Install toolchain and Linux runtime dependencies	2026-10-05T15:17:10.4605763Z Unpacking libwayland-bin (1.22.0-2.1build1) ...
conformance-and-platform	Install toolchain and Linux runtime dependencies	2026-10-05T15:17:10.4748343Z Selecting previously unselected package libwayland-dev:amd64.
conformance-and-platform	Install toolchain and Linux runtime dependencies	2026-10-05T15:17:10.4826253Z Preparing to unpack .../133-libwayland-dev_1.22.0-2.1build1_amd64.deb ...
conformance-and-platform	Install toolchain and Linux runtime dependencies	2026-10-05T15:17:10.4833851Z Unpacking libwayland-dev:amd64 (1.22.0-2.1build1) ...
conformance-and-platform	Install toolchain and Linux runtime dependencies	2026-10-05T15:17:10.4998070Z Selecting previously unselected package mesa-utils.
conformance-and-platform	Install toolchain and Linux runtime dependencies	2026-10-05T15:17:10.5075825Z Preparing to unpack .../134-mesa-utils_9.0.0-2_amd64.deb ...
conformance-and-platform	Install toolchain and Linux runtime dependencies	2026-10-05T15:17:10.5082913Z Unpacking mesa-utils (9.0.0-2) ...
conformance-and-platform	Install toolchain and Linux runtime dependencies	2026-10-05T15:17:10.5934848Z Setting up libgme0:amd64 (0.6.3-7build1) ...
conformance-and-platform	Install toolchain and Linux runtime dependencies	2026-10-05T15:17:10.5969684Z Setting up libchromaprint1:amd64 (1.5.1-5) ...
conformance-and-platform	Install toolchain and Linux runtime dependencies	2026-10-05T15:17:10.5993013Z Setting up libssh-gcrypt-4:amd64 (0.10.6-2ubuntu0.5) ...
conformance-and-platform	Install toolchain and Linux runtime dependencies	2026-10-05T15:17:10.6029262Z Setting up libhwy1t64:amd64 (1.0.7-8.1build1) ...
conformance-and-platform	Install toolchain and Linux runtime dependencies	2026-10-05T15:17:10.6056205Z Setting up libudfread0:amd64 (1.1.2-1build1) ...
conformance-and-platform	Install toolchain and Linux runtime dependencies	2026-10-05T15:17:10.6081604Z Setting up libwayland-server0:amd64 (1.22.0-2.1build1) ...
conformance-and-platform	Install toolchain and Linux runtime dependencies	2026-10-05T15:17:10.6103276Z Setting up mesa-libgallium:amd64 (25.2.8-0ubuntu0.24.04.4) ...
conformance-and-platform	Install toolchain and Linux runtime dependencies	2026-10-05T15:17:10.6126008Z Setting up libspeex1:amd64 (1.2.1-2ubuntu2.24.04.1) ...
conformance-and-platform	Install toolchain and Linux runtime dependencies	2026-10-05T15:17:10.6149914Z Setting up libshine3:amd64 (3.1.1-2build1) ...
conformance-and-platform	Install toolchain and Linux runtime dependencies	2026-10-05T15:17:10.6177086Z Setting up libvpl2 (2023.3.0-1build1) ...
conformance-and-platform	Install toolchain and Linux runtime dependencies	2026-10-05T15:17:10.6284079Z Setting up libglvnd-core-dev:amd64 (1.7.0-1build1) ...
conformance-and-platform	Install toolchain and Linux runtime dependencies	2026-10-05T15:17:10.6363475Z Setting up libx264-164:amd64 (2:0.164.3108+git31e19f9-1) ...
conformance-and-platform	Install toolchain and Linux runtime dependencies	2026-10-05T15:17:10.6384785Z Setting up libtwolame0:amd64 (0.4.0-2build3) ...
conformance-and-platform	Install toolchain and Linux runtime dependencies	2026-10-05T15:17:10.6408884Z Setting up libmbedcrypto7t64:amd64 (2.28.8-1) ...
conformance-and-platform	Install toolchain and Linux runtime dependencies	2026-10-05T15:17:10.6434894Z Setting up libgbm1:amd64 (25.2.8-0ubuntu0.24.04.4) ...
conformance-and-platform	Install toolchain and Linux runtime dependencies	2026-10-05T15:17:10.6458959Z Setting up libgsm1:amd64 (1.0.22-1build1) ...
conformance-and-platform	Install toolchain and Linux runtime dependencies	2026-10-05T15:17:10.6484861Z Setting up libaml0t64:amd64 (0.3.0-1.1build1) ...
conformance-and-platform	Install toolchain and Linux runtime dependencies	2026-10-05T15:17:10.6507036Z Setting up libsoxr0:amd64 (0.1.3-4build3) ...
conformance-and-platform	Install toolchain and Linux runtime dependencies	2026-10-05T15:17:10.6533287Z Setting up libzix-0-0:amd64 (0.4.2-2build1) ...
conformance-and-platform	Install toolchain and Linux runtime dependencies	2026-10-05T15:17:10.6561974Z Setting up libcodec2-1.2:amd64 (1.2.0-2build1) ...
conformance-and-platform	Install toolchain and Linux runtime dependencies	2026-10-05T15:17:10.6591474Z Setting up libwinpr2-2t64:amd64 (2.11.5+dfsg1-1build2) ...
conformance-and-platform	Install toolchain and Linux runtime dependencies	2026-10-05T15:17:10.6617014Z Setting up libxkbcommon-dev:amd64 (1.6.0-1build1) ...
conformance-and-platform	Install toolchain and Linux runtime dependencies	2026-10-05T15:17:10.6645187Z Setting up libgl1-mesa-dri:amd64 (25.2.8-0ubuntu0.24.04.4) ...
conformance-and-platform	Install toolchain and Linux runtime dependencies	2026-10-05T15:17:10.6708288Z Setting up libpng-dev:amd64 (1.6.43-5ubuntu0.6) ...
conformance-and-platform	Install toolchain and Linux runtime dependencies	2026-10-05T15:17:10.6732580Z Setting up libmysofa1:amd64 (1.3.2+dfsg-2ubuntu2) ...
conformance-and-platform	Install toolchain and Linux runtime dependencies	2026-10-05T15:17:10.6761876Z Setting up libwebrtc-audio-processing1:amd64 (0.3.1-0ubuntu6) ...
conformance-and-platform	Install toolchain and Linux runtime dependencies	2026-10-05T15:17:10.6781446Z Setting up libsvtav1enc1d1:amd64 (1.7.0+dfsg-2build1) ...
conformance-and-platform	Install toolchain and Linux runtime dependencies	2026-10-05T15:17:10.6805964Z Setting up libmpg123-0t64:amd64 (1.32.5-1ubuntu1.1) ...
conformance-and-platform	Install toolchain and Linux runtime dependencies	2026-10-05T15:17:10.6829661Z Setting up libcjson1:amd64 (1.7.17-1) ...
conformance-and-platform	Install toolchain and Linux runtime dependencies	2026-10-05T15:17:10.6850870Z Setting up libxvidcore4:amd64 (2:1.3.7-1build1) ...
conformance-and-platform	Install toolchain and Linux runtime dependencies	2026-10-05T15:17:10.6877557Z Setting up libpthread-stubs0-dev:amd64 (0.4-1build3) ...
conformance-and-platform	Install toolchain and Linux runtime dependencies	2026-10-05T15:17:10.6902732Z Setting up librav1e0:amd64 (0.7.1-2) ...
conformance-and-platform	Install toolchain and Linux runtime dependencies	2026-10-05T15:17:10.6923959Z Setting up libopengl0:amd64 (1.7.0-1build1) ...
conformance-and-platform	Install toolchain and Linux runtime dependencies	2026-10-05T15:17:10.6949467Z Setting up ninja-build (1.11.1-2) ...
conformance-and-platform	Install toolchain and Linux runtime dependencies	2026-10-05T15:17:10.6971382Z Setting up liborc-0.4-0t64:amd64 (1:0.4.38-1ubuntu0.1) ...
conformance-and-platform	Install toolchain and Linux runtime dependencies	2026-10-05T15:17:10.6998531Z Setting up libxcb-xkb1:amd64 (1.15-1ubuntu2) ...
conformance-and-platform	Install toolchain and Linux runtime dependencies	2026-10-05T15:17:10.7024062Z Setting up librist4:amd64 (0.2.10+dfsg-2) ...
conformance-and-platform	Install toolchain and Linux runtime dependencies	2026-10-05T15:17:10.7050014Z Setting up librsvg2-2:amd64 (2.58.0+dfsg-1build1) ...
conformance-and-platform	Install toolchain and Linux runtime dependencies	2026-10-05T15:17:10.7078728Z Setting up libclang-18-dev (1:18.1.3-1ubuntu1) ...
conformance-and-platform	Install toolchain and Linux runtime dependencies	2026-10-05T15:17:10.7098528Z Setting up xtrans-dev (1.4.0-1) ...
conformance-and-platform	Install toolchain and Linux runtime dependencies	2026-10-05T15:17:10.7124365Z Setting up libwayland-bin (1.22.0-2.1build1) ...
conformance-and-platform	Install toolchain and Linux runtime dependencies	2026-10-05T15:17:10.7151173Z Setting up libblas3:amd64 (3.12.0-3build1.1) ...
conformance-and-platform	Install toolchain and Linux runtime dependencies	2026-10-05T15:17:10.7199348Z update-alternatives: using /usr/lib/x86_64-linux-gnu/blas/libblas.so.3 to provide /usr/lib/x86_64-linux-gnu/libblas.so.3 (libblas.so.3-x86_64-linux-gnu) in auto mode
conformance-and-platform	Install toolchain and Linux runtime dependencies	2026-10-05T15:17:10.7222959Z Setting up libegl-mesa0:amd64 (25.2.8-0ubuntu0.24.04.4) ...
conformance-and-platform	Install toolchain and Linux runtime dependencies	2026-10-05T15:17:10.7250207Z Setting up libplacebo338:amd64 (6.338.2-2build1) ...
conformance-and-platform	Install toolchain and Linux runtime dependencies	2026-10-05T15:17:10.7277001Z Setting up libgles2:amd64 (1.7.0-1build1) ...
conformance-and-platform	Install toolchain and Linux runtime dependencies	2026-10-05T15:17:10.7298426Z Setting up libva2:amd64 (2.20.0-2ubuntu0.2) ...
conformance-and-platform	Install toolchain and Linux runtime dependencies	2026-10-05T15:17:10.7322003Z Setting up libspa-0.2-modules:amd64 (1.0.5-1ubuntu3.3) ...
conformance-and-platform	Install toolchain and Linux runtime dependencies	2026-10-05T15:17:10.7350904Z Setting up uuid-dev:amd64 (2.39.3-9ubuntu6.6) ...
conformance-and-platform	Install toolchain and Linux runtime dependencies	2026-10-05T15:17:10.7374833Z Setting up clang (1:18.0-59~exp2) ...
conformance-and-platform	Install toolchain and Linux runtime dependencies	2026-10-05T15:17:10.7533398Z Setting up libgles1:amd64 (1.7.0-1build1) ...
conformance-and-platform	Install toolchain and Linux runtime dependencies	2026-10-05T15:17:10.7560280Z Setting up libopus0:amd64 (1.4-1build1) ...
conformance-and-platform	Install toolchain and Linux runtime dependencies	2026-10-05T15:17:10.7585428Z Setting up libxkbcommon-x11-0:amd64 (1.6.0-1build1) ...
conformance-and-platform	Install toolchain and Linux runtime dependencies	2026-10-05T15:17:10.7608872Z Setting up libunibreak5:amd64 (5.1-2build1) ...
conformance-and-platform	Install toolchain and Linux runtime dependencies	2026-10-05T15:17:10.7631469Z Setting up libjxl0.7:amd64 (0.7.0-10.2ubuntu6.1) ...
conformance-and-platform	Install toolchain and Linux runtime dependencies	2026-10-05T15:17:10.7680314Z Setting up libx265-199:amd64 (3.5-2build1) ...
conformance-and-platform	Install toolchain and Linux runtime dependencies	2026-10-05T15:17:10.7703103Z Setting up libturbojpeg:amd64 (1:2.1.5-2ubuntu2) ...
conformance-and-platform	Install toolchain and Linux runtime dependencies	2026-10-05T15:17:10.7755862Z Setting up libvidstab1.1:amd64 (1.1.0-2build1) ...
conformance-and-platform	Install toolchain and Linux runtime dependencies	2026-10-05T15:17:10.7776592Z Setting up libvpx9:amd64 (1.14.0-1ubuntu2.3) ...
conformance-and-platform	Install toolchain and Linux runtime dependencies	2026-10-05T15:17:10.7797939Z Setting up libsrt1.5-gnutls:amd64 (1.5.3-1build2) ...
conformance-and-platform	Install toolchain and Linux runtime dependencies	2026-10-05T15:17:10.7823973Z Setting up libxcb-composite0:amd64 (1.15-1ubuntu2) ...
conformance-and-platform	Install toolchain and Linux runtime dependencies	2026-10-05T15:17:10.7848760Z Setting up libflite1:amd64 (2.2-6build3) ...
conformance-and-platform	Install toolchain and Linux runtime dependencies	2026-10-05T15:17:10.7870372Z Setting up libdav1d7:amd64 (1.4.1-1build1) ...
conformance-and-platform	Install toolchain and Linux runtime dependencies	2026-10-05T15:17:10.7891982Z Setting up libmtdev1t64:amd64 (1.1.6-1.1build1) ...
conformance-and-platform	Install toolchain and Linux runtime dependencies	2026-10-05T15:17:10.7913324Z Setting up libva-drm2:amd64 (2.20.0-2ubuntu0.2) ...
conformance-and-platform	Install toolchain and Linux runtime dependencies	2026-10-05T15:17:10.7939094Z Setting up ocl-icd-libopencl1:amd64 (2.3.2-1build1) ...
conformance-and-platform	Install toolchain and Linux runtime dependencies	2026-10-05T15:17:10.7961665Z Setting up libasyncns0:amd64 (0.8-6build4) ...
conformance-and-platform	Install toolchain and Linux runtime dependencies	2026-10-05T15:17:10.7989247Z Setting up libvdpau1:amd64 (1.5-2build1) ...
conformance-and-platform	Install toolchain and Linux runtime dependencies	2026-10-05T15:17:10.8018282Z Setting up libbs2b0:amd64 (3.1.0+dfsg-7build1) ...
conformance-and-platform	Install toolchain and Linux runtime dependencies	2026-10-05T15:17:10.8039374Z Setting up libtheora0:amd64 (1.1.1+dfsg.1-16.1build3) ...
conformance-and-platform	Install toolchain and Linux runtime dependencies	2026-10-05T15:17:10.8068317Z Setting up libegl1:amd64 (1.7.0-1build1) ...
conformance-and-platform	Install toolchain and Linux runtime dependencies	2026-10-05T15:17:10.8090266Z Setting up libfreerdp2-2t64:amd64 (2.11.5+dfsg1-1build2) ...
conformance-and-platform	Install toolchain and Linux runtime dependencies	2026-10-05T15:17:10.8110485Z Setting up libdecor-0-0:amd64 (0.2.2-1build2) ...
conformance-and-platform	Install toolchain and Linux runtime dependencies	2026-10-05T15:17:10.8136012Z Setting up libzimg2:amd64 (3.0.5+ds1-1build1) ...
conformance-and-platform	Install toolchain and Linux runtime dependencies	2026-10-05T15:17:10.8159833Z Setting up build-essential (12.10ubuntu1) ...
conformance-and-platform	Install toolchain and Linux runtime dependencies	2026-10-05T15:17:10.8182951Z Setting up xorg-sgml-doctools (1:1.11-1.1) ...
conformance-and-platform	Install toolchain and Linux runtime dependencies	2026-10-05T15:17:10.8203532Z Setting up libflac12t64:amd64 (1.4.3+ds-2.1ubuntu2) ...
conformance-and-platform	Install toolchain and Linux runtime dependencies	2026-10-05T15:17:10.8227127Z Setting up libseat1:amd64 (0.8.0-1) ...
conformance-and-platform	Install toolchain and Linux runtime dependencies	2026-10-05T15:17:10.8248172Z Setting up libopengl-dev:amd64 (1.7.0-1build1) ...
conformance-and-platform	Install toolchain and Linux runtime dependencies	2026-10-05T15:17:10.8280242Z Setting up libbluray2:amd64 (1:1.3.4-1build1) ...
conformance-and-platform	Install toolchain and Linux runtime dependencies	2026-10-05T15:17:10.8305903Z Setting up libsamplerate0:amd64 (0.2.2-4build1) ...
conformance-and-platform	Install toolchain and Linux runtime dependencies	2026-10-05T15:17:10.8326115Z Setting up libva-x11-2:amd64 (2.20.0-2ubuntu0.2) ...
conformance-and-platform	Install toolchain and Linux runtime dependencies	2026-10-05T15:17:10.8465898Z Setting up libpipewire-0.3-0t64:amd64 (1.0.5-1ubuntu3.3) ...
conformance-and-platform	Install toolchain and Linux runtime dependencies	2026-10-05T15:17:10.8490167Z Setting up libopenmpt0t64:amd64 (0.7.3-1.1build3) ...
conformance-and-platform	Install toolchain and Linux runtime dependencies	2026-10-05T15:17:10.8522892Z Setting up libbrotli-dev:amd64 (1.1.0-2build2) ...
conformance-and-platform	Install toolchain and Linux runtime dependencies	2026-10-05T15:17:10.9266638Z Setting up libzvbi-common (0.2.42-2) ...
conformance-and-platform	Install toolchain and Linux runtime dependencies	2026-10-05T15:17:10.9298251Z Setting up libmp3lame0:amd64 (3.100-6build1) ...
conformance-and-platform	Install toolchain and Linux runtime dependencies	2026-10-05T15:17:10.9321335Z Setting up libvorbisenc2:amd64 (1.3.7-1build3) ...
conformance-and-platform	Install toolchain and Linux runtime dependencies	2026-10-05T15:17:10.9353261Z Setting up libserd-0-0:amd64 (0.32.2-1) ...
conformance-and-platform	Install toolchain and Linux runtime dependencies	2026-10-05T15:17:10.9376128Z Setting up libwacom-common (2.10.0-2) ...
conformance-and-platform	Install toolchain and Linux runtime dependencies	2026-10-05T15:17:10.9402712Z Setting up libbz2-dev:amd64 (1.0.8-5.1ubuntu0.1) ...
conformance-and-platform	Install toolchain and Linux runtime dependencies	2026-10-05T15:17:10.9430467Z Setting up liblapack3:amd64 (3.12.0-3build1.1) ...
conformance-and-platform	Install toolchain and Linux runtime dependencies	2026-10-05T15:17:10.9480411Z update-alternatives: using /usr/lib/x86_64-linux-gnu/lapack/liblapack.so.3 to provide /usr/lib/x86_64-linux-gnu/liblapack.so.3 (liblapack.so.3-x86_64-linux-gnu) in auto mode
conformance-and-platform	Install toolchain and Linux runtime dependencies	2026-10-05T15:17:10.9497463Z Setting up libglx-mesa0:amd64 (25.2.8-0ubuntu0.24.04.4) ...
conformance-and-platform	Install toolchain and Linux runtime dependencies	2026-10-05T15:17:10.9524003Z Setting up libzvbi0t64:amd64 (0.2.42-2) ...
conformance-and-platform	Install toolchain and Linux runtime dependencies	2026-10-05T15:17:10.9552191Z Setting up libwacom9:amd64 (2.10.0-2) ...
conformance-and-platform	Install toolchain and Linux runtime dependencies	2026-10-05T15:17:10.9579881Z Setting up libgstreamer-plugins-base1.0-0:amd64 (1.24.2-1ubuntu0.5) ...
conformance-and-platform	Install toolchain and Linux runtime dependencies	2026-10-05T15:17:10.9606183Z Setting up libavutil58:amd64 (7:6.1.1-3ubuntu5) ...
conformance-and-platform	Install toolchain and Linux runtime dependencies	2026-10-05T15:17:10.9633702Z Setting up libwayland-dev:amd64 (1.22.0-2.1build1) ...
conformance-and-platform	Install toolchain and Linux runtime dependencies	2026-10-05T15:17:10.9659117Z Setting up libinput-bin (1.25.0-1ubuntu3.7) ...
conformance-and-platform	Install toolchain and Linux runtime dependencies	2026-10-05T15:17:10.9685148Z Setting up libfreetype-dev:amd64 (2.13.2+dfsg-1ubuntu0.1) ...
conformance-and-platform	Install toolchain and Linux runtime dependencies	2026-10-05T15:17:10.9709833Z Setting up libass9:amd64 (1:0.17.1-2build1) ...
conformance-and-platform	Install toolchain and Linux runtime dependencies	2026-10-05T15:17:10.9732676Z Setting up mesa-utils-bin:amd64 (9.0.0-2) ...
conformance-and-platform	Install toolchain and Linux runtime dependencies	2026-10-05T15:17:10.9759528Z Setting up libswresample4:amd64 (7:6.1.1-3ubuntu5) ...
conformance-and-platform	Install toolchain and Linux runtime dependencies	2026-10-05T15:17:10.9784204Z Setting up libfreerdp-server2-2t64:amd64 (2.11.5+dfsg1-1build2) ...
conformance-and-platform	Install toolchain and Linux runtime dependencies	2026-10-05T15:17:10.9811216Z Setting up libavcodec60:amd64 (7:6.1.1-3ubuntu5) ...
conformance-and-platform	Install toolchain and Linux runtime dependencies	2026-10-05T15:17:10.9835931Z Setting up librubberband2:amd64 (3.3.0+dfsg-2build1) ...
conformance-and-platform	Install toolchain and Linux runtime dependencies	2026-10-05T15:17:10.9865095Z Setting up libsord-0-0:amd64 (0.16.16-2build1) ...
conformance-and-platform	Install toolchain and Linux runtime dependencies	2026-10-05T15:17:10.9891249Z Setting up libpostproc57:amd64 (7:6.1.1-3ubuntu5) ...
conformance-and-platform	Install toolchain and Linux runtime dependencies	2026-10-05T15:17:10.9912093Z Setting up libsratom-0-0:amd64 (0.6.16-1build1) ...
conformance-and-platform	Install toolchain and Linux runtime dependencies	2026-10-05T15:17:10.9940722Z Setting up libsndfile1:amd64 (1.2.2-1ubuntu5.24.04.1) ...
conformance-and-platform	Install toolchain and Linux runtime dependencies	2026-10-05T15:17:10.9961861Z Setting up liblilv-0-0:amd64 (0.24.22-1build1) ...
conformance-and-platform	Install toolchain and Linux runtime dependencies	2026-10-05T15:17:10.9989077Z Setting up libswscale7:amd64 (7:6.1.1-3ubuntu5) ...
conformance-and-platform	Install toolchain and Linux runtime dependencies	2026-10-05T15:17:11.0009515Z Setting up libinput10:amd64 (1.25.0-1ubuntu3.7) ...
conformance-and-platform	Install toolchain and Linux runtime dependencies	2026-10-05T15:17:11.0031623Z Setting up libpulse0:amd64 (1:16.1+dfsg1-2ubuntu10.1) ...
conformance-and-platform	Install toolchain and Linux runtime dependencies	2026-10-05T15:17:11.0102542Z Setting up libfontconfig-dev:amd64 (2.15.0-1.1ubuntu2) ...
conformance-and-platform	Install toolchain and Linux runtime dependencies	2026-10-05T15:17:11.0126102Z Setting up libavformat60:amd64 (7:6.1.1-3ubuntu5) ...
conformance-and-platform	Install toolchain and Linux runtime dependencies	2026-10-05T15:17:11.0152909Z Setting up libsphinxbase3t64:amd64 (0.8+5prealpha+1-17build2) ...
conformance-and-platform	Install toolchain and Linux runtime dependencies	2026-10-05T15:17:11.0177062Z Setting up mesa-utils (9.0.0-2) ...
conformance-and-platform	Install toolchain and Linux runtime dependencies	2026-10-05T15:17:11.0202731Z Setting up libfontconfig1-dev:amd64 (2.15.0-1.1ubuntu2) ...
conformance-and-platform	Install toolchain and Linux runtime dependencies	2026-10-05T15:17:11.0221859Z Setting up libpocketsphinx3:amd64 (0.8.0+real5prealpha+1-15ubuntu5) ...
conformance-and-platform	Install toolchain and Linux runtime dependencies	2026-10-05T15:17:11.0243498Z Setting up libavfilter9:amd64 (7:6.1.1-3ubuntu5) ...
conformance-and-platform	Install toolchain and Linux runtime dependencies	2026-10-05T15:17:11.0267158Z Setting up libneatvnc0:amd64 (0.7.1+dfsg-2build3) ...
conformance-and-platform	Install toolchain and Linux runtime dependencies	2026-10-05T15:17:11.0287449Z Setting up libweston-13-0:amd64 (13.0.0-4build3) ...
conformance-and-platform	Install toolchain and Linux runtime dependencies	2026-10-05T15:17:11.0311965Z Setting up weston (13.0.0-4build3) ...
conformance-and-platform	Install toolchain and Linux runtime dependencies	2026-10-05T15:17:11.0406498Z Processing triggers for libc-bin (2.39-0ubuntu8.9) ...
conformance-and-platform	Install toolchain and Linux runtime dependencies	2026-10-05T15:17:11.2351371Z Processing triggers for man-db (2.12.0-4build2) ...
conformance-and-platform	Install toolchain and Linux runtime dependencies	2026-10-05T15:17:11.2373042Z Not building database; man-db/auto-update is not 'true'.
conformance-and-platform	Install toolchain and Linux runtime dependencies	2026-10-05T15:17:11.2391066Z Processing triggers for udev (255.4-1ubuntu8.17) ...
conformance-and-platform	Install toolchain and Linux runtime dependencies	2026-10-05T15:17:11.7463451Z Processing triggers for sgml-base (1.31) ...
conformance-and-platform	Install toolchain and Linux runtime dependencies	2026-10-05T15:17:11.7573959Z Setting up x11proto-dev (2023.2-1) ...
conformance-and-platform	Install toolchain and Linux runtime dependencies	2026-10-05T15:17:11.7602957Z Setting up libxau-dev:amd64 (1:1.0.9-1build6) ...
conformance-and-platform	Install toolchain and Linux runtime dependencies	2026-10-05T15:17:11.7641915Z Setting up libxdmcp-dev:amd64 (1:1.1.3-0ubuntu6) ...
conformance-and-platform	Install toolchain and Linux runtime dependencies	2026-10-05T15:17:11.7682859Z Setting up libxcb1-dev:amd64 (1.15-1ubuntu2) ...
conformance-and-platform	Install toolchain and Linux runtime dependencies	2026-10-05T15:17:11.7716090Z Setting up libx11-dev:amd64 (2:1.8.7-1build1) ...
conformance-and-platform	Install toolchain and Linux runtime dependencies	2026-10-05T15:17:11.7753414Z Setting up libglx-dev:amd64 (1.7.0-1build1) ...
conformance-and-platform	Install toolchain and Linux runtime dependencies	2026-10-05T15:17:11.7784366Z Setting up libgl-dev:amd64 (1.7.0-1build1) ...
conformance-and-platform	Install toolchain and Linux runtime dependencies	2026-10-05T15:17:11.7813390Z Setting up libx11-xcb-dev:amd64 (2:1.8.7-1build1) ...
conformance-and-platform	Install toolchain and Linux runtime dependencies	2026-10-05T15:17:11.7840238Z Setting up libegl-dev:amd64 (1.7.0-1build1) ...
conformance-and-platform	Install toolchain and Linux runtime dependencies	2026-10-05T15:17:11.7874356Z Setting up libgles-dev:amd64 (1.7.0-1build1) ...
conformance-and-platform	Install toolchain and Linux runtime dependencies	2026-10-05T15:17:11.7909014Z Setting up libglvnd-dev:amd64 (1.7.0-1build1) ...
conformance-and-platform	Install toolchain and Linux runtime dependencies	2026-10-05T15:17:11.7935414Z Setting up libgl1-mesa-dev:amd64 (25.2.8-0ubuntu0.24.04.4) ...
conformance-and-platform	Install toolchain and Linux runtime dependencies	2026-10-05T15:17:12.2581002Z 
conformance-and-platform	Install toolchain and Linux runtime dependencies	2026-10-05T15:17:12.2581638Z Running kernel seems to be up-to-date.
conformance-and-platform	Install toolchain and Linux runtime dependencies	2026-10-05T15:17:12.2581907Z 
conformance-and-platform	Install toolchain and Linux runtime dependencies	2026-10-05T15:17:12.2582005Z No services need to be restarted.
conformance-and-platform	Install toolchain and Linux runtime dependencies	2026-10-05T15:17:12.2582184Z 
conformance-and-platform	Install toolchain and Linux runtime dependencies	2026-10-05T15:17:12.2582329Z No containers need to be restarted.
conformance-and-platform	Install toolchain and Linux runtime dependencies	2026-10-05T15:17:12.2582485Z 
conformance-and-platform	Install toolchain and Linux runtime dependencies	2026-10-05T15:17:12.2582630Z No user sessions are running outdated binaries.
conformance-and-platform	Install toolchain and Linux runtime dependencies	2026-10-05T15:17:12.2582798Z 
conformance-and-platform	Install toolchain and Linux runtime dependencies	2026-10-05T15:17:12.2583014Z No VM guests are running outdated hypervisor (qemu) binaries on this host.
conformance-and-platform	Install toolchain and Linux runtime dependencies	2026-10-05T15:17:12.9735173Z info: syncing channel updates for 1.94.1-x86_64-unknown-linux-gnu
conformance-and-platform	Install toolchain and Linux runtime dependencies	2026-10-05T15:17:13.1662366Z info: latest update on 2026-03-26 for version 1.94.1 (e408947bf 2026-03-25)
conformance-and-platform	Install toolchain and Linux runtime dependencies	2026-10-05T15:17:13.1662911Z info: downloading 4 components
conformance-and-platform	Install toolchain and Linux runtime dependencies	2026-10-05T15:17:19.8201824Z 
conformance-and-platform	Install toolchain and Linux runtime dependencies	2026-10-05T15:17:19.8268988Z   1.94.1-x86_64-unknown-linux-gnu installed - rustc 1.94.1 (e408947bf 2026-03-25)
conformance-and-platform	Install toolchain and Linux runtime dependencies	2026-10-05T15:17:19.8269625Z 
conformance-and-platform	Install toolchain and Linux runtime dependencies	2026-10-05T15:17:19.8325916Z info: using existing install for 1.94.1-x86_64-unknown-linux-gnu
conformance-and-platform	Install toolchain and Linux runtime dependencies	2026-10-05T15:17:19.8334047Z info: default toolchain set to 1.94.1-x86_64-unknown-linux-gnu
conformance-and-platform	Install toolchain and Linux runtime dependencies	2026-10-05T15:17:19.8334386Z 
conformance-and-platform	Install toolchain and Linux runtime dependencies	2026-10-05T15:17:19.8394300Z   1.94.1-x86_64-unknown-linux-gnu unchanged - rustc 1.94.1 (e408947bf 2026-03-25)
conformance-and-platform	Install toolchain and Linux runtime dependencies	2026-10-05T15:17:19.8394726Z 
conformance-and-platform	Run actions/cache@v5	﻿2026-10-05T15:17:19.9715117Z ##[group]Run actions/cache@v5
conformance-and-platform	Run actions/cache@v5	2026-10-05T15:17:19.9715379Z with:
conformance-and-platform	Run actions/cache@v5	2026-10-05T15:17:19.9715607Z   path: ~/.cargo/git
conformance-and-platform	Run actions/cache@v5	~/.cargo/registry
conformance-and-platform	Run actions/cache@v5	bindings/rust/target
conformance-and-platform	Run actions/cache@v5	
conformance-and-platform	Run actions/cache@v5	2026-10-05T15:17:19.9716034Z   key: v02-hardening-Linux-1.94.1-fb34f7045b13690422332ca00f8747395dca2fa1d8a8e28868ee97a1a1a44b75
conformance-and-platform	Run actions/cache@v5	2026-10-05T15:17:19.9716449Z   enableCrossOsArchive: false
conformance-and-platform	Run actions/cache@v5	2026-10-05T15:17:19.9716696Z   fail-on-cache-miss: false
conformance-and-platform	Run actions/cache@v5	2026-10-05T15:17:19.9716924Z   lookup-only: false
conformance-and-platform	Run actions/cache@v5	2026-10-05T15:17:19.9717122Z   save-always: false
conformance-and-platform	Run actions/cache@v5	2026-10-05T15:17:19.9717318Z env:
conformance-and-platform	Run actions/cache@v5	2026-10-05T15:17:19.9717643Z   BINDGEN_EXTRA_CLANG_ARGS: 
conformance-and-platform	Run actions/cache@v5	2026-10-05T15:17:19.9717876Z   CARGO_TARGET_X86_64_UNKNOWN_LINUX_GNU_RUSTFLAGS: 
conformance-and-platform	Run actions/cache@v5	2026-10-05T15:17:19.9718139Z   CC: clang
conformance-and-platform	Run actions/cache@v5	2026-10-05T15:17:19.9718316Z   CXX: clang++
conformance-and-platform	Run actions/cache@v5	2026-10-05T15:17:19.9718491Z   CXXFLAGS: 
conformance-and-platform	Run actions/cache@v5	2026-10-05T15:17:19.9718712Z   CARGO_TERM_COLOR: always
conformance-and-platform	Run actions/cache@v5	2026-10-05T15:17:19.9718934Z   FORCE_SKIA_BUILD: 1
conformance-and-platform	Run actions/cache@v5	2026-10-05T15:17:19.9719141Z   PKG_CONFIG_SYSROOT_DIR: 
conformance-and-platform	Run actions/cache@v5	2026-10-05T15:17:19.9719632Z   SKIA_GN_ARGS: extra_cflags += [ "-DSK_SUPPORT_LEGACY_CONIC_CHOP", "-DSK_USE_FREETYPE_EMBOLDEN", "-DSK_GAMMA_EXPONENT=1.2", "-DSK_GAMMA_CONTRAST=0.2", "-fno-strict-aliasing", "-msse3" ]
conformance-and-platform	Run actions/cache@v5	2026-10-05T15:17:19.9720338Z   SKIA_NINJA_COMMAND: ninja
conformance-and-platform	Run actions/cache@v5	2026-10-05T15:17:19.9720549Z ##[endgroup]
conformance-and-platform	Run actions/cache@v5	2026-10-05T15:17:20.2058931Z Cache hit for: v02-hardening-Linux-1.94.1-fb34f7045b13690422332ca00f8747395dca2fa1d8a8e28868ee97a1a1a44b75
conformance-and-platform	Run actions/cache@v5	2026-10-05T15:17:21.3600565Z Received 104857600 of 2696292356 (3.9%), 100.1 MBs/sec
conformance-and-platform	Run actions/cache@v5	2026-10-05T15:17:22.3652004Z Received 264241152 of 2696292356 (9.8%), 126.0 MBs/sec
conformance-and-platform	Run actions/cache@v5	2026-10-05T15:17:23.3618819Z Received 402653184 of 2696292356 (14.9%), 128.0 MBs/sec
conformance-and-platform	Run actions/cache@v5	2026-10-05T15:17:24.3618656Z Received 587202560 of 2696292356 (21.8%), 140.0 MBs/sec
conformance-and-platform	Run actions/cache@v5	2026-10-05T15:17:25.3655817Z Received 713031680 of 2696292356 (26.4%), 135.9 MBs/sec
conformance-and-platform	Run actions/cache@v5	2026-10-05T15:17:26.3636544Z Received 838860800 of 2696292356 (31.1%), 133.3 MBs/sec
conformance-and-platform	Run actions/cache@v5	2026-10-05T15:17:27.3634740Z Received 943718400 of 2696292356 (35.0%), 128.5 MBs/sec
conformance-and-platform	Run actions/cache@v5	2026-10-05T15:17:28.3638186Z Received 1077936128 of 2696292356 (40.0%), 128.5 MBs/sec
conformance-and-platform	Run actions/cache@v5	2026-10-05T15:17:29.3652497Z Received 1203765248 of 2696292356 (44.6%), 127.5 MBs/sec
conformance-and-platform	Run actions/cache@v5	2026-10-05T15:17:30.3660373Z Received 1342177280 of 2696292356 (49.8%), 127.9 MBs/sec
conformance-and-platform	Run actions/cache@v5	2026-10-05T15:17:31.3812788Z Received 1476395008 of 2696292356 (54.8%), 127.8 MBs/sec
conformance-and-platform	Run actions/cache@v5	2026-10-05T15:17:32.3788860Z Received 1610612736 of 2696292356 (59.7%), 127.8 MBs/sec
conformance-and-platform	Run actions/cache@v5	2026-10-05T15:17:33.3805973Z Received 1749024768 of 2696292356 (64.9%), 128.1 MBs/sec
conformance-and-platform	Run actions/cache@v5	2026-10-05T15:17:34.3817215Z Received 1904214016 of 2696292356 (70.6%), 129.5 MBs/sec
conformance-and-platform	Run actions/cache@v5	2026-10-05T15:17:35.3818928Z Received 2034237440 of 2696292356 (75.4%), 129.2 MBs/sec
conformance-and-platform	Run actions/cache@v5	2026-10-05T15:17:36.3828863Z Received 2172649472 of 2696292356 (80.6%), 129.3 MBs/sec
conformance-and-platform	Run actions/cache@v5	2026-10-05T15:17:37.3830059Z Received 2302672896 of 2696292356 (85.4%), 129.0 MBs/sec
conformance-and-platform	Run actions/cache@v5	2026-10-05T15:17:38.3842177Z Received 2432696320 of 2696292356 (90.2%), 128.7 MBs/sec
conformance-and-platform	Run actions/cache@v5	2026-10-05T15:17:39.3842863Z Received 2562719744 of 2696292356 (95.0%), 128.5 MBs/sec
conformance-and-platform	Run actions/cache@v5	2026-10-05T15:17:40.3842503Z Received 2684354560 of 2696292356 (99.6%), 127.9 MBs/sec
conformance-and-platform	Run actions/cache@v5	2026-10-05T15:17:40.7580563Z Received 2696292356 of 2696292356 (100.0%), 126.1 MBs/sec
conformance-and-platform	Run actions/cache@v5	2026-10-05T15:17:40.7582080Z Cache Size: ~2571 MB (2696292356 B)
conformance-and-platform	Run actions/cache@v5	2026-10-05T15:17:40.7692454Z [command]/usr/bin/tar -xf /home/runner/work/_temp/99320071-8938-4fb2-bc85-f28b9d76fabe/cache.tzst -P -C /home/runner/work/open-ui/open-ui --use-compress-program unzstd
conformance-and-platform	Run actions/cache@v5	2026-10-05T15:18:19.3019391Z Cache restored successfully
conformance-and-platform	Run actions/cache@v5	2026-10-05T15:18:19.4018431Z Cache restored from key: v02-hardening-Linux-1.94.1-fb34f7045b13690422332ca00f8747395dca2fa1d8a8e28868ee97a1a1a44b75
conformance-and-platform	Verify scenario and performance schemas	﻿2026-10-05T15:18:19.4117272Z ##[group]Run python3 tools/conformance/verify_v02.py
conformance-and-platform	Verify scenario and performance schemas	2026-10-05T15:18:19.4117665Z [36;1mpython3 tools/conformance/verify_v02.py[0m
conformance-and-platform	Verify scenario and performance schemas	2026-10-05T15:18:19.4118002Z [36;1mpython3 tools/performance/verify_v02.py[0m
conformance-and-platform	Verify scenario and performance schemas	2026-10-05T15:18:19.4118367Z [36;1mpython3 tools/performance/verify_v02.py \[0m
conformance-and-platform	Verify scenario and performance schemas	2026-10-05T15:18:19.4118692Z [36;1m  tools/performance/results/local-wsl2-2026-09-13.json[0m
conformance-and-platform	Verify scenario and performance schemas	2026-10-05T15:18:19.4218874Z shell: /usr/bin/bash -e {0}
conformance-and-platform	Verify scenario and performance schemas	2026-10-05T15:18:19.4219190Z env:
conformance-and-platform	Verify scenario and performance schemas	2026-10-05T15:18:19.4219634Z   BINDGEN_EXTRA_CLANG_ARGS: 
conformance-and-platform	Verify scenario and performance schemas	2026-10-05T15:18:19.4219988Z   CARGO_TARGET_X86_64_UNKNOWN_LINUX_GNU_RUSTFLAGS: 
conformance-and-platform	Verify scenario and performance schemas	2026-10-05T15:18:19.4220302Z   CC: clang
conformance-and-platform	Verify scenario and performance schemas	2026-10-05T15:18:19.4220508Z   CXX: clang++
conformance-and-platform	Verify scenario and performance schemas	2026-10-05T15:18:19.4220783Z   CXXFLAGS: 
conformance-and-platform	Verify scenario and performance schemas	2026-10-05T15:18:19.4221014Z   CARGO_TERM_COLOR: always
conformance-and-platform	Verify scenario and performance schemas	2026-10-05T15:18:19.4221281Z   FORCE_SKIA_BUILD: 1
conformance-and-platform	Verify scenario and performance schemas	2026-10-05T15:18:19.4221554Z   PKG_CONFIG_SYSROOT_DIR: 
conformance-and-platform	Verify scenario and performance schemas	2026-10-05T15:18:19.4222371Z   SKIA_GN_ARGS: extra_cflags += [ "-DSK_SUPPORT_LEGACY_CONIC_CHOP", "-DSK_USE_FREETYPE_EMBOLDEN", "-DSK_GAMMA_EXPONENT=1.2", "-DSK_GAMMA_CONTRAST=0.2", "-fno-strict-aliasing", "-msse3" ]
conformance-and-platform	Verify scenario and performance schemas	2026-10-05T15:18:19.4223109Z   SKIA_NINJA_COMMAND: ninja
conformance-and-platform	Verify scenario and performance schemas	2026-10-05T15:18:19.4223376Z ##[endgroup]
conformance-and-platform	Verify scenario and performance schemas	2026-10-05T15:18:19.5531233Z v0.2 conformance manifest: 58 scenarios, 10 domains, exact test parity
conformance-and-platform	Verify scenario and performance schemas	2026-10-05T15:18:19.5781057Z v0.2 performance profile: schema valid; qualification still required
conformance-and-platform	Verify scenario and performance schemas	2026-10-05T15:18:19.6006862Z v0.2 local performance smoke gates passed
conformance-and-platform	Run application conformance suite	﻿2026-10-05T15:18:19.6074710Z ##[group]Run cargo test --locked --package openui --test v02_conformance -- --test-threads=1
conformance-and-platform	Run application conformance suite	2026-10-05T15:18:19.6075395Z [36;1mcargo test --locked --package openui --test v02_conformance -- --test-threads=1[0m
conformance-and-platform	Run application conformance suite	2026-10-05T15:18:19.6111250Z shell: /usr/bin/bash -e {0}
conformance-and-platform	Run application conformance suite	2026-10-05T15:18:19.6111524Z env:
conformance-and-platform	Run application conformance suite	2026-10-05T15:18:19.6111723Z   BINDGEN_EXTRA_CLANG_ARGS: 
conformance-and-platform	Run application conformance suite	2026-10-05T15:18:19.6111995Z   CARGO_TARGET_X86_64_UNKNOWN_LINUX_GNU_RUSTFLAGS: 
conformance-and-platform	Run application conformance suite	2026-10-05T15:18:19.6112276Z   CC: clang
conformance-and-platform	Run application conformance suite	2026-10-05T15:18:19.6112571Z   CXX: clang++
conformance-and-platform	Run application conformance suite	2026-10-05T15:18:19.6112784Z   CXXFLAGS: 
conformance-and-platform	Run application conformance suite	2026-10-05T15:18:19.6112990Z   CARGO_TERM_COLOR: always
conformance-and-platform	Run application conformance suite	2026-10-05T15:18:19.6113251Z   FORCE_SKIA_BUILD: 1
conformance-and-platform	Run application conformance suite	2026-10-05T15:18:19.6113511Z   PKG_CONFIG_SYSROOT_DIR: 
conformance-and-platform	Run application conformance suite	2026-10-05T15:18:19.6114226Z   SKIA_GN_ARGS: extra_cflags += [ "-DSK_SUPPORT_LEGACY_CONIC_CHOP", "-DSK_USE_FREETYPE_EMBOLDEN", "-DSK_GAMMA_EXPONENT=1.2", "-DSK_GAMMA_CONTRAST=0.2", "-fno-strict-aliasing", "-msse3" ]
conformance-and-platform	Run application conformance suite	2026-10-05T15:18:19.6114831Z   SKIA_NINJA_COMMAND: ninja
conformance-and-platform	Run application conformance suite	2026-10-05T15:18:19.6115176Z ##[endgroup]
conformance-and-platform	Run application conformance suite	2026-10-05T15:18:20.7536258Z [1m[92m   Compiling[0m bytemuck_derive v1.10.2 (/home/runner/work/open-ui/open-ui/bindings/rust/vendor/bytemuck_derive-v1)
conformance-and-platform	Run application conformance suite	2026-10-05T15:18:20.7537219Z [1m[92m   Compiling[0m openui-geometry v0.2.0 (/home/runner/work/open-ui/open-ui/bindings/rust/openui-geometry)
conformance-and-platform	Run application conformance suite	2026-10-05T15:18:20.9501220Z [1m[92m   Compiling[0m openui-style v0.2.0 (/home/runner/work/open-ui/open-ui/bindings/rust/openui-style)
conformance-and-platform	Run application conformance suite	2026-10-05T15:18:21.1365560Z [1m[92m   Compiling[0m bytemuck v1.25.0 (/home/runner/work/open-ui/open-ui/bindings/rust/vendor/bytemuck-v1)
conformance-and-platform	Run application conformance suite	2026-10-05T15:18:21.1852318Z [1m[92m   Compiling[0m font-types v0.11.0 (/home/runner/work/open-ui/open-ui/bindings/rust/vendor/font-types-v0_11)
conformance-and-platform	Run application conformance suite	2026-10-05T15:18:21.3586814Z [1m[92m   Compiling[0m read-fonts v0.37.0 (/home/runner/work/open-ui/open-ui/bindings/rust/vendor/read-fonts-v0_37)
conformance-and-platform	Run application conformance suite	2026-10-05T15:18:21.5199642Z [1m[92m   Compiling[0m openui-macros v0.2.0 (/home/runner/work/open-ui/open-ui/bindings/rust/openui-macros)
conformance-and-platform	Run application conformance suite	2026-10-05T15:18:22.2336952Z [1m[92m   Compiling[0m skrifa v0.40.0 (/home/runner/work/open-ui/open-ui/bindings/rust/vendor/skrifa-v0_40)
conformance-and-platform	Run application conformance suite	2026-10-05T15:18:22.7756146Z [1m[92m   Compiling[0m openui-text v0.2.0 (/home/runner/work/open-ui/open-ui/bindings/rust/openui-text)
conformance-and-platform	Run application conformance suite	2026-10-05T15:18:23.2417001Z [1m[92m   Compiling[0m openui-dom v0.2.0 (/home/runner/work/open-ui/open-ui/bindings/rust/openui-dom)
conformance-and-platform	Run application conformance suite	2026-10-05T15:18:23.3946253Z [1m[92m   Compiling[0m openui-layout v0.2.0 (/home/runner/work/open-ui/open-ui/bindings/rust/openui-layout)
conformance-and-platform	Run application conformance suite	2026-10-05T15:18:23.9809608Z [1m[33mwarning[0m[1m: unused import: `BfcOffset`[0m
conformance-and-platform	Run application conformance suite	2026-10-05T15:18:23.9810152Z   [1m[94m--> [0mopenui-layout/src/bfc_resolution.rs:17:23
conformance-and-platform	Run application conformance suite	2026-10-05T15:18:23.9810647Z    [1m[94m|[0m
conformance-and-platform	Run application conformance suite	2026-10-05T15:18:23.9816678Z [1m[94m17[0m [1m[94m|[0m use openui_geometry::{BfcOffset, BoxStrut, LayoutUnit, MarginStrut};
conformance-and-platform	Run application conformance suite	2026-10-05T15:18:23.9817287Z    [1m[94m|[0m                       [1m[33m^^^^^^^^^[0m
conformance-and-platform	Run application conformance suite	2026-10-05T15:18:23.9817680Z    [1m[94m|[0m
conformance-and-platform	Run application conformance suite	2026-10-05T15:18:23.9818037Z    [1m[94m= [0m[1mnote[0m: `#[warn(unused_imports)]` (part of `#[warn(unused)]`) on by default
conformance-and-platform	Run application conformance suite	2026-10-05T15:18:23.9818328Z 
conformance-and-platform	Run application conformance suite	2026-10-05T15:18:23.9835058Z [1m[33mwarning[0m[1m: unused import: `balance_columns`[0m
conformance-and-platform	Run application conformance suite	2026-10-05T15:18:23.9835667Z      [1m[94m--> [0mopenui-layout/src/block.rs:19571:9
conformance-and-platform	Run application conformance suite	2026-10-05T15:18:23.9836208Z       [1m[94m|[0m
conformance-and-platform	Run application conformance suite	2026-10-05T15:18:23.9837058Z [1m[94m19571[0m [1m[94m|[0m         balance_columns, balance_columns_with_margins, compute_column_positions,
conformance-and-platform	Run application conformance suite	2026-10-05T15:18:23.9837601Z       [1m[94m|[0m         [1m[33m^^^^^^^^^^^^^^^[0m
conformance-and-platform	Run application conformance suite	2026-10-05T15:18:23.9837784Z 
conformance-and-platform	Run application conformance suite	2026-10-05T15:18:23.9892543Z [1m[33mwarning[0m[1m: unused import: `super::*`[0m
conformance-and-platform	Run application conformance suite	2026-10-05T15:18:23.9893060Z     [1m[94m--> [0mopenui-layout/src/intrinsic_sizing.rs:3974:9
conformance-and-platform	Run application conformance suite	2026-10-05T15:18:23.9893684Z      [1m[94m|[0m
conformance-and-platform	Run application conformance suite	2026-10-05T15:18:23.9894155Z [1m[94m3974[0m [1m[94m|[0m     use super::*;
conformance-and-platform	Run application conformance suite	2026-10-05T15:18:23.9894552Z      [1m[94m|[0m         [1m[33m^^^^^^^^[0m
conformance-and-platform	Run application conformance suite	2026-10-05T15:18:23.9895030Z 
conformance-and-platform	Run application conformance suite	2026-10-05T15:18:23.9895508Z [1m[33mwarning[0m[1m: unused import: `std::sync::Arc`[0m
conformance-and-platform	Run application conformance suite	2026-10-05T15:18:23.9896159Z   [1m[94m--> [0mopenui-layout/src/new_formatting_context.rs:17:5
conformance-and-platform	Run application conformance suite	2026-10-05T15:18:23.9896605Z    [1m[94m|[0m
conformance-and-platform	Run application conformance suite	2026-10-05T15:18:23.9897028Z [1m[94m17[0m [1m[94m|[0m use std::sync::Arc;
conformance-and-platform	Run application conformance suite	2026-10-05T15:18:23.9897556Z    [1m[94m|[0m     [1m[33m^^^^^^^^^^^^^^[0m
conformance-and-platform	Run application conformance suite	2026-10-05T15:18:23.9897747Z 
conformance-and-platform	Run application conformance suite	2026-10-05T15:18:23.9898009Z [1m[33mwarning[0m[1m: unused import: `ClearType`[0m
conformance-and-platform	Run application conformance suite	2026-10-05T15:18:23.9898552Z   [1m[94m--> [0mopenui-layout/src/new_formatting_context.rs:24:25
conformance-and-platform	Run application conformance suite	2026-10-05T15:18:23.9898989Z    [1m[94m|[0m
conformance-and-platform	Run application conformance suite	2026-10-05T15:18:23.9899593Z [1m[94m24[0m [1m[94m|[0m use crate::exclusions::{ClearType, ExclusionSpace};
conformance-and-platform	Run application conformance suite	2026-10-05T15:18:23.9900198Z    [1m[94m|[0m                         [1m[33m^^^^^^^^^[0m
conformance-and-platform	Run application conformance suite	2026-10-05T15:18:23.9900475Z 
conformance-and-platform	Run application conformance suite	2026-10-05T15:18:23.9900846Z [1m[33mwarning[0m[1m: unused import: `crate::layout_result::LayoutResult`[0m
conformance-and-platform	Run application conformance suite	2026-10-05T15:18:23.9901465Z   [1m[94m--> [0mopenui-layout/src/new_formatting_context.rs:26:5
conformance-and-platform	Run application conformance suite	2026-10-05T15:18:23.9901833Z    [1m[94m|[0m
conformance-and-platform	Run application conformance suite	2026-10-05T15:18:23.9902249Z [1m[94m26[0m [1m[94m|[0m use crate::layout_result::LayoutResult;
conformance-and-platform	Run application conformance suite	2026-10-05T15:18:23.9902695Z    [1m[94m|[0m     [1m[33m^^^^^^^^^^^^^^^^^^^^^^^^^^^^^^^^^^[0m
conformance-and-platform	Run application conformance suite	2026-10-05T15:18:23.9902912Z 
conformance-and-platform	Run application conformance suite	2026-10-05T15:18:24.1154720Z [1m[33mwarning[0m[1m: variable `reconstructed_block_in_inline` is assigned to, but never used[0m
conformance-and-platform	Run application conformance suite	2026-10-05T15:18:24.1155543Z     [1m[94m--> [0mopenui-layout/src/block.rs:2104:9
conformance-and-platform	Run application conformance suite	2026-10-05T15:18:24.1156033Z      [1m[94m|[0m
conformance-and-platform	Run application conformance suite	2026-10-05T15:18:24.1156436Z [1m[94m2104[0m [1m[94m|[0m     let mut reconstructed_block_in_inline = false;
conformance-and-platform	Run application conformance suite	2026-10-05T15:18:24.1156935Z      [1m[94m|[0m         [1m[33m^^^^^^^^^^^^^^^^^^^^^^^^^^^^^^^^^[0m
conformance-and-platform	Run application conformance suite	2026-10-05T15:18:24.1157280Z      [1m[94m|[0m
conformance-and-platform	Run application conformance suite	2026-10-05T15:18:24.1157726Z      [1m[94m= [0m[1mnote[0m: consider using `_reconstructed_block_in_inline` instead
conformance-and-platform	Run application conformance suite	2026-10-05T15:18:24.1158382Z      [1m[94m= [0m[1mnote[0m: `#[warn(unused_variables)]` (part of `#[warn(unused)]`) on by default
conformance-and-platform	Run application conformance suite	2026-10-05T15:18:24.1158704Z 
conformance-and-platform	Run application conformance suite	2026-10-05T15:18:24.1160709Z [1m[33mwarning[0m[1m: variable does not need to be mutable[0m
conformance-and-platform	Run application conformance suite	2026-10-05T15:18:24.1161293Z     [1m[94m--> [0mopenui-layout/src/block.rs:6781:9
conformance-and-platform	Run application conformance suite	2026-10-05T15:18:24.1161722Z      [1m[94m|[0m
conformance-and-platform	Run application conformance suite	2026-10-05T15:18:24.1162176Z [1m[94m6781[0m [1m[94m|[0m     let mut child_margin = resolve_margins_in_parent_axes(
conformance-and-platform	Run application conformance suite	2026-10-05T15:18:24.1162711Z      [1m[94m|[0m         [1m[94m----[0m[1m[33m^^^^^^^^^^^^[0m
conformance-and-platform	Run application conformance suite	2026-10-05T15:18:24.1163117Z      [1m[94m|[0m         [1m[94m|[0m
conformance-and-platform	Run application conformance suite	2026-10-05T15:18:24.1163483Z      [1m[94m|[0m         [1m[94mhelp: remove this `mut`[0m
conformance-and-platform	Run application conformance suite	2026-10-05T15:18:24.1163970Z      [1m[94m|[0m
conformance-and-platform	Run application conformance suite	2026-10-05T15:18:24.1164454Z      [1m[94m= [0m[1mnote[0m: `#[warn(unused_mut)]` (part of `#[warn(unused)]`) on by default
conformance-and-platform	Run application conformance suite	2026-10-05T15:18:24.1164722Z 
conformance-and-platform	Run application conformance suite	2026-10-05T15:18:24.1384552Z [1m[33mwarning[0m[1m: field `source_caption_end` is never read[0m
conformance-and-platform	Run application conformance suite	2026-10-05T15:18:24.1385503Z     [1m[94m--> [0mopenui-layout/src/block.rs:9551:5
conformance-and-platform	Run application conformance suite	2026-10-05T15:18:24.1385953Z      [1m[94m|[0m
conformance-and-platform	Run application conformance suite	2026-10-05T15:18:24.1386519Z [1m[94m9550[0m [1m[94m|[0m struct CaptionedRepeatedTableFlow {
conformance-and-platform	Run application conformance suite	2026-10-05T15:18:24.1387285Z      [1m[94m|[0m        [1m[94m--------------------------[0m [1m[94mfield in this struct[0m
conformance-and-platform	Run application conformance suite	2026-10-05T15:18:24.1388254Z [1m[94m9551[0m [1m[94m|[0m     source_caption_end: LayoutUnit,
conformance-and-platform	Run application conformance suite	2026-10-05T15:18:24.1388909Z      [1m[94m|[0m     [1m[33m^^^^^^^^^^^^^^^^^^[0m
conformance-and-platform	Run application conformance suite	2026-10-05T15:18:24.1389354Z      [1m[94m|[0m
conformance-and-platform	Run application conformance suite	2026-10-05T15:18:24.1390405Z      [1m[94m= [0m[1mnote[0m: `CaptionedRepeatedTableFlow` has derived impls for the traits `Debug` and `Clone`, but these are intentionally ignored during dead code analysis
conformance-and-platform	Run application conformance suite	2026-10-05T15:18:24.1391656Z      [1m[94m= [0m[1mnote[0m: `#[warn(dead_code)]` (part of `#[warn(unused)]`) on by default
conformance-and-platform	Run application conformance suite	2026-10-05T15:18:24.1392285Z 
conformance-and-platform	Run application conformance suite	2026-10-05T15:18:24.1392651Z [1m[33mwarning[0m[1m: function `columns_needed_for_height` is never used[0m
conformance-and-platform	Run application conformance suite	2026-10-05T15:18:24.1393365Z    [1m[94m--> [0mopenui-layout/src/multicol/mod.rs:705:4
conformance-and-platform	Run application conformance suite	2026-10-05T15:18:24.1394162Z     [1m[94m|[0m
conformance-and-platform	Run application conformance suite	2026-10-05T15:18:24.1394716Z [1m[94m705[0m [1m[94m|[0m fn columns_needed_for_height(
conformance-and-platform	Run application conformance suite	2026-10-05T15:18:24.1395297Z     [1m[94m|[0m    [1m[33m^^^^^^^^^^^^^^^^^^^^^^^^^[0m
conformance-and-platform	Run application conformance suite	2026-10-05T15:18:24.1395592Z 
conformance-and-platform	Run application conformance suite	2026-10-05T15:18:24.2430952Z [1m[92m   Compiling[0m openui-paint v0.2.0 (/home/runner/work/open-ui/open-ui/bindings/rust/openui-paint)
conformance-and-platform	Run application conformance suite	2026-10-05T15:18:24.5184599Z [1m[33mwarning[0m[1m: use of deprecated module `skia_safe::gradient_shader`: Use the skia_safe::gradient module[0m
conformance-and-platform	Run application conformance suite	2026-10-05T15:18:24.5185353Z   [1m[94m--> [0mopenui-paint/src/painter.rs:39:20
conformance-and-platform	Run application conformance suite	2026-10-05T15:18:24.5185671Z    [1m[94m|[0m
conformance-and-platform	Run application conformance suite	2026-10-05T15:18:24.5186183Z [1m[94m39[0m [1m[94m|[0m     color_filters, gradient_shader, image_filters, surfaces, AlphaType, BlendMode, ClipOp, Color4f,
conformance-and-platform	Run application conformance suite	2026-10-05T15:18:24.5186797Z    [1m[94m|[0m                    [1m[33m^^^^^^^^^^^^^^^[0m
conformance-and-platform	Run application conformance suite	2026-10-05T15:18:24.5187121Z    [1m[94m|[0m
conformance-and-platform	Run application conformance suite	2026-10-05T15:18:24.5187416Z    [1m[94m= [0m[1mnote[0m: `#[warn(deprecated)]` on by default
conformance-and-platform	Run application conformance suite	2026-10-05T15:18:24.5187642Z 
conformance-and-platform	Run application conformance suite	2026-10-05T15:18:24.5188130Z [1m[33mwarning[0m[1m: use of deprecated function `skia_safe::gradient_shader::linear_with_interpolation`: Use the skia_safe::gradient module[0m
conformance-and-platform	Run application conformance suite	2026-10-05T15:18:24.5188680Z     [1m[94m--> [0mopenui-paint/src/painter.rs:1860:45
conformance-and-platform	Run application conformance suite	2026-10-05T15:18:24.5189061Z      [1m[94m|[0m
conformance-and-platform	Run application conformance suite	2026-10-05T15:18:24.5189476Z [1m[94m1860[0m [1m[94m|[0m     scrim_paint.set_shader(gradient_shader::linear_with_interpolation(
conformance-and-platform	Run application conformance suite	2026-10-05T15:18:24.5190021Z      [1m[94m|[0m                                             [1m[33m^^^^^^^^^^^^^^^^^^^^^^^^^[0m
conformance-and-platform	Run application conformance suite	2026-10-05T15:18:24.5190244Z 
conformance-and-platform	Run application conformance suite	2026-10-05T15:18:24.5190612Z [1m[33mwarning[0m[1m: use of deprecated function `skia_safe::gradient_shader::linear_with_interpolation`: Use the skia_safe::gradient module[0m
conformance-and-platform	Run application conformance suite	2026-10-05T15:18:24.5191182Z      [1m[94m--> [0mopenui-paint/src/painter.rs:14056:51
conformance-and-platform	Run application conformance suite	2026-10-05T15:18:24.5191513Z       [1m[94m|[0m
conformance-and-platform	Run application conformance suite	2026-10-05T15:18:24.5191924Z [1m[94m14056[0m [1m[94m|[0m                 paint.set_shader(gradient_shader::linear_with_interpolation(
conformance-and-platform	Run application conformance suite	2026-10-05T15:18:24.5192427Z       [1m[94m|[0m                                                   [1m[33m^^^^^^^^^^^^^^^^^^^^^^^^^[0m
conformance-and-platform	Run application conformance suite	2026-10-05T15:18:24.5192628Z 
conformance-and-platform	Run application conformance suite	2026-10-05T15:18:24.5192997Z [1m[33mwarning[0m[1m: use of deprecated function `skia_safe::gradient_shader::linear`: Use the skia_safe::gradient module[0m
conformance-and-platform	Run application conformance suite	2026-10-05T15:18:24.5193478Z      [1m[94m--> [0mopenui-paint/src/painter.rs:14069:51
conformance-and-platform	Run application conformance suite	2026-10-05T15:18:24.5194005Z       [1m[94m|[0m
conformance-and-platform	Run application conformance suite	2026-10-05T15:18:24.5194403Z [1m[94m14069[0m [1m[94m|[0m                 paint.set_shader(gradient_shader::linear(
conformance-and-platform	Run application conformance suite	2026-10-05T15:18:24.5194848Z       [1m[94m|[0m                                                   [1m[33m^^^^^^[0m
conformance-and-platform	Run application conformance suite	2026-10-05T15:18:24.5195067Z 
conformance-and-platform	Run application conformance suite	2026-10-05T15:18:24.5195442Z [1m[33mwarning[0m[1m: use of deprecated function `skia_safe::gradient_shader::linear_with_interpolation`: Use the skia_safe::gradient module[0m
conformance-and-platform	Run application conformance suite	2026-10-05T15:18:24.5196032Z      [1m[94m--> [0mopenui-paint/src/painter.rs:14082:51
conformance-and-platform	Run application conformance suite	2026-10-05T15:18:24.5196320Z       [1m[94m|[0m
conformance-and-platform	Run application conformance suite	2026-10-05T15:18:24.5196706Z [1m[94m14082[0m [1m[94m|[0m                 paint.set_shader(gradient_shader::linear_with_interpolation(
conformance-and-platform	Run application conformance suite	2026-10-05T15:18:24.5197468Z       [1m[94m|[0m                                                   [1m[33m^^^^^^^^^^^^^^^^^^^^^^^^^[0m
conformance-and-platform	Run application conformance suite	2026-10-05T15:18:24.5197699Z 
conformance-and-platform	Run application conformance suite	2026-10-05T15:18:24.5198127Z [1m[33mwarning[0m[1m: use of deprecated function `skia_safe::gradient_shader::two_point_conical_with_interpolation`: Use the skia_safe::gradient module[0m
conformance-and-platform	Run application conformance suite	2026-10-05T15:18:24.5198697Z      [1m[94m--> [0mopenui-paint/src/painter.rs:14178:55
conformance-and-platform	Run application conformance suite	2026-10-05T15:18:24.5198984Z       [1m[94m|[0m
conformance-and-platform	Run application conformance suite	2026-10-05T15:18:24.5199530Z [1m[94m14178[0m [1m[94m|[0m                     paint.set_shader(gradient_shader::two_point_conical_with_interpolation(
conformance-and-platform	Run application conformance suite	2026-10-05T15:18:24.5200040Z       [1m[94m|[0m                                                       [1m[33m^^^^^^^^^^^^^^^^^^^^^^^^^^^^^^^^^^^^[0m
conformance-and-platform	Run application conformance suite	2026-10-05T15:18:24.5200280Z 
conformance-and-platform	Run application conformance suite	2026-10-05T15:18:24.5200657Z [1m[33mwarning[0m[1m: use of deprecated function `skia_safe::gradient_shader::two_point_conical`: Use the skia_safe::gradient module[0m
conformance-and-platform	Run application conformance suite	2026-10-05T15:18:24.5201220Z      [1m[94m--> [0mopenui-paint/src/painter.rs:14192:55
conformance-and-platform	Run application conformance suite	2026-10-05T15:18:24.5201507Z       [1m[94m|[0m
conformance-and-platform	Run application conformance suite	2026-10-05T15:18:24.5201889Z [1m[94m14192[0m [1m[94m|[0m                     paint.set_shader(gradient_shader::two_point_conical(
conformance-and-platform	Run application conformance suite	2026-10-05T15:18:24.5202343Z       [1m[94m|[0m                                                       [1m[33m^^^^^^^^^^^^^^^^^[0m
conformance-and-platform	Run application conformance suite	2026-10-05T15:18:24.5202577Z 
conformance-and-platform	Run application conformance suite	2026-10-05T15:18:24.5202986Z [1m[33mwarning[0m[1m: use of deprecated function `skia_safe::gradient_shader::two_point_conical_with_interpolation`: Use the skia_safe::gradient module[0m
conformance-and-platform	Run application conformance suite	2026-10-05T15:18:24.5203560Z      [1m[94m--> [0mopenui-paint/src/painter.rs:14208:55
conformance-and-platform	Run application conformance suite	2026-10-05T15:18:24.5204407Z       [1m[94m|[0m
conformance-and-platform	Run application conformance suite	2026-10-05T15:18:24.5204913Z [1m[94m14208[0m [1m[94m|[0m                     paint.set_shader(gradient_shader::two_point_conical_with_interpolation(
conformance-and-platform	Run application conformance suite	2026-10-05T15:18:24.5205422Z       [1m[94m|[0m                                                       [1m[33m^^^^^^^^^^^^^^^^^^^^^^^^^^^^^^^^^^^^[0m
conformance-and-platform	Run application conformance suite	2026-10-05T15:18:24.5205679Z 
conformance-and-platform	Run application conformance suite	2026-10-05T15:18:24.5206068Z [1m[33mwarning[0m[1m: use of deprecated function `skia_safe::gradient_shader::two_point_conical_with_interpolation`: Use the skia_safe::gradient module[0m
conformance-and-platform	Run application conformance suite	2026-10-05T15:18:24.5206654Z      [1m[94m--> [0mopenui-paint/src/painter.rs:14228:51
conformance-and-platform	Run application conformance suite	2026-10-05T15:18:24.5206940Z       [1m[94m|[0m
conformance-and-platform	Run application conformance suite	2026-10-05T15:18:24.5207373Z [1m[94m14228[0m [1m[94m|[0m                 paint.set_shader(gradient_shader::two_point_conical_with_interpolation(
conformance-and-platform	Run application conformance suite	2026-10-05T15:18:24.5207885Z       [1m[94m|[0m                                                   [1m[33m^^^^^^^^^^^^^^^^^^^^^^^^^^^^^^^^^^^^[0m
conformance-and-platform	Run application conformance suite	2026-10-05T15:18:24.5208119Z 
conformance-and-platform	Run application conformance suite	2026-10-05T15:18:24.5208805Z [1m[33mwarning[0m[1m: use of deprecated function `skia_safe::gradient_shader::two_point_conical`: Use the skia_safe::gradient module[0m
conformance-and-platform	Run application conformance suite	2026-10-05T15:18:24.5209479Z      [1m[94m--> [0mopenui-paint/src/painter.rs:14242:51
conformance-and-platform	Run application conformance suite	2026-10-05T15:18:24.5209875Z       [1m[94m|[0m
conformance-and-platform	Run application conformance suite	2026-10-05T15:18:24.5210362Z [1m[94m14242[0m [1m[94m|[0m                 paint.set_shader(gradient_shader::two_point_conical(
conformance-and-platform	Run application conformance suite	2026-10-05T15:18:24.5210875Z       [1m[94m|[0m                                                   [1m[33m^^^^^^^^^^^^^^^^^[0m
conformance-and-platform	Run application conformance suite	2026-10-05T15:18:24.5211101Z 
conformance-and-platform	Run application conformance suite	2026-10-05T15:18:24.5211539Z [1m[33mwarning[0m[1m: use of deprecated function `skia_safe::gradient_shader::two_point_conical_with_interpolation`: Use the skia_safe::gradient module[0m
conformance-and-platform	Run application conformance suite	2026-10-05T15:18:24.5212079Z      [1m[94m--> [0mopenui-paint/src/painter.rs:14258:51
conformance-and-platform	Run application conformance suite	2026-10-05T15:18:24.5212364Z       [1m[94m|[0m
conformance-and-platform	Run application conformance suite	2026-10-05T15:18:24.5212797Z [1m[94m14258[0m [1m[94m|[0m                 paint.set_shader(gradient_shader::two_point_conical_with_interpolation(
conformance-and-platform	Run application conformance suite	2026-10-05T15:18:24.5213321Z       [1m[94m|[0m                                                   [1m[33m^^^^^^^^^^^^^^^^^^^^^^^^^^^^^^^^^^^^[0m
conformance-and-platform	Run application conformance suite	2026-10-05T15:18:24.5213733Z 
conformance-and-platform	Run application conformance suite	2026-10-05T15:18:24.5214168Z [1m[33mwarning[0m[1m: use of deprecated function `skia_safe::gradient_shader::sweep_with_interpolation`: Use the skia_safe::gradient module[0m
conformance-and-platform	Run application conformance suite	2026-10-05T15:18:24.5214699Z      [1m[94m--> [0mopenui-paint/src/painter.rs:14318:51
conformance-and-platform	Run application conformance suite	2026-10-05T15:18:24.5215023Z       [1m[94m|[0m
conformance-and-platform	Run application conformance suite	2026-10-05T15:18:24.5215439Z [1m[94m14318[0m [1m[94m|[0m                 paint.set_shader(gradient_shader::sweep_with_interpolation(
conformance-and-platform	Run application conformance suite	2026-10-05T15:18:24.5215878Z       [1m[94m|[0m                                                   [1m[33m^^^^^^^^^^^^^^^^^^^^^^^^[0m
conformance-and-platform	Run application conformance suite	2026-10-05T15:18:24.5216196Z 
conformance-and-platform	Run application conformance suite	2026-10-05T15:18:24.5216524Z [1m[33mwarning[0m[1m: use of deprecated function `skia_safe::gradient_shader::sweep`: Use the skia_safe::gradient module[0m
conformance-and-platform	Run application conformance suite	2026-10-05T15:18:24.5217087Z      [1m[94m--> [0mopenui-paint/src/painter.rs:14332:51
conformance-and-platform	Run application conformance suite	2026-10-05T15:18:24.5217468Z       [1m[94m|[0m
conformance-and-platform	Run application conformance suite	2026-10-05T15:18:24.5217945Z [1m[94m14332[0m [1m[94m|[0m                 paint.set_shader(gradient_shader::sweep(
conformance-and-platform	Run application conformance suite	2026-10-05T15:18:24.5218541Z       [1m[94m|[0m                                                   [1m[33m^^^^^[0m
conformance-and-platform	Run application conformance suite	2026-10-05T15:18:24.5218848Z 
conformance-and-platform	Run application conformance suite	2026-10-05T15:18:24.5219290Z [1m[33mwarning[0m[1m: use of deprecated function `skia_safe::gradient_shader::sweep_with_interpolation`: Use the skia_safe::gradient module[0m
conformance-and-platform	Run application conformance suite	2026-10-05T15:18:24.5219952Z      [1m[94m--> [0mopenui-paint/src/painter.rs:14346:51
conformance-and-platform	Run application conformance suite	2026-10-05T15:18:24.5220315Z       [1m[94m|[0m
conformance-and-platform	Run application conformance suite	2026-10-05T15:18:24.5220766Z [1m[94m14346[0m [1m[94m|[0m                 paint.set_shader(gradient_shader::sweep_with_interpolation(
conformance-and-platform	Run application conformance suite	2026-10-05T15:18:24.5221339Z       [1m[94m|[0m                                                   [1m[33m^^^^^^^^^^^^^^^^^^^^^^^^[0m
conformance-and-platform	Run application conformance suite	2026-10-05T15:18:24.5221651Z 
conformance-and-platform	Run application conformance suite	2026-10-05T15:18:24.5222147Z [1m[33mwarning[0m[1m: use of deprecated function `skia_safe::gradient_shader::linear`: Use the skia_safe::gradient module[0m
conformance-and-platform	Run application conformance suite	2026-10-05T15:18:24.5222758Z      [1m[94m--> [0mopenui-paint/src/painter.rs:17719:55
conformance-and-platform	Run application conformance suite	2026-10-05T15:18:24.5223162Z       [1m[94m|[0m
conformance-and-platform	Run application conformance suite	2026-10-05T15:18:24.5223754Z [1m[94m17719[0m [1m[94m|[0m                     paint.set_shader(gradient_shader::linear(
conformance-and-platform	Run application conformance suite	2026-10-05T15:18:24.5224363Z       [1m[94m|[0m                                                       [1m[33m^^^^^^[0m
conformance-and-platform	Run application conformance suite	2026-10-05T15:18:24.5224656Z 
conformance-and-platform	Run application conformance suite	2026-10-05T15:18:24.5352154Z [1m[33mwarning[0m[1m: variant `RestoreTo` is never constructed[0m
conformance-and-platform	Run application conformance suite	2026-10-05T15:18:24.5352691Z   [1m[94m--> [0mopenui-paint/src/paint_record.rs:16:5
conformance-and-platform	Run application conformance suite	2026-10-05T15:18:24.5353097Z    [1m[94m|[0m
conformance-and-platform	Run application conformance suite	2026-10-05T15:18:24.5353400Z [1m[94m13[0m [1m[94m|[0m enum Operation {
conformance-and-platform	Run application conformance suite	2026-10-05T15:18:24.5353999Z    [1m[94m|[0m      [1m[94m---------[0m [1m[94mvariant in this enum[0m
conformance-and-platform	Run application conformance suite	2026-10-05T15:18:24.5354363Z [1m[94m...[0m
conformance-and-platform	Run application conformance suite	2026-10-05T15:18:24.5354636Z [1m[94m16[0m [1m[94m|[0m     RestoreTo(usize),
conformance-and-platform	Run application conformance suite	2026-10-05T15:18:24.5354991Z    [1m[94m|[0m     [1m[33m^^^^^^^^^[0m
conformance-and-platform	Run application conformance suite	2026-10-05T15:18:24.5355261Z    [1m[94m|[0m
conformance-and-platform	Run application conformance suite	2026-10-05T15:18:24.5355790Z    [1m[94m= [0m[1mnote[0m: `Operation` has a derived impl for the trait `Clone`, but this is intentionally ignored during dead code analysis
conformance-and-platform	Run application conformance suite	2026-10-05T15:18:24.5356366Z    [1m[94m= [0m[1mnote[0m: `#[warn(dead_code)]` (part of `#[warn(unused)]`) on by default
conformance-and-platform	Run application conformance suite	2026-10-05T15:18:24.5356617Z 
conformance-and-platform	Run application conformance suite	2026-10-05T15:18:24.5356817Z [1m[33mwarning[0m[1m: methods `restore_to_count` and `save_count` are never used[0m
conformance-and-platform	Run application conformance suite	2026-10-05T15:18:24.5357268Z    [1m[94m--> [0mopenui-paint/src/paint_record.rs:131:19
conformance-and-platform	Run application conformance suite	2026-10-05T15:18:24.5357595Z     [1m[94m|[0m
conformance-and-platform	Run application conformance suite	2026-10-05T15:18:24.5357891Z [1m[94m119[0m [1m[94m|[0m impl dyn PaintCanvas + '_ {
conformance-and-platform	Run application conformance suite	2026-10-05T15:18:24.5358309Z     [1m[94m|[0m [1m[94m-------------------------[0m [1m[94mmethods in this implementation[0m
conformance-and-platform	Run application conformance suite	2026-10-05T15:18:24.5358715Z [1m[94m...[0m
conformance-and-platform	Run application conformance suite	2026-10-05T15:18:24.5359121Z [1m[94m131[0m [1m[94m|[0m     pub(crate) fn restore_to_count(&self, count: usize) -> &Self {
conformance-and-platform	Run application conformance suite	2026-10-05T15:18:24.5359527Z     [1m[94m|[0m                   [1m[33m^^^^^^^^^^^^^^^^[0m
conformance-and-platform	Run application conformance suite	2026-10-05T15:18:24.5359977Z [1m[94m...[0m
conformance-and-platform	Run application conformance suite	2026-10-05T15:18:24.5360338Z [1m[94m137[0m [1m[94m|[0m     pub(crate) fn save_count(&self) -> usize {
conformance-and-platform	Run application conformance suite	2026-10-05T15:18:24.5360700Z     [1m[94m|[0m                   [1m[33m^^^^^^^^^^[0m
conformance-and-platform	Run application conformance suite	2026-10-05T15:18:24.5360897Z 
conformance-and-platform	Run application conformance suite	2026-10-05T15:18:24.5888516Z [1m[92m   Compiling[0m openui-compositor v0.2.0 (/home/runner/work/open-ui/open-ui/bindings/rust/openui-compositor)
conformance-and-platform	Run application conformance suite	2026-10-05T15:18:24.7740336Z [1m[92m   Compiling[0m openui-engine v0.2.0 (/home/runner/work/open-ui/open-ui/bindings/rust/openui-engine)
conformance-and-platform	Run application conformance suite	2026-10-05T15:18:24.8418539Z [1m[33mwarning[0m: `openui-layout` (lib) generated 10 warnings (run `cargo fix --lib -p openui-layout` to apply 7 suggestions)
conformance-and-platform	Run application conformance suite	2026-10-05T15:18:24.9215101Z [1m[92m   Compiling[0m openui v0.2.0 (/home/runner/work/open-ui/open-ui/bindings/rust/openui)
conformance-and-platform	Run application conformance suite	2026-10-05T15:18:25.0678917Z [1m[33mwarning[0m: `openui-paint` (lib) generated 17 warnings
conformance-and-platform	Run application conformance suite	2026-10-05T15:18:26.1793782Z [1m[92m    Finished[0m `test` profile [unoptimized + debuginfo] target(s) in 6.48s
conformance-and-platform	Run application conformance suite	2026-10-05T15:18:26.1861373Z [1m[92m     Running[0m tests/v02_conformance.rs (target/debug/deps/v02_conformance-0be5af0020391855)
conformance-and-platform	Run application conformance suite	2026-10-05T15:18:26.1884977Z 
conformance-and-platform	Run application conformance suite	2026-10-05T15:18:26.1885604Z running 58 tests
conformance-and-platform	Run application conformance suite	2026-10-05T15:18:26.2102455Z test accessibility_action_uses_control_pipeline ... ok
conformance-and-platform	Run application conformance suite	2026-10-05T15:18:26.2153851Z test accessibility_relations_reject_cross_document_targets ... ok
conformance-and-platform	Run application conformance suite	2026-10-05T15:18:26.2284953Z test accessibility_tree_has_stable_nodes ... ok
conformance-and-platform	Run application conformance suite	2026-10-05T15:18:26.2312047Z test animation_cancel_restores_underlying_value ... ok
conformance-and-platform	Run application conformance suite	2026-10-05T15:18:26.2481225Z test batched_tree_transaction ... ok
conformance-and-platform	Run application conformance suite	2026-10-05T15:18:26.2511721Z test button_pointer_activation_dispatches_click ... ok
conformance-and-platform	Run application conformance suite	2026-10-05T15:18:26.2539112Z test checkbox_keyboard_activation_toggles ... ok
conformance-and-platform	Run application conformance suite	2026-10-05T15:18:26.2565871Z test clipboard_copy_and_paste ... ok
conformance-and-platform	Run application conformance suite	2026-10-05T15:18:26.2592815Z test computed_style_is_an_owned_native_snapshot ... ok
conformance-and-platform	Run application conformance suite	2026-10-05T15:18:26.2647257Z test cross_document_ownership_is_rejected ... ok
conformance-and-platform	Run application conformance suite	2026-10-05T15:18:26.2675980Z test editing_undo_and_redo ... ok
conformance-and-platform	Run application conformance suite	2026-10-05T15:18:26.3260452Z test emoji_and_bidi_text_render_without_loss ... ok
conformance-and-platform	Run application conformance suite	2026-10-05T15:18:26.3292991Z test flex_dashboard_layout_has_geometry ... ok
conformance-and-platform	Run application conformance suite	2026-10-05T15:18:26.3325725Z test hover_and_active_state_follow_pointer ... ok
conformance-and-platform	Run application conformance suite	2026-10-05T15:18:26.3355027Z test ime_callback_restarting_the_same_control_keeps_the_new_edit ... ok
conformance-and-platform	Run application conformance suite	2026-10-05T15:18:26.3384541Z test ime_callbacks_cannot_redirect_an_edit_to_a_different_focused_control ... ok
conformance-and-platform	Run application conformance suite	2026-10-05T15:18:26.3410463Z test ime_callbacks_may_remove_the_target_without_terminating_input_dispatch ... ok
conformance-and-platform	Run application conformance suite	2026-10-05T15:18:26.3510211Z test ime_cancel_restores_selection_pixels_and_existing_redo ... ok
conformance-and-platform	Run application conformance suite	2026-10-05T15:18:26.3537086Z test ime_commit_can_be_canceled_by_a_native_beforeinput_callback ... ok
conformance-and-platform	Run application conformance suite	2026-10-05T15:18:26.3565063Z test ime_commits_final_text_after_platform_clears_preview_as_one_undo_step ... ok
conformance-and-platform	Run application conformance suite	2026-10-05T15:18:26.3593145Z test ime_composition_commits_once ... ok
conformance-and-platform	Run application conformance suite	2026-10-05T15:18:26.3619943Z test ime_ignores_noneditable_controls_and_cancels_when_disabled ... ok
conformance-and-platform	Run application conformance suite	2026-10-05T15:18:26.3669233Z test independent_documents_keep_focus_isolated ... ok
conformance-and-platform	Run application conformance suite	2026-10-05T15:18:26.3696866Z test keyframe_animation_dispatches_end ... ok
conformance-and-platform	Run application conformance suite	2026-10-05T15:18:26.3754635Z test large_list_updates_remain_mutable ... ok
conformance-and-platform	Run application conformance suite	2026-10-05T15:18:26.3794321Z test modal_focus_is_contained_and_restored ... ok
conformance-and-platform	Run application conformance suite	2026-10-05T15:18:26.3809358Z test named_radio_group_is_exclusive ... ok
conformance-and-platform	Run application conformance suite	2026-10-05T15:18:26.3835936Z test native_class_lookup_tracks_event_driven_updates_and_detachment ... ok
conformance-and-platform	Run application conformance suite	2026-10-05T15:18:26.3862407Z test native_detach_preserves_subtree_handles_and_listeners_for_reattachment ... ok
conformance-and-platform	Run application conformance suite	2026-10-05T15:18:26.4067404Z test native_geometry_includes_all_column_fragments ... ok
conformance-and-platform	Run application conformance suite	2026-10-05T15:18:26.4097675Z test native_geometry_is_independent_of_pointer_and_visibility ... ok
conformance-and-platform	Run application conformance suite	2026-10-05T15:18:26.4127036Z test native_geometry_preserves_empty_and_singular_boxes ... ok
conformance-and-platform	Run application conformance suite	2026-10-05T15:18:26.4304583Z test native_geometry_updates_after_scroll_transform_and_detachment ... ok
conformance-and-platform	Run application conformance suite	2026-10-05T15:18:26.4331391Z test native_id_lookup_follows_attached_document_order ... ok
conformance-and-platform	Run application conformance suite	2026-10-05T15:18:26.4357539Z test native_kind_lookup_tracks_tree_order_and_detachment ... ok
conformance-and-platform	Run application conformance suite	2026-10-05T15:18:26.4387012Z test native_layout_read_then_id_style_mutation_updates_the_same_document ... ok
conformance-and-platform	Run application conformance suite	2026-10-05T15:18:26.4501198Z test native_text_nodes_attach_move_and_keep_element_traversal_typed ... ok
conformance-and-platform	Run application conformance suite	2026-10-05T15:18:26.4530873Z test nested_scroll_container_consumes_wheel ... ok
conformance-and-platform	Run application conformance suite	2026-10-05T15:18:26.4556860Z test pointer_capture_lifecycle_is_validated ... ok
conformance-and-platform	Run application conformance suite	2026-10-05T15:18:26.4696492Z test read_only_text_controls_keep_selection_and_reject_native_edits ... ok
conformance-and-platform	Run application conformance suite	2026-10-05T15:18:26.4723457Z test reduced_motion_finishes_animation ... ok
conformance-and-platform	Run application conformance suite	2026-10-05T15:18:26.4749504Z test removed_weak_handle_expires ... ok
conformance-and-platform	Run application conformance suite	2026-10-05T15:18:26.4785658Z test repeated_headless_frames_are_byte_identical ... ok
conformance-and-platform	Run application conformance suite	2026-10-05T15:18:26.4816731Z test responsive_viewport_reflows_geometry ... ok
conformance-and-platform	Run application conformance suite	2026-10-05T15:18:26.4848521Z test scroll_snap_selects_nearest_point ... ok
conformance-and-platform	Run application conformance suite	2026-10-05T15:18:26.4880232Z test scroll_timeline_samples_from_offset ... ok
conformance-and-platform	Run application conformance suite	2026-10-05T15:18:26.4910134Z test smooth_scroll_uses_manual_clock ... ok
conformance-and-platform	Run application conformance suite	2026-10-05T15:18:26.4942227Z test static_headless_scene ... ok
conformance-and-platform	Run application conformance suite	2026-10-05T15:18:26.4970093Z test synchronous_resource_provider_is_deterministic ... ok
conformance-and-platform	Run application conformance suite	2026-10-05T15:18:26.4997001Z test tab_focus_order_skips_disabled ... ok
conformance-and-platform	Run application conformance suite	2026-10-05T15:18:26.5062608Z test table_application_fixture_lays_out ... ok
conformance-and-platform	Run application conformance suite	2026-10-05T15:18:26.5089774Z test textarea_accepts_multiline_text ... ok
conformance-and-platform	Run application conformance suite	2026-10-05T15:18:26.5117606Z test typed_transition_retains_target ... ok
conformance-and-platform	Run application conformance suite	2026-10-05T15:18:26.5144243Z test unicode_grapheme_editing ... ok
conformance-and-platform	Run application conformance suite	2026-10-05T15:18:26.5174112Z test view_timeline_uses_retained_geometry ... ok
conformance-and-platform	Run application conformance suite	2026-10-05T15:18:26.5211867Z test viewport_native_scroll_clamps_extremes_and_resolves_pending_layout ... ok
conformance-and-platform	Run application conformance suite	2026-10-05T15:18:26.5251082Z test viewport_smooth_scroll_clamps_its_target_and_tracks_content_shrink ... ok
conformance-and-platform	Run application conformance suite	2026-10-05T15:18:26.5338793Z test viewport_wheel_uses_the_same_limits_and_respects_cancelation ... ok
conformance-and-platform	Run application conformance suite	2026-10-05T15:18:26.5339229Z 
conformance-and-platform	Run application conformance suite	2026-10-05T15:18:26.5339488Z test result: ok. 58 passed; 0 failed; 0 ignored; 0 measured; 0 filtered out; finished in 0.35s
conformance-and-platform	Run application conformance suite	2026-10-05T15:18:26.5339828Z 
conformance-and-platform	Build Linux example	﻿2026-10-05T15:18:26.5404285Z ##[group]Run cargo build --locked --package hello --features linux
conformance-and-platform	Build Linux example	2026-10-05T15:18:26.5404727Z [36;1mcargo build --locked --package hello --features linux[0m
conformance-and-platform	Build Linux example	2026-10-05T15:18:26.5439465Z shell: /usr/bin/bash -e {0}
conformance-and-platform	Build Linux example	2026-10-05T15:18:26.5439801Z env:
conformance-and-platform	Build Linux example	2026-10-05T15:18:26.5440044Z   BINDGEN_EXTRA_CLANG_ARGS: 
conformance-and-platform	Build Linux example	2026-10-05T15:18:26.5440315Z   CARGO_TARGET_X86_64_UNKNOWN_LINUX_GNU_RUSTFLAGS: 
conformance-and-platform	Build Linux example	2026-10-05T15:18:26.5440585Z   CC: clang
conformance-and-platform	Build Linux example	2026-10-05T15:18:26.5440849Z   CXX: clang++
conformance-and-platform	Build Linux example	2026-10-05T15:18:26.5441072Z   CXXFLAGS: 
conformance-and-platform	Build Linux example	2026-10-05T15:18:26.5441298Z   CARGO_TERM_COLOR: always
conformance-and-platform	Build Linux example	2026-10-05T15:18:26.5441530Z   FORCE_SKIA_BUILD: 1
conformance-and-platform	Build Linux example	2026-10-05T15:18:26.5441803Z   PKG_CONFIG_SYSROOT_DIR: 
conformance-and-platform	Build Linux example	2026-10-05T15:18:26.5442348Z   SKIA_GN_ARGS: extra_cflags += [ "-DSK_SUPPORT_LEGACY_CONIC_CHOP", "-DSK_USE_FREETYPE_EMBOLDEN", "-DSK_GAMMA_EXPONENT=1.2", "-DSK_GAMMA_CONTRAST=0.2", "-fno-strict-aliasing", "-msse3" ]
conformance-and-platform	Build Linux example	2026-10-05T15:18:26.5442923Z   SKIA_NINJA_COMMAND: ninja
conformance-and-platform	Build Linux example	2026-10-05T15:18:26.5443197Z ##[endgroup]
conformance-and-platform	Build Linux example	2026-10-05T15:18:26.6868464Z [1m[92m   Compiling[0m bytemuck_derive v1.10.2 (/home/runner/work/open-ui/open-ui/bindings/rust/vendor/bytemuck_derive-v1)
conformance-and-platform	Build Linux example	2026-10-05T15:18:26.6933504Z [1m[92m   Compiling[0m openui-macros v0.2.0 (/home/runner/work/open-ui/open-ui/bindings/rust/openui-macros)
conformance-and-platform	Build Linux example	2026-10-05T15:18:26.8596230Z [1m[92m   Compiling[0m bytemuck v1.25.0 (/home/runner/work/open-ui/open-ui/bindings/rust/vendor/bytemuck-v1)
conformance-and-platform	Build Linux example	2026-10-05T15:18:26.8958943Z [1m[92m   Compiling[0m font-types v0.11.0 (/home/runner/work/open-ui/open-ui/bindings/rust/vendor/font-types-v0_11)
conformance-and-platform	Build Linux example	2026-10-05T15:18:26.8961776Z [1m[92m   Compiling[0m winit v0.30.13
conformance-and-platform	Build Linux example	2026-10-05T15:18:26.8978254Z [1m[92m   Compiling[0m softbuffer v0.4.8
conformance-and-platform	Build Linux example	2026-10-05T15:18:26.9861877Z [1m[92m   Compiling[0m read-fonts v0.37.0 (/home/runner/work/open-ui/open-ui/bindings/rust/vendor/read-fonts-v0_37)
conformance-and-platform	Build Linux example	2026-10-05T15:18:27.8219400Z [1m[92m   Compiling[0m skrifa v0.40.0 (/home/runner/work/open-ui/open-ui/bindings/rust/vendor/skrifa-v0_40)
conformance-and-platform	Build Linux example	2026-10-05T15:18:28.1631701Z [1m[92m   Compiling[0m openui-text v0.2.0 (/home/runner/work/open-ui/open-ui/bindings/rust/openui-text)
conformance-and-platform	Build Linux example	2026-10-05T15:18:28.9168689Z [1m[92m   Compiling[0m openui-dom v0.2.0 (/home/runner/work/open-ui/open-ui/bindings/rust/openui-dom)
conformance-and-platform	Build Linux example	2026-10-05T15:18:28.9169904Z [1m[92m   Compiling[0m accesskit_winit v0.34.0
conformance-and-platform	Build Linux example	2026-10-05T15:18:28.9170576Z [1m[92m   Compiling[0m glutin-winit v0.5.0
conformance-and-platform	Build Linux example	2026-10-05T15:18:29.2777748Z [1m[92m   Compiling[0m openui-layout v0.2.0 (/home/runner/work/open-ui/open-ui/bindings/rust/openui-layout)
conformance-and-platform	Build Linux example	2026-10-05T15:18:29.2781761Z [1m[92m   Compiling[0m openui-platform v0.2.0 (/home/runner/work/open-ui/open-ui/bindings/rust/openui-platform)
conformance-and-platform	Build Linux example	2026-10-05T15:18:29.6631533Z [1m[33mwarning[0m[1m: unused import: `BfcOffset`[0m
conformance-and-platform	Build Linux example	2026-10-05T15:18:29.6632588Z   [1m[94m--> [0mopenui-layout/src/bfc_resolution.rs:17:23
conformance-and-platform	Build Linux example	2026-10-05T15:18:29.6633297Z    [1m[94m|[0m
conformance-and-platform	Build Linux example	2026-10-05T15:18:29.6634451Z [1m[94m17[0m [1m[94m|[0m use openui_geometry::{BfcOffset, BoxStrut, LayoutUnit, MarginStrut};
conformance-and-platform	Build Linux example	2026-10-05T15:18:29.6635336Z    [1m[94m|[0m                       [1m[33m^^^^^^^^^[0m
conformance-and-platform	Build Linux example	2026-10-05T15:18:29.6644974Z    [1m[94m|[0m
conformance-and-platform	Build Linux example	2026-10-05T15:18:29.6645899Z    [1m[94m= [0m[1mnote[0m: `#[warn(unused_imports)]` (part of `#[warn(unused)]`) on by default
conformance-and-platform	Build Linux example	2026-10-05T15:18:29.6646507Z 
conformance-and-platform	Build Linux example	2026-10-05T15:18:29.6669758Z [1m[33mwarning[0m[1m: unused import: `balance_columns`[0m
conformance-and-platform	Build Linux example	2026-10-05T15:18:29.6670907Z      [1m[94m--> [0mopenui-layout/src/block.rs:19571:9
conformance-and-platform	Build Linux example	2026-10-05T15:18:29.6671560Z       [1m[94m|[0m
conformance-and-platform	Build Linux example	2026-10-05T15:18:29.6672244Z [1m[94m19571[0m [1m[94m|[0m         balance_columns, balance_columns_with_margins, compute_column_positions,
conformance-and-platform	Build Linux example	2026-10-05T15:18:29.6673027Z       [1m[94m|[0m         [1m[33m^^^^^^^^^^^^^^^[0m
conformance-and-platform	Build Linux example	2026-10-05T15:18:29.6673409Z 
conformance-and-platform	Build Linux example	2026-10-05T15:18:29.6748870Z [1m[33mwarning[0m[1m: unused import: `super::*`[0m
conformance-and-platform	Build Linux example	2026-10-05T15:18:29.6750125Z     [1m[94m--> [0mopenui-layout/src/intrinsic_sizing.rs:3974:9
conformance-and-platform	Build Linux example	2026-10-05T15:18:29.6750853Z      [1m[94m|[0m
conformance-and-platform	Build Linux example	2026-10-05T15:18:29.6751819Z [1m[94m3974[0m [1m[94m|[0m     use super::*;
conformance-and-platform	Build Linux example	2026-10-05T15:18:29.6752520Z      [1m[94m|[0m         [1m[33m^^^^^^^^[0m
conformance-and-platform	Build Linux example	2026-10-05T15:18:29.6753132Z 
conformance-and-platform	Build Linux example	2026-10-05T15:18:29.6753563Z [1m[33mwarning[0m[1m: unused import: `std::sync::Arc`[0m
conformance-and-platform	Build Linux example	2026-10-05T15:18:29.6754906Z   [1m[94m--> [0mopenui-layout/src/new_formatting_context.rs:17:5
conformance-and-platform	Build Linux example	2026-10-05T15:18:29.6755526Z    [1m[94m|[0m
conformance-and-platform	Build Linux example	2026-10-05T15:18:29.6756280Z [1m[94m17[0m [1m[94m|[0m use std::sync::Arc;
conformance-and-platform	Build Linux example	2026-10-05T15:18:29.6756912Z    [1m[94m|[0m     [1m[33m^^^^^^^^^^^^^^[0m
conformance-and-platform	Build Linux example	2026-10-05T15:18:29.6757307Z 
conformance-and-platform	Build Linux example	2026-10-05T15:18:29.6757740Z [1m[33mwarning[0m[1m: unused import: `ClearType`[0m
conformance-and-platform	Build Linux example	2026-10-05T15:18:29.6758568Z   [1m[94m--> [0mopenui-layout/src/new_formatting_context.rs:24:25
conformance-and-platform	Build Linux example	2026-10-05T15:18:29.6759251Z    [1m[94m|[0m
conformance-and-platform	Build Linux example	2026-10-05T15:18:29.6760030Z [1m[94m24[0m [1m[94m|[0m use crate::exclusions::{ClearType, ExclusionSpace};
conformance-and-platform	Build Linux example	2026-10-05T15:18:29.6760727Z    [1m[94m|[0m                         [1m[33m^^^^^^^^^[0m
conformance-and-platform	Build Linux example	2026-10-05T15:18:29.6761121Z 
conformance-and-platform	Build Linux example	2026-10-05T15:18:29.6761589Z [1m[33mwarning[0m[1m: unused import: `crate::layout_result::LayoutResult`[0m
conformance-and-platform	Build Linux example	2026-10-05T15:18:29.6762598Z   [1m[94m--> [0mopenui-layout/src/new_formatting_context.rs:26:5
conformance-and-platform	Build Linux example	2026-10-05T15:18:29.6763372Z    [1m[94m|[0m
conformance-and-platform	Build Linux example	2026-10-05T15:18:29.6764268Z [1m[94m26[0m [1m[94m|[0m use crate::layout_result::LayoutResult;
conformance-and-platform	Build Linux example	2026-10-05T15:18:29.6764936Z    [1m[94m|[0m     [1m[33m^^^^^^^^^^^^^^^^^^^^^^^^^^^^^^^^^^[0m
conformance-and-platform	Build Linux example	2026-10-05T15:18:29.6765331Z 
conformance-and-platform	Build Linux example	2026-10-05T15:18:29.8637328Z [1m[33mwarning[0m[1m: variable `reconstructed_block_in_inline` is assigned to, but never used[0m
conformance-and-platform	Build Linux example	2026-10-05T15:18:29.8639366Z     [1m[94m--> [0mopenui-layout/src/block.rs:2104:9
conformance-and-platform	Build Linux example	2026-10-05T15:18:29.8640026Z      [1m[94m|[0m
conformance-and-platform	Build Linux example	2026-10-05T15:18:29.8640627Z [1m[94m2104[0m [1m[94m|[0m     let mut reconstructed_block_in_inline = false;
conformance-and-platform	Build Linux example	2026-10-05T15:18:29.8641352Z      [1m[94m|[0m         [1m[33m^^^^^^^^^^^^^^^^^^^^^^^^^^^^^^^^^[0m
conformance-and-platform	Build Linux example	2026-10-05T15:18:29.8641938Z      [1m[94m|[0m
conformance-and-platform	Build Linux example	2026-10-05T15:18:29.8642485Z      [1m[94m= [0m[1mnote[0m: consider using `_reconstructed_block_in_inline` instead
conformance-and-platform	Build Linux example	2026-10-05T15:18:29.8643261Z      [1m[94m= [0m[1mnote[0m: `#[warn(unused_variables)]` (part of `#[warn(unused)]`) on by default
conformance-and-platform	Build Linux example	2026-10-05T15:18:29.8643989Z 
conformance-and-platform	Build Linux example	2026-10-05T15:18:29.8644778Z [1m[33mwarning[0m[1m: variable does not need to be mutable[0m
conformance-and-platform	Build Linux example	2026-10-05T15:18:29.8645389Z     [1m[94m--> [0mopenui-layout/src/block.rs:6781:9
conformance-and-platform	Build Linux example	2026-10-05T15:18:29.8645902Z      [1m[94m|[0m
conformance-and-platform	Build Linux example	2026-10-05T15:18:29.8646464Z [1m[94m6781[0m [1m[94m|[0m     let mut child_margin = resolve_margins_in_parent_axes(
conformance-and-platform	Build Linux example	2026-10-05T15:18:29.8647143Z      [1m[94m|[0m         [1m[94m----[0m[1m[33m^^^^^^^^^^^^[0m
conformance-and-platform	Build Linux example	2026-10-05T15:18:29.8647764Z      [1m[94m|[0m         [1m[94m|[0m
conformance-and-platform	Build Linux example	2026-10-05T15:18:29.8648342Z      [1m[94m|[0m         [1m[94mhelp: remove this `mut`[0m
conformance-and-platform	Build Linux example	2026-10-05T15:18:29.8648890Z      [1m[94m|[0m
conformance-and-platform	Build Linux example	2026-10-05T15:18:29.8649451Z      [1m[94m= [0m[1mnote[0m: `#[warn(unused_mut)]` (part of `#[warn(unused)]`) on by default
conformance-and-platform	Build Linux example	2026-10-05T15:18:29.8649905Z 
conformance-and-platform	Build Linux example	2026-10-05T15:18:29.8930933Z [1m[33mwarning[0m[1m: field `source_caption_end` is never read[0m
conformance-and-platform	Build Linux example	2026-10-05T15:18:29.8955093Z     [1m[94m--> [0mopenui-layout/src/block.rs:9551:5
conformance-and-platform	Build Linux example	2026-10-05T15:18:29.8964824Z      [1m[94m|[0m
conformance-and-platform	Build Linux example	2026-10-05T15:18:29.8984758Z [1m[94m9550[0m [1m[94m|[0m struct CaptionedRepeatedTableFlow {
conformance-and-platform	Build Linux example	2026-10-05T15:18:29.9014867Z      [1m[94m|[0m        [1m[94m--------------------------[0m [1m[94mfield in this struct[0m
conformance-and-platform	Build Linux example	2026-10-05T15:18:29.9044651Z [1m[94m9551[0m [1m[94m|[0m     source_caption_end: LayoutUnit,
conformance-and-platform	Build Linux example	2026-10-05T15:18:29.9054458Z      [1m[94m|[0m     [1m[33m^^^^^^^^^^^^^^^^^^[0m
conformance-and-platform	Build Linux example	2026-10-05T15:18:29.9084551Z      [1m[94m|[0m
conformance-and-platform	Build Linux example	2026-10-05T15:18:29.9104998Z      [1m[94m= [0m[1mnote[0m: `CaptionedRepeatedTableFlow` has derived impls for the traits `Debug` and `Clone`, but these are intentionally ignored during dead code analysis
conformance-and-platform	Build Linux example	2026-10-05T15:18:29.9134617Z      [1m[94m= [0m[1mnote[0m: `#[warn(dead_code)]` (part of `#[warn(unused)]`) on by default
conformance-and-platform	Build Linux example	2026-10-05T15:18:29.9163949Z 
conformance-and-platform	Build Linux example	2026-10-05T15:18:29.9194470Z [1m[33mwarning[0m[1m: function `columns_needed_for_height` is never used[0m
conformance-and-platform	Build Linux example	2026-10-05T15:18:29.9195315Z    [1m[94m--> [0mopenui-layout/src/multicol/mod.rs:705:4
conformance-and-platform	Build Linux example	2026-10-05T15:18:29.9224573Z     [1m[94m|[0m
conformance-and-platform	Build Linux example	2026-10-05T15:18:29.9254401Z [1m[94m705[0m [1m[94m|[0m fn columns_needed_for_height(
conformance-and-platform	Build Linux example	2026-10-05T15:18:29.9255188Z     [1m[94m|[0m    [1m[33m^^^^^^^^^^^^^^^^^^^^^^^^^[0m
conformance-and-platform	Build Linux example	2026-10-05T15:18:29.9284238Z 
conformance-and-platform	Build Linux example	2026-10-05T15:18:30.0279292Z [1m[92m   Compiling[0m openui-paint v0.2.0 (/home/runner/work/open-ui/open-ui/bindings/rust/openui-paint)
conformance-and-platform	Build Linux example	2026-10-05T15:18:30.2978964Z [1m[33mwarning[0m[1m: use of deprecated module `skia_safe::gradient_shader`: Use the skia_safe::gradient module[0m
conformance-and-platform	Build Linux example	2026-10-05T15:18:30.2980756Z   [1m[94m--> [0mopenui-paint/src/painter.rs:39:20
conformance-and-platform	Build Linux example	2026-10-05T15:18:30.2981411Z    [1m[94m|[0m
conformance-and-platform	Build Linux example	2026-10-05T15:18:30.2982846Z [1m[94m39[0m [1m[94m|[0m     color_filters, gradient_shader, image_filters, surfaces, AlphaType, BlendMode, ClipOp, Color4f,
conformance-and-platform	Build Linux example	2026-10-05T15:18:30.2983935Z    [1m[94m|[0m                    [1m[33m^^^^^^^^^^^^^^^[0m
conformance-and-platform	Build Linux example	2026-10-05T15:18:30.2984522Z    [1m[94m|[0m
conformance-and-platform	Build Linux example	2026-10-05T15:18:30.2984946Z    [1m[94m= [0m[1mnote[0m: `#[warn(deprecated)]` on by default
conformance-and-platform	Build Linux example	2026-10-05T15:18:30.2985437Z 
conformance-and-platform	Build Linux example	2026-10-05T15:18:30.2986184Z [1m[33mwarning[0m[1m: use of deprecated function `skia_safe::gradient_shader::linear_with_interpolation`: Use the skia_safe::gradient module[0m
conformance-and-platform	Build Linux example	2026-10-05T15:18:30.2987012Z     [1m[94m--> [0mopenui-paint/src/painter.rs:1860:45
conformance-and-platform	Build Linux example	2026-10-05T15:18:30.2987687Z      [1m[94m|[0m
conformance-and-platform	Build Linux example	2026-10-05T15:18:30.2988343Z [1m[94m1860[0m [1m[94m|[0m     scrim_paint.set_shader(gradient_shader::linear_with_interpolation(
conformance-and-platform	Build Linux example	2026-10-05T15:18:30.2989103Z      [1m[94m|[0m                                             [1m[33m^^^^^^^^^^^^^^^^^^^^^^^^^[0m
conformance-and-platform	Build Linux example	2026-10-05T15:18:30.2989465Z 
conformance-and-platform	Build Linux example	2026-10-05T15:18:30.2990120Z [1m[33mwarning[0m[1m: use of deprecated function `skia_safe::gradient_shader::linear_with_interpolation`: Use the skia_safe::gradient module[0m
conformance-and-platform	Build Linux example	2026-10-05T15:18:30.2991006Z      [1m[94m--> [0mopenui-paint/src/painter.rs:14056:51
conformance-and-platform	Build Linux example	2026-10-05T15:18:30.2991667Z       [1m[94m|[0m
conformance-and-platform	Build Linux example	2026-10-05T15:18:30.2992328Z [1m[94m14056[0m [1m[94m|[0m                 paint.set_shader(gradient_shader::linear_with_interpolation(
conformance-and-platform	Build Linux example	2026-10-05T15:18:30.2993101Z       [1m[94m|[0m                                                   [1m[33m^^^^^^^^^^^^^^^^^^^^^^^^^[0m
conformance-and-platform	Build Linux example	2026-10-05T15:18:30.2993395Z 
conformance-and-platform	Build Linux example	2026-10-05T15:18:30.2994149Z [1m[33mwarning[0m[1m: use of deprecated function `skia_safe::gradient_shader::linear`: Use the skia_safe::gradient module[0m
conformance-and-platform	Build Linux example	2026-10-05T15:18:30.2994901Z      [1m[94m--> [0mopenui-paint/src/painter.rs:14069:51
conformance-and-platform	Build Linux example	2026-10-05T15:18:30.2995303Z       [1m[94m|[0m
conformance-and-platform	Build Linux example	2026-10-05T15:18:30.2995903Z [1m[94m14069[0m [1m[94m|[0m                 paint.set_shader(gradient_shader::linear(
conformance-and-platform	Build Linux example	2026-10-05T15:18:30.2996551Z       [1m[94m|[0m                                                   [1m[33m^^^^^^[0m
conformance-and-platform	Build Linux example	2026-10-05T15:18:30.2996863Z 
conformance-and-platform	Build Linux example	2026-10-05T15:18:30.2997494Z [1m[33mwarning[0m[1m: use of deprecated function `skia_safe::gradient_shader::linear_with_interpolation`: Use the skia_safe::gradient module[0m
conformance-and-platform	Build Linux example	2026-10-05T15:18:30.2998370Z      [1m[94m--> [0mopenui-paint/src/painter.rs:14082:51
conformance-and-platform	Build Linux example	2026-10-05T15:18:30.2998795Z       [1m[94m|[0m
conformance-and-platform	Build Linux example	2026-10-05T15:18:30.2999393Z [1m[94m14082[0m [1m[94m|[0m                 paint.set_shader(gradient_shader::linear_with_interpolation(
conformance-and-platform	Build Linux example	2026-10-05T15:18:30.3000102Z       [1m[94m|[0m                                                   [1m[33m^^^^^^^^^^^^^^^^^^^^^^^^^[0m
conformance-and-platform	Build Linux example	2026-10-05T15:18:30.3000424Z 
conformance-and-platform	Build Linux example	2026-10-05T15:18:30.3001126Z [1m[33mwarning[0m[1m: use of deprecated function `skia_safe::gradient_shader::two_point_conical_with_interpolation`: Use the skia_safe::gradient module[0m
conformance-and-platform	Build Linux example	2026-10-05T15:18:30.3002196Z      [1m[94m--> [0mopenui-paint/src/painter.rs:14178:55
conformance-and-platform	Build Linux example	2026-10-05T15:18:30.3002691Z       [1m[94m|[0m
conformance-and-platform	Build Linux example	2026-10-05T15:18:30.3003431Z [1m[94m14178[0m [1m[94m|[0m                     paint.set_shader(gradient_shader::two_point_conical_with_interpolation(
conformance-and-platform	Build Linux example	2026-10-05T15:18:30.3004351Z       [1m[94m|[0m                                                       [1m[33m^^^^^^^^^^^^^^^^^^^^^^^^^^^^^^^^^^^^[0m
conformance-and-platform	Build Linux example	2026-10-05T15:18:30.3004767Z 
conformance-and-platform	Build Linux example	2026-10-05T15:18:30.3005368Z [1m[33mwarning[0m[1m: use of deprecated function `skia_safe::gradient_shader::two_point_conical`: Use the skia_safe::gradient module[0m
conformance-and-platform	Build Linux example	2026-10-05T15:18:30.3006205Z      [1m[94m--> [0mopenui-paint/src/painter.rs:14192:55
conformance-and-platform	Build Linux example	2026-10-05T15:18:30.3006631Z       [1m[94m|[0m
conformance-and-platform	Build Linux example	2026-10-05T15:18:30.3007241Z [1m[94m14192[0m [1m[94m|[0m                     paint.set_shader(gradient_shader::two_point_conical(
conformance-and-platform	Build Linux example	2026-10-05T15:18:30.3007884Z       [1m[94m|[0m                                                       [1m[33m^^^^^^^^^^^^^^^^^[0m
conformance-and-platform	Build Linux example	2026-10-05T15:18:30.3008233Z 
conformance-and-platform	Build Linux example	2026-10-05T15:18:30.3008931Z [1m[33mwarning[0m[1m: use of deprecated function `skia_safe::gradient_shader::two_point_conical_with_interpolation`: Use the skia_safe::gradient module[0m
conformance-and-platform	Build Linux example	2026-10-05T15:18:30.3009808Z      [1m[94m--> [0mopenui-paint/src/painter.rs:14208:55
conformance-and-platform	Build Linux example	2026-10-05T15:18:30.3010288Z       [1m[94m|[0m
conformance-and-platform	Build Linux example	2026-10-05T15:18:30.3011186Z [1m[94m14208[0m [1m[94m|[0m                     paint.set_shader(gradient_shader::two_point_conical_with_interpolation(
conformance-and-platform	Build Linux example	2026-10-05T15:18:30.3011987Z       [1m[94m|[0m                                                       [1m[33m^^^^^^^^^^^^^^^^^^^^^^^^^^^^^^^^^^^^[0m
conformance-and-platform	Build Linux example	2026-10-05T15:18:30.3012490Z 
conformance-and-platform	Build Linux example	2026-10-05T15:18:30.3013122Z [1m[33mwarning[0m[1m: use of deprecated function `skia_safe::gradient_shader::two_point_conical_with_interpolation`: Use the skia_safe::gradient module[0m
conformance-and-platform	Build Linux example	2026-10-05T15:18:30.3014211Z      [1m[94m--> [0mopenui-paint/src/painter.rs:14228:51
conformance-and-platform	Build Linux example	2026-10-05T15:18:30.3014674Z       [1m[94m|[0m
conformance-and-platform	Build Linux example	2026-10-05T15:18:30.3015480Z [1m[94m14228[0m [1m[94m|[0m                 paint.set_shader(gradient_shader::two_point_conical_with_interpolation(
conformance-and-platform	Build Linux example	2026-10-05T15:18:30.3016237Z       [1m[94m|[0m                                                   [1m[33m^^^^^^^^^^^^^^^^^^^^^^^^^^^^^^^^^^^^[0m
conformance-and-platform	Build Linux example	2026-10-05T15:18:30.3016635Z 
conformance-and-platform	Build Linux example	2026-10-05T15:18:30.3017266Z [1m[33mwarning[0m[1m: use of deprecated function `skia_safe::gradient_shader::two_point_conical`: Use the skia_safe::gradient module[0m
conformance-and-platform	Build Linux example	2026-10-05T15:18:30.3018017Z      [1m[94m--> [0mopenui-paint/src/painter.rs:14242:51
conformance-and-platform	Build Linux example	2026-10-05T15:18:30.3018561Z       [1m[94m|[0m
conformance-and-platform	Build Linux example	2026-10-05T15:18:30.3019164Z [1m[94m14242[0m [1m[94m|[0m                 paint.set_shader(gradient_shader::two_point_conical(
conformance-and-platform	Build Linux example	2026-10-05T15:18:30.3019811Z       [1m[94m|[0m                                                   [1m[33m^^^^^^^^^^^^^^^^^[0m
conformance-and-platform	Build Linux example	2026-10-05T15:18:30.3020143Z 
conformance-and-platform	Build Linux example	2026-10-05T15:18:30.3020777Z [1m[33mwarning[0m[1m: use of deprecated function `skia_safe::gradient_shader::two_point_conical_with_interpolation`: Use the skia_safe::gradient module[0m
conformance-and-platform	Build Linux example	2026-10-05T15:18:30.3021653Z      [1m[94m--> [0mopenui-paint/src/painter.rs:14258:51
conformance-and-platform	Build Linux example	2026-10-05T15:18:30.3022089Z       [1m[94m|[0m
conformance-and-platform	Build Linux example	2026-10-05T15:18:30.3022749Z [1m[94m14258[0m [1m[94m|[0m                 paint.set_shader(gradient_shader::two_point_conical_with_interpolation(
conformance-and-platform	Build Linux example	2026-10-05T15:18:30.3023550Z       [1m[94m|[0m                                                   [1m[33m^^^^^^^^^^^^^^^^^^^^^^^^^^^^^^^^^^^^[0m
conformance-and-platform	Build Linux example	2026-10-05T15:18:30.3024052Z 
conformance-and-platform	Build Linux example	2026-10-05T15:18:30.3024647Z [1m[33mwarning[0m[1m: use of deprecated function `skia_safe::gradient_shader::sweep_with_interpolation`: Use the skia_safe::gradient module[0m
conformance-and-platform	Build Linux example	2026-10-05T15:18:30.3025513Z      [1m[94m--> [0mopenui-paint/src/painter.rs:14318:51
conformance-and-platform	Build Linux example	2026-10-05T15:18:30.3025951Z       [1m[94m|[0m
conformance-and-platform	Build Linux example	2026-10-05T15:18:30.3026763Z [1m[94m14318[0m [1m[94m|[0m                 paint.set_shader(gradient_shader::sweep_with_interpolation(
conformance-and-platform	Build Linux example	2026-10-05T15:18:30.3027598Z       [1m[94m|[0m                                                   [1m[33m^^^^^^^^^^^^^^^^^^^^^^^^[0m
conformance-and-platform	Build Linux example	2026-10-05T15:18:30.3027927Z 
conformance-and-platform	Build Linux example	2026-10-05T15:18:30.3028473Z [1m[33mwarning[0m[1m: use of deprecated function `skia_safe::gradient_shader::sweep`: Use the skia_safe::gradient module[0m
conformance-and-platform	Build Linux example	2026-10-05T15:18:30.3029239Z      [1m[94m--> [0mopenui-paint/src/painter.rs:14332:51
conformance-and-platform	Build Linux example	2026-10-05T15:18:30.3029645Z       [1m[94m|[0m
conformance-and-platform	Build Linux example	2026-10-05T15:18:30.3030146Z [1m[94m14332[0m [1m[94m|[0m                 paint.set_shader(gradient_shader::sweep(
conformance-and-platform	Build Linux example	2026-10-05T15:18:30.3030834Z       [1m[94m|[0m                                                   [1m[33m^^^^^[0m
conformance-and-platform	Build Linux example	2026-10-05T15:18:30.3031144Z 
conformance-and-platform	Build Linux example	2026-10-05T15:18:30.3031771Z [1m[33mwarning[0m[1m: use of deprecated function `skia_safe::gradient_shader::sweep_with_interpolation`: Use the skia_safe::gradient module[0m
conformance-and-platform	Build Linux example	2026-10-05T15:18:30.3032552Z      [1m[94m--> [0mopenui-paint/src/painter.rs:14346:51
conformance-and-platform	Build Linux example	2026-10-05T15:18:30.3032961Z       [1m[94m|[0m
conformance-and-platform	Build Linux example	2026-10-05T15:18:30.3033563Z [1m[94m14346[0m [1m[94m|[0m                 paint.set_shader(gradient_shader::sweep_with_interpolation(
conformance-and-platform	Build Linux example	2026-10-05T15:18:30.3034576Z       [1m[94m|[0m                                                   [1m[33m^^^^^^^^^^^^^^^^^^^^^^^^[0m
conformance-and-platform	Build Linux example	2026-10-05T15:18:30.3034953Z 
conformance-and-platform	Build Linux example	2026-10-05T15:18:30.3035464Z [1m[33mwarning[0m[1m: use of deprecated function `skia_safe::gradient_shader::linear`: Use the skia_safe::gradient module[0m
conformance-and-platform	Build Linux example	2026-10-05T15:18:30.3036210Z      [1m[94m--> [0mopenui-paint/src/painter.rs:17719:55
conformance-and-platform	Build Linux example	2026-10-05T15:18:30.3036610Z       [1m[94m|[0m
conformance-and-platform	Build Linux example	2026-10-05T15:18:30.3037229Z [1m[94m17719[0m [1m[94m|[0m                     paint.set_shader(gradient_shader::linear(
conformance-and-platform	Build Linux example	2026-10-05T15:18:30.3037879Z       [1m[94m|[0m                                                       [1m[33m^^^^^^[0m
conformance-and-platform	Build Linux example	2026-10-05T15:18:30.3038193Z 
conformance-and-platform	Build Linux example	2026-10-05T15:18:30.3149255Z [1m[33mwarning[0m[1m: variant `RestoreTo` is never constructed[0m
conformance-and-platform	Build Linux example	2026-10-05T15:18:30.3150416Z   [1m[94m--> [0mopenui-paint/src/paint_record.rs:16:5
conformance-and-platform	Build Linux example	2026-10-05T15:18:30.3150933Z    [1m[94m|[0m
conformance-and-platform	Build Linux example	2026-10-05T15:18:30.3151455Z [1m[94m13[0m [1m[94m|[0m enum Operation {
conformance-and-platform	Build Linux example	2026-10-05T15:18:30.3152118Z    [1m[94m|[0m      [1m[94m---------[0m [1m[94mvariant in this enum[0m
conformance-and-platform	Build Linux example	2026-10-05T15:18:30.3152671Z [1m[94m...[0m
conformance-and-platform	Build Linux example	2026-10-05T15:18:30.3153231Z [1m[94m16[0m [1m[94m|[0m     RestoreTo(usize),
conformance-and-platform	Build Linux example	2026-10-05T15:18:30.3154032Z    [1m[94m|[0m     [1m[33m^^^^^^^^^[0m
conformance-and-platform	Build Linux example	2026-10-05T15:18:30.3154513Z    [1m[94m|[0m
conformance-and-platform	Build Linux example	2026-10-05T15:18:30.3155150Z    [1m[94m= [0m[1mnote[0m: `Operation` has a derived impl for the trait `Clone`, but this is intentionally ignored during dead code analysis
conformance-and-platform	Build Linux example	2026-10-05T15:18:30.3155997Z    [1m[94m= [0m[1mnote[0m: `#[warn(dead_code)]` (part of `#[warn(unused)]`) on by default
conformance-and-platform	Build Linux example	2026-10-05T15:18:30.3156337Z 
conformance-and-platform	Build Linux example	2026-10-05T15:18:30.3156636Z [1m[33mwarning[0m[1m: methods `restore_to_count` and `save_count` are never used[0m
conformance-and-platform	Build Linux example	2026-10-05T15:18:30.3157149Z    [1m[94m--> [0mopenui-paint/src/paint_record.rs:131:19
conformance-and-platform	Build Linux example	2026-10-05T15:18:30.3157611Z     [1m[94m|[0m
conformance-and-platform	Build Linux example	2026-10-05T15:18:30.3157957Z [1m[94m119[0m [1m[94m|[0m impl dyn PaintCanvas + '_ {
conformance-and-platform	Build Linux example	2026-10-05T15:18:30.3158500Z     [1m[94m|[0m [1m[94m-------------------------[0m [1m[94mmethods in this implementation[0m
conformance-and-platform	Build Linux example	2026-10-05T15:18:30.3158993Z [1m[94m...[0m
conformance-and-platform	Build Linux example	2026-10-05T15:18:30.3159453Z [1m[94m131[0m [1m[94m|[0m     pub(crate) fn restore_to_count(&self, count: usize) -> &Self {
conformance-and-platform	Build Linux example	2026-10-05T15:18:30.3160006Z     [1m[94m|[0m                   [1m[33m^^^^^^^^^^^^^^^^[0m
conformance-and-platform	Build Linux example	2026-10-05T15:18:30.3160896Z [1m[94m...[0m
conformance-and-platform	Build Linux example	2026-10-05T15:18:30.3161354Z [1m[94m137[0m [1m[94m|[0m     pub(crate) fn save_count(&self) -> usize {
conformance-and-platform	Build Linux example	2026-10-05T15:18:30.3161802Z     [1m[94m|[0m                   [1m[33m^^^^^^^^^^[0m
conformance-and-platform	Build Linux example	2026-10-05T15:18:30.3162021Z 
conformance-and-platform	Build Linux example	2026-10-05T15:18:30.3817143Z [1m[92m   Compiling[0m openui-compositor v0.2.0 (/home/runner/work/open-ui/open-ui/bindings/rust/openui-compositor)
conformance-and-platform	Build Linux example	2026-10-05T15:18:30.6565787Z [1m[92m   Compiling[0m openui-engine v0.2.0 (/home/runner/work/open-ui/open-ui/bindings/rust/openui-engine)
conformance-and-platform	Build Linux example	2026-10-05T15:18:30.6585496Z [1m[33mwarning[0m: `openui-layout` (lib) generated 10 warnings (run `cargo fix --lib -p openui-layout` to apply 7 suggestions)
conformance-and-platform	Build Linux example	2026-10-05T15:18:30.9213422Z [1m[92m   Compiling[0m openui v0.2.0 (/home/runner/work/open-ui/open-ui/bindings/rust/openui)
conformance-and-platform	Build Linux example	2026-10-05T15:18:30.9687429Z [1m[33mwarning[0m: `openui-paint` (lib) generated 17 warnings
conformance-and-platform	Build Linux example	2026-10-05T15:18:31.5467397Z [1m[92m   Compiling[0m hello v0.2.0 (/home/runner/work/open-ui/open-ui/bindings/rust/examples/hello)
conformance-and-platform	Build Linux example	2026-10-05T15:18:32.8675992Z [1m[92m    Finished[0m `dev` profile [unoptimized + debuginfo] target(s) in 6.31s
conformance-and-platform	Build and test the C Linux application surface	﻿2026-10-05T15:18:32.9932075Z ##[group]Run RUST_MIN_STACK=4194304 cargo test --locked --package openui-ffi --features linux
conformance-and-platform	Build and test the C Linux application surface	2026-10-05T15:18:32.9932623Z [36;1mRUST_MIN_STACK=4194304 cargo test --locked --package openui-ffi --features linux[0m
conformance-and-platform	Build and test the C Linux application surface	2026-10-05T15:18:32.9933060Z [36;1mcargo build --locked --package openui-ffi --features linux[0m
conformance-and-platform	Build and test the C Linux application surface	2026-10-05T15:18:32.9966801Z shell: /usr/bin/bash -e {0}
conformance-and-platform	Build and test the C Linux application surface	2026-10-05T15:18:32.9967137Z env:
conformance-and-platform	Build and test the C Linux application surface	2026-10-05T15:18:32.9967352Z   BINDGEN_EXTRA_CLANG_ARGS: 
conformance-and-platform	Build and test the C Linux application surface	2026-10-05T15:18:32.9967648Z   CARGO_TARGET_X86_64_UNKNOWN_LINUX_GNU_RUSTFLAGS: 
conformance-and-platform	Build and test the C Linux application surface	2026-10-05T15:18:32.9967947Z   CC: clang
conformance-and-platform	Build and test the C Linux application surface	2026-10-05T15:18:32.9968196Z   CXX: clang++
conformance-and-platform	Build and test the C Linux application surface	2026-10-05T15:18:32.9968406Z   CXXFLAGS: 
conformance-and-platform	Build and test the C Linux application surface	2026-10-05T15:18:32.9968602Z   CARGO_TERM_COLOR: always
conformance-and-platform	Build and test the C Linux application surface	2026-10-05T15:18:32.9968863Z   FORCE_SKIA_BUILD: 1
conformance-and-platform	Build and test the C Linux application surface	2026-10-05T15:18:32.9969132Z   PKG_CONFIG_SYSROOT_DIR: 
conformance-and-platform	Build and test the C Linux application surface	2026-10-05T15:18:32.9969680Z   SKIA_GN_ARGS: extra_cflags += [ "-DSK_SUPPORT_LEGACY_CONIC_CHOP", "-DSK_USE_FREETYPE_EMBOLDEN", "-DSK_GAMMA_EXPONENT=1.2", "-DSK_GAMMA_CONTRAST=0.2", "-fno-strict-aliasing", "-msse3" ]
conformance-and-platform	Build and test the C Linux application surface	2026-10-05T15:18:32.9970452Z   SKIA_NINJA_COMMAND: ninja
conformance-and-platform	Build and test the C Linux application surface	2026-10-05T15:18:32.9970699Z ##[endgroup]
conformance-and-platform	Build and test the C Linux application surface	2026-10-05T15:18:33.2230813Z [1m[33mwarning[0m[1m: unused import: `BfcOffset`[0m
conformance-and-platform	Build and test the C Linux application surface	2026-10-05T15:18:33.2231399Z   [1m[94m--> [0mopenui-layout/src/bfc_resolution.rs:17:23
conformance-and-platform	Build and test the C Linux application surface	2026-10-05T15:18:33.2231702Z    [1m[94m|[0m
conformance-and-platform	Build and test the C Linux application surface	2026-10-05T15:18:33.2232304Z [1m[94m17[0m [1m[94m|[0m use openui_geometry::{BfcOffset, BoxStrut, LayoutUnit, MarginStrut};
conformance-and-platform	Build and test the C Linux application surface	2026-10-05T15:18:33.2232753Z    [1m[94m|[0m                       [1m[33m^^^^^^^^^[0m
conformance-and-platform	Build and test the C Linux application surface	2026-10-05T15:18:33.2233059Z    [1m[94m|[0m
conformance-and-platform	Build and test the C Linux application surface	2026-10-05T15:18:33.2233565Z    [1m[94m= [0m[1mnote[0m: `#[warn(unused_imports)]` (part of `#[warn(unused)]`) on by default
conformance-and-platform	Build and test the C Linux application surface	2026-10-05T15:18:33.2234109Z 
conformance-and-platform	Build and test the C Linux application surface	2026-10-05T15:18:33.2234367Z [1m[33mwarning[0m[1m: unused import: `balance_columns`[0m
conformance-and-platform	Build and test the C Linux application surface	2026-10-05T15:18:33.2234838Z      [1m[94m--> [0mopenui-layout/src/block.rs:19571:9
conformance-and-platform	Build and test the C Linux application surface	2026-10-05T15:18:33.2235223Z       [1m[94m|[0m
conformance-and-platform	Build and test the C Linux application surface	2026-10-05T15:18:33.2235674Z [1m[94m19571[0m [1m[94m|[0m         balance_columns, balance_columns_with_margins, compute_column_positions,
conformance-and-platform	Build and test the C Linux application surface	2026-10-05T15:18:33.2236137Z       [1m[94m|[0m         [1m[33m^^^^^^^^^^^^^^^[0m
conformance-and-platform	Build and test the C Linux application surface	2026-10-05T15:18:33.2236310Z 
conformance-and-platform	Build and test the C Linux application surface	2026-10-05T15:18:33.2236610Z [1m[33mwarning[0m[1m: unused import: `super::*`[0m
conformance-and-platform	Build and test the C Linux application surface	2026-10-05T15:18:33.2237104Z     [1m[94m--> [0mopenui-layout/src/intrinsic_sizing.rs:3974:9
conformance-and-platform	Build and test the C Linux application surface	2026-10-05T15:18:33.2237570Z      [1m[94m|[0m
conformance-and-platform	Build and test the C Linux application surface	2026-10-05T15:18:33.2237942Z [1m[94m3974[0m [1m[94m|[0m     use super::*;
conformance-and-platform	Build and test the C Linux application surface	2026-10-05T15:18:33.2238351Z      [1m[94m|[0m         [1m[33m^^^^^^^^[0m
conformance-and-platform	Build and test the C Linux application surface	2026-10-05T15:18:33.2238630Z 
conformance-and-platform	Build and test the C Linux application surface	2026-10-05T15:18:33.2238917Z [1m[33mwarning[0m[1m: unused import: `std::sync::Arc`[0m
conformance-and-platform	Build and test the C Linux application surface	2026-10-05T15:18:33.2239473Z   [1m[94m--> [0mopenui-layout/src/new_formatting_context.rs:17:5
conformance-and-platform	Build and test the C Linux application surface	2026-10-05T15:18:33.2240026Z    [1m[94m|[0m
conformance-and-platform	Build and test the C Linux application surface	2026-10-05T15:18:33.2240454Z [1m[94m17[0m [1m[94m|[0m use std::sync::Arc;
conformance-and-platform	Build and test the C Linux application surface	2026-10-05T15:18:33.2240895Z    [1m[94m|[0m     [1m[33m^^^^^^^^^^^^^^[0m
conformance-and-platform	Build and test the C Linux application surface	2026-10-05T15:18:33.2241159Z 
conformance-and-platform	Build and test the C Linux application surface	2026-10-05T15:18:33.2241388Z [1m[33mwarning[0m[1m: unused import: `ClearType`[0m
conformance-and-platform	Build and test the C Linux application surface	2026-10-05T15:18:33.2241957Z   [1m[94m--> [0mopenui-layout/src/new_formatting_context.rs:24:25
conformance-and-platform	Build and test the C Linux application surface	2026-10-05T15:18:33.2242444Z    [1m[94m|[0m
conformance-and-platform	Build and test the C Linux application surface	2026-10-05T15:18:33.2242972Z [1m[94m24[0m [1m[94m|[0m use crate::exclusions::{ClearType, ExclusionSpace};
conformance-and-platform	Build and test the C Linux application surface	2026-10-05T15:18:33.2243597Z    [1m[94m|[0m                         [1m[33m^^^^^^^^^[0m
conformance-and-platform	Build and test the C Linux application surface	2026-10-05T15:18:33.2243950Z 
conformance-and-platform	Build and test the C Linux application surface	2026-10-05T15:18:33.2244320Z [1m[33mwarning[0m[1m: unused import: `crate::layout_result::LayoutResult`[0m
conformance-and-platform	Build and test the C Linux application surface	2026-10-05T15:18:33.2244942Z   [1m[94m--> [0mopenui-layout/src/new_formatting_context.rs:26:5
conformance-and-platform	Build and test the C Linux application surface	2026-10-05T15:18:33.2245486Z    [1m[94m|[0m
conformance-and-platform	Build and test the C Linux application surface	2026-10-05T15:18:33.2245975Z [1m[94m26[0m [1m[94m|[0m use crate::layout_result::LayoutResult;
conformance-and-platform	Build and test the C Linux application surface	2026-10-05T15:18:33.2246560Z    [1m[94m|[0m     [1m[33m^^^^^^^^^^^^^^^^^^^^^^^^^^^^^^^^^^[0m
conformance-and-platform	Build and test the C Linux application surface	2026-10-05T15:18:33.2246848Z 
conformance-and-platform	Build and test the C Linux application surface	2026-10-05T15:18:33.2247485Z [1m[33mwarning[0m[1m: variable `reconstructed_block_in_inline` is assigned to, but never used[0m
conformance-and-platform	Build and test the C Linux application surface	2026-10-05T15:18:33.2248215Z     [1m[94m--> [0mopenui-layout/src/block.rs:2104:9
conformance-and-platform	Build and test the C Linux application surface	2026-10-05T15:18:33.2248654Z      [1m[94m|[0m
conformance-and-platform	Build and test the C Linux application surface	2026-10-05T15:18:33.2249130Z [1m[94m2104[0m [1m[94m|[0m     let mut reconstructed_block_in_inline = false;
conformance-and-platform	Build and test the C Linux application surface	2026-10-05T15:18:33.2249769Z      [1m[94m|[0m         [1m[33m^^^^^^^^^^^^^^^^^^^^^^^^^^^^^^^^^[0m
conformance-and-platform	Build and test the C Linux application surface	2026-10-05T15:18:33.2250252Z      [1m[94m|[0m
conformance-and-platform	Build and test the C Linux application surface	2026-10-05T15:18:33.2250750Z      [1m[94m= [0m[1mnote[0m: consider using `_reconstructed_block_in_inline` instead
conformance-and-platform	Build and test the C Linux application surface	2026-10-05T15:18:33.2251466Z      [1m[94m= [0m[1mnote[0m: `#[warn(unused_variables)]` (part of `#[warn(unused)]`) on by default
conformance-and-platform	Build and test the C Linux application surface	2026-10-05T15:18:33.2251861Z 
conformance-and-platform	Build and test the C Linux application surface	2026-10-05T15:18:33.2252123Z [1m[33mwarning[0m[1m: variable does not need to be mutable[0m
conformance-and-platform	Build and test the C Linux application surface	2026-10-05T15:18:33.2252846Z     [1m[94m--> [0mopenui-layout/src/block.rs:6781:9
conformance-and-platform	Build and test the C Linux application surface	2026-10-05T15:18:33.2253307Z      [1m[94m|[0m
conformance-and-platform	Build and test the C Linux application surface	2026-10-05T15:18:33.2253952Z [1m[94m6781[0m [1m[94m|[0m     let mut child_margin = resolve_margins_in_parent_axes(
conformance-and-platform	Build and test the C Linux application surface	2026-10-05T15:18:33.2254606Z      [1m[94m|[0m         [1m[94m----[0m[1m[33m^^^^^^^^^^^^[0m
conformance-and-platform	Build and test the C Linux application surface	2026-10-05T15:18:33.2255062Z      [1m[94m|[0m         [1m[94m|[0m
conformance-and-platform	Build and test the C Linux application surface	2026-10-05T15:18:33.2255621Z      [1m[94m|[0m         [1m[94mhelp: remove this `mut`[0m
conformance-and-platform	Build and test the C Linux application surface	2026-10-05T15:18:33.2256079Z      [1m[94m|[0m
conformance-and-platform	Build and test the C Linux application surface	2026-10-05T15:18:33.2256627Z      [1m[94m= [0m[1mnote[0m: `#[warn(unused_mut)]` (part of `#[warn(unused)]`) on by default
conformance-and-platform	Build and test the C Linux application surface	2026-10-05T15:18:33.2256962Z 
conformance-and-platform	Build and test the C Linux application surface	2026-10-05T15:18:33.2257268Z [1m[33mwarning[0m[1m: field `source_caption_end` is never read[0m
conformance-and-platform	Build and test the C Linux application surface	2026-10-05T15:18:33.2257759Z     [1m[94m--> [0mopenui-layout/src/block.rs:9551:5
conformance-and-platform	Build and test the C Linux application surface	2026-10-05T15:18:33.2258297Z      [1m[94m|[0m
conformance-and-platform	Build and test the C Linux application surface	2026-10-05T15:18:33.2258743Z [1m[94m9550[0m [1m[94m|[0m struct CaptionedRepeatedTableFlow {
conformance-and-platform	Build and test the C Linux application surface	2026-10-05T15:18:33.2259384Z      [1m[94m|[0m        [1m[94m--------------------------[0m [1m[94mfield in this struct[0m
conformance-and-platform	Build and test the C Linux application surface	2026-10-05T15:18:33.2260020Z [1m[94m9551[0m [1m[94m|[0m     source_caption_end: LayoutUnit,
conformance-and-platform	Build and test the C Linux application surface	2026-10-05T15:18:33.2260550Z      [1m[94m|[0m     [1m[33m^^^^^^^^^^^^^^^^^^[0m
conformance-and-platform	Build and test the C Linux application surface	2026-10-05T15:18:33.2261015Z      [1m[94m|[0m
conformance-and-platform	Build and test the C Linux application surface	2026-10-05T15:18:33.2261842Z      [1m[94m= [0m[1mnote[0m: `CaptionedRepeatedTableFlow` has derived impls for the traits `Debug` and `Clone`, but these are intentionally ignored during dead code analysis
conformance-and-platform	Build and test the C Linux application surface	2026-10-05T15:18:33.2262846Z      [1m[94m= [0m[1mnote[0m: `#[warn(dead_code)]` (part of `#[warn(unused)]`) on by default
conformance-and-platform	Build and test the C Linux application surface	2026-10-05T15:18:33.2263164Z 
conformance-and-platform	Build and test the C Linux application surface	2026-10-05T15:18:33.2263522Z [1m[33mwarning[0m[1m: function `columns_needed_for_height` is never used[0m
conformance-and-platform	Build and test the C Linux application surface	2026-10-05T15:18:33.2264185Z    [1m[94m--> [0mopenui-layout/src/multicol/mod.rs:705:4
conformance-and-platform	Build and test the C Linux application surface	2026-10-05T15:18:33.2264656Z     [1m[94m|[0m
conformance-and-platform	Build and test the C Linux application surface	2026-10-05T15:18:33.2265108Z [1m[94m705[0m [1m[94m|[0m fn columns_needed_for_height(
conformance-and-platform	Build and test the C Linux application surface	2026-10-05T15:18:33.2265681Z     [1m[94m|[0m    [1m[33m^^^^^^^^^^^^^^^^^^^^^^^^^[0m
conformance-and-platform	Build and test the C Linux application surface	2026-10-05T15:18:33.2265952Z 
conformance-and-platform	Build and test the C Linux application surface	2026-10-05T15:18:33.2266455Z [1m[33mwarning[0m: `openui-layout` (lib) generated 10 warnings (run `cargo fix --lib -p openui-layout` to apply 7 suggestions)
conformance-and-platform	Build and test the C Linux application surface	2026-10-05T15:18:33.2267641Z [1m[33mwarning[0m[1m: use of deprecated module `skia_safe::gradient_shader`: Use the skia_safe::gradient module[0m
conformance-and-platform	Build and test the C Linux application surface	2026-10-05T15:18:33.2268326Z   [1m[94m--> [0mopenui-paint/src/painter.rs:39:20
conformance-and-platform	Build and test the C Linux application surface	2026-10-05T15:18:33.2268726Z    [1m[94m|[0m
conformance-and-platform	Build and test the C Linux application surface	2026-10-05T15:18:33.2269432Z [1m[94m39[0m [1m[94m|[0m     color_filters, gradient_shader, image_filters, surfaces, AlphaType, BlendMode, ClipOp, Color4f,
conformance-and-platform	Build and test the C Linux application surface	2026-10-05T15:18:33.2270059Z    [1m[94m|[0m                    [1m[33m^^^^^^^^^^^^^^^[0m
conformance-and-platform	Build and test the C Linux application surface	2026-10-05T15:18:33.2270387Z    [1m[94m|[0m
conformance-and-platform	Build and test the C Linux application surface	2026-10-05T15:18:33.2270678Z    [1m[94m= [0m[1mnote[0m: `#[warn(deprecated)]` on by default
conformance-and-platform	Build and test the C Linux application surface	2026-10-05T15:18:33.2270900Z 
conformance-and-platform	Build and test the C Linux application surface	2026-10-05T15:18:33.2271328Z [1m[33mwarning[0m[1m: use of deprecated function `skia_safe::gradient_shader::linear_with_interpolation`: Use the skia_safe::gradient module[0m
conformance-and-platform	Build and test the C Linux application surface	2026-10-05T15:18:33.2272001Z     [1m[94m--> [0mopenui-paint/src/painter.rs:1860:45
conformance-and-platform	Build and test the C Linux application surface	2026-10-05T15:18:33.2272311Z      [1m[94m|[0m
conformance-and-platform	Build and test the C Linux application surface	2026-10-05T15:18:33.2272819Z [1m[94m1860[0m [1m[94m|[0m     scrim_paint.set_shader(gradient_shader::linear_with_interpolation(
conformance-and-platform	Build and test the C Linux application surface	2026-10-05T15:18:33.2273272Z      [1m[94m|[0m                                             [1m[33m^^^^^^^^^^^^^^^^^^^^^^^^^[0m
conformance-and-platform	Build and test the C Linux application surface	2026-10-05T15:18:33.2273480Z 
conformance-and-platform	Build and test the C Linux application surface	2026-10-05T15:18:33.2273986Z [1m[33mwarning[0m[1m: use of deprecated function `skia_safe::gradient_shader::linear_with_interpolation`: Use the skia_safe::gradient module[0m
conformance-and-platform	Build and test the C Linux application surface	2026-10-05T15:18:33.2274563Z      [1m[94m--> [0mopenui-paint/src/painter.rs:14056:51
conformance-and-platform	Build and test the C Linux application surface	2026-10-05T15:18:33.2274868Z       [1m[94m|[0m
conformance-and-platform	Build and test the C Linux application surface	2026-10-05T15:18:33.2275313Z [1m[94m14056[0m [1m[94m|[0m                 paint.set_shader(gradient_shader::linear_with_interpolation(
conformance-and-platform	Build and test the C Linux application surface	2026-10-05T15:18:33.2275842Z       [1m[94m|[0m                                                   [1m[33m^^^^^^^^^^^^^^^^^^^^^^^^^[0m
conformance-and-platform	Build and test the C Linux application surface	2026-10-05T15:18:33.2276068Z 
conformance-and-platform	Build and test the C Linux application surface	2026-10-05T15:18:33.2276446Z [1m[33mwarning[0m[1m: use of deprecated function `skia_safe::gradient_shader::linear`: Use the skia_safe::gradient module[0m
conformance-and-platform	Build and test the C Linux application surface	2026-10-05T15:18:33.2276945Z      [1m[94m--> [0mopenui-paint/src/painter.rs:14069:51
conformance-and-platform	Build and test the C Linux application surface	2026-10-05T15:18:33.2277224Z       [1m[94m|[0m
conformance-and-platform	Build and test the C Linux application surface	2026-10-05T15:18:33.2277646Z [1m[94m14069[0m [1m[94m|[0m                 paint.set_shader(gradient_shader::linear(
conformance-and-platform	Build and test the C Linux application surface	2026-10-05T15:18:33.2278057Z       [1m[94m|[0m                                                   [1m[33m^^^^^^[0m
conformance-and-platform	Build and test the C Linux application surface	2026-10-05T15:18:33.2278270Z 
conformance-and-platform	Build and test the C Linux application surface	2026-10-05T15:18:33.2278645Z [1m[33mwarning[0m[1m: use of deprecated function `skia_safe::gradient_shader::linear_with_interpolation`: Use the skia_safe::gradient module[0m
conformance-and-platform	Build and test the C Linux application surface	2026-10-05T15:18:33.2279266Z      [1m[94m--> [0mopenui-paint/src/painter.rs:14082:51
conformance-and-platform	Build and test the C Linux application surface	2026-10-05T15:18:33.2279563Z       [1m[94m|[0m
conformance-and-platform	Build and test the C Linux application surface	2026-10-05T15:18:33.2279976Z [1m[94m14082[0m [1m[94m|[0m                 paint.set_shader(gradient_shader::linear_with_interpolation(
conformance-and-platform	Build and test the C Linux application surface	2026-10-05T15:18:33.2280433Z       [1m[94m|[0m                                                   [1m[33m^^^^^^^^^^^^^^^^^^^^^^^^^[0m
conformance-and-platform	Build and test the C Linux application surface	2026-10-05T15:18:33.2280656Z 
conformance-and-platform	Build and test the C Linux application surface	2026-10-05T15:18:33.2281106Z [1m[33mwarning[0m[1m: use of deprecated function `skia_safe::gradient_shader::two_point_conical_with_interpolation`: Use the skia_safe::gradient module[0m
conformance-and-platform	Build and test the C Linux application surface	2026-10-05T15:18:33.2281684Z      [1m[94m--> [0mopenui-paint/src/painter.rs:14178:55
conformance-and-platform	Build and test the C Linux application surface	2026-10-05T15:18:33.2281967Z       [1m[94m|[0m
conformance-and-platform	Build and test the C Linux application surface	2026-10-05T15:18:33.2282432Z [1m[94m14178[0m [1m[94m|[0m                     paint.set_shader(gradient_shader::two_point_conical_with_interpolation(
conformance-and-platform	Build and test the C Linux application surface	2026-10-05T15:18:33.2282926Z       [1m[94m|[0m                                                       [1m[33m^^^^^^^^^^^^^^^^^^^^^^^^^^^^^^^^^^^^[0m
conformance-and-platform	Build and test the C Linux application surface	2026-10-05T15:18:33.2283190Z 
conformance-and-platform	Build and test the C Linux application surface	2026-10-05T15:18:33.2283543Z [1m[33mwarning[0m[1m: use of deprecated function `skia_safe::gradient_shader::two_point_conical`: Use the skia_safe::gradient module[0m
conformance-and-platform	Build and test the C Linux application surface	2026-10-05T15:18:33.2284214Z      [1m[94m--> [0mopenui-paint/src/painter.rs:14192:55
conformance-and-platform	Build and test the C Linux application surface	2026-10-05T15:18:33.2284530Z       [1m[94m|[0m
conformance-and-platform	Build and test the C Linux application surface	2026-10-05T15:18:33.2284918Z [1m[94m14192[0m [1m[94m|[0m                     paint.set_shader(gradient_shader::two_point_conical(
conformance-and-platform	Build and test the C Linux application surface	2026-10-05T15:18:33.2285345Z       [1m[94m|[0m                                                       [1m[33m^^^^^^^^^^^^^^^^^[0m
conformance-and-platform	Build and test the C Linux application surface	2026-10-05T15:18:33.2285587Z 
conformance-and-platform	Build and test the C Linux application surface	2026-10-05T15:18:33.2286039Z [1m[33mwarning[0m[1m: use of deprecated function `skia_safe::gradient_shader::two_point_conical_with_interpolation`: Use the skia_safe::gradient module[0m
conformance-and-platform	Build and test the C Linux application surface	2026-10-05T15:18:33.2286600Z      [1m[94m--> [0mopenui-paint/src/painter.rs:14208:55
conformance-and-platform	Build and test the C Linux application surface	2026-10-05T15:18:33.2286896Z       [1m[94m|[0m
conformance-and-platform	Build and test the C Linux application surface	2026-10-05T15:18:33.2287331Z [1m[94m14208[0m [1m[94m|[0m                     paint.set_shader(gradient_shader::two_point_conical_with_interpolation(
conformance-and-platform	Build and test the C Linux application surface	2026-10-05T15:18:33.2287972Z       [1m[94m|[0m                                                       [1m[33m^^^^^^^^^^^^^^^^^^^^^^^^^^^^^^^^^^^^[0m
conformance-and-platform	Build and test the C Linux application surface	2026-10-05T15:18:33.2288295Z 
conformance-and-platform	Build and test the C Linux application surface	2026-10-05T15:18:33.2288734Z [1m[33mwarning[0m[1m: use of deprecated function `skia_safe::gradient_shader::two_point_conical_with_interpolation`: Use the skia_safe::gradient module[0m
conformance-and-platform	Build and test the C Linux application surface	2026-10-05T15:18:33.2289284Z      [1m[94m--> [0mopenui-paint/src/painter.rs:14228:51
conformance-and-platform	Build and test the C Linux application surface	2026-10-05T15:18:33.2289621Z       [1m[94m|[0m
conformance-and-platform	Build and test the C Linux application surface	2026-10-05T15:18:33.2290047Z [1m[94m14228[0m [1m[94m|[0m                 paint.set_shader(gradient_shader::two_point_conical_with_interpolation(
conformance-and-platform	Build and test the C Linux application surface	2026-10-05T15:18:33.2290541Z       [1m[94m|[0m                                                   [1m[33m^^^^^^^^^^^^^^^^^^^^^^^^^^^^^^^^^^^^[0m
conformance-and-platform	Build and test the C Linux application surface	2026-10-05T15:18:33.2290798Z 
conformance-and-platform	Build and test the C Linux application surface	2026-10-05T15:18:33.2291179Z [1m[33mwarning[0m[1m: use of deprecated function `skia_safe::gradient_shader::two_point_conical`: Use the skia_safe::gradient module[0m
conformance-and-platform	Build and test the C Linux application surface	2026-10-05T15:18:33.2291748Z      [1m[94m--> [0mopenui-paint/src/painter.rs:14242:51
conformance-and-platform	Build and test the C Linux application surface	2026-10-05T15:18:33.2292053Z       [1m[94m|[0m
conformance-and-platform	Build and test the C Linux application surface	2026-10-05T15:18:33.2292431Z [1m[94m14242[0m [1m[94m|[0m                 paint.set_shader(gradient_shader::two_point_conical(
conformance-and-platform	Build and test the C Linux application surface	2026-10-05T15:18:33.2292926Z       [1m[94m|[0m                                                   [1m[33m^^^^^^^^^^^^^^^^^[0m
conformance-and-platform	Build and test the C Linux application surface	2026-10-05T15:18:33.2293140Z 
conformance-and-platform	Build and test the C Linux application surface	2026-10-05T15:18:33.2293545Z [1m[33mwarning[0m[1m: use of deprecated function `skia_safe::gradient_shader::two_point_conical_with_interpolation`: Use the skia_safe::gradient module[0m
conformance-and-platform	Build and test the C Linux application surface	2026-10-05T15:18:33.2294228Z      [1m[94m--> [0mopenui-paint/src/painter.rs:14258:51
conformance-and-platform	Build and test the C Linux application surface	2026-10-05T15:18:33.2294573Z       [1m[94m|[0m
conformance-and-platform	Build and test the C Linux application surface	2026-10-05T15:18:33.2295015Z [1m[94m14258[0m [1m[94m|[0m                 paint.set_shader(gradient_shader::two_point_conical_with_interpolation(
conformance-and-platform	Build and test the C Linux application surface	2026-10-05T15:18:33.2295524Z       [1m[94m|[0m                                                   [1m[33m^^^^^^^^^^^^^^^^^^^^^^^^^^^^^^^^^^^^[0m
conformance-and-platform	Build and test the C Linux application surface	2026-10-05T15:18:33.2295759Z 
conformance-and-platform	Build and test the C Linux application surface	2026-10-05T15:18:33.2296158Z [1m[33mwarning[0m[1m: use of deprecated function `skia_safe::gradient_shader::sweep_with_interpolation`: Use the skia_safe::gradient module[0m
conformance-and-platform	Build and test the C Linux application surface	2026-10-05T15:18:33.2296691Z      [1m[94m--> [0mopenui-paint/src/painter.rs:14318:51
conformance-and-platform	Build and test the C Linux application surface	2026-10-05T15:18:33.2296990Z       [1m[94m|[0m
conformance-and-platform	Build and test the C Linux application surface	2026-10-05T15:18:33.2297402Z [1m[94m14318[0m [1m[94m|[0m                 paint.set_shader(gradient_shader::sweep_with_interpolation(
conformance-and-platform	Build and test the C Linux application surface	2026-10-05T15:18:33.2297888Z       [1m[94m|[0m                                                   [1m[33m^^^^^^^^^^^^^^^^^^^^^^^^[0m
conformance-and-platform	Build and test the C Linux application surface	2026-10-05T15:18:33.2298077Z 
conformance-and-platform	Build and test the C Linux application surface	2026-10-05T15:18:33.2298430Z [1m[33mwarning[0m[1m: use of deprecated function `skia_safe::gradient_shader::sweep`: Use the skia_safe::gradient module[0m
conformance-and-platform	Build and test the C Linux application surface	2026-10-05T15:18:33.2298905Z      [1m[94m--> [0mopenui-paint/src/painter.rs:14332:51
conformance-and-platform	Build and test the C Linux application surface	2026-10-05T15:18:33.2299451Z       [1m[94m|[0m
conformance-and-platform	Build and test the C Linux application surface	2026-10-05T15:18:33.2299845Z [1m[94m14332[0m [1m[94m|[0m                 paint.set_shader(gradient_shader::sweep(
conformance-and-platform	Build and test the C Linux application surface	2026-10-05T15:18:33.2300293Z       [1m[94m|[0m                                                   [1m[33m^^^^^[0m
conformance-and-platform	Build and test the C Linux application surface	2026-10-05T15:18:33.2300478Z 
conformance-and-platform	Build and test the C Linux application surface	2026-10-05T15:18:33.2300870Z [1m[33mwarning[0m[1m: use of deprecated function `skia_safe::gradient_shader::sweep_with_interpolation`: Use the skia_safe::gradient module[0m
conformance-and-platform	Build and test the C Linux application surface	2026-10-05T15:18:33.2301404Z      [1m[94m--> [0mopenui-paint/src/painter.rs:14346:51
conformance-and-platform	Build and test the C Linux application surface	2026-10-05T15:18:33.2301736Z       [1m[94m|[0m
conformance-and-platform	Build and test the C Linux application surface	2026-10-05T15:18:33.2302135Z [1m[94m14346[0m [1m[94m|[0m                 paint.set_shader(gradient_shader::sweep_with_interpolation(
conformance-and-platform	Build and test the C Linux application surface	2026-10-05T15:18:33.2302594Z       [1m[94m|[0m                                                   [1m[33m^^^^^^^^^^^^^^^^^^^^^^^^[0m
conformance-and-platform	Build and test the C Linux application surface	2026-10-05T15:18:33.2302819Z 
conformance-and-platform	Build and test the C Linux application surface	2026-10-05T15:18:33.2303163Z [1m[33mwarning[0m[1m: use of deprecated function `skia_safe::gradient_shader::linear`: Use the skia_safe::gradient module[0m
conformance-and-platform	Build and test the C Linux application surface	2026-10-05T15:18:33.2303751Z      [1m[94m--> [0mopenui-paint/src/painter.rs:17719:55
conformance-and-platform	Build and test the C Linux application surface	2026-10-05T15:18:33.2304152Z       [1m[94m|[0m
conformance-and-platform	Build and test the C Linux application surface	2026-10-05T15:18:33.2304524Z [1m[94m17719[0m [1m[94m|[0m                     paint.set_shader(gradient_shader::linear(
conformance-and-platform	Build and test the C Linux application surface	2026-10-05T15:18:33.2304980Z       [1m[94m|[0m                                                       [1m[33m^^^^^^[0m
conformance-and-platform	Build and test the C Linux application surface	2026-10-05T15:18:33.2305168Z 
conformance-and-platform	Build and test the C Linux application surface	2026-10-05T15:18:33.2305363Z [1m[33mwarning[0m[1m: variant `RestoreTo` is never constructed[0m
conformance-and-platform	Build and test the C Linux application surface	2026-10-05T15:18:33.2305754Z   [1m[94m--> [0mopenui-paint/src/paint_record.rs:16:5
conformance-and-platform	Build and test the C Linux application surface	2026-10-05T15:18:33.2306317Z    [1m[94m|[0m
conformance-and-platform	Build and test the C Linux application surface	2026-10-05T15:18:33.2306626Z [1m[94m13[0m [1m[94m|[0m enum Operation {
conformance-and-platform	Build and test the C Linux application surface	2026-10-05T15:18:33.2307022Z    [1m[94m|[0m      [1m[94m---------[0m [1m[94mvariant in this enum[0m
conformance-and-platform	Build and test the C Linux application surface	2026-10-05T15:18:33.2307376Z [1m[94m...[0m
conformance-and-platform	Build and test the C Linux application surface	2026-10-05T15:18:33.2307759Z [1m[94m16[0m [1m[94m|[0m     RestoreTo(usize),
conformance-and-platform	Build and test the C Linux application surface	2026-10-05T15:18:33.2308205Z    [1m[94m|[0m     [1m[33m^^^^^^^^^[0m
conformance-and-platform	Build and test the C Linux application surface	2026-10-05T15:18:33.2308552Z    [1m[94m|[0m
conformance-and-platform	Build and test the C Linux application surface	2026-10-05T15:18:33.2309118Z    [1m[94m= [0m[1mnote[0m: `Operation` has a derived impl for the trait `Clone`, but this is intentionally ignored during dead code analysis
conformance-and-platform	Build and test the C Linux application surface	2026-10-05T15:18:33.2309830Z    [1m[94m= [0m[1mnote[0m: `#[warn(dead_code)]` (part of `#[warn(unused)]`) on by default
conformance-and-platform	Build and test the C Linux application surface	2026-10-05T15:18:33.2310115Z 
conformance-and-platform	Build and test the C Linux application surface	2026-10-05T15:18:33.2310416Z [1m[33mwarning[0m[1m: methods `restore_to_count` and `save_count` are never used[0m
conformance-and-platform	Build and test the C Linux application surface	2026-10-05T15:18:33.2310837Z    [1m[94m--> [0mopenui-paint/src/paint_record.rs:131:19
conformance-and-platform	Build and test the C Linux application surface	2026-10-05T15:18:33.2311215Z     [1m[94m|[0m
conformance-and-platform	Build and test the C Linux application surface	2026-10-05T15:18:33.2311491Z [1m[94m119[0m [1m[94m|[0m impl dyn PaintCanvas + '_ {
conformance-and-platform	Build and test the C Linux application surface	2026-10-05T15:18:33.2311902Z     [1m[94m|[0m [1m[94m-------------------------[0m [1m[94mmethods in this implementation[0m
conformance-and-platform	Build and test the C Linux application surface	2026-10-05T15:18:33.2312288Z [1m[94m...[0m
conformance-and-platform	Build and test the C Linux application surface	2026-10-05T15:18:33.2312662Z [1m[94m131[0m [1m[94m|[0m     pub(crate) fn restore_to_count(&self, count: usize) -> &Self {
conformance-and-platform	Build and test the C Linux application surface	2026-10-05T15:18:33.2313091Z     [1m[94m|[0m                   [1m[33m^^^^^^^^^^^^^^^^[0m
conformance-and-platform	Build and test the C Linux application surface	2026-10-05T15:18:33.2313375Z [1m[94m...[0m
conformance-and-platform	Build and test the C Linux application surface	2026-10-05T15:18:33.2313853Z [1m[94m137[0m [1m[94m|[0m     pub(crate) fn save_count(&self) -> usize {
conformance-and-platform	Build and test the C Linux application surface	2026-10-05T15:18:33.2314278Z     [1m[94m|[0m                   [1m[33m^^^^^^^^^^[0m
conformance-and-platform	Build and test the C Linux application surface	2026-10-05T15:18:33.2314438Z 
conformance-and-platform	Build and test the C Linux application surface	2026-10-05T15:18:33.2314622Z [1m[33mwarning[0m: `openui-paint` (lib) generated 17 warnings
conformance-and-platform	Build and test the C Linux application surface	2026-10-05T15:18:33.2315133Z [1m[92m   Compiling[0m openui-ffi v0.2.0 (/home/runner/work/open-ui/open-ui/bindings/rust/openui-ffi)
conformance-and-platform	Build and test the C Linux application surface	2026-10-05T15:18:33.2315654Z [1m[92m   Compiling[0m openui v0.2.0 (/home/runner/work/open-ui/open-ui/bindings/rust/openui)
conformance-and-platform	Build and test the C Linux application surface	2026-10-05T15:18:42.4580229Z [1m[92m    Finished[0m `test` profile [unoptimized + debuginfo] target(s) in 9.35s
conformance-and-platform	Build and test the C Linux application surface	2026-10-05T15:18:42.4697019Z [1m[92m     Running[0m unittests src/lib.rs (target/debug/deps/openui_ffi-23defc8c3772f92f)
conformance-and-platform	Build and test the C Linux application surface	2026-10-05T15:18:42.4734557Z 
conformance-and-platform	Build and test the C Linux application surface	2026-10-05T15:18:42.4735106Z running 32 tests
conformance-and-platform	Build and test the C Linux application surface	2026-10-05T15:18:42.4764753Z test registry::miri_handle_tests::opaque_handles_reject_wrong_kind_thread_and_reuse ... ok
conformance-and-platform	Build and test the C Linux application surface	2026-10-05T15:18:42.4794583Z test native_app_tests::native_run_config_and_lifecycle_reject_invalid_ownership ... ok
conformance-and-platform	Build and test the C Linux application surface	2026-10-05T15:18:42.4834391Z test tests::app_and_document_handles_have_independent_explicit_lifetimes ... ok
conformance-and-platform	Build and test the C Linux application surface	2026-10-05T15:18:42.4864425Z test native_app_tests::linux::native_accessibility_actions_reach_c_controls_and_c_listeners ... ok
conformance-and-platform	Build and test the C Linux application surface	2026-10-05T15:18:42.4884831Z test tests::c_animation_api_samples_controls_and_reports_events ... ok
conformance-and-platform	Build and test the C Linux application surface	2026-10-05T15:18:42.4904496Z test native_app_tests::linux::c_native_keyboard_uses_rust_editing_and_reentrant_cancellation ... ok
conformance-and-platform	Build and test the C Linux application surface	2026-10-05T15:18:42.4905364Z test tests::c_accessibility_snapshot_rejects_wrong_document_and_outlives_its_document ... ok
conformance-and-platform	Build and test the C Linux application surface	2026-10-05T15:18:42.4906093Z test tests::c_composition_dispatch_commits_final_text_and_restores_canceled_edits ... ok
conformance-and-platform	Build and test the C Linux application surface	2026-10-05T15:18:42.4906793Z test tests::c_accessibility_updates_actions_and_validation_share_engine_state ... ok
conformance-and-platform	Build and test the C Linux application surface	2026-10-05T15:18:42.4931598Z test tests::c_events_hit_testing_and_control_state_share_engine_defaults ... ok
conformance-and-platform	Build and test the C Linux application surface	2026-10-05T15:18:42.4954512Z test tests::c_id_lookup_returns_owned_attached_element_handles ... ok
conformance-and-platform	Build and test the C Linux application surface	2026-10-05T15:18:42.4955267Z test tests::c_font_registration_queries_and_removal_validate_lifetimes ... ok
conformance-and-platform	Build and test the C Linux application surface	2026-10-05T15:18:42.4979474Z test tests::c_typography_literal_values_are_typed_and_owned ... ok
conformance-and-platform	Build and test the C Linux application surface	2026-10-05T15:18:42.4991810Z test tests::detached_c_nodes_keep_their_handles_until_explicit_removal ... ok
conformance-and-platform	Build and test the C Linux application surface	2026-10-05T15:18:42.5002711Z test tests::c_scroll_metrics_preserve_larger_caller_storage_and_absent_boxes ... ok
conformance-and-platform	Build and test the C Linux application surface	2026-10-05T15:18:42.5024450Z test tests::c_scroll_metrics_validate_output_headers_and_ownership ... ok
conformance-and-platform	Build and test the C Linux application surface	2026-10-05T15:18:42.5045578Z test tests::frozen_layout_metadata_matches_rust ... ok
conformance-and-platform	Build and test the C Linux application surface	2026-10-05T15:18:42.5046317Z test tests::invalid_float_colors_leave_output_unchanged ... ok
conformance-and-platform	Build and test the C Linux application surface	2026-10-05T15:18:42.5047296Z test tests::invalid_native_literals_preserve_output_and_existing_scalar_encodings ... ok
conformance-and-platform	Build and test the C Linux application surface	2026-10-05T15:18:42.5048165Z test tests::malformed_inputs_report_structured_thread_local_errors ... ok
conformance-and-platform	Build and test the C Linux application surface	2026-10-05T15:18:42.5048898Z test tests::event_order_is_deterministic_and_callbacks_can_reenter ... ok
conformance-and-platform	Build and test the C Linux application surface	2026-10-05T15:18:42.5049604Z test tests::handles_are_thread_affine_without_dereferencing_foreign_tokens ... ok
conformance-and-platform	Build and test the C Linux application surface	2026-10-05T15:18:42.5075213Z test tests::native_float_colors_preserve_precision_property_identity_and_ownership ... ok
conformance-and-platform	Build and test the C Linux application surface	2026-10-05T15:18:42.5099265Z test tests::normalized_c_input_validates_headers_utf8_and_thread_ownership ... ok
conformance-and-platform	Build and test the C Linux application surface	2026-10-05T15:18:42.5100784Z test tests::c_font_metadata_matches_pinned_multiformat_fixtures ... ok
conformance-and-platform	Build and test the C Linux application surface	2026-10-05T15:18:42.5102162Z test tests::panics_are_contained ... ok
conformance-and-platform	Build and test the C Linux application surface	2026-10-05T15:18:42.5112198Z test tests::normalized_c_keyboard_and_text_share_cancelable_document_defaults ... ok
conformance-and-platform	Build and test the C Linux application surface	2026-10-05T15:18:42.5151554Z test tests::ownership_generation_and_value_tags_are_validated ... ok
conformance-and-platform	Build and test the C Linux application surface	2026-10-05T15:18:42.5184485Z test tests::transactions_and_compound_types_are_checked ... ok
conformance-and-platform	Build and test the C Linux application surface	2026-10-05T15:18:42.5185381Z test tests::rust_and_c_paths_produce_identical_headless_pixels ... ok
conformance-and-platform	Build and test the C Linux application surface	2026-10-05T15:18:42.5203313Z test tests::typed_tree_renders_and_buffers_have_explicit_lifetimes ... ok
conformance-and-platform	Build and test the C Linux application surface	2026-10-05T15:18:42.5251585Z test tests::native_scalar_extensions_keep_owned_property_identity_and_full_values ... ok
conformance-and-platform	Build and test the C Linux application surface	2026-10-05T15:18:42.5251961Z 
conformance-and-platform	Build and test the C Linux application surface	2026-10-05T15:18:42.5252207Z test result: ok. 32 passed; 0 failed; 0 ignored; 0 measured; 0 filtered out; finished in 0.05s
conformance-and-platform	Build and test the C Linux application surface	2026-10-05T15:18:42.5252624Z 
conformance-and-platform	Build and test the C Linux application surface	2026-10-05T15:18:42.5259539Z [1m[92m   Doc-tests[0m openui_ffi
conformance-and-platform	Build and test the C Linux application surface	2026-10-05T15:18:42.5832195Z 
conformance-and-platform	Build and test the C Linux application surface	2026-10-05T15:18:42.5832516Z running 0 tests
conformance-and-platform	Build and test the C Linux application surface	2026-10-05T15:18:42.5832668Z 
conformance-and-platform	Build and test the C Linux application surface	2026-10-05T15:18:42.5832989Z test result: ok. 0 passed; 0 failed; 0 ignored; 0 measured; 0 filtered out; finished in 0.00s
conformance-and-platform	Build and test the C Linux application surface	2026-10-05T15:18:42.5833832Z 
conformance-and-platform	Build and test the C Linux application surface	2026-10-05T15:18:42.7251996Z [1m[33mwarning[0m[1m: unused import: `BfcOffset`[0m
conformance-and-platform	Build and test the C Linux application surface	2026-10-05T15:18:42.7252623Z   [1m[94m--> [0mopenui-layout/src/bfc_resolution.rs:17:23
conformance-and-platform	Build and test the C Linux application surface	2026-10-05T15:18:42.7252995Z    [1m[94m|[0m
conformance-and-platform	Build and test the C Linux application surface	2026-10-05T15:18:42.7253725Z [1m[94m17[0m [1m[94m|[0m use openui_geometry::{BfcOffset, BoxStrut, LayoutUnit, MarginStrut};
conformance-and-platform	Build and test the C Linux application surface	2026-10-05T15:18:42.7254239Z    [1m[94m|[0m                       [1m[33m^^^^^^^^^[0m
conformance-and-platform	Build and test the C Linux application surface	2026-10-05T15:18:42.7254538Z    [1m[94m|[0m
conformance-and-platform	Build and test the C Linux application surface	2026-10-05T15:18:42.7254939Z    [1m[94m= [0m[1mnote[0m: `#[warn(unused_imports)]` (part of `#[warn(unused)]`) on by default
conformance-and-platform	Build and test the C Linux application surface	2026-10-05T15:18:42.7255240Z 
conformance-and-platform	Build and test the C Linux application surface	2026-10-05T15:18:42.7255435Z [1m[33mwarning[0m[1m: unused import: `balance_columns`[0m
conformance-and-platform	Build and test the C Linux application surface	2026-10-05T15:18:42.7255846Z      [1m[94m--> [0mopenui-layout/src/block.rs:19571:9
conformance-and-platform	Build and test the C Linux application surface	2026-10-05T15:18:42.7256153Z       [1m[94m|[0m
conformance-and-platform	Build and test the C Linux application surface	2026-10-05T15:18:42.7256613Z [1m[94m19571[0m [1m[94m|[0m         balance_columns, balance_columns_with_margins, compute_column_positions,
conformance-and-platform	Build and test the C Linux application surface	2026-10-05T15:18:42.7257199Z       [1m[94m|[0m         [1m[33m^^^^^^^^^^^^^^^[0m
conformance-and-platform	Build and test the C Linux application surface	2026-10-05T15:18:42.7257450Z 
conformance-and-platform	Build and test the C Linux application surface	2026-10-05T15:18:42.7257728Z [1m[33mwarning[0m[1m: unused import: `super::*`[0m
conformance-and-platform	Build and test the C Linux application surface	2026-10-05T15:18:42.7258583Z     [1m[94m--> [0mopenui-layout/src/intrinsic_sizing.rs:3974:9
conformance-and-platform	Build and test the C Linux application surface	2026-10-05T15:18:42.7258921Z      [1m[94m|[0m
conformance-and-platform	Build and test the C Linux application surface	2026-10-05T15:18:42.7259243Z [1m[94m3974[0m [1m[94m|[0m     use super::*;
conformance-and-platform	Build and test the C Linux application surface	2026-10-05T15:18:42.7259582Z      [1m[94m|[0m         [1m[33m^^^^^^^^[0m
conformance-and-platform	Build and test the C Linux application surface	2026-10-05T15:18:42.7259753Z 
conformance-and-platform	Build and test the C Linux application surface	2026-10-05T15:18:42.7259973Z [1m[33mwarning[0m[1m: unused import: `std::sync::Arc`[0m
conformance-and-platform	Build and test the C Linux application surface	2026-10-05T15:18:42.7260389Z   [1m[94m--> [0mopenui-layout/src/new_formatting_context.rs:17:5
conformance-and-platform	Build and test the C Linux application surface	2026-10-05T15:18:42.7260727Z    [1m[94m|[0m
conformance-and-platform	Build and test the C Linux application surface	2026-10-05T15:18:42.7261010Z [1m[94m17[0m [1m[94m|[0m use std::sync::Arc;
conformance-and-platform	Build and test the C Linux application surface	2026-10-05T15:18:42.7261333Z    [1m[94m|[0m     [1m[33m^^^^^^^^^^^^^^[0m
conformance-and-platform	Build and test the C Linux application surface	2026-10-05T15:18:42.7261519Z 
conformance-and-platform	Build and test the C Linux application surface	2026-10-05T15:18:42.7261704Z [1m[33mwarning[0m[1m: unused import: `ClearType`[0m
conformance-and-platform	Build and test the C Linux application surface	2026-10-05T15:18:42.7262271Z   [1m[94m--> [0mopenui-layout/src/new_formatting_context.rs:24:25
conformance-and-platform	Build and test the C Linux application surface	2026-10-05T15:18:42.7262604Z    [1m[94m|[0m
conformance-and-platform	Build and test the C Linux application surface	2026-10-05T15:18:42.7263007Z [1m[94m24[0m [1m[94m|[0m use crate::exclusions::{ClearType, ExclusionSpace};
conformance-and-platform	Build and test the C Linux application surface	2026-10-05T15:18:42.7263781Z    [1m[94m|[0m                         [1m[33m^^^^^^^^^[0m
conformance-and-platform	Build and test the C Linux application surface	2026-10-05T15:18:42.7264127Z 
conformance-and-platform	Build and test the C Linux application surface	2026-10-05T15:18:42.7264428Z [1m[33mwarning[0m[1m: unused import: `crate::layout_result::LayoutResult`[0m
conformance-and-platform	Build and test the C Linux application surface	2026-10-05T15:18:42.7264895Z   [1m[94m--> [0mopenui-layout/src/new_formatting_context.rs:26:5
conformance-and-platform	Build and test the C Linux application surface	2026-10-05T15:18:42.7265239Z    [1m[94m|[0m
conformance-and-platform	Build and test the C Linux application surface	2026-10-05T15:18:42.7265578Z [1m[94m26[0m [1m[94m|[0m use crate::layout_result::LayoutResult;
conformance-and-platform	Build and test the C Linux application surface	2026-10-05T15:18:42.7265998Z    [1m[94m|[0m     [1m[33m^^^^^^^^^^^^^^^^^^^^^^^^^^^^^^^^^^[0m
conformance-and-platform	Build and test the C Linux application surface	2026-10-05T15:18:42.7266204Z 
conformance-and-platform	Build and test the C Linux application surface	2026-10-05T15:18:42.7266519Z [1m[33mwarning[0m[1m: variable `reconstructed_block_in_inline` is assigned to, but never used[0m
conformance-and-platform	Build and test the C Linux application surface	2026-10-05T15:18:42.7267019Z     [1m[94m--> [0mopenui-layout/src/block.rs:2104:9
conformance-and-platform	Build and test the C Linux application surface	2026-10-05T15:18:42.7267325Z      [1m[94m|[0m
conformance-and-platform	Build and test the C Linux application surface	2026-10-05T15:18:42.7267685Z [1m[94m2104[0m [1m[94m|[0m     let mut reconstructed_block_in_inline = false;
conformance-and-platform	Build and test the C Linux application surface	2026-10-05T15:18:42.7268137Z      [1m[94m|[0m         [1m[33m^^^^^^^^^^^^^^^^^^^^^^^^^^^^^^^^^[0m
conformance-and-platform	Build and test the C Linux application surface	2026-10-05T15:18:42.7268457Z      [1m[94m|[0m
conformance-and-platform	Build and test the C Linux application surface	2026-10-05T15:18:42.7268826Z      [1m[94m= [0m[1mnote[0m: consider using `_reconstructed_block_in_inline` instead
conformance-and-platform	Build and test the C Linux application surface	2026-10-05T15:18:42.7269411Z      [1m[94m= [0m[1mnote[0m: `#[warn(unused_variables)]` (part of `#[warn(unused)]`) on by default
conformance-and-platform	Build and test the C Linux application surface	2026-10-05T15:18:42.7269713Z 
conformance-and-platform	Build and test the C Linux application surface	2026-10-05T15:18:42.7269922Z [1m[33mwarning[0m[1m: variable does not need to be mutable[0m
conformance-and-platform	Build and test the C Linux application surface	2026-10-05T15:18:42.7270314Z     [1m[94m--> [0mopenui-layout/src/block.rs:6781:9
conformance-and-platform	Build and test the C Linux application surface	2026-10-05T15:18:42.7270625Z      [1m[94m|[0m
conformance-and-platform	Build and test the C Linux application surface	2026-10-05T15:18:42.7271020Z [1m[94m6781[0m [1m[94m|[0m     let mut child_margin = resolve_margins_in_parent_axes(
conformance-and-platform	Build and test the C Linux application surface	2026-10-05T15:18:42.7271490Z      [1m[94m|[0m         [1m[94m----[0m[1m[33m^^^^^^^^^^^^[0m
conformance-and-platform	Build and test the C Linux application surface	2026-10-05T15:18:42.7271827Z      [1m[94m|[0m         [1m[94m|[0m
conformance-and-platform	Build and test the C Linux application surface	2026-10-05T15:18:42.7272179Z      [1m[94m|[0m         [1m[94mhelp: remove this `mut`[0m
conformance-and-platform	Build and test the C Linux application surface	2026-10-05T15:18:42.7272484Z      [1m[94m|[0m
conformance-and-platform	Build and test the C Linux application surface	2026-10-05T15:18:42.7272862Z      [1m[94m= [0m[1mnote[0m: `#[warn(unused_mut)]` (part of `#[warn(unused)]`) on by default
conformance-and-platform	Build and test the C Linux application surface	2026-10-05T15:18:42.7273153Z 
conformance-and-platform	Build and test the C Linux application surface	2026-10-05T15:18:42.7273361Z [1m[33mwarning[0m[1m: field `source_caption_end` is never read[0m
conformance-and-platform	Build and test the C Linux application surface	2026-10-05T15:18:42.7273988Z     [1m[94m--> [0mopenui-layout/src/block.rs:9551:5
conformance-and-platform	Build and test the C Linux application surface	2026-10-05T15:18:42.7274284Z      [1m[94m|[0m
conformance-and-platform	Build and test the C Linux application surface	2026-10-05T15:18:42.7274604Z [1m[94m9550[0m [1m[94m|[0m struct CaptionedRepeatedTableFlow {
conformance-and-platform	Build and test the C Linux application surface	2026-10-05T15:18:42.7275177Z      [1m[94m|[0m        [1m[94m--------------------------[0m [1m[94mfield in this struct[0m
conformance-and-platform	Build and test the C Linux application surface	2026-10-05T15:18:42.7275676Z [1m[94m9551[0m [1m[94m|[0m     source_caption_end: LayoutUnit,
conformance-and-platform	Build and test the C Linux application surface	2026-10-05T15:18:42.7276057Z      [1m[94m|[0m     [1m[33m^^^^^^^^^^^^^^^^^^[0m
conformance-and-platform	Build and test the C Linux application surface	2026-10-05T15:18:42.7276345Z      [1m[94m|[0m
conformance-and-platform	Build and test the C Linux application surface	2026-10-05T15:18:42.7277027Z      [1m[94m= [0m[1mnote[0m: `CaptionedRepeatedTableFlow` has derived impls for the traits `Debug` and `Clone`, but these are intentionally ignored during dead code analysis
conformance-and-platform	Build and test the C Linux application surface	2026-10-05T15:18:42.7277950Z      [1m[94m= [0m[1mnote[0m: `#[warn(dead_code)]` (part of `#[warn(unused)]`) on by default
conformance-and-platform	Build and test the C Linux application surface	2026-10-05T15:18:42.7278224Z 
conformance-and-platform	Build and test the C Linux application surface	2026-10-05T15:18:42.7278473Z [1m[33mwarning[0m[1m: function `columns_needed_for_height` is never used[0m
conformance-and-platform	Build and test the C Linux application surface	2026-10-05T15:18:42.7278924Z    [1m[94m--> [0mopenui-layout/src/multicol/mod.rs:705:4
conformance-and-platform	Build and test the C Linux application surface	2026-10-05T15:18:42.7279242Z     [1m[94m|[0m
conformance-and-platform	Build and test the C Linux application surface	2026-10-05T15:18:42.7279530Z [1m[94m705[0m [1m[94m|[0m fn columns_needed_for_height(
conformance-and-platform	Build and test the C Linux application surface	2026-10-05T15:18:42.7279893Z     [1m[94m|[0m    [1m[33m^^^^^^^^^^^^^^^^^^^^^^^^^[0m
conformance-and-platform	Build and test the C Linux application surface	2026-10-05T15:18:42.7280086Z 
conformance-and-platform	Build and test the C Linux application surface	2026-10-05T15:18:42.7280512Z [1m[33mwarning[0m: `openui-layout` (lib) generated 10 warnings (run `cargo fix --lib -p openui-layout` to apply 7 suggestions)
conformance-and-platform	Build and test the C Linux application surface	2026-10-05T15:18:42.7281488Z [1m[33mwarning[0m[1m: use of deprecated module `skia_safe::gradient_shader`: Use the skia_safe::gradient module[0m
conformance-and-platform	Build and test the C Linux application surface	2026-10-05T15:18:42.7282032Z   [1m[94m--> [0mopenui-paint/src/painter.rs:39:20
conformance-and-platform	Build and test the C Linux application surface	2026-10-05T15:18:42.7282337Z    [1m[94m|[0m
conformance-and-platform	Build and test the C Linux application surface	2026-10-05T15:18:42.7282848Z [1m[94m39[0m [1m[94m|[0m     color_filters, gradient_shader, image_filters, surfaces, AlphaType, BlendMode, ClipOp, Color4f,
conformance-and-platform	Build and test the C Linux application surface	2026-10-05T15:18:42.7283416Z    [1m[94m|[0m                    [1m[33m^^^^^^^^^^^^^^^[0m
conformance-and-platform	Build and test the C Linux application surface	2026-10-05T15:18:42.7283813Z    [1m[94m|[0m
conformance-and-platform	Build and test the C Linux application surface	2026-10-05T15:18:42.7284113Z    [1m[94m= [0m[1mnote[0m: `#[warn(deprecated)]` on by default
conformance-and-platform	Build and test the C Linux application surface	2026-10-05T15:18:42.7284336Z 
conformance-and-platform	Build and test the C Linux application surface	2026-10-05T15:18:42.7284831Z [1m[33mwarning[0m[1m: use of deprecated function `skia_safe::gradient_shader::linear_with_interpolation`: Use the skia_safe::gradient module[0m
conformance-and-platform	Build and test the C Linux application surface	2026-10-05T15:18:42.7285471Z     [1m[94m--> [0mopenui-paint/src/painter.rs:1860:45
conformance-and-platform	Build and test the C Linux application surface	2026-10-05T15:18:42.7285768Z      [1m[94m|[0m
conformance-and-platform	Build and test the C Linux application surface	2026-10-05T15:18:42.7286218Z [1m[94m1860[0m [1m[94m|[0m     scrim_paint.set_shader(gradient_shader::linear_with_interpolation(
conformance-and-platform	Build and test the C Linux application surface	2026-10-05T15:18:42.7286773Z      [1m[94m|[0m                                             [1m[33m^^^^^^^^^^^^^^^^^^^^^^^^^[0m
conformance-and-platform	Build and test the C Linux application surface	2026-10-05T15:18:42.7287014Z 
conformance-and-platform	Build and test the C Linux application surface	2026-10-05T15:18:42.7287515Z [1m[33mwarning[0m[1m: use of deprecated function `skia_safe::gradient_shader::linear_with_interpolation`: Use the skia_safe::gradient module[0m
conformance-and-platform	Build and test the C Linux application surface	2026-10-05T15:18:42.7288168Z      [1m[94m--> [0mopenui-paint/src/painter.rs:14056:51
conformance-and-platform	Build and test the C Linux application surface	2026-10-05T15:18:42.7288479Z       [1m[94m|[0m
conformance-and-platform	Build and test the C Linux application surface	2026-10-05T15:18:42.7289000Z [1m[94m14056[0m [1m[94m|[0m                 paint.set_shader(gradient_shader::linear_with_interpolation(
conformance-and-platform	Build and test the C Linux application surface	2026-10-05T15:18:42.7289562Z       [1m[94m|[0m                                                   [1m[33m^^^^^^^^^^^^^^^^^^^^^^^^^[0m
conformance-and-platform	Build and test the C Linux application surface	2026-10-05T15:18:42.7289855Z 
conformance-and-platform	Build and test the C Linux application surface	2026-10-05T15:18:42.7290312Z [1m[33mwarning[0m[1m: use of deprecated function `skia_safe::gradient_shader::linear`: Use the skia_safe::gradient module[0m
conformance-and-platform	Build and test the C Linux application surface	2026-10-05T15:18:42.7290978Z      [1m[94m--> [0mopenui-paint/src/painter.rs:14069:51
conformance-and-platform	Build and test the C Linux application surface	2026-10-05T15:18:42.7291378Z       [1m[94m|[0m
conformance-and-platform	Build and test the C Linux application surface	2026-10-05T15:18:42.7291816Z [1m[94m14069[0m [1m[94m|[0m                 paint.set_shader(gradient_shader::linear(
conformance-and-platform	Build and test the C Linux application surface	2026-10-05T15:18:42.7292368Z       [1m[94m|[0m                                                   [1m[33m^^^^^^[0m
conformance-and-platform	Build and test the C Linux application surface	2026-10-05T15:18:42.7292617Z 
conformance-and-platform	Build and test the C Linux application surface	2026-10-05T15:18:42.7293173Z [1m[33mwarning[0m[1m: use of deprecated function `skia_safe::gradient_shader::linear_with_interpolation`: Use the skia_safe::gradient module[0m
conformance-and-platform	Build and test the C Linux application surface	2026-10-05T15:18:42.7293999Z      [1m[94m--> [0mopenui-paint/src/painter.rs:14082:51
conformance-and-platform	Build and test the C Linux application surface	2026-10-05T15:18:42.7294325Z       [1m[94m|[0m
conformance-and-platform	Build and test the C Linux application surface	2026-10-05T15:18:42.7294815Z [1m[94m14082[0m [1m[94m|[0m                 paint.set_shader(gradient_shader::linear_with_interpolation(
conformance-and-platform	Build and test the C Linux application surface	2026-10-05T15:18:42.7295434Z       [1m[94m|[0m                                                   [1m[33m^^^^^^^^^^^^^^^^^^^^^^^^^[0m
conformance-and-platform	Build and test the C Linux application surface	2026-10-05T15:18:42.7295690Z 
conformance-and-platform	Build and test the C Linux application surface	2026-10-05T15:18:42.7296455Z [1m[33mwarning[0m[1m: use of deprecated function `skia_safe::gradient_shader::two_point_conical_with_interpolation`: Use the skia_safe::gradient module[0m
conformance-and-platform	Build and test the C Linux application surface	2026-10-05T15:18:42.7297150Z      [1m[94m--> [0mopenui-paint/src/painter.rs:14178:55
conformance-and-platform	Build and test the C Linux application surface	2026-10-05T15:18:42.7297464Z       [1m[94m|[0m
conformance-and-platform	Build and test the C Linux application surface	2026-10-05T15:18:42.7297979Z [1m[94m14178[0m [1m[94m|[0m                     paint.set_shader(gradient_shader::two_point_conical_with_interpolation(
conformance-and-platform	Build and test the C Linux application surface	2026-10-05T15:18:42.7298636Z       [1m[94m|[0m                                                       [1m[33m^^^^^^^^^^^^^^^^^^^^^^^^^^^^^^^^^^^^[0m
conformance-and-platform	Build and test the C Linux application surface	2026-10-05T15:18:42.7298900Z 
conformance-and-platform	Build and test the C Linux application surface	2026-10-05T15:18:42.7299361Z [1m[33mwarning[0m[1m: use of deprecated function `skia_safe::gradient_shader::two_point_conical`: Use the skia_safe::gradient module[0m
conformance-and-platform	Build and test the C Linux application surface	2026-10-05T15:18:42.7300010Z      [1m[94m--> [0mopenui-paint/src/painter.rs:14192:55
conformance-and-platform	Build and test the C Linux application surface	2026-10-05T15:18:42.7300438Z       [1m[94m|[0m
conformance-and-platform	Build and test the C Linux application surface	2026-10-05T15:18:42.7300878Z [1m[94m14192[0m [1m[94m|[0m                     paint.set_shader(gradient_shader::two_point_conical(
conformance-and-platform	Build and test the C Linux application surface	2026-10-05T15:18:42.7301427Z       [1m[94m|[0m                                                       [1m[33m^^^^^^^^^^^^^^^^^[0m
conformance-and-platform	Build and test the C Linux application surface	2026-10-05T15:18:42.7301665Z 
conformance-and-platform	Build and test the C Linux application surface	2026-10-05T15:18:42.7302211Z [1m[33mwarning[0m[1m: use of deprecated function `skia_safe::gradient_shader::two_point_conical_with_interpolation`: Use the skia_safe::gradient module[0m
conformance-and-platform	Build and test the C Linux application surface	2026-10-05T15:18:42.7302962Z      [1m[94m--> [0mopenui-paint/src/painter.rs:14208:55
conformance-and-platform	Build and test the C Linux application surface	2026-10-05T15:18:42.7303313Z       [1m[94m|[0m
conformance-and-platform	Build and test the C Linux application surface	2026-10-05T15:18:42.7303948Z [1m[94m14208[0m [1m[94m|[0m                     paint.set_shader(gradient_shader::two_point_conical_with_interpolation(
conformance-and-platform	Build and test the C Linux application surface	2026-10-05T15:18:42.7304641Z       [1m[94m|[0m                                                       [1m[33m^^^^^^^^^^^^^^^^^^^^^^^^^^^^^^^^^^^^[0m
conformance-and-platform	Build and test the C Linux application surface	2026-10-05T15:18:42.7304921Z 
conformance-and-platform	Build and test the C Linux application surface	2026-10-05T15:18:42.7305524Z [1m[33mwarning[0m[1m: use of deprecated function `skia_safe::gradient_shader::two_point_conical_with_interpolation`: Use the skia_safe::gradient module[0m
conformance-and-platform	Build and test the C Linux application surface	2026-10-05T15:18:42.7306251Z      [1m[94m--> [0mopenui-paint/src/painter.rs:14228:51
conformance-and-platform	Build and test the C Linux application surface	2026-10-05T15:18:42.7306605Z       [1m[94m|[0m
conformance-and-platform	Build and test the C Linux application surface	2026-10-05T15:18:42.7307145Z [1m[94m14228[0m [1m[94m|[0m                 paint.set_shader(gradient_shader::two_point_conical_with_interpolation(
conformance-and-platform	Build and test the C Linux application surface	2026-10-05T15:18:42.7307824Z       [1m[94m|[0m                                                   [1m[33m^^^^^^^^^^^^^^^^^^^^^^^^^^^^^^^^^^^^[0m
conformance-and-platform	Build and test the C Linux application surface	2026-10-05T15:18:42.7308131Z 
conformance-and-platform	Build and test the C Linux application surface	2026-10-05T15:18:42.7308654Z [1m[33mwarning[0m[1m: use of deprecated function `skia_safe::gradient_shader::two_point_conical`: Use the skia_safe::gradient module[0m
conformance-and-platform	Build and test the C Linux application surface	2026-10-05T15:18:42.7309341Z      [1m[94m--> [0mopenui-paint/src/painter.rs:14242:51
conformance-and-platform	Build and test the C Linux application surface	2026-10-05T15:18:42.7309662Z       [1m[94m|[0m
conformance-and-platform	Build and test the C Linux application surface	2026-10-05T15:18:42.7310160Z [1m[94m14242[0m [1m[94m|[0m                 paint.set_shader(gradient_shader::two_point_conical(
conformance-and-platform	Build and test the C Linux application surface	2026-10-05T15:18:42.7310723Z       [1m[94m|[0m                                                   [1m[33m^^^^^^^^^^^^^^^^^[0m
conformance-and-platform	Build and test the C Linux application surface	2026-10-05T15:18:42.7311011Z 
conformance-and-platform	Build and test the C Linux application surface	2026-10-05T15:18:42.7311627Z [1m[33mwarning[0m[1m: use of deprecated function `skia_safe::gradient_shader::two_point_conical_with_interpolation`: Use the skia_safe::gradient module[0m
conformance-and-platform	Build and test the C Linux application surface	2026-10-05T15:18:42.7312391Z      [1m[94m--> [0mopenui-paint/src/painter.rs:14258:51
conformance-and-platform	Build and test the C Linux application surface	2026-10-05T15:18:42.7312746Z       [1m[94m|[0m
conformance-and-platform	Build and test the C Linux application surface	2026-10-05T15:18:42.7313321Z [1m[94m14258[0m [1m[94m|[0m                 paint.set_shader(gradient_shader::two_point_conical_with_interpolation(
conformance-and-platform	Build and test the C Linux application surface	2026-10-05T15:18:42.7314104Z       [1m[94m|[0m                                                   [1m[33m^^^^^^^^^^^^^^^^^^^^^^^^^^^^^^^^^^^^[0m
conformance-and-platform	Build and test the C Linux application surface	2026-10-05T15:18:42.7314380Z 
conformance-and-platform	Build and test the C Linux application surface	2026-10-05T15:18:42.7314952Z [1m[33mwarning[0m[1m: use of deprecated function `skia_safe::gradient_shader::sweep_with_interpolation`: Use the skia_safe::gradient module[0m
conformance-and-platform	Build and test the C Linux application surface	2026-10-05T15:18:42.7315657Z      [1m[94m--> [0mopenui-paint/src/painter.rs:14318:51
conformance-and-platform	Build and test the C Linux application surface	2026-10-05T15:18:42.7316142Z       [1m[94m|[0m
conformance-and-platform	Build and test the C Linux application surface	2026-10-05T15:18:42.7316649Z [1m[94m14318[0m [1m[94m|[0m                 paint.set_shader(gradient_shader::sweep_with_interpolation(
conformance-and-platform	Build and test the C Linux application surface	2026-10-05T15:18:42.7317282Z       [1m[94m|[0m                                                   [1m[33m^^^^^^^^^^^^^^^^^^^^^^^^[0m
conformance-and-platform	Build and test the C Linux application surface	2026-10-05T15:18:42.7317556Z 
conformance-and-platform	Build and test the C Linux application surface	2026-10-05T15:18:42.7318042Z [1m[33mwarning[0m[1m: use of deprecated function `skia_safe::gradient_shader::sweep`: Use the skia_safe::gradient module[0m
conformance-and-platform	Build and test the C Linux application surface	2026-10-05T15:18:42.7318701Z      [1m[94m--> [0mopenui-paint/src/painter.rs:14332:51
conformance-and-platform	Build and test the C Linux application surface	2026-10-05T15:18:42.7319022Z       [1m[94m|[0m
conformance-and-platform	Build and test the C Linux application surface	2026-10-05T15:18:42.7319437Z [1m[94m14332[0m [1m[94m|[0m                 paint.set_shader(gradient_shader::sweep(
conformance-and-platform	Build and test the C Linux application surface	2026-10-05T15:18:42.7319977Z       [1m[94m|[0m                                                   [1m[33m^^^^^[0m
conformance-and-platform	Build and test the C Linux application surface	2026-10-05T15:18:42.7320289Z 
conformance-and-platform	Build and test the C Linux application surface	2026-10-05T15:18:42.7320819Z [1m[33mwarning[0m[1m: use of deprecated function `skia_safe::gradient_shader::sweep_with_interpolation`: Use the skia_safe::gradient module[0m
conformance-and-platform	Build and test the C Linux application surface	2026-10-05T15:18:42.7321526Z      [1m[94m--> [0mopenui-paint/src/painter.rs:14346:51
conformance-and-platform	Build and test the C Linux application surface	2026-10-05T15:18:42.7321881Z       [1m[94m|[0m
conformance-and-platform	Build and test the C Linux application surface	2026-10-05T15:18:42.7322400Z [1m[94m14346[0m [1m[94m|[0m                 paint.set_shader(gradient_shader::sweep_with_interpolation(
conformance-and-platform	Build and test the C Linux application surface	2026-10-05T15:18:42.7322999Z       [1m[94m|[0m                                                   [1m[33m^^^^^^^^^^^^^^^^^^^^^^^^[0m
conformance-and-platform	Build and test the C Linux application surface	2026-10-05T15:18:42.7323280Z 
conformance-and-platform	Build and test the C Linux application surface	2026-10-05T15:18:42.7323854Z [1m[33mwarning[0m[1m: use of deprecated function `skia_safe::gradient_shader::linear`: Use the skia_safe::gradient module[0m
conformance-and-platform	Build and test the C Linux application surface	2026-10-05T15:18:42.7324550Z      [1m[94m--> [0mopenui-paint/src/painter.rs:17719:55
conformance-and-platform	Build and test the C Linux application surface	2026-10-05T15:18:42.7324872Z       [1m[94m|[0m
conformance-and-platform	Build and test the C Linux application surface	2026-10-05T15:18:42.7325324Z [1m[94m17719[0m [1m[94m|[0m                     paint.set_shader(gradient_shader::linear(
conformance-and-platform	Build and test the C Linux application surface	2026-10-05T15:18:42.7325880Z       [1m[94m|[0m                                                       [1m[33m^^^^^^[0m
conformance-and-platform	Build and test the C Linux application surface	2026-10-05T15:18:42.7326129Z 
conformance-and-platform	Build and test the C Linux application surface	2026-10-05T15:18:42.7326347Z [1m[33mwarning[0m[1m: variant `RestoreTo` is never constructed[0m
conformance-and-platform	Build and test the C Linux application surface	2026-10-05T15:18:42.7326846Z   [1m[94m--> [0mopenui-paint/src/paint_record.rs:16:5
conformance-and-platform	Build and test the C Linux application surface	2026-10-05T15:18:42.7327202Z    [1m[94m|[0m
conformance-and-platform	Build and test the C Linux application surface	2026-10-05T15:18:42.7327473Z [1m[94m13[0m [1m[94m|[0m enum Operation {
conformance-and-platform	Build and test the C Linux application surface	2026-10-05T15:18:42.7327955Z    [1m[94m|[0m      [1m[94m---------[0m [1m[94mvariant in this enum[0m
conformance-and-platform	Build and test the C Linux application surface	2026-10-05T15:18:42.7328350Z [1m[94m...[0m
conformance-and-platform	Build and test the C Linux application surface	2026-10-05T15:18:42.7328635Z [1m[94m16[0m [1m[94m|[0m     RestoreTo(usize),
conformance-and-platform	Build and test the C Linux application surface	2026-10-05T15:18:42.7329023Z    [1m[94m|[0m     [1m[33m^^^^^^^^^[0m
conformance-and-platform	Build and test the C Linux application surface	2026-10-05T15:18:42.7329345Z    [1m[94m|[0m
conformance-and-platform	Build and test the C Linux application surface	2026-10-05T15:18:42.7329934Z    [1m[94m= [0m[1mnote[0m: `Operation` has a derived impl for the trait `Clone`, but this is intentionally ignored during dead code analysis
conformance-and-platform	Build and test the C Linux application surface	2026-10-05T15:18:42.7330720Z    [1m[94m= [0m[1mnote[0m: `#[warn(dead_code)]` (part of `#[warn(unused)]`) on by default
conformance-and-platform	Build and test the C Linux application surface	2026-10-05T15:18:42.7331011Z 
conformance-and-platform	Build and test the C Linux application surface	2026-10-05T15:18:42.7331322Z [1m[33mwarning[0m[1m: methods `restore_to_count` and `save_count` are never used[0m
conformance-and-platform	Build and test the C Linux application surface	2026-10-05T15:18:42.7331869Z    [1m[94m--> [0mopenui-paint/src/paint_record.rs:131:19
conformance-and-platform	Build and test the C Linux application surface	2026-10-05T15:18:42.7332198Z     [1m[94m|[0m
conformance-and-platform	Build and test the C Linux application surface	2026-10-05T15:18:42.7332526Z [1m[94m119[0m [1m[94m|[0m impl dyn PaintCanvas + '_ {
conformance-and-platform	Build and test the C Linux application surface	2026-10-05T15:18:42.7333087Z     [1m[94m|[0m [1m[94m-------------------------[0m [1m[94mmethods in this implementation[0m
conformance-and-platform	Build and test the C Linux application surface	2026-10-05T15:18:42.7333523Z [1m[94m...[0m
conformance-and-platform	Build and test the C Linux application surface	2026-10-05T15:18:42.7334097Z [1m[94m131[0m [1m[94m|[0m     pub(crate) fn restore_to_count(&self, count: usize) -> &Self {
conformance-and-platform	Build and test the C Linux application surface	2026-10-05T15:18:42.7334581Z     [1m[94m|[0m                   [1m[33m^^^^^^^^^^^^^^^^[0m
conformance-and-platform	Build and test the C Linux application surface	2026-10-05T15:18:42.7334877Z [1m[94m...[0m
conformance-and-platform	Build and test the C Linux application surface	2026-10-05T15:18:42.7335183Z [1m[94m137[0m [1m[94m|[0m     pub(crate) fn save_count(&self) -> usize {
conformance-and-platform	Build and test the C Linux application surface	2026-10-05T15:18:42.7335613Z     [1m[94m|[0m                   [1m[33m^^^^^^^^^^[0m
conformance-and-platform	Build and test the C Linux application surface	2026-10-05T15:18:42.7335916Z 
conformance-and-platform	Build and test the C Linux application surface	2026-10-05T15:18:42.7336137Z [1m[33mwarning[0m: `openui-paint` (lib) generated 17 warnings
conformance-and-platform	Build and test the C Linux application surface	2026-10-05T15:18:42.7978842Z [1m[92m    Finished[0m `dev` profile [unoptimized + debuginfo] target(s) in 0.20s
conformance-and-platform	Exercise native C and C++ windows on X11 with software and Mesa OpenGL	﻿2026-10-05T15:18:42.8124170Z ##[group]Run xvfb-run --auto-servernum python3 tools/ffi/verify_native_window.py \
conformance-and-platform	Exercise native C and C++ windows on X11 with software and Mesa OpenGL	2026-10-05T15:18:42.8124660Z [36;1mxvfb-run --auto-servernum python3 tools/ffi/verify_native_window.py \[0m
conformance-and-platform	Exercise native C and C++ windows on X11 with software and Mesa OpenGL	2026-10-05T15:18:42.8125085Z [36;1m  --protocol x11 --backend software --report "$RUNNER_TEMP/native-x11-software.json"[0m
conformance-and-platform	Exercise native C and C++ windows on X11 with software and Mesa OpenGL	2026-10-05T15:18:42.8125492Z [36;1mxvfb-run --auto-servernum python3 tools/ffi/verify_native_window.py \[0m
conformance-and-platform	Exercise native C and C++ windows on X11 with software and Mesa OpenGL	2026-10-05T15:18:42.8125888Z [36;1m  --protocol x11 --backend opengl --report "$RUNNER_TEMP/native-x11-opengl.json"[0m
conformance-and-platform	Exercise native C and C++ windows on X11 with software and Mesa OpenGL	2026-10-05T15:18:42.8160439Z shell: /usr/bin/bash -e {0}
conformance-and-platform	Exercise native C and C++ windows on X11 with software and Mesa OpenGL	2026-10-05T15:18:42.8160768Z env:
conformance-and-platform	Exercise native C and C++ windows on X11 with software and Mesa OpenGL	2026-10-05T15:18:42.8160930Z   BINDGEN_EXTRA_CLANG_ARGS: 
conformance-and-platform	Exercise native C and C++ windows on X11 with software and Mesa OpenGL	2026-10-05T15:18:42.8161132Z   CARGO_TARGET_X86_64_UNKNOWN_LINUX_GNU_RUSTFLAGS: 
conformance-and-platform	Exercise native C and C++ windows on X11 with software and Mesa OpenGL	2026-10-05T15:18:42.8161344Z   CC: clang
conformance-and-platform	Exercise native C and C++ windows on X11 with software and Mesa OpenGL	2026-10-05T15:18:42.8161490Z   CXX: clang++
conformance-and-platform	Exercise native C and C++ windows on X11 with software and Mesa OpenGL	2026-10-05T15:18:42.8161633Z   CXXFLAGS: 
conformance-and-platform	Exercise native C and C++ windows on X11 with software and Mesa OpenGL	2026-10-05T15:18:42.8161775Z   CARGO_TERM_COLOR: always
conformance-and-platform	Exercise native C and C++ windows on X11 with software and Mesa OpenGL	2026-10-05T15:18:42.8161940Z   FORCE_SKIA_BUILD: 1
conformance-and-platform	Exercise native C and C++ windows on X11 with software and Mesa OpenGL	2026-10-05T15:18:42.8162149Z   PKG_CONFIG_SYSROOT_DIR: 
conformance-and-platform	Exercise native C and C++ windows on X11 with software and Mesa OpenGL	2026-10-05T15:18:42.8162601Z   SKIA_GN_ARGS: extra_cflags += [ "-DSK_SUPPORT_LEGACY_CONIC_CHOP", "-DSK_USE_FREETYPE_EMBOLDEN", "-DSK_GAMMA_EXPONENT=1.2", "-DSK_GAMMA_CONTRAST=0.2", "-fno-strict-aliasing", "-msse3" ]
conformance-and-platform	Exercise native C and C++ windows on X11 with software and Mesa OpenGL	2026-10-05T15:18:42.8163089Z   SKIA_NINJA_COMMAND: ninja
conformance-and-platform	Exercise native C and C++ windows on X11 with software and Mesa OpenGL	2026-10-05T15:18:42.8163263Z ##[endgroup]
conformance-and-platform	Exercise native C and C++ windows on X11 with software and Mesa OpenGL	2026-10-05T15:18:47.1953336Z native C: backend=2 frames=2 resized=1 input=2
conformance-and-platform	Exercise native C and C++ windows on X11 with software and Mesa OpenGL	2026-10-05T15:18:47.1954188Z native C++: backend=2 frames=2
conformance-and-platform	Exercise native C and C++ windows on X11 with software and Mesa OpenGL	2026-10-05T15:18:47.1964997Z native C/C++ window consumers passed: protocol=x11 backend=software
conformance-and-platform	Exercise native C and C++ windows on X11 with software and Mesa OpenGL	2026-10-05T15:18:49.2158465Z native C: backend=1 frames=2 resized=1 input=2
conformance-and-platform	Exercise native C and C++ windows on X11 with software and Mesa OpenGL	2026-10-05T15:18:49.2158932Z native C++: backend=1 frames=2
conformance-and-platform	Exercise native C and C++ windows on X11 with software and Mesa OpenGL	2026-10-05T15:18:49.2159303Z native C/C++ window consumers passed: protocol=x11 backend=opengl
conformance-and-platform	Smoke-test X11 with Mesa OpenGL	﻿2026-10-05T15:18:49.2288660Z ##[group]Run xvfb-run --auto-servernum env OUI_BACKEND=opengl OUI_SMOKE_EXIT=1 target/debug/hello
conformance-and-platform	Smoke-test X11 with Mesa OpenGL	2026-10-05T15:18:49.2289183Z [36;1mxvfb-run --auto-servernum env OUI_BACKEND=opengl OUI_SMOKE_EXIT=1 target/debug/hello[0m
conformance-and-platform	Smoke-test X11 with Mesa OpenGL	2026-10-05T15:18:49.2324387Z shell: /usr/bin/bash -e {0}
conformance-and-platform	Smoke-test X11 with Mesa OpenGL	2026-10-05T15:18:49.2324608Z env:
conformance-and-platform	Smoke-test X11 with Mesa OpenGL	2026-10-05T15:18:49.2324767Z   BINDGEN_EXTRA_CLANG_ARGS: 
conformance-and-platform	Smoke-test X11 with Mesa OpenGL	2026-10-05T15:18:49.2324976Z   CARGO_TARGET_X86_64_UNKNOWN_LINUX_GNU_RUSTFLAGS: 
conformance-and-platform	Smoke-test X11 with Mesa OpenGL	2026-10-05T15:18:49.2325193Z   CC: clang
conformance-and-platform	Smoke-test X11 with Mesa OpenGL	2026-10-05T15:18:49.2325342Z   CXX: clang++
conformance-and-platform	Smoke-test X11 with Mesa OpenGL	2026-10-05T15:18:49.2325483Z   CXXFLAGS: 
conformance-and-platform	Smoke-test X11 with Mesa OpenGL	2026-10-05T15:18:49.2325628Z   CARGO_TERM_COLOR: always
conformance-and-platform	Smoke-test X11 with Mesa OpenGL	2026-10-05T15:18:49.2325798Z   FORCE_SKIA_BUILD: 1
conformance-and-platform	Smoke-test X11 with Mesa OpenGL	2026-10-05T15:18:49.2325964Z   PKG_CONFIG_SYSROOT_DIR: 
conformance-and-platform	Smoke-test X11 with Mesa OpenGL	2026-10-05T15:18:49.2326451Z   SKIA_GN_ARGS: extra_cflags += [ "-DSK_SUPPORT_LEGACY_CONIC_CHOP", "-DSK_USE_FREETYPE_EMBOLDEN", "-DSK_GAMMA_EXPONENT=1.2", "-DSK_GAMMA_CONTRAST=0.2", "-fno-strict-aliasing", "-msse3" ]
conformance-and-platform	Smoke-test X11 with Mesa OpenGL	2026-10-05T15:18:49.2326949Z   SKIA_NINJA_COMMAND: ninja
conformance-and-platform	Smoke-test X11 with Mesa OpenGL	2026-10-05T15:18:49.2327182Z ##[endgroup]
conformance-and-platform	Smoke-test pure Wayland software presentation	﻿2026-10-05T15:18:49.3944841Z ##[group]Run export XDG_RUNTIME_DIR="$RUNNER_TEMP/openui-wayland"
conformance-and-platform	Smoke-test pure Wayland software presentation	2026-10-05T15:18:49.3945253Z [36;1mexport XDG_RUNTIME_DIR="$RUNNER_TEMP/openui-wayland"[0m
conformance-and-platform	Smoke-test pure Wayland software presentation	2026-10-05T15:18:49.3945513Z [36;1mmkdir -p "$XDG_RUNTIME_DIR"[0m
conformance-and-platform	Smoke-test pure Wayland software presentation	2026-10-05T15:18:49.3945716Z [36;1mchmod 700 "$XDG_RUNTIME_DIR"[0m
conformance-and-platform	Smoke-test pure Wayland software presentation	2026-10-05T15:18:49.3946087Z [36;1mweston --backend=headless-backend.so --socket=wayland-openui --idle-time=0 >"$RUNNER_TEMP/weston.log" 2>&1 &[0m
conformance-and-platform	Smoke-test pure Wayland software presentation	2026-10-05T15:18:49.3946470Z [36;1mweston_pid=$![0m
conformance-and-platform	Smoke-test pure Wayland software presentation	2026-10-05T15:18:49.3946664Z [36;1mtrap 'kill "$weston_pid" || true' EXIT[0m
conformance-and-platform	Smoke-test pure Wayland software presentation	2026-10-05T15:18:49.3946882Z [36;1mfor attempt in $(seq 1 50); do[0m
conformance-and-platform	Smoke-test pure Wayland software presentation	2026-10-05T15:18:49.3947115Z [36;1m  test -S "$XDG_RUNTIME_DIR/wayland-openui" && break[0m
conformance-and-platform	Smoke-test pure Wayland software presentation	2026-10-05T15:18:49.3947371Z [36;1m  sleep 0.1[0m
conformance-and-platform	Smoke-test pure Wayland software presentation	2026-10-05T15:18:49.3947527Z [36;1mdone[0m
conformance-and-platform	Smoke-test pure Wayland software presentation	2026-10-05T15:18:49.3947831Z [36;1menv -u DISPLAY WAYLAND_DISPLAY=wayland-openui OUI_BACKEND=software OUI_SMOKE_EXIT=1 target/debug/hello[0m
conformance-and-platform	Smoke-test pure Wayland software presentation	2026-10-05T15:18:49.3948234Z [36;1menv -u DISPLAY WAYLAND_DISPLAY=wayland-openui \[0m
conformance-and-platform	Smoke-test pure Wayland software presentation	2026-10-05T15:18:49.3948604Z [36;1m  python3 ../../tools/ffi/verify_native_window.py --protocol wayland \[0m
conformance-and-platform	Smoke-test pure Wayland software presentation	2026-10-05T15:18:49.3948971Z [36;1m    --backend software --report "$RUNNER_TEMP/native-wayland-software.json"[0m
conformance-and-platform	Smoke-test pure Wayland software presentation	2026-10-05T15:18:49.3982928Z shell: /usr/bin/bash -e {0}
conformance-and-platform	Smoke-test pure Wayland software presentation	2026-10-05T15:18:49.3983220Z env:
conformance-and-platform	Smoke-test pure Wayland software presentation	2026-10-05T15:18:49.3983389Z   BINDGEN_EXTRA_CLANG_ARGS: 
conformance-and-platform	Smoke-test pure Wayland software presentation	2026-10-05T15:18:49.3983761Z   CARGO_TARGET_X86_64_UNKNOWN_LINUX_GNU_RUSTFLAGS: 
conformance-and-platform	Smoke-test pure Wayland software presentation	2026-10-05T15:18:49.3984002Z   CC: clang
conformance-and-platform	Smoke-test pure Wayland software presentation	2026-10-05T15:18:49.3984158Z   CXX: clang++
conformance-and-platform	Smoke-test pure Wayland software presentation	2026-10-05T15:18:49.3984307Z   CXXFLAGS: 
conformance-and-platform	Smoke-test pure Wayland software presentation	2026-10-05T15:18:49.3984460Z   CARGO_TERM_COLOR: always
conformance-and-platform	Smoke-test pure Wayland software presentation	2026-10-05T15:18:49.3984788Z   FORCE_SKIA_BUILD: 1
conformance-and-platform	Smoke-test pure Wayland software presentation	2026-10-05T15:18:49.3984956Z   PKG_CONFIG_SYSROOT_DIR: 
conformance-and-platform	Smoke-test pure Wayland software presentation	2026-10-05T15:18:49.3985442Z   SKIA_GN_ARGS: extra_cflags += [ "-DSK_SUPPORT_LEGACY_CONIC_CHOP", "-DSK_USE_FREETYPE_EMBOLDEN", "-DSK_GAMMA_EXPONENT=1.2", "-DSK_GAMMA_CONTRAST=0.2", "-fno-strict-aliasing", "-msse3" ]
conformance-and-platform	Smoke-test pure Wayland software presentation	2026-10-05T15:18:49.3985934Z   SKIA_NINJA_COMMAND: ninja
conformance-and-platform	Smoke-test pure Wayland software presentation	2026-10-05T15:18:49.3986107Z ##[endgroup]
conformance-and-platform	Smoke-test pure Wayland software presentation	2026-10-05T15:18:50.2239039Z native C: backend=2 frames=2 resized=1 input=2
conformance-and-platform	Smoke-test pure Wayland software presentation	2026-10-05T15:18:50.2239662Z native C++: backend=2 frames=2
conformance-and-platform	Smoke-test pure Wayland software presentation	2026-10-05T15:18:50.2240231Z native C/C++ window consumers passed: protocol=wayland backend=software
conformance-and-platform	Preserve native C/C++ smoke reports	﻿2026-10-05T15:18:50.2372456Z ##[group]Run actions/upload-artifact@v7
conformance-and-platform	Preserve native C/C++ smoke reports	2026-10-05T15:18:50.2372738Z with:
conformance-and-platform	Preserve native C/C++ smoke reports	2026-10-05T15:18:50.2372955Z   name: native-c-cpp-window-smokes
conformance-and-platform	Preserve native C/C++ smoke reports	2026-10-05T15:18:50.2373216Z   path: /home/runner/work/_temp/native-*.json
conformance-and-platform	Preserve native C/C++ smoke reports	2026-10-05T15:18:50.2373479Z   if-no-files-found: ignore
conformance-and-platform	Preserve native C/C++ smoke reports	2026-10-05T15:18:50.2373960Z   compression-level: 6
conformance-and-platform	Preserve native C/C++ smoke reports	2026-10-05T15:18:50.2374192Z   overwrite: false
conformance-and-platform	Preserve native C/C++ smoke reports	2026-10-05T15:18:50.2374397Z   include-hidden-files: false
conformance-and-platform	Preserve native C/C++ smoke reports	2026-10-05T15:18:50.2374588Z   archive: true
conformance-and-platform	Preserve native C/C++ smoke reports	2026-10-05T15:18:50.2374745Z env:
conformance-and-platform	Preserve native C/C++ smoke reports	2026-10-05T15:18:50.2374907Z   BINDGEN_EXTRA_CLANG_ARGS: 
conformance-and-platform	Preserve native C/C++ smoke reports	2026-10-05T15:18:50.2375118Z   CARGO_TARGET_X86_64_UNKNOWN_LINUX_GNU_RUSTFLAGS: 
conformance-and-platform	Preserve native C/C++ smoke reports	2026-10-05T15:18:50.2375344Z   CC: clang
conformance-and-platform	Preserve native C/C++ smoke reports	2026-10-05T15:18:50.2375491Z   CXX: clang++
conformance-and-platform	Preserve native C/C++ smoke reports	2026-10-05T15:18:50.2375648Z   CXXFLAGS: 
conformance-and-platform	Preserve native C/C++ smoke reports	2026-10-05T15:18:50.2375805Z   CARGO_TERM_COLOR: always
conformance-and-platform	Preserve native C/C++ smoke reports	2026-10-05T15:18:50.2375984Z   FORCE_SKIA_BUILD: 1
conformance-and-platform	Preserve native C/C++ smoke reports	2026-10-05T15:18:50.2376152Z   PKG_CONFIG_SYSROOT_DIR: 
conformance-and-platform	Preserve native C/C++ smoke reports	2026-10-05T15:18:50.2376653Z   SKIA_GN_ARGS: extra_cflags += [ "-DSK_SUPPORT_LEGACY_CONIC_CHOP", "-DSK_USE_FREETYPE_EMBOLDEN", "-DSK_GAMMA_EXPONENT=1.2", "-DSK_GAMMA_CONTRAST=0.2", "-fno-strict-aliasing", "-msse3" ]
conformance-and-platform	Preserve native C/C++ smoke reports	2026-10-05T15:18:50.2377203Z   SKIA_NINJA_COMMAND: ninja
conformance-and-platform	Preserve native C/C++ smoke reports	2026-10-05T15:18:50.2377379Z ##[endgroup]
conformance-and-platform	Preserve native C/C++ smoke reports	2026-10-05T15:18:50.3493985Z With the provided path, there will be 3 files uploaded
conformance-and-platform	Preserve native C/C++ smoke reports	2026-10-05T15:18:50.3498301Z Artifact name is valid!
conformance-and-platform	Preserve native C/C++ smoke reports	2026-10-05T15:18:50.3498677Z Root directory input is valid!
conformance-and-platform	Preserve native C/C++ smoke reports	2026-10-05T15:18:50.6349426Z Uploading artifact: native-c-cpp-window-smokes.zip
conformance-and-platform	Preserve native C/C++ smoke reports	2026-10-05T15:18:50.6379162Z Beginning upload of artifact content to blob storage
conformance-and-platform	Preserve native C/C++ smoke reports	2026-10-05T15:18:50.7964069Z Uploaded bytes 2433
conformance-and-platform	Preserve native C/C++ smoke reports	2026-10-05T15:18:50.8347205Z Finished uploading artifact content to blob storage!
conformance-and-platform	Preserve native C/C++ smoke reports	2026-10-05T15:18:50.8347893Z SHA256 digest of uploaded artifact is 524deb1a26f9a0477c00b5c188dd237a9f6ae2ed5e57bdf00af11daeb40e7276
conformance-and-platform	Preserve native C/C++ smoke reports	2026-10-05T15:18:50.8348451Z Finalizing artifact upload
conformance-and-platform	Preserve native C/C++ smoke reports	2026-10-05T15:18:51.1420813Z Artifact native-c-cpp-window-smokes successfully finalized. Artifact ID 11355016580
conformance-and-platform	Preserve native C/C++ smoke reports	2026-10-05T15:18:51.1421411Z Artifact native-c-cpp-window-smokes has been successfully uploaded! Final size is 2433 bytes. Artifact ID is 11355016580
conformance-and-platform	Preserve native C/C++ smoke reports	2026-10-05T15:18:51.1425509Z Artifact download URL: https://github.com/zhuowcui/open-ui/actions/runs/37331497000/artifacts/11355016580
conformance-and-platform	Post Run actions/cache@v5	﻿2026-10-05T15:18:52.0597414Z Post job cleanup.
conformance-and-platform	Post Run actions/cache@v5	2026-10-05T15:18:52.1548717Z Cache hit occurred on the primary key v02-hardening-Linux-1.94.1-fb34f7045b13690422332ca00f8747395dca2fa1d8a8e28868ee97a1a1a44b75, not saving cache.
conformance-and-platform	Post Run actions/checkout@v6	﻿2026-10-05T15:18:52.1648290Z Post job cleanup.
conformance-and-platform	Post Run actions/checkout@v6	2026-10-05T15:18:52.2260374Z [command]/usr/bin/git version
conformance-and-platform	Post Run actions/checkout@v6	2026-10-05T15:18:52.2287506Z git version 2.55.0
conformance-and-platform	Post Run actions/checkout@v6	2026-10-05T15:18:52.2314866Z Temporarily overriding HOME='/home/runner/work/_temp/9af6d05e-94bc-4078-94fc-3237cc33677a' before making global git config changes
conformance-and-platform	Post Run actions/checkout@v6	2026-10-05T15:18:52.2316048Z Adding repository directory to the temporary git global config as a safe directory
conformance-and-platform	Post Run actions/checkout@v6	2026-10-05T15:18:52.2319589Z [command]/usr/bin/git config --global --add safe.directory /home/runner/work/open-ui/open-ui
conformance-and-platform	Post Run actions/checkout@v6	2026-10-05T15:18:52.2341172Z Removing SSH command configuration
conformance-and-platform	Post Run actions/checkout@v6	2026-10-05T15:18:52.2346237Z [command]/usr/bin/git config --local --name-only --get-regexp core\.sshCommand
conformance-and-platform	Post Run actions/checkout@v6	2026-10-05T15:18:52.2370149Z [command]/usr/bin/git submodule foreach --recursive sh -c "git config --local --name-only --get-regexp 'core\.sshCommand' && git config --local --unset-all 'core.sshCommand' || :"
conformance-and-platform	Post Run actions/checkout@v6	2026-10-05T15:18:52.2548501Z Removing HTTP extra header
conformance-and-platform	Post Run actions/checkout@v6	2026-10-05T15:18:52.2551533Z [command]/usr/bin/git config --local --name-only --get-regexp http\.https\:\/\/github\.com\/\.extraheader
conformance-and-platform	Post Run actions/checkout@v6	2026-10-05T15:18:52.2574098Z [command]/usr/bin/git submodule foreach --recursive sh -c "git config --local --name-only --get-regexp 'http\.https\:\/\/github\.com\/\.extraheader' && git config --local --unset-all 'http.https://github.com/.extraheader' || :"
conformance-and-platform	Post Run actions/checkout@v6	2026-10-05T15:18:52.2739292Z Removing includeIf entries pointing to credentials config files
conformance-and-platform	Post Run actions/checkout@v6	2026-10-05T15:18:52.2743170Z [command]/usr/bin/git config --local --name-only --get-regexp ^includeIf\.gitdir:
conformance-and-platform	Post Run actions/checkout@v6	2026-10-05T15:18:52.2763914Z includeif.gitdir:/home/runner/work/open-ui/open-ui/.git.path
conformance-and-platform	Post Run actions/checkout@v6	2026-10-05T15:18:52.2764553Z includeif.gitdir:/home/runner/work/open-ui/open-ui/.git/worktrees/*.path
conformance-and-platform	Post Run actions/checkout@v6	2026-10-05T15:18:52.2765108Z includeif.gitdir:/github/workspace/.git.path
conformance-and-platform	Post Run actions/checkout@v6	2026-10-05T15:18:52.2765574Z includeif.gitdir:/github/workspace/.git/worktrees/*.path
conformance-and-platform	Post Run actions/checkout@v6	2026-10-05T15:18:52.2771557Z [command]/usr/bin/git config --local --get-all includeif.gitdir:/home/runner/work/open-ui/open-ui/.git.path
conformance-and-platform	Post Run actions/checkout@v6	2026-10-05T15:18:52.2787094Z /home/runner/work/_temp/git-credentials-867acd4a-24f8-47b8-bf06-60239ca9643d.config
conformance-and-platform	Post Run actions/checkout@v6	2026-10-05T15:18:52.2794963Z [command]/usr/bin/git config --local --unset includeif.gitdir:/home/runner/work/open-ui/open-ui/.git.path /home/runner/work/_temp/git-credentials-867acd4a-24f8-47b8-bf06-60239ca9643d.config
conformance-and-platform	Post Run actions/checkout@v6	2026-10-05T15:18:52.2822757Z [command]/usr/bin/git config --local --get-all includeif.gitdir:/home/runner/work/open-ui/open-ui/.git/worktrees/*.path
conformance-and-platform	Post Run actions/checkout@v6	2026-10-05T15:18:52.2837072Z /home/runner/work/_temp/git-credentials-867acd4a-24f8-47b8-bf06-60239ca9643d.config
conformance-and-platform	Post Run actions/checkout@v6	2026-10-05T15:18:52.2843851Z [command]/usr/bin/git config --local --unset includeif.gitdir:/home/runner/work/open-ui/open-ui/.git/worktrees/*.path /home/runner/work/_temp/git-credentials-867acd4a-24f8-47b8-bf06-60239ca9643d.config
conformance-and-platform	Post Run actions/checkout@v6	2026-10-05T15:18:52.2869038Z [command]/usr/bin/git config --local --get-all includeif.gitdir:/github/workspace/.git.path
conformance-and-platform	Post Run actions/checkout@v6	2026-10-05T15:18:52.2884080Z /github/runner_temp/git-credentials-867acd4a-24f8-47b8-bf06-60239ca9643d.config
conformance-and-platform	Post Run actions/checkout@v6	2026-10-05T15:18:52.2889605Z [command]/usr/bin/git config --local --unset includeif.gitdir:/github/workspace/.git.path /github/runner_temp/git-credentials-867acd4a-24f8-47b8-bf06-60239ca9643d.config
conformance-and-platform	Post Run actions/checkout@v6	2026-10-05T15:18:52.2915318Z [command]/usr/bin/git config --local --get-all includeif.gitdir:/github/workspace/.git/worktrees/*.path
conformance-and-platform	Post Run actions/checkout@v6	2026-10-05T15:18:52.2933567Z /github/runner_temp/git-credentials-867acd4a-24f8-47b8-bf06-60239ca9643d.config
conformance-and-platform	Post Run actions/checkout@v6	2026-10-05T15:18:52.2938206Z [command]/usr/bin/git config --local --unset includeif.gitdir:/github/workspace/.git/worktrees/*.path /github/runner_temp/git-credentials-867acd4a-24f8-47b8-bf06-60239ca9643d.config
conformance-and-platform	Post Run actions/checkout@v6	2026-10-05T15:18:52.2962011Z [command]/usr/bin/git submodule foreach --recursive git config --local --show-origin --name-only --get-regexp remote.origin.url
conformance-and-platform	Post Run actions/checkout@v6	2026-10-05T15:18:52.3115030Z Removing credentials config '/home/runner/work/_temp/git-credentials-867acd4a-24f8-47b8-bf06-60239ca9643d.config'
conformance-and-platform	Complete job	﻿2026-10-05T15:18:52.3226651Z Cleaning up orphan processes
